scenario,kind,method,window_left,window_right,window_mid,true_prime_count,observed_count,true_positive,false_positive,false_negative,density_error,precision,recovery,f1,gap_drift
mixed_keep_75_noise_25,mixed,raw,2,10002,5002.0,1229,1107,888,219,341,0.09926769731489016,0.8021680216802168,0.7225386493083807,0.7602739726027397,0.6682422517631292
mixed_keep_75_noise_25,mixed,raw,5002,15002,10002.0,1085,1022,807,215,278,0.05806451612903226,0.7896281800391389,0.743778801843318,0.7660180351210251,0.6558283181105754
mixed_keep_75_noise_25,mixed,raw,10002,20002,15002.0,1033,982,767,215,266,0.049370764762826716,0.7810590631364562,0.7424975798644724,0.7612903225806452,0.66272532170583
mixed_keep_75_noise_25,mixed,raw,15002,25002,20002.0,1008,988,756,232,252,0.01984126984126984,0.7651821862348178,0.75,0.7575150300601202,0.6473840669553759
mixed_keep_75_noise_25,mixed,raw,20002,30002,25002.0,983,991,756,235,227,0.008138351983723296,0.7628657921291625,0.7690742624618515,0.7659574468085107,0.6266851542185153
mixed_keep_75_noise_25,mixed,raw,25002,35002,30002.0,970,940,729,211,241,0.030927835051546393,0.7755319148936171,0.7515463917525773,0.7633507853403142,0.6342403593349422
mixed_keep_75_noise_25,mixed,raw,30002,40002,35002.0,958,907,706,201,252,0.05323590814196242,0.7783902976846747,0.7369519832985386,0.7571045576407507,0.6429218380691857
mixed_keep_75_noise_25,mixed,raw,35002,45002,40002.0,943,904,697,207,246,0.041357370095440084,0.7710176991150443,0.7391304347826086,0.7547374120194911,0.6405229782663894
mixed_keep_75_noise_25,mixed,raw,40002,50002,45002.0,930,917,691,226,239,0.013978494623655914,0.7535441657579062,0.7430107526881721,0.7482403898213319,0.647390761396305
mixed_keep_75_noise_25,mixed,raw,45002,55002,50002.0,916,920,697,223,219,0.004366812227074236,0.7576086956521739,0.7609170305676856,0.7592592592592593,0.649483457187591
mixed_keep_75_noise_25,mixed,raw,50002,60002,55002.0,924,910,715,195,209,0.015151515151515152,0.7857142857142857,0.7738095238095238,0.7797164667393675,0.6403442621638209
mixed_keep_75_noise_25,mixed,raw,55002,65002,60002.0,902,885,676,209,226,0.018847006651884702,0.7638418079096045,0.7494456762749445,0.7565752658086178,0.6520619361276301
mixed_keep_75_noise_25,mixed,raw,60002,70002,65002.0,879,845,637,208,242,0.038680318543799774,0.7538461538461538,0.7246871444823664,0.7389791183294664,0.6569233013340569
mixed_keep_75_noise_25,mixed,raw,65002,75002,70002.0,900,868,671,197,229,0.035555555555555556,0.7730414746543779,0.7455555555555555,0.7590497737556561,0.6276313642111989
mixed_keep_75_noise_25,mixed,raw,70002,80002,75002.0,901,903,677,226,224,0.0022197558268590455,0.7497231450719822,0.7513873473917869,0.7505543237250555,0.6371493424033381
mixed_keep_75_noise_25,mixed,raw,75002,85002,80002.0,884,901,647,254,237,0.019230769230769232,0.7180910099889012,0.7319004524886877,0.7249299719887955,0.6398261772691687
mixed_keep_75_noise_25,mixed,raw,80002,90002,85002.0,877,907,647,260,230,0.03420752565564424,0.7133406835722161,0.7377423033067275,0.7253363228699552,0.6144510653942014
mixed_keep_75_noise_25,mixed,raw,85002,95002,90002.0,880,901,656,245,224,0.023863636363636365,0.7280799112097669,0.7454545454545455,0.7366647950589555,0.6179189106622084
mixed_keep_75_noise_25,mixed,raw,90002,100002,95002.0,878,875,652,223,226,0.003416856492027335,0.7451428571428571,0.7425968109339408,0.7438676554478039,0.6495774193967468
mixed_keep_75_noise_25,mixed,raw,95002,105002,100002.0,867,869,641,228,226,0.002306805074971165,0.7376294591484465,0.7393310265282583,0.738479262672811,0.6409614381832199
mixed_keep_75_noise_25,mixed,raw,100002,110002,105002.0,861,874,627,247,234,0.015098722415795587,0.717391304347826,0.7282229965156795,0.7227665706051873,0.635241118282625
mixed_keep_75_noise_25,mixed,raw,105002,115002,110002.0,848,865,625,240,223,0.020047169811320754,0.7225433526011561,0.7370283018867925,0.7297139521307647,0.6446558671322533
mixed_keep_75_noise_25,mixed,raw,110002,120002,115002.0,848,887,646,241,202,0.045990566037735846,0.7282976324689966,0.7617924528301887,0.7446685878962536,0.6189080798854492
mixed_keep_75_noise_25,mixed,raw,115002,125002,120002.0,862,897,649,248,213,0.04060324825986079,0.7235228539576366,0.7529002320185615,0.7379192723138147,0.6278857180136302
mixed_keep_75_noise_25,mixed,raw,120002,130002,125002.0,858,866,626,240,232,0.009324009324009324,0.7228637413394919,0.7296037296037297,0.7262180974477958,0.6547278501758268
mixed_keep_75_noise_25,mixed,raw,125002,135002,130002.0,842,859,626,233,216,0.020190023752969122,0.7287543655413271,0.7434679334916865,0.7360376249265138,0.6569816545951782
mixed_keep_75_noise_25,mixed,raw,130002,140002,135002.0,851,866,647,219,204,0.01762632197414806,0.7471131639722863,0.7602820211515864,0.7536400698893418,0.6508237675665204
mixed_keep_75_noise_25,mixed,raw,135002,145002,140002.0,846,848,643,205,203,0.002364066193853428,0.7582547169811321,0.7600472813238771,0.7591499409681227,0.6522612208738734
mixed_keep_75_noise_25,mixed,raw,140002,150002,145002.0,839,850,632,218,207,0.013110846245530394,0.7435294117647059,0.7532777115613826,0.7483718176435761,0.6314505846000983
mixed_keep_75_noise_25,mixed,raw,145002,155002,150002.0,850,864,643,221,207,0.01647058823529412,0.7442129629629629,0.7564705882352941,0.7502917152858809,0.6426058833749614
mixed_keep_75_noise_25,mixed,raw,150002,160002,155002.0,835,868,643,225,192,0.03952095808383234,0.7407834101382489,0.770059880239521,0.7551379917792133,0.6582773388764045
mixed_keep_75_noise_25,mixed,raw,155002,165002,160002.0,822,876,644,232,178,0.06569343065693431,0.7351598173515982,0.7834549878345499,0.7585394581861014,0.6326618461669358
mixed_keep_75_noise_25,mixed,raw,160002,170002,165002.0,813,861,630,231,183,0.05904059040590406,0.7317073170731707,0.7749077490774908,0.7526881720430108,0.6331971616397385
mixed_keep_75_noise_25,mixed,raw,165002,175002,170002.0,822,858,620,238,202,0.043795620437956206,0.7226107226107226,0.754257907542579,0.738095238095238,0.6138846966376947
mixed_keep_75_noise_25,mixed,raw,170002,180002,175002.0,846,857,633,224,213,0.013002364066193853,0.7386231038506418,0.74822695035461,0.743394010569583,0.614782761492047
mixed_keep_75_noise_25,mixed,raw,175002,185002,180002.0,829,832,634,198,195,0.0036188178528347406,0.7620192307692307,0.7647768395657418,0.7633955448524985,0.6474645562256471
mixed_keep_75_noise_25,mixed,raw,180002,190002,185002.0,827,846,642,204,185,0.022974607013301087,0.7588652482269503,0.7762998790810157,0.7674835624626419,0.6185893752008382
mixed_keep_75_noise_25,mixed,raw,185002,195002,190002.0,828,860,629,231,199,0.03864734299516908,0.7313953488372092,0.7596618357487923,0.745260663507109,0.6061643349705362
mixed_keep_75_noise_25,mixed,raw,190002,200000,195001.0,814,865,626,239,188,0.06265356265356266,0.7236994219653179,0.769041769041769,0.7456819535437761,0.6221871191474575
mixed_keep_75_noise_25,mixed,raw,195002,200000,197501.0,411,440,322,118,89,0.0705596107055961,0.7318181818181818,0.7834549878345499,0.7567567567567568,0.6192372081565267
mixed_keep_75_noise_25,mixed,sieve_cleaned,2,10002,5002.0,1229,888,888,0,341,0.2774613506916192,1.0,0.7225386493083807,0.838923004251299,0.7876458258815131
mixed_keep_75_noise_25,mixed,sieve_cleaned,5002,15002,10002.0,1085,807,807,0,278,0.25622119815668204,1.0,0.743778801843318,0.8530655391120507,0.7669127173701101
mixed_keep_75_noise_25,mixed,sieve_cleaned,10002,20002,15002.0,1033,767,767,0,266,0.2575024201355276,1.0,0.7424975798644724,0.8522222222222222,0.7922851977723849
mixed_keep_75_noise_25,mixed,sieve_cleaned,15002,25002,20002.0,1008,756,756,0,252,0.25,1.0,0.75,0.8571428571428571,0.783877315769885
mixed_keep_75_noise_25,mixed,sieve_cleaned,20002,30002,25002.0,983,756,756,0,227,0.23092573753814852,1.0,0.7690742624618515,0.8694652098907417,0.7512549836831968
mixed_keep_75_noise_25,mixed,sieve_cleaned,25002,35002,30002.0,970,729,729,0,241,0.24845360824742269,1.0,0.7515463917525773,0.8581518540317834,0.7700621643644374
mixed_keep_75_noise_25,mixed,sieve_cleaned,30002,40002,35002.0,958,706,706,0,252,0.2630480167014614,1.0,0.7369519832985386,0.8485576923076924,0.7873287661930167
mixed_keep_75_noise_25,mixed,sieve_cleaned,35002,45002,40002.0,943,697,697,0,246,0.2608695652173913,1.0,0.7391304347826086,0.85,0.7801895628611093
mixed_keep_75_noise_25,mixed,sieve_cleaned,40002,50002,45002.0,930,691,691,0,239,0.256989247311828,1.0,0.7430107526881721,0.8525601480567551,0.8005636821363201
mixed_keep_75_noise_25,mixed,sieve_cleaned,45002,55002,50002.0,916,697,697,0,219,0.2390829694323144,1.0,0.7609170305676856,0.8642281463112214,0.7963587773364588
mixed_keep_75_noise_25,mixed,sieve_cleaned,50002,60002,55002.0,924,715,715,0,209,0.2261904761904762,1.0,0.7738095238095238,0.8724832214765101,0.750180169194844
mixed_keep_75_noise_25,mixed,sieve_cleaned,55002,65002,60002.0,902,676,676,0,226,0.25055432372505543,1.0,0.7494456762749445,0.8567807351077312,0.7944096871960038
mixed_keep_75_noise_25,mixed,sieve_cleaned,60002,70002,65002.0,879,637,637,0,242,0.2753128555176337,1.0,0.7246871444823664,0.8403693931398417,0.8288523705638795
mixed_keep_75_noise_25,mixed,sieve_cleaned,65002,75002,70002.0,900,671,671,0,229,0.2544444444444444,1.0,0.7455555555555555,0.8542329726288987,0.7629988573588475
mixed_keep_75_noise_25,mixed,sieve_cleaned,70002,80002,75002.0,901,677,677,0,224,0.2486126526082131,1.0,0.7513873473917869,0.8580481622306717,0.7660674382432229
mixed_keep_75_noise_25,mixed,sieve_cleaned,75002,85002,80002.0,884,647,647,0,237,0.2680995475113122,1.0,0.7319004524886877,0.845199216198563,0.798441042108796
mixed_keep_75_noise_25,mixed,sieve_cleaned,80002,90002,85002.0,877,647,647,0,230,0.26225769669327254,1.0,0.7377423033067275,0.8490813648293963,0.8006563093425272
mixed_keep_75_noise_25,mixed,sieve_cleaned,85002,95002,90002.0,880,656,656,0,224,0.2545454545454545,1.0,0.7454545454545455,0.8541666666666666,0.7873945119594709
mixed_keep_75_noise_25,mixed,sieve_cleaned,90002,100002,95002.0,878,652,652,0,226,0.25740318906605925,1.0,0.7425968109339408,0.8522875816993465,0.7956561884771308
mixed_keep_75_noise_25,mixed,sieve_cleaned,95002,105002,100002.0,867,641,641,0,226,0.2606689734717416,1.0,0.7393310265282583,0.850132625994695,0.7993485785784926
mixed_keep_75_noise_25,mixed,sieve_cleaned,100002,110002,105002.0,861,627,627,0,234,0.27177700348432055,1.0,0.7282229965156795,0.842741935483871,0.8259626277345572
mixed_keep_75_noise_25,mixed,sieve_cleaned,105002,115002,110002.0,848,625,625,0,223,0.26297169811320753,1.0,0.7370283018867925,0.8486082824168364,0.8290611278729714
mixed_keep_75_noise_25,mixed,sieve_cleaned,110002,120002,115002.0,848,646,646,0,202,0.23820754716981132,1.0,0.7617924528301887,0.8647925033467202,0.7834434549828893
mixed_keep_75_noise_25,mixed,sieve_cleaned,115002,125002,120002.0,862,649,649,0,213,0.2470997679814385,1.0,0.7529002320185615,0.8590337524818,0.7991464391240696
mixed_keep_75_noise_25,mixed,sieve_cleaned,120002,130002,125002.0,858,626,626,0,232,0.2703962703962704,1.0,0.7296037296037297,0.8436657681940701,0.8271110329968183
mixed_keep_75_noise_25,mixed,sieve_cleaned,125002,135002,130002.0,842,626,626,0,216,0.25653206650831356,1.0,0.7434679334916865,0.8528610354223434,0.8151628673867972
mixed_keep_75_noise_25,mixed,sieve_cleaned,130002,140002,135002.0,851,647,647,0,204,0.23971797884841364,1.0,0.7602820211515864,0.8638184245660881,0.779642354981611
mixed_keep_75_noise_25,mixed,sieve_cleaned,135002,145002,140002.0,846,643,643,0,203,0.23995271867612294,1.0,0.7600472813238771,0.8636668905305573,0.7742442408524712
mixed_keep_75_noise_25,mixed,sieve_cleaned,140002,150002,145002.0,839,632,632,0,207,0.2467222884386174,1.0,0.7532777115613826,0.8592794017675052,0.7525035852991996
mixed_keep_75_noise_25,mixed,sieve_cleaned,145002,155002,150002.0,850,643,643,0,207,0.24352941176470588,1.0,0.7564705882352941,0.8613529805760215,0.7644895611407417
mixed_keep_75_noise_25,mixed,sieve_cleaned,150002,160002,155002.0,835,643,643,0,192,0.22994011976047904,1.0,0.770059880239521,0.8700947225981055,0.7819595220846286
mixed_keep_75_noise_25,mixed,sieve_cleaned,155002,165002,160002.0,822,644,644,0,178,0.21654501216545013,1.0,0.7834549878345499,0.878581173260573,0.7524504877390834
mixed_keep_75_noise_25,mixed,sieve_cleaned,160002,170002,165002.0,813,630,630,0,183,0.22509225092250923,1.0,0.7749077490774908,0.8731808731808731,0.7769150154553148
mixed_keep_75_noise_25,mixed,sieve_cleaned,165002,175002,170002.0,822,620,620,0,202,0.24574209245742093,1.0,0.754257907542579,0.8599167822468793,0.7743892320475878
mixed_keep_75_noise_25,mixed,sieve_cleaned,170002,180002,175002.0,846,633,633,0,213,0.25177304964539005,1.0,0.74822695035461,0.8559837728194727,0.7565878773643553
mixed_keep_75_noise_25,mixed,sieve_cleaned,175002,185002,180002.0,829,634,634,0,195,0.23522316043425814,1.0,0.7647768395657418,0.8667122351332878,0.7758290888016012
mixed_keep_75_noise_25,mixed,sieve_cleaned,180002,190002,185002.0,827,642,642,0,185,0.22370012091898428,1.0,0.7762998790810157,0.8740639891082368,0.7392680113439107
mixed_keep_75_noise_25,mixed,sieve_cleaned,185002,195002,190002.0,828,629,629,0,199,0.24033816425120774,1.0,0.7596618357487923,0.8634179821551132,0.7525001610769039
mixed_keep_75_noise_25,mixed,sieve_cleaned,190002,200000,195001.0,814,626,626,0,188,0.23095823095823095,1.0,0.769041769041769,0.8694444444444445,0.7810895735531586
mixed_keep_75_noise_25,mixed,sieve_cleaned,195002,200000,197501.0,411,322,322,0,89,0.21654501216545013,1.0,0.7834549878345499,0.878581173260573,0.7631646785241718
mixed_keep_75_noise_25,mixed,density_only,2,10002,5002.0,1229,1219,1219,0,10,0.008136696501220505,1.0,0.9918633034987795,0.9959150326797386,0.5509237309679059
mixed_keep_75_noise_25,mixed,density_only,5002,15002,10002.0,1085,1071,1071,0,14,0.012903225806451613,1.0,0.9870967741935484,0.9935064935064934,0.5712315450903642
mixed_keep_75_noise_25,mixed,density_only,10002,20002,15002.0,1033,1019,1019,0,14,0.013552758954501452,1.0,0.9864472410454985,0.99317738791423,0.5778285370312838
mixed_keep_75_noise_25,mixed,density_only,15002,25002,20002.0,1008,1004,1004,0,4,0.003968253968253968,1.0,0.996031746031746,0.9980119284294234,0.5634066443582483
mixed_keep_75_noise_25,mixed,density_only,20002,30002,25002.0,983,982,982,0,1,0.001017293997965412,1.0,0.9989827060020345,0.9994910941475827,0.5634579349361463
mixed_keep_75_noise_25,mixed,density_only,25002,35002,30002.0,970,961,961,0,9,0.009278350515463918,1.0,0.9907216494845361,0.9953392024857587,0.5851157029501988
mixed_keep_75_noise_25,mixed,density_only,30002,40002,35002.0,958,944,944,0,14,0.014613778705636743,1.0,0.9853862212943633,0.992639327024185,0.5797108463484715
mixed_keep_75_noise_25,mixed,density_only,35002,45002,40002.0,943,934,934,0,9,0.009544008483563097,1.0,0.9904559915164369,0.9952051145444859,0.5663037609879327
mixed_keep_75_noise_25,mixed,density_only,40002,50002,45002.0,930,925,925,0,5,0.005376344086021506,1.0,0.9946236559139785,0.9973045822102425,0.5817824540506774
mixed_keep_75_noise_25,mixed,density_only,45002,55002,50002.0,916,911,911,0,5,0.0054585152838427945,1.0,0.9945414847161572,0.997263273125342,0.5832066227521429
mixed_keep_75_noise_25,mixed,density_only,50002,60002,55002.0,924,917,917,0,7,0.007575757575757576,1.0,0.9924242424242424,0.9961977186311787,0.5775720645930892
mixed_keep_75_noise_25,mixed,density_only,55002,65002,60002.0,902,895,895,0,7,0.007760532150776054,1.0,0.9922394678492239,0.9961046188091263,0.5904191286938056
mixed_keep_75_noise_25,mixed,density_only,60002,70002,65002.0,879,872,872,0,7,0.007963594994311717,1.0,0.9920364050056882,0.9960022844089091,0.5910369547764888
mixed_keep_75_noise_25,mixed,density_only,65002,75002,70002.0,900,894,894,0,6,0.006666666666666667,1.0,0.9933333333333333,0.9966555183946488,0.5678851210098879
mixed_keep_75_noise_25,mixed,density_only,70002,80002,75002.0,901,896,896,0,5,0.005549389567147614,1.0,0.9944506104328524,0.9972175848636617,0.5768629609351362
mixed_keep_75_noise_25,mixed,density_only,75002,85002,80002.0,884,875,875,0,9,0.010180995475113122,1.0,0.9898190045248869,0.9948834565093804,0.5936866438437423
mixed_keep_75_noise_25,mixed,density_only,80002,90002,85002.0,877,863,863,0,14,0.01596351197263398,1.0,0.984036488027366,0.9919540229885058,0.5988103933487158
mixed_keep_75_noise_25,mixed,density_only,85002,95002,90002.0,880,865,865,0,15,0.017045454545454544,1.0,0.9829545454545454,0.9914040114613181,0.6017246870606293
mixed_keep_75_noise_25,mixed,density_only,90002,100002,95002.0,878,867,867,0,11,0.012528473804100227,1.0,0.9874715261958997,0.9936962750716332,0.602810458526855
mixed_keep_75_noise_25,mixed,density_only,95002,105002,100002.0,867,864,864,0,3,0.0034602076124567475,1.0,0.9965397923875432,0.9982668977469671,0.585698281553168
mixed_keep_75_noise_25,mixed,density_only,100002,110002,105002.0,861,859,859,0,2,0.0023228803716608595,1.0,0.9976771196283392,0.9988372093023256,0.588111196574967
mixed_keep_75_noise_25,mixed,density_only,105002,115002,110002.0,848,845,845,0,3,0.003537735849056604,1.0,0.9964622641509434,0.9982279976373302,0.6121346145841529
mixed_keep_75_noise_25,mixed,density_only,110002,120002,115002.0,848,840,840,0,8,0.009433962264150943,1.0,0.9905660377358491,0.9952606635071091,0.615358885846712
mixed_keep_75_noise_25,mixed,density_only,115002,125002,120002.0,862,850,850,0,12,0.013921113689095127,1.0,0.9860788863109049,0.9929906542056075,0.5978699579073459
mixed_keep_75_noise_25,mixed,density_only,120002,130002,125002.0,858,852,852,0,6,0.006993006993006993,1.0,0.993006993006993,0.9964912280701755,0.5819149506196517
mixed_keep_75_noise_25,mixed,density_only,125002,135002,130002.0,842,833,833,0,9,0.010688836104513063,1.0,0.9893111638954869,0.9946268656716418,0.5982563087652315
mixed_keep_75_noise_25,mixed,density_only,130002,140002,135002.0,851,836,836,0,15,0.01762632197414806,1.0,0.982373678025852,0.991108476585655,0.5954232799929576
mixed_keep_75_noise_25,mixed,density_only,135002,145002,140002.0,846,839,839,0,7,0.008274231678486997,1.0,0.991725768321513,0.9958456973293769,0.5851595211222306
mixed_keep_75_noise_25,mixed,density_only,140002,150002,145002.0,839,836,836,0,3,0.003575685339690107,1.0,0.9964243146603099,0.9982089552238805,0.5768995802011052
mixed_keep_75_noise_25,mixed,density_only,145002,155002,150002.0,850,843,843,0,7,0.00823529411764706,1.0,0.991764705882353,0.9958653278204371,0.589394350301678
mixed_keep_75_noise_25,mixed,density_only,150002,160002,155002.0,835,826,826,0,9,0.010778443113772455,1.0,0.9892215568862276,0.9945815773630344,0.6125952890875961
mixed_keep_75_noise_25,mixed,density_only,155002,165002,160002.0,822,817,817,0,5,0.006082725060827251,1.0,0.9939172749391727,0.9969493593654667,0.5932425039051652
mixed_keep_75_noise_25,mixed,density_only,160002,170002,165002.0,813,809,809,0,4,0.004920049200492005,1.0,0.995079950799508,0.9975339087546239,0.5996812517353471
mixed_keep_75_noise_25,mixed,density_only,165002,175002,170002.0,822,814,814,0,8,0.009732360097323601,1.0,0.9902676399026764,0.9951100244498777,0.5901101393666041
mixed_keep_75_noise_25,mixed,density_only,170002,180002,175002.0,846,839,839,0,7,0.008274231678486997,1.0,0.991725768321513,0.9958456973293769,0.5843250451234572
mixed_keep_75_noise_25,mixed,density_only,175002,185002,180002.0,829,815,815,0,14,0.016887816646562123,1.0,0.9831121833534379,0.9914841849148418,0.6133832844536908
mixed_keep_75_noise_25,mixed,density_only,180002,190002,185002.0,827,806,806,0,21,0.02539298669891173,1.0,0.9746070133010882,0.9871402327005511,0.6022774732482448
mixed_keep_75_noise_25,mixed,density_only,185002,195002,190002.0,828,817,817,0,11,0.013285024154589372,1.0,0.9867149758454107,0.9933130699088145,0.5992311826222212
mixed_keep_75_noise_25,mixed,density_only,190002,200000,195001.0,814,813,813,0,1,0.0012285012285012285,1.0,0.9987714987714987,0.9993853718500306,0.6064012480458143
mixed_keep_75_noise_25,mixed,density_only,195002,200000,197501.0,411,411,411,0,0,0.0,1.0,1.0,1.0,0.5903876175490064
mixed_keep_75_noise_25,mixed,local_gap_fixed,2,10002,5002.0,1229,1219,1219,0,10,0.008136696501220505,1.0,0.9918633034987795,0.9959150326797386,0.5382461333738056
mixed_keep_75_noise_25,mixed,local_gap_fixed,5002,15002,10002.0,1085,1072,1072,0,13,0.011981566820276499,1.0,0.9880184331797235,0.9939731108020399,0.5621527112873734
mixed_keep_75_noise_25,mixed,local_gap_fixed,10002,20002,15002.0,1033,1018,1018,0,15,0.01452081316553727,1.0,0.9854791868344628,0.9926864943929791,0.5761485039196936
mixed_keep_75_noise_25,mixed,local_gap_fixed,15002,25002,20002.0,1008,1000,1000,0,8,0.007936507936507936,1.0,0.9920634920634921,0.9960159362549801,0.5660681862323516
mixed_keep_75_noise_25,mixed,local_gap_fixed,20002,30002,25002.0,983,983,983,0,0,0.0,1.0,1.0,1.0,0.5630978747852762
mixed_keep_75_noise_25,mixed,local_gap_fixed,25002,35002,30002.0,970,961,961,0,9,0.009278350515463918,1.0,0.9907216494845361,0.9953392024857587,0.5803504961800664
mixed_keep_75_noise_25,mixed,local_gap_fixed,30002,40002,35002.0,958,944,944,0,14,0.014613778705636743,1.0,0.9853862212943633,0.992639327024185,0.5736493656275116
mixed_keep_75_noise_25,mixed,local_gap_fixed,35002,45002,40002.0,943,933,933,0,10,0.010604453870625663,1.0,0.9893955461293743,0.9946695095948828,0.562326281536122
mixed_keep_75_noise_25,mixed,local_gap_fixed,40002,50002,45002.0,930,925,925,0,5,0.005376344086021506,1.0,0.9946236559139785,0.9973045822102425,0.5773105728747776
mixed_keep_75_noise_25,mixed,local_gap_fixed,45002,55002,50002.0,916,914,914,0,2,0.002183406113537118,1.0,0.9978165938864629,0.9989071038251366,0.5782642853205133
mixed_keep_75_noise_25,mixed,local_gap_fixed,50002,60002,55002.0,924,918,918,0,6,0.006493506493506494,1.0,0.9935064935064936,0.9967426710097721,0.5701541401039415
mixed_keep_75_noise_25,mixed,local_gap_fixed,55002,65002,60002.0,902,893,893,0,9,0.009977827050997782,1.0,0.9900221729490022,0.9949860724233983,0.5848124079405544
mixed_keep_75_noise_25,mixed,local_gap_fixed,60002,70002,65002.0,879,871,871,0,8,0.009101251422070534,1.0,0.9908987485779295,0.9954285714285714,0.5872617181917309
mixed_keep_75_noise_25,mixed,local_gap_fixed,65002,75002,70002.0,900,894,894,0,6,0.006666666666666667,1.0,0.9933333333333333,0.9966555183946488,0.565716076690503
mixed_keep_75_noise_25,mixed,local_gap_fixed,70002,80002,75002.0,901,894,894,0,7,0.00776914539400666,1.0,0.9922308546059934,0.996100278551532,0.5773552348571228
mixed_keep_75_noise_25,mixed,local_gap_fixed,75002,85002,80002.0,884,875,875,0,9,0.010180995475113122,1.0,0.9898190045248869,0.9948834565093804,0.5884313388706809
mixed_keep_75_noise_25,mixed,local_gap_fixed,80002,90002,85002.0,877,867,867,0,10,0.011402508551881414,1.0,0.9885974914481186,0.9942660550458715,0.5937501691572118
mixed_keep_75_noise_25,mixed,local_gap_fixed,85002,95002,90002.0,880,866,866,0,14,0.015909090909090907,1.0,0.9840909090909091,0.9919816723940436,0.6042354029826333
mixed_keep_75_noise_25,mixed,local_gap_fixed,90002,100002,95002.0,878,865,865,0,13,0.014806378132118452,1.0,0.9851936218678815,0.9925415949512335,0.6039203334145475
mixed_keep_75_noise_25,mixed,local_gap_fixed,95002,105002,100002.0,867,863,863,0,4,0.00461361014994233,1.0,0.9953863898500577,0.9976878612716763,0.5848155658097783
mixed_keep_75_noise_25,mixed,local_gap_fixed,100002,110002,105002.0,861,860,860,0,1,0.0011614401858304297,1.0,0.9988385598141696,0.999418942475305,0.5854576997979147
mixed_keep_75_noise_25,mixed,local_gap_fixed,105002,115002,110002.0,848,845,845,0,3,0.003537735849056604,1.0,0.9964622641509434,0.9982279976373302,0.6070595736430373
mixed_keep_75_noise_25,mixed,local_gap_fixed,110002,120002,115002.0,848,838,838,0,10,0.01179245283018868,1.0,0.9882075471698113,0.9940688018979834,0.6050236800292844
mixed_keep_75_noise_25,mixed,local_gap_fixed,115002,125002,120002.0,862,850,850,0,12,0.013921113689095127,1.0,0.9860788863109049,0.9929906542056075,0.5899545616071339
mixed_keep_75_noise_25,mixed,local_gap_fixed,120002,130002,125002.0,858,854,854,0,4,0.004662004662004662,1.0,0.9953379953379954,0.9976635514018692,0.5800452928274507
mixed_keep_75_noise_25,mixed,local_gap_fixed,125002,135002,130002.0,842,834,834,0,8,0.009501187648456057,1.0,0.9904988123515439,0.9952267303102625,0.5925597580610575
mixed_keep_75_noise_25,mixed,local_gap_fixed,130002,140002,135002.0,851,835,835,0,16,0.01880141010575793,1.0,0.981198589894242,0.9905100830367735,0.5865612193383026
mixed_keep_75_noise_25,mixed,local_gap_fixed,135002,145002,140002.0,846,835,835,0,11,0.013002364066193853,1.0,0.9869976359338062,0.9934562760261749,0.5827985135251963
mixed_keep_75_noise_25,mixed,local_gap_fixed,140002,150002,145002.0,839,836,836,0,3,0.003575685339690107,1.0,0.9964243146603099,0.9982089552238805,0.5752931929640949
mixed_keep_75_noise_25,mixed,local_gap_fixed,145002,155002,150002.0,850,844,844,0,6,0.007058823529411765,1.0,0.9929411764705882,0.9964580873671782,0.5827631747826242
mixed_keep_75_noise_25,mixed,local_gap_fixed,150002,160002,155002.0,835,826,826,0,9,0.010778443113772455,1.0,0.9892215568862276,0.9945815773630344,0.6041122950085452
mixed_keep_75_noise_25,mixed,local_gap_fixed,155002,165002,160002.0,822,819,819,0,3,0.0036496350364963502,1.0,0.9963503649635036,0.9981718464351006,0.5885207513087339
mixed_keep_75_noise_25,mixed,local_gap_fixed,160002,170002,165002.0,813,810,810,0,3,0.0036900369003690036,1.0,0.996309963099631,0.9981515711645101,0.596897428609639
mixed_keep_75_noise_25,mixed,local_gap_fixed,165002,175002,170002.0,822,814,814,0,8,0.009732360097323601,1.0,0.9902676399026764,0.9951100244498777,0.5852033243743874
mixed_keep_75_noise_25,mixed,local_gap_fixed,170002,180002,175002.0,846,838,838,0,8,0.009456264775413711,1.0,0.9905437352245863,0.995249406175772,0.5790496837419726
mixed_keep_75_noise_25,mixed,local_gap_fixed,175002,185002,180002.0,829,815,815,0,14,0.016887816646562123,1.0,0.9831121833534379,0.9914841849148418,0.6060531093950546
mixed_keep_75_noise_25,mixed,local_gap_fixed,180002,190002,185002.0,827,806,806,0,21,0.02539298669891173,1.0,0.9746070133010882,0.9871402327005511,0.5936724954722727
mixed_keep_75_noise_25,mixed,local_gap_fixed,185002,195002,190002.0,828,818,818,0,10,0.012077294685990338,1.0,0.9879227053140096,0.9939246658566221,0.5949198690976646
mixed_keep_75_noise_25,mixed,local_gap_fixed,190002,200000,195001.0,814,813,813,0,1,0.0012285012285012285,1.0,0.9987714987714987,0.9993853718500306,0.6060319445479476
mixed_keep_75_noise_25,mixed,local_gap_fixed,195002,200000,197501.0,411,410,410,0,1,0.0024330900243309003,1.0,0.9975669099756691,0.9987819732034106,0.5893861186311037
mixed_keep_75_noise_25,mixed,adaptive_window,2,10002,5002.0,1229,1219,1219,0,10,0.008136696501220505,1.0,0.9918633034987795,0.9959150326797386,0.5372606572085827
mixed_keep_75_noise_25,mixed,adaptive_window,5002,15002,10002.0,1085,1070,1070,0,15,0.013824884792626729,1.0,0.9861751152073732,0.9930394431554525,0.5622767277064732
mixed_keep_75_noise_25,mixed,adaptive_window,10002,20002,15002.0,1033,1018,1018,0,15,0.01452081316553727,1.0,0.9854791868344628,0.9926864943929791,0.5762380981306796
mixed_keep_75_noise_25,mixed,adaptive_window,15002,25002,20002.0,1008,1001,1001,0,7,0.006944444444444444,1.0,0.9930555555555556,0.9965156794425087,0.5665021225198525
mixed_keep_75_noise_25,mixed,adaptive_window,20002,30002,25002.0,983,982,982,0,1,0.001017293997965412,1.0,0.9989827060020345,0.9994910941475827,0.5630517285499577
mixed_keep_75_noise_25,mixed,adaptive_window,25002,35002,30002.0,970,960,960,0,10,0.010309278350515464,1.0,0.9896907216494846,0.9948186528497409,0.5836097878032325
mixed_keep_75_noise_25,mixed,adaptive_window,30002,40002,35002.0,958,944,944,0,14,0.014613778705636743,1.0,0.9853862212943633,0.992639327024185,0.5779063745873951
mixed_keep_75_noise_25,mixed,adaptive_window,35002,45002,40002.0,943,934,934,0,9,0.009544008483563097,1.0,0.9904559915164369,0.9952051145444859,0.5625141692204614
mixed_keep_75_noise_25,mixed,adaptive_window,40002,50002,45002.0,930,926,926,0,4,0.004301075268817204,1.0,0.9956989247311828,0.997844827586207,0.5765534193299658
mixed_keep_75_noise_25,mixed,adaptive_window,45002,55002,50002.0,916,915,915,0,1,0.001091703056768559,1.0,0.9989082969432315,0.9994538503549972,0.577916805749494
mixed_keep_75_noise_25,mixed,adaptive_window,50002,60002,55002.0,924,919,919,0,5,0.005411255411255411,1.0,0.9945887445887446,0.9972870320130222,0.5719957760565191
mixed_keep_75_noise_25,mixed,adaptive_window,55002,65002,60002.0,902,892,892,0,10,0.011086474501108648,1.0,0.9889135254988913,0.9944258639910815,0.588836949432853
mixed_keep_75_noise_25,mixed,adaptive_window,60002,70002,65002.0,879,869,869,0,10,0.011376564277588168,1.0,0.9886234357224118,0.994279176201373,0.5909202377453145
mixed_keep_75_noise_25,mixed,adaptive_window,65002,75002,70002.0,900,894,894,0,6,0.006666666666666667,1.0,0.9933333333333333,0.9966555183946488,0.5667586251536052
mixed_keep_75_noise_25,mixed,adaptive_window,70002,80002,75002.0,901,893,893,0,8,0.008879023307436182,1.0,0.9911209766925638,0.9955406911928651,0.5762301467018938
mixed_keep_75_noise_25,mixed,adaptive_window,75002,85002,80002.0,884,875,875,0,9,0.010180995475113122,1.0,0.9898190045248869,0.9948834565093804,0.5880386692177729
mixed_keep_75_noise_25,mixed,adaptive_window,80002,90002,85002.0,877,868,868,0,9,0.010262257696693273,1.0,0.9897377423033067,0.9948424068767908,0.5997750695579969
mixed_keep_75_noise_25,mixed,adaptive_window,85002,95002,90002.0,880,867,867,0,13,0.014772727272727272,1.0,0.9852272727272727,0.9925586720091585,0.6098950732991852
mixed_keep_75_noise_25,mixed,adaptive_window,90002,100002,95002.0,878,866,866,0,12,0.01366742596810934,1.0,0.9863325740318907,0.9931192660550459,0.6076810753187283
mixed_keep_75_noise_25,mixed,adaptive_window,95002,105002,100002.0,867,862,862,0,5,0.0057670126874279125,1.0,0.994232987312572,0.9971081550028918,0.5889793238321046
mixed_keep_75_noise_25,mixed,adaptive_window,100002,110002,105002.0,861,860,860,0,1,0.0011614401858304297,1.0,0.9988385598141696,0.999418942475305,0.5858596472139332
mixed_keep_75_noise_25,mixed,adaptive_window,105002,115002,110002.0,848,844,844,0,4,0.0047169811320754715,1.0,0.9952830188679245,0.9976359338061466,0.6097074135392303
mixed_keep_75_noise_25,mixed,adaptive_window,110002,120002,115002.0,848,842,842,0,6,0.007075471698113208,1.0,0.9929245283018868,0.9964497041420118,0.6083282752544116
mixed_keep_75_noise_25,mixed,adaptive_window,115002,125002,120002.0,862,851,851,0,11,0.012761020881670533,1.0,0.9872389791183295,0.9935785172212492,0.5920353194473169
mixed_keep_75_noise_25,mixed,adaptive_window,120002,130002,125002.0,858,850,850,0,8,0.009324009324009324,1.0,0.9906759906759907,0.9953161592505855,0.5809396594011974
mixed_keep_75_noise_25,mixed,adaptive_window,125002,135002,130002.0,842,834,834,0,8,0.009501187648456057,1.0,0.9904988123515439,0.9952267303102625,0.5969532749009635
mixed_keep_75_noise_25,mixed,adaptive_window,130002,140002,135002.0,851,835,835,0,16,0.01880141010575793,1.0,0.981198589894242,0.9905100830367735,0.5909502575764618
mixed_keep_75_noise_25,mixed,adaptive_window,135002,145002,140002.0,846,836,836,0,10,0.01182033096926714,1.0,0.9881796690307328,0.9940546967895363,0.5837021550026448
mixed_keep_75_noise_25,mixed,adaptive_window,140002,150002,145002.0,839,836,836,0,3,0.003575685339690107,1.0,0.9964243146603099,0.9982089552238805,0.5757182554460638
mixed_keep_75_noise_25,mixed,adaptive_window,145002,155002,150002.0,850,843,843,0,7,0.00823529411764706,1.0,0.991764705882353,0.9958653278204371,0.5850628257264611
mixed_keep_75_noise_25,mixed,adaptive_window,150002,160002,155002.0,835,826,826,0,9,0.010778443113772455,1.0,0.9892215568862276,0.9945815773630344,0.6069429574712064
mixed_keep_75_noise_25,mixed,adaptive_window,155002,165002,160002.0,822,819,819,0,3,0.0036496350364963502,1.0,0.9963503649635036,0.9981718464351006,0.5885207513087339
mixed_keep_75_noise_25,mixed,adaptive_window,160002,170002,165002.0,813,811,811,0,2,0.0024600246002460025,1.0,0.997539975399754,0.9987684729064039,0.5973950865084746
mixed_keep_75_noise_25,mixed,adaptive_window,165002,175002,170002.0,822,814,814,0,8,0.009732360097323601,1.0,0.9902676399026764,0.9951100244498777,0.5876633685650774
mixed_keep_75_noise_25,mixed,adaptive_window,170002,180002,175002.0,846,836,836,0,10,0.01182033096926714,1.0,0.9881796690307328,0.9940546967895363,0.5804366468474159
mixed_keep_75_noise_25,mixed,adaptive_window,175002,185002,180002.0,829,814,814,0,15,0.018094089264173704,1.0,0.9819059107358263,0.9908703590992087,0.6055414574023751
mixed_keep_75_noise_25,mixed,adaptive_window,180002,190002,185002.0,827,807,807,0,20,0.02418379685610641,1.0,0.9758162031438936,0.9877600979192166,0.5962221645436422
mixed_keep_75_noise_25,mixed,adaptive_window,185002,195002,190002.0,828,819,819,0,9,0.010869565217391304,1.0,0.9891304347826086,0.994535519125683,0.5974575357266848
mixed_keep_75_noise_25,mixed,adaptive_window,190002,200000,195001.0,814,813,813,0,1,0.0012285012285012285,1.0,0.9987714987714987,0.9993853718500306,0.6060319445479476
mixed_keep_75_noise_25,mixed,adaptive_window,195002,200000,197501.0,411,410,410,0,1,0.0024330900243309003,1.0,0.9975669099756691,0.9987819732034106,0.5893861186311037
mixed_keep_50_noise_50,mixed,raw,2,10002,5002.0,1229,1081,637,444,592,0.12042310821806347,0.5892691951896393,0.5183075671277462,0.5515151515151515,0.7266660124525615
mixed_keep_50_noise_50,mixed,raw,5002,15002,10002.0,1085,979,548,431,537,0.09769585253456221,0.5597548518896833,0.5050691244239631,0.5310077519379844,0.7106564337444407
mixed_keep_50_noise_50,mixed,raw,10002,20002,15002.0,1033,954,517,437,516,0.07647628267182963,0.5419287211740041,0.5004840271055179,0.5203824861600402,0.707143374046547
mixed_keep_50_noise_50,mixed,raw,15002,25002,20002.0,1008,947,520,427,488,0.060515873015873016,0.5491024287222809,0.5158730158730159,0.5319693094629155,0.6765992421514309
mixed_keep_50_noise_50,mixed,raw,20002,30002,25002.0,983,959,508,451,475,0.024415055951169887,0.529718456725756,0.5167853509664293,0.5231719876416066,0.6474006804352166
mixed_keep_50_noise_50,mixed,raw,25002,35002,30002.0,970,961,499,462,471,0.009278350515463918,0.5192507804370448,0.5144329896907216,0.5168306576903159,0.6747653760718494
mixed_keep_50_noise_50,mixed,raw,30002,40002,35002.0,958,907,478,429,480,0.05323590814196242,0.5270121278941565,0.4989561586638831,0.5126005361930294,0.7270577740570733
mixed_keep_50_noise_50,mixed,raw,35002,45002,40002.0,943,891,472,419,471,0.05514316012725345,0.5297418630751964,0.5005302226935313,0.514721919302072,0.7083873505344822
mixed_keep_50_noise_50,mixed,raw,40002,50002,45002.0,930,894,456,438,474,0.03870967741935484,0.5100671140939598,0.49032258064516127,0.5,0.6865301876822737
mixed_keep_50_noise_50,mixed,raw,45002,55002,50002.0,916,894,447,447,469,0.024017467248908297,0.5,0.48799126637554585,0.4939226519337016,0.6823009614346528
mixed_keep_50_noise_50,mixed,raw,50002,60002,55002.0,924,911,476,435,448,0.01406926406926407,0.5225027442371021,0.5151515151515151,0.5188010899182562,0.6542639280877436
mixed_keep_50_noise_50,mixed,raw,55002,65002,60002.0,902,906,461,445,441,0.004434589800443459,0.5088300220750552,0.5110864745011087,0.5099557522123893,0.6566083516639551
mixed_keep_50_noise_50,mixed,raw,60002,70002,65002.0,879,908,460,448,419,0.03299203640500569,0.5066079295154186,0.5233219567690558,0.514829322887521,0.670614990171085
mixed_keep_50_noise_50,mixed,raw,65002,75002,70002.0,900,889,458,431,442,0.012222222222222223,0.515185601799775,0.5088888888888888,0.5120178870877585,0.6737418513257081
mixed_keep_50_noise_50,mixed,raw,70002,80002,75002.0,901,863,437,426,464,0.042175360710321866,0.5063731170336037,0.48501664816870144,0.4954648526077097,0.6733457559653259
mixed_keep_50_noise_50,mixed,raw,75002,85002,80002.0,884,857,431,426,453,0.030542986425339366,0.5029171528588098,0.48755656108597284,0.49511774842044803,0.6919062233934413
mixed_keep_50_noise_50,mixed,raw,80002,90002,85002.0,877,868,433,435,444,0.010262257696693273,0.4988479262672811,0.49372862029646525,0.4962750716332378,0.7138269107550667
mixed_keep_50_noise_50,mixed,raw,85002,95002,90002.0,880,879,433,446,447,0.0011363636363636363,0.4926052332195677,0.49204545454545456,0.49232518476407044,0.709077606681829
mixed_keep_50_noise_50,mixed,raw,90002,100002,95002.0,878,918,442,476,436,0.04555808656036447,0.48148148148148145,0.5034168564920274,0.4922048997772829,0.6838159537163075
mixed_keep_50_noise_50,mixed,raw,95002,105002,100002.0,867,893,434,459,433,0.029988465974625143,0.48600223964165734,0.5005767012687428,0.49318181818181817,0.6855347494266611
mixed_keep_50_noise_50,mixed,raw,100002,110002,105002.0,861,836,408,428,453,0.029036004645760744,0.4880382775119617,0.4738675958188153,0.48084855627578077,0.7014231504483814
mixed_keep_50_noise_50,mixed,raw,105002,115002,110002.0,848,840,406,434,442,0.009433962264150943,0.48333333333333334,0.47877358490566035,0.48104265402843605,0.7090360210639923
mixed_keep_50_noise_50,mixed,raw,110002,120002,115002.0,848,872,420,452,428,0.02830188679245283,0.481651376146789,0.49528301886792453,0.4883720930232558,0.7120231457758667
mixed_keep_50_noise_50,mixed,raw,115002,125002,120002.0,862,900,439,461,423,0.04408352668213457,0.48777777777777775,0.5092807424593968,0.4982973893303065,0.6757833350285749
mixed_keep_50_noise_50,mixed,raw,120002,130002,125002.0,858,888,433,455,425,0.03496503496503497,0.48761261261261263,0.5046620046620046,0.4959908361970217,0.66432300380484
mixed_keep_50_noise_50,mixed,raw,125002,135002,130002.0,842,879,417,462,425,0.043942992874109264,0.47440273037542663,0.49524940617577196,0.484601975595584,0.6749118219785519
mixed_keep_50_noise_50,mixed,raw,130002,140002,135002.0,851,882,416,466,435,0.036427732079905996,0.47165532879818595,0.4888366627497062,0.4800923254472013,0.6660971204319937
mixed_keep_50_noise_50,mixed,raw,135002,145002,140002.0,846,875,405,470,441,0.034278959810874705,0.46285714285714286,0.4787234042553192,0.4706565950029053,0.6611593840484457
mixed_keep_50_noise_50,mixed,raw,140002,150002,145002.0,839,878,408,470,431,0.04648390941597139,0.4646924829157175,0.4862932061978546,0.4752475247524752,0.6590322862787948
mixed_keep_50_noise_50,mixed,raw,145002,155002,150002.0,850,907,428,479,422,0.06705882352941177,0.4718853362734289,0.5035294117647059,0.4871940808195788,0.6426919544290426
mixed_keep_50_noise_50,mixed,raw,150002,160002,155002.0,835,899,415,484,420,0.07664670658682635,0.46162402669632924,0.49700598802395207,0.4786620530565167,0.6458954661551517
mixed_keep_50_noise_50,mixed,raw,155002,165002,160002.0,822,866,402,464,420,0.0535279805352798,0.46420323325635104,0.48905109489051096,0.47630331753554506,0.6724678950739437
mixed_keep_50_noise_50,mixed,raw,160002,170002,165002.0,813,839,382,457,431,0.03198031980319803,0.45530393325387364,0.4698646986469865,0.4624697336561744,0.6853020572946659
mixed_keep_50_noise_50,mixed,raw,165002,175002,170002.0,822,876,395,481,427,0.06569343065693431,0.4509132420091324,0.4805352798053528,0.46525323910482924,0.6636754258373341
mixed_keep_50_noise_50,mixed,raw,170002,180002,175002.0,846,912,428,484,418,0.07801418439716312,0.4692982456140351,0.5059101654846335,0.4869169510807736,0.6384055469679307
mixed_keep_50_noise_50,mixed,raw,175002,185002,180002.0,829,880,423,457,406,0.061519903498190594,0.48068181818181815,0.5102533172496985,0.4950263311878292,0.6542445037043473
mixed_keep_50_noise_50,mixed,raw,180002,190002,185002.0,827,856,422,434,405,0.03506650544135429,0.4929906542056075,0.5102781136638452,0.5014854426619133,0.6751946479606421
mixed_keep_50_noise_50,mixed,raw,185002,195002,190002.0,828,868,408,460,420,0.04830917874396135,0.4700460829493088,0.4927536231884058,0.4811320754716981,0.6736234303491594
mixed_keep_50_noise_50,mixed,raw,190002,200000,195001.0,814,861,416,445,398,0.05773955773955774,0.4831591173054588,0.5110565110565111,0.4967164179104478,0.6658531730184941
mixed_keep_50_noise_50,mixed,raw,195002,200000,197501.0,411,417,222,195,189,0.014598540145985401,0.5323741007194245,0.5401459854014599,0.5362318840579711,0.6625268379904059
mixed_keep_50_noise_50,mixed,sieve_cleaned,2,10002,5002.0,1229,637,637,0,592,0.4816924328722539,1.0,0.5183075671277462,0.6827438370846731,1.2250095135321193
mixed_keep_50_noise_50,mixed,sieve_cleaned,5002,15002,10002.0,1085,548,548,0,537,0.4949308755760369,1.0,0.5050691244239631,0.6711573790569504,1.2715101669770108
mixed_keep_50_noise_50,mixed,sieve_cleaned,10002,20002,15002.0,1033,517,517,0,516,0.4995159728944821,1.0,0.5004840271055179,0.6670967741935483,1.3069791548283054
mixed_keep_50_noise_50,mixed,sieve_cleaned,15002,25002,20002.0,1008,520,520,0,488,0.48412698412698413,1.0,0.5158730158730159,0.680628272251309,1.232398135484497
mixed_keep_50_noise_50,mixed,sieve_cleaned,20002,30002,25002.0,983,508,508,0,475,0.4832146490335707,1.0,0.5167853509664293,0.681421864520456,1.2487381107932338
mixed_keep_50_noise_50,mixed,sieve_cleaned,25002,35002,30002.0,970,499,499,0,471,0.48556701030927835,1.0,0.5144329896907216,0.6793737236215112,1.2722366905779547
mixed_keep_50_noise_50,mixed,sieve_cleaned,30002,40002,35002.0,958,478,478,0,480,0.5010438413361169,1.0,0.4989561586638831,0.6657381615598886,1.3136347249270375
mixed_keep_50_noise_50,mixed,sieve_cleaned,35002,45002,40002.0,943,472,472,0,471,0.49946977730646874,1.0,0.5005302226935313,0.6671378091872792,1.2963447750652355
mixed_keep_50_noise_50,mixed,sieve_cleaned,40002,50002,45002.0,930,456,456,0,474,0.5096774193548387,1.0,0.49032258064516127,0.658008658008658,1.346640497801082
mixed_keep_50_noise_50,mixed,sieve_cleaned,45002,55002,50002.0,916,447,447,0,469,0.5120087336244541,1.0,0.48799126637554585,0.6559060895084372,1.3503763535076854
mixed_keep_50_noise_50,mixed,sieve_cleaned,50002,60002,55002.0,924,476,476,0,448,0.48484848484848486,1.0,0.5151515151515151,0.6799999999999999,1.2156102471787735
mixed_keep_50_noise_50,mixed,sieve_cleaned,55002,65002,60002.0,902,461,461,0,441,0.48891352549889133,1.0,0.5110864745011087,0.6764490095377843,1.2654784596434578
mixed_keep_50_noise_50,mixed,sieve_cleaned,60002,70002,65002.0,879,460,460,0,419,0.47667804323094426,1.0,0.5233219567690558,0.6870799103808813,1.2840182653761771
mixed_keep_50_noise_50,mixed,sieve_cleaned,65002,75002,70002.0,900,458,458,0,442,0.4911111111111111,1.0,0.5088888888888888,0.674521354933726,1.26246076385983
mixed_keep_50_noise_50,mixed,sieve_cleaned,70002,80002,75002.0,901,437,437,0,464,0.5149833518312985,1.0,0.48501664816870144,0.6532137518684603,1.302650272628167
mixed_keep_50_noise_50,mixed,sieve_cleaned,75002,85002,80002.0,884,431,431,0,453,0.5124434389140271,1.0,0.48755656108597284,0.6555133079847908,1.3340370652000946
mixed_keep_50_noise_50,mixed,sieve_cleaned,80002,90002,85002.0,877,433,433,0,444,0.5062713797035348,1.0,0.49372862029646525,0.6610687022900763,1.3535332567871745
mixed_keep_50_noise_50,mixed,sieve_cleaned,85002,95002,90002.0,880,433,433,0,447,0.5079545454545454,1.0,0.49204545454545456,0.6595582635186595,1.388690235586043
mixed_keep_50_noise_50,mixed,sieve_cleaned,90002,100002,95002.0,878,442,442,0,436,0.49658314350797267,1.0,0.5034168564920274,0.6696969696969698,1.3274617961968238
mixed_keep_50_noise_50,mixed,sieve_cleaned,95002,105002,100002.0,867,434,434,0,433,0.4994232987312572,1.0,0.5005767012687428,0.6671790930053805,1.3354095603827525
mixed_keep_50_noise_50,mixed,sieve_cleaned,100002,110002,105002.0,861,408,408,0,453,0.5261324041811847,1.0,0.4738675958188153,0.6430260047281323,1.4364078728803351
mixed_keep_50_noise_50,mixed,sieve_cleaned,105002,115002,110002.0,848,406,406,0,442,0.5212264150943396,1.0,0.47877358490566035,0.6475279106858054,1.4160129679078002
mixed_keep_50_noise_50,mixed,sieve_cleaned,110002,120002,115002.0,848,420,420,0,428,0.5047169811320755,1.0,0.49528301886792453,0.6624605678233438,1.3373753403668558
mixed_keep_50_noise_50,mixed,sieve_cleaned,115002,125002,120002.0,862,439,439,0,423,0.49071925754060325,1.0,0.5092807424593968,0.6748654880860877,1.237750521444221
mixed_keep_50_noise_50,mixed,sieve_cleaned,120002,130002,125002.0,858,433,433,0,425,0.49533799533799533,1.0,0.5046620046620046,0.6707978311386521,1.2628832399664096
mixed_keep_50_noise_50,mixed,sieve_cleaned,125002,135002,130002.0,842,417,417,0,425,0.504750593824228,1.0,0.49524940617577196,0.6624305003971406,1.3352698112227646
mixed_keep_50_noise_50,mixed,sieve_cleaned,130002,140002,135002.0,851,416,416,0,435,0.5111633372502937,1.0,0.4888366627497062,0.6566692975532754,1.3085792487157477
mixed_keep_50_noise_50,mixed,sieve_cleaned,135002,145002,140002.0,846,405,405,0,441,0.5212765957446809,1.0,0.4787234042553192,0.6474820143884892,1.3477339325048678
mixed_keep_50_noise_50,mixed,sieve_cleaned,140002,150002,145002.0,839,408,408,0,431,0.5137067938021455,1.0,0.4862932061978546,0.6543704891740176,1.3413912041240783
mixed_keep_50_noise_50,mixed,sieve_cleaned,145002,155002,150002.0,850,428,428,0,422,0.4964705882352941,1.0,0.5035294117647059,0.6697965571205008,1.2732173017236614
mixed_keep_50_noise_50,mixed,sieve_cleaned,150002,160002,155002.0,835,415,415,0,420,0.5029940119760479,1.0,0.49700598802395207,0.6639999999999999,1.3104969417039247
mixed_keep_50_noise_50,mixed,sieve_cleaned,155002,165002,160002.0,822,402,402,0,420,0.5109489051094891,1.0,0.48905109489051096,0.6568627450980392,1.3857798725039812
mixed_keep_50_noise_50,mixed,sieve_cleaned,160002,170002,165002.0,813,382,382,0,431,0.5301353013530136,1.0,0.4698646986469865,0.6393305439330544,1.4774299672414726
mixed_keep_50_noise_50,mixed,sieve_cleaned,165002,175002,170002.0,822,395,395,0,427,0.5194647201946472,1.0,0.4805352798053528,0.6491372226787182,1.376395348162164
mixed_keep_50_noise_50,mixed,sieve_cleaned,170002,180002,175002.0,846,428,428,0,418,0.4940898345153664,1.0,0.5059101654846335,0.6718995290423861,1.2358132800007149
mixed_keep_50_noise_50,mixed,sieve_cleaned,175002,185002,180002.0,829,423,423,0,406,0.4897466827503016,1.0,0.5102533172496985,0.6757188498402555,1.2487788598520275
mixed_keep_50_noise_50,mixed,sieve_cleaned,180002,190002,185002.0,827,422,422,0,405,0.48972188633615477,1.0,0.5102781136638452,0.6757405924739792,1.272697432522341
mixed_keep_50_noise_50,mixed,sieve_cleaned,185002,195002,190002.0,828,408,408,0,420,0.5072463768115942,1.0,0.4927536231884058,0.6601941747572816,1.3379369527086578
mixed_keep_50_noise_50,mixed,sieve_cleaned,190002,200000,195001.0,814,416,416,0,398,0.48894348894348894,1.0,0.5110565110565111,0.6764227642276422,1.285862279394004
mixed_keep_50_noise_50,mixed,sieve_cleaned,195002,200000,197501.0,411,222,222,0,189,0.45985401459854014,1.0,0.5401459854014599,0.7014218009478673,1.1741717763347987
mixed_keep_50_noise_50,mixed,density_only,2,10002,5002.0,1229,1220,1220,0,9,0.007323026851098454,1.0,0.9926769731489016,0.9963250306247448,0.5459948269852782
mixed_keep_50_noise_50,mixed,density_only,5002,15002,10002.0,1085,1075,1075,0,10,0.009216589861751152,1.0,0.9907834101382489,0.9953703703703703,0.5661791716114938
mixed_keep_50_noise_50,mixed,density_only,10002,20002,15002.0,1033,1020,1020,0,13,0.012584704743465635,1.0,0.9874152952565344,0.9936678032148076,0.5795122704651356
mixed_keep_50_noise_50,mixed,density_only,15002,25002,20002.0,1008,999,999,0,9,0.008928571428571428,1.0,0.9910714285714286,0.9955156950672646,0.5686621683280494
mixed_keep_50_noise_50,mixed,density_only,20002,30002,25002.0,983,979,979,0,4,0.004069175991861648,1.0,0.9959308240081384,0.9979612640163099,0.5669917496308979
mixed_keep_50_noise_50,mixed,density_only,25002,35002,30002.0,970,963,963,0,7,0.007216494845360825,1.0,0.9927835051546392,0.9963786859803414,0.5833972250714236
mixed_keep_50_noise_50,mixed,density_only,30002,40002,35002.0,958,946,946,0,12,0.012526096033402923,1.0,0.9874739039665971,0.9936974789915966,0.5798536365002419
mixed_keep_50_noise_50,mixed,density_only,35002,45002,40002.0,943,934,934,0,9,0.009544008483563097,1.0,0.9904559915164369,0.9952051145444859,0.5671060385313142
mixed_keep_50_noise_50,mixed,density_only,40002,50002,45002.0,930,925,925,0,5,0.005376344086021506,1.0,0.9946236559139785,0.9973045822102425,0.5798640378569918
mixed_keep_50_noise_50,mixed,density_only,45002,55002,50002.0,916,912,912,0,4,0.004366812227074236,1.0,0.9956331877729258,0.9978118161925601,0.5805849841352028
mixed_keep_50_noise_50,mixed,density_only,50002,60002,55002.0,924,917,917,0,7,0.007575757575757576,1.0,0.9924242424242424,0.9961977186311787,0.576052205627387
mixed_keep_50_noise_50,mixed,density_only,55002,65002,60002.0,902,893,893,0,9,0.009977827050997782,1.0,0.9900221729490022,0.9949860724233983,0.5919553571455994
mixed_keep_50_noise_50,mixed,density_only,60002,70002,65002.0,879,871,871,0,8,0.009101251422070534,1.0,0.9908987485779295,0.9954285714285714,0.5926700134688663
mixed_keep_50_noise_50,mixed,density_only,65002,75002,70002.0,900,894,894,0,6,0.006666666666666667,1.0,0.9933333333333333,0.9966555183946488,0.5691688793603216
mixed_keep_50_noise_50,mixed,density_only,70002,80002,75002.0,901,896,896,0,5,0.005549389567147614,1.0,0.9944506104328524,0.9972175848636617,0.5758226367963887
mixed_keep_50_noise_50,mixed,density_only,75002,85002,80002.0,884,875,875,0,9,0.010180995475113122,1.0,0.9898190045248869,0.9948834565093804,0.5914772934045526
mixed_keep_50_noise_50,mixed,density_only,80002,90002,85002.0,877,862,862,0,15,0.01710376282782212,1.0,0.9828962371721779,0.9913743530764807,0.6018875812027207
mixed_keep_50_noise_50,mixed,density_only,85002,95002,90002.0,880,866,866,0,14,0.015909090909090907,1.0,0.9840909090909091,0.9919816723940436,0.6064720799769728
mixed_keep_50_noise_50,mixed,density_only,90002,100002,95002.0,878,869,869,0,9,0.010250569476082005,1.0,0.989749430523918,0.9948483113909559,0.601801638329311
mixed_keep_50_noise_50,mixed,density_only,95002,105002,100002.0,867,863,863,0,4,0.00461361014994233,1.0,0.9953863898500577,0.9976878612716763,0.5890519653188688
mixed_keep_50_noise_50,mixed,density_only,100002,110002,105002.0,861,859,859,0,2,0.0023228803716608595,1.0,0.9976771196283392,0.9988372093023256,0.5861829621912327
mixed_keep_50_noise_50,mixed,density_only,105002,115002,110002.0,848,844,844,0,4,0.0047169811320754715,1.0,0.9952830188679245,0.9976359338061466,0.6109358890049705
mixed_keep_50_noise_50,mixed,density_only,110002,120002,115002.0,848,838,838,0,10,0.01179245283018868,1.0,0.9882075471698113,0.9940688018979834,0.6172442525224459
mixed_keep_50_noise_50,mixed,density_only,115002,125002,120002.0,862,851,851,0,11,0.012761020881670533,1.0,0.9872389791183295,0.9935785172212492,0.5943291101695591
mixed_keep_50_noise_50,mixed,density_only,120002,130002,125002.0,858,853,853,0,5,0.005827505827505828,1.0,0.9941724941724942,0.9970777323202805,0.5792044849373954
mixed_keep_50_noise_50,mixed,density_only,125002,135002,130002.0,842,831,831,0,11,0.013064133016627079,1.0,0.9869358669833729,0.9934249850567841,0.5996938116274512
mixed_keep_50_noise_50,mixed,density_only,130002,140002,135002.0,851,837,837,0,14,0.01645123384253819,1.0,0.9835487661574618,0.9917061611374407,0.591936263047066
mixed_keep_50_noise_50,mixed,density_only,135002,145002,140002.0,846,841,841,0,5,0.00591016548463357,1.0,0.9940898345153665,0.9970361588618851,0.5809819809867542
mixed_keep_50_noise_50,mixed,density_only,140002,150002,145002.0,839,835,835,0,4,0.004767580452920143,1.0,0.9952324195470799,0.997610513739546,0.5775995967421264
mixed_keep_50_noise_50,mixed,density_only,145002,155002,150002.0,850,842,842,0,8,0.009411764705882352,1.0,0.9905882352941177,0.9952718676122931,0.588954881680487
mixed_keep_50_noise_50,mixed,density_only,150002,160002,155002.0,835,827,827,0,8,0.009580838323353293,1.0,0.9904191616766467,0.9951865222623345,0.6096226807948938
mixed_keep_50_noise_50,mixed,density_only,155002,165002,160002.0,822,818,818,0,4,0.004866180048661801,1.0,0.9951338199513382,0.9975609756097561,0.5949515910339108
mixed_keep_50_noise_50,mixed,density_only,160002,170002,165002.0,813,810,810,0,3,0.0036900369003690036,1.0,0.996309963099631,0.9981515711645101,0.6014236981452283
mixed_keep_50_noise_50,mixed,density_only,165002,175002,170002.0,822,814,814,0,8,0.009732360097323601,1.0,0.9902676399026764,0.9951100244498777,0.5942045564754019
mixed_keep_50_noise_50,mixed,density_only,170002,180002,175002.0,846,839,839,0,7,0.008274231678486997,1.0,0.991725768321513,0.9958456973293769,0.5870785057418486
mixed_keep_50_noise_50,mixed,density_only,175002,185002,180002.0,829,816,816,0,13,0.015681544028950542,1.0,0.9843184559710495,0.9920972644376901,0.6093453692128623
mixed_keep_50_noise_50,mixed,density_only,180002,190002,185002.0,827,805,805,0,22,0.026602176541717048,1.0,0.973397823458283,0.9865196078431373,0.6053965008074474
mixed_keep_50_noise_50,mixed,density_only,185002,195002,190002.0,828,816,816,0,12,0.014492753623188406,1.0,0.9855072463768116,0.9927007299270074,0.6035609598068188
mixed_keep_50_noise_50,mixed,density_only,190002,200000,195001.0,814,813,813,0,1,0.0012285012285012285,1.0,0.9987714987714987,0.9993853718500306,0.6068059486425066
mixed_keep_50_noise_50,mixed,density_only,195002,200000,197501.0,411,411,411,0,0,0.0,1.0,1.0,1.0,0.5903876175490064
mixed_keep_50_noise_50,mixed,local_gap_fixed,2,10002,5002.0,1229,1221,1221,0,8,0.006509357200976403,1.0,0.9934906427990235,0.996734693877551,0.5411306384075747
mixed_keep_50_noise_50,mixed,local_gap_fixed,5002,15002,10002.0,1085,1075,1075,0,10,0.009216589861751152,1.0,0.9907834101382489,0.9953703703703703,0.561807220838466
mixed_keep_50_noise_50,mixed,local_gap_fixed,10002,20002,15002.0,1033,1018,1018,0,15,0.01452081316553727,1.0,0.9854791868344628,0.9926864943929791,0.5690123430878128
mixed_keep_50_noise_50,mixed,local_gap_fixed,15002,25002,20002.0,1008,998,998,0,10,0.00992063492063492,1.0,0.9900793650793651,0.9950149551345963,0.5596196905936393
mixed_keep_50_noise_50,mixed,local_gap_fixed,20002,30002,25002.0,983,979,979,0,4,0.004069175991861648,1.0,0.9959308240081384,0.9979612640163099,0.5617143745736114
mixed_keep_50_noise_50,mixed,local_gap_fixed,25002,35002,30002.0,970,959,959,0,11,0.01134020618556701,1.0,0.988659793814433,0.9942975635044065,0.5820456052374496
mixed_keep_50_noise_50,mixed,local_gap_fixed,30002,40002,35002.0,958,947,947,0,11,0.011482254697286013,1.0,0.988517745302714,0.9942257217847769,0.5751829180372443
mixed_keep_50_noise_50,mixed,local_gap_fixed,35002,45002,40002.0,943,937,937,0,6,0.006362672322375398,1.0,0.9936373276776246,0.9968085106382978,0.5640484172636662
mixed_keep_50_noise_50,mixed,local_gap_fixed,40002,50002,45002.0,930,924,924,0,6,0.0064516129032258064,1.0,0.9935483870967742,0.9967637540453074,0.5795586534558346
mixed_keep_50_noise_50,mixed,local_gap_fixed,45002,55002,50002.0,916,912,912,0,4,0.004366812227074236,1.0,0.9956331877729258,0.9978118161925601,0.578555854681941
mixed_keep_50_noise_50,mixed,local_gap_fixed,50002,60002,55002.0,924,915,915,0,9,0.00974025974025974,1.0,0.9902597402597403,0.9951060358890702,0.5729342740999933
mixed_keep_50_noise_50,mixed,local_gap_fixed,55002,65002,60002.0,902,893,893,0,9,0.009977827050997782,1.0,0.9900221729490022,0.9949860724233983,0.5852278948219357
mixed_keep_50_noise_50,mixed,local_gap_fixed,60002,70002,65002.0,879,873,873,0,6,0.006825938566552901,1.0,0.9931740614334471,0.9965753424657535,0.5838418775437115
mixed_keep_50_noise_50,mixed,local_gap_fixed,65002,75002,70002.0,900,894,894,0,6,0.006666666666666667,1.0,0.9933333333333333,0.9966555183946488,0.5641143427661282
mixed_keep_50_noise_50,mixed,local_gap_fixed,70002,80002,75002.0,901,895,895,0,6,0.006659267480577136,1.0,0.9933407325194229,0.9966592427616927,0.5753471405539408
mixed_keep_50_noise_50,mixed,local_gap_fixed,75002,85002,80002.0,884,875,875,0,9,0.010180995475113122,1.0,0.9898190045248869,0.9948834565093804,0.5859494953713258
mixed_keep_50_noise_50,mixed,local_gap_fixed,80002,90002,85002.0,877,868,868,0,9,0.010262257696693273,1.0,0.9897377423033067,0.9948424068767908,0.5931143758080473
mixed_keep_50_noise_50,mixed,local_gap_fixed,85002,95002,90002.0,880,864,864,0,16,0.01818181818181818,1.0,0.9818181818181818,0.9908256880733944,0.6070893538910548
mixed_keep_50_noise_50,mixed,local_gap_fixed,90002,100002,95002.0,878,864,864,0,14,0.015945330296127564,1.0,0.9840546697038725,0.9919632606199771,0.6105288360865757
mixed_keep_50_noise_50,mixed,local_gap_fixed,95002,105002,100002.0,867,865,865,0,2,0.002306805074971165,1.0,0.9976931949250288,0.9988452655889145,0.5872862152599932
mixed_keep_50_noise_50,mixed,local_gap_fixed,100002,110002,105002.0,861,860,860,0,1,0.0011614401858304297,1.0,0.9988385598141696,0.999418942475305,0.5858599868110325
mixed_keep_50_noise_50,mixed,local_gap_fixed,105002,115002,110002.0,848,844,844,0,4,0.0047169811320754715,1.0,0.9952830188679245,0.9976359338061466,0.6074111648194384
mixed_keep_50_noise_50,mixed,local_gap_fixed,110002,120002,115002.0,848,837,837,0,11,0.012971698113207548,1.0,0.9870283018867925,0.9934718100890207,0.6121390062637625
mixed_keep_50_noise_50,mixed,local_gap_fixed,115002,125002,120002.0,862,851,851,0,11,0.012761020881670533,1.0,0.9872389791183295,0.9935785172212492,0.5935911515176077
mixed_keep_50_noise_50,mixed,local_gap_fixed,120002,130002,125002.0,858,854,854,0,4,0.004662004662004662,1.0,0.9953379953379954,0.9976635514018692,0.5769538569778395
mixed_keep_50_noise_50,mixed,local_gap_fixed,125002,135002,130002.0,842,831,831,0,11,0.013064133016627079,1.0,0.9869358669833729,0.9934249850567841,0.5963654354463208
mixed_keep_50_noise_50,mixed,local_gap_fixed,130002,140002,135002.0,851,836,836,0,15,0.01762632197414806,1.0,0.982373678025852,0.991108476585655,0.5865919513756307
mixed_keep_50_noise_50,mixed,local_gap_fixed,135002,145002,140002.0,846,840,840,0,6,0.0070921985815602835,1.0,0.9929078014184397,0.9964412811387899,0.5780294246785436
mixed_keep_50_noise_50,mixed,local_gap_fixed,140002,150002,145002.0,839,836,836,0,3,0.003575685339690107,1.0,0.9964243146603099,0.9982089552238805,0.5733170032572934
mixed_keep_50_noise_50,mixed,local_gap_fixed,145002,155002,150002.0,850,846,846,0,4,0.004705882352941176,1.0,0.9952941176470588,0.9976415094339623,0.5833549048069463
mixed_keep_50_noise_50,mixed,local_gap_fixed,150002,160002,155002.0,835,826,826,0,9,0.010778443113772455,1.0,0.9892215568862276,0.9945815773630344,0.6133937569778428
mixed_keep_50_noise_50,mixed,local_gap_fixed,155002,165002,160002.0,822,815,815,0,7,0.00851581508515815,1.0,0.9914841849148418,0.9957238851557727,0.5967463852610903
mixed_keep_50_noise_50,mixed,local_gap_fixed,160002,170002,165002.0,813,807,807,0,6,0.007380073800738007,1.0,0.992619926199262,0.9962962962962962,0.5999245727575273
mixed_keep_50_noise_50,mixed,local_gap_fixed,165002,175002,170002.0,822,814,814,0,8,0.009732360097323601,1.0,0.9902676399026764,0.9951100244498777,0.5868530704615388
mixed_keep_50_noise_50,mixed,local_gap_fixed,170002,180002,175002.0,846,842,842,0,4,0.004728132387706856,1.0,0.9952718676122931,0.9976303317535545,0.5798835834050501
mixed_keep_50_noise_50,mixed,local_gap_fixed,175002,185002,180002.0,829,816,816,0,13,0.015681544028950542,1.0,0.9843184559710495,0.9920972644376901,0.6069481058122985
mixed_keep_50_noise_50,mixed,local_gap_fixed,180002,190002,185002.0,827,805,805,0,22,0.026602176541717048,1.0,0.973397823458283,0.9865196078431373,0.5972915818248795
mixed_keep_50_noise_50,mixed,local_gap_fixed,185002,195002,190002.0,828,817,817,0,11,0.013285024154589372,1.0,0.9867149758454107,0.9933130699088145,0.5997004674944822
mixed_keep_50_noise_50,mixed,local_gap_fixed,190002,200000,195001.0,814,813,813,0,1,0.0012285012285012285,1.0,0.9987714987714987,0.9993853718500306,0.6060319445501586
mixed_keep_50_noise_50,mixed,local_gap_fixed,195002,200000,197501.0,411,410,410,0,1,0.0024330900243309003,1.0,0.9975669099756691,0.9987819732034106,0.5893861186354933
mixed_keep_50_noise_50,mixed,adaptive_window,2,10002,5002.0,1229,1218,1218,0,11,0.008950366151342554,1.0,0.9910496338486574,0.9955046996322027,0.5469578089623098
mixed_keep_50_noise_50,mixed,adaptive_window,5002,15002,10002.0,1085,1071,1071,0,14,0.012903225806451613,1.0,0.9870967741935484,0.9935064935064934,0.5712093364043433
mixed_keep_50_noise_50,mixed,adaptive_window,10002,20002,15002.0,1033,1022,1022,0,11,0.010648596321393998,1.0,0.989351403678606,0.994647201946472,0.5738055928742685
mixed_keep_50_noise_50,mixed,adaptive_window,15002,25002,20002.0,1008,1001,1001,0,7,0.006944444444444444,1.0,0.9930555555555556,0.9965156794425087,0.5640989998861407
mixed_keep_50_noise_50,mixed,adaptive_window,20002,30002,25002.0,983,978,978,0,5,0.00508646998982706,1.0,0.9949135300101729,0.9974502804691483,0.5669791271036837
mixed_keep_50_noise_50,mixed,adaptive_window,25002,35002,30002.0,970,958,958,0,12,0.012371134020618556,1.0,0.9876288659793815,0.9937759336099585,0.5853773757321241
mixed_keep_50_noise_50,mixed,adaptive_window,30002,40002,35002.0,958,948,948,0,10,0.010438413361169102,1.0,0.9895615866388309,0.9947534102833158,0.5769416444162292
mixed_keep_50_noise_50,mixed,adaptive_window,35002,45002,40002.0,943,937,937,0,6,0.006362672322375398,1.0,0.9936373276776246,0.9968085106382978,0.5683106931911107
mixed_keep_50_noise_50,mixed,adaptive_window,40002,50002,45002.0,930,923,923,0,7,0.007526881720430108,1.0,0.9924731182795699,0.9962223421478683,0.5834519460046215
mixed_keep_50_noise_50,mixed,adaptive_window,45002,55002,50002.0,916,911,911,0,5,0.0054585152838427945,1.0,0.9945414847161572,0.997263273125342,0.5789026265834004
mixed_keep_50_noise_50,mixed,adaptive_window,50002,60002,55002.0,924,916,916,0,8,0.008658008658008658,1.0,0.9913419913419913,0.9956521739130434,0.5746125453971526
mixed_keep_50_noise_50,mixed,adaptive_window,55002,65002,60002.0,902,895,895,0,7,0.007760532150776054,1.0,0.9922394678492239,0.9961046188091263,0.5900139934727514
mixed_keep_50_noise_50,mixed,adaptive_window,60002,70002,65002.0,879,872,872,0,7,0.007963594994311717,1.0,0.9920364050056882,0.9960022844089091,0.5906321372846849
mixed_keep_50_noise_50,mixed,adaptive_window,65002,75002,70002.0,900,894,894,0,6,0.006666666666666667,1.0,0.9933333333333333,0.9966555183946488,0.5669288017761671
mixed_keep_50_noise_50,mixed,adaptive_window,70002,80002,75002.0,901,895,895,0,6,0.006659267480577136,1.0,0.9933407325194229,0.9966592427616927,0.5773363849923436
mixed_keep_50_noise_50,mixed,adaptive_window,75002,85002,80002.0,884,875,875,0,9,0.010180995475113122,1.0,0.9898190045248869,0.9948834565093804,0.5916940046797364
mixed_keep_50_noise_50,mixed,adaptive_window,80002,90002,85002.0,877,872,872,0,5,0.005701254275940707,1.0,0.9942987457240593,0.9971412235563178,0.5963536579444433
mixed_keep_50_noise_50,mixed,adaptive_window,85002,95002,90002.0,880,866,866,0,14,0.015909090909090907,1.0,0.9840909090909091,0.9919816723940436,0.6119741939368438
mixed_keep_50_noise_50,mixed,adaptive_window,90002,100002,95002.0,878,860,860,0,18,0.02050113895216401,1.0,0.979498861047836,0.9896432681242807,0.6109449444317127
mixed_keep_50_noise_50,mixed,adaptive_window,95002,105002,100002.0,867,863,863,0,4,0.00461361014994233,1.0,0.9953863898500577,0.9976878612716763,0.5890519653188688
mixed_keep_50_noise_50,mixed,adaptive_window,100002,110002,105002.0,861,858,858,0,3,0.003484320557491289,1.0,0.9965156794425087,0.9982547993019197,0.5880334805186531
mixed_keep_50_noise_50,mixed,adaptive_window,105002,115002,110002.0,848,844,844,0,4,0.0047169811320754715,1.0,0.9952830188679245,0.9976359338061466,0.6101194824523235
mixed_keep_50_noise_50,mixed,adaptive_window,110002,120002,115002.0,848,840,840,0,8,0.009433962264150943,1.0,0.9905660377358491,0.9952606635071091,0.6129758385934982
mixed_keep_50_noise_50,mixed,adaptive_window,115002,125002,120002.0,862,851,851,0,11,0.012761020881670533,1.0,0.9872389791183295,0.9935785172212492,0.5955347893628624
mixed_keep_50_noise_50,mixed,adaptive_window,120002,130002,125002.0,858,853,853,0,5,0.005827505827505828,1.0,0.9941724941724942,0.9970777323202805,0.5788591410924869
mixed_keep_50_noise_50,mixed,adaptive_window,125002,135002,130002.0,842,831,831,0,11,0.013064133016627079,1.0,0.9869358669833729,0.9934249850567841,0.5987766012318844
mixed_keep_50_noise_50,mixed,adaptive_window,130002,140002,135002.0,851,836,836,0,15,0.01762632197414806,1.0,0.982373678025852,0.991108476585655,0.5917860283170419
mixed_keep_50_noise_50,mixed,adaptive_window,135002,145002,140002.0,846,840,840,0,6,0.0070921985815602835,1.0,0.9929078014184397,0.9964412811387899,0.5812194299193326
mixed_keep_50_noise_50,mixed,adaptive_window,140002,150002,145002.0,839,836,836,0,3,0.003575685339690107,1.0,0.9964243146603099,0.9982089552238805,0.5733170032572934
mixed_keep_50_noise_50,mixed,adaptive_window,145002,155002,150002.0,850,844,844,0,6,0.007058823529411765,1.0,0.9929411764705882,0.9964580873671782,0.588687961054716
mixed_keep_50_noise_50,mixed,adaptive_window,150002,160002,155002.0,835,826,826,0,9,0.010778443113772455,1.0,0.9892215568862276,0.9945815773630344,0.6174204136305154
mixed_keep_50_noise_50,mixed,adaptive_window,155002,165002,160002.0,822,817,817,0,5,0.006082725060827251,1.0,0.9939172749391727,0.9969493593654667,0.5952751136442725
mixed_keep_50_noise_50,mixed,adaptive_window,160002,170002,165002.0,813,806,806,0,7,0.008610086100861008,1.0,0.991389913899139,0.9956763434218654,0.6010768866514038
mixed_keep_50_noise_50,mixed,adaptive_window,165002,175002,170002.0,822,814,814,0,8,0.009732360097323601,1.0,0.9902676399026764,0.9951100244498777,0.5884861441377679
mixed_keep_50_noise_50,mixed,adaptive_window,170002,180002,175002.0,846,843,843,0,3,0.0035460992907801418,1.0,0.9964539007092199,0.9982238010657194,0.5803817117074309
mixed_keep_50_noise_50,mixed,adaptive_window,175002,185002,180002.0,829,814,814,0,15,0.018094089264173704,1.0,0.9819059107358263,0.9908703590992087,0.6109003425778566
mixed_keep_50_noise_50,mixed,adaptive_window,180002,190002,185002.0,827,805,805,0,22,0.026602176541717048,1.0,0.973397823458283,0.9865196078431373,0.6035247455520485
mixed_keep_50_noise_50,mixed,adaptive_window,185002,195002,190002.0,828,819,819,0,9,0.010869565217391304,1.0,0.9891304347826086,0.994535519125683,0.6019157453061318
mixed_keep_50_noise_50,mixed,adaptive_window,190002,200000,195001.0,814,813,813,0,1,0.0012285012285012285,1.0,0.9987714987714987,0.9993853718500306,0.6060319445501586
mixed_keep_50_noise_50,mixed,adaptive_window,195002,200000,197501.0,411,410,410,0,1,0.0024330900243309003,1.0,0.9975669099756691,0.9987819732034106,0.5893861186354933
mixed_keep_25_noise_100,mixed,raw,2,10002,5002.0,1229,1181,308,873,921,0.03905614320585842,0.26079593564775616,0.25061025223759154,0.2556016597510373,0.7166728087460829
mixed_keep_25_noise_100,mixed,raw,5002,15002,10002.0,1085,1129,264,865,821,0.04055299539170507,0.23383525243578387,0.24331797235023042,0.23848238482384823,0.6807835999919936
mixed_keep_25_noise_100,mixed,raw,10002,20002,15002.0,1033,1114,235,879,798,0.07841239109390126,0.21095152603231598,0.22749273959341723,0.21891010712622264,0.669456265867296
mixed_keep_25_noise_100,mixed,raw,15002,25002,20002.0,1008,1109,254,855,754,0.1001984126984127,0.2290351668169522,0.251984126984127,0.23996221067548415,0.6566112784313705
mixed_keep_25_noise_100,mixed,raw,20002,30002,25002.0,983,1175,251,924,732,0.1953204476093591,0.21361702127659574,0.25534079348931843,0.23262279888785914,0.6298526850066314
mixed_keep_25_noise_100,mixed,raw,25002,35002,30002.0,970,1160,222,938,748,0.1958762886597938,0.19137931034482758,0.2288659793814433,0.20845070422535214,0.6286815963191199
mixed_keep_25_noise_100,mixed,raw,30002,40002,35002.0,958,1089,210,879,748,0.13674321503131523,0.1928374655647383,0.21920668058455114,0.20517830972154374,0.6414740072341294
mixed_keep_25_noise_100,mixed,raw,35002,45002,40002.0,943,1114,233,881,710,0.18133616118769882,0.20915619389587073,0.24708377518557795,0.22654350996596984,0.6309476856630511
mixed_keep_25_noise_100,mixed,raw,40002,50002,45002.0,930,1155,240,915,690,0.24193548387096775,0.2077922077922078,0.25806451612903225,0.23021582733812948,0.6167757488881913
mixed_keep_25_noise_100,mixed,raw,45002,55002,50002.0,916,1156,230,926,686,0.26200873362445415,0.19896193771626297,0.25109170305676853,0.22200772200772198,0.6206216562651657
mixed_keep_25_noise_100,mixed,raw,50002,60002,55002.0,924,1121,242,879,682,0.2132034632034632,0.215878679750223,0.2619047619047619,0.23667481662591686,0.6358287838147159
mixed_keep_25_noise_100,mixed,raw,55002,65002,60002.0,902,1075,228,847,674,0.1917960088691796,0.21209302325581394,0.25277161862527714,0.23065250379362667,0.6428287642761499
mixed_keep_25_noise_100,mixed,raw,60002,70002,65002.0,879,1100,227,873,652,0.2514220705346985,0.20636363636363636,0.2582480091012514,0.22940879231935318,0.604961144705571
mixed_keep_25_noise_100,mixed,raw,65002,75002,70002.0,900,1149,231,918,669,0.27666666666666667,0.2010443864229765,0.25666666666666665,0.2254758418740849,0.6010952073232525
mixed_keep_25_noise_100,mixed,raw,70002,80002,75002.0,901,1126,226,900,675,0.24972253052164262,0.20071047957371227,0.25083240843507215,0.22298963986186485,0.6201894439351278
mixed_keep_25_noise_100,mixed,raw,75002,85002,80002.0,884,1111,236,875,648,0.25678733031674206,0.21242124212421243,0.2669683257918552,0.23659147869674185,0.6034176039092756
mixed_keep_25_noise_100,mixed,raw,80002,90002,85002.0,877,1108,222,886,655,0.2633979475484607,0.2003610108303249,0.2531356898517674,0.22367758186397987,0.6091231666910717
mixed_keep_25_noise_100,mixed,raw,85002,95002,90002.0,880,1118,217,901,663,0.27045454545454545,0.19409660107334525,0.24659090909090908,0.2172172172172172,0.6143601417683849
mixed_keep_25_noise_100,mixed,raw,90002,100002,95002.0,878,1135,229,906,649,0.29271070615034167,0.20176211453744494,0.2608200455580866,0.2275211127670144,0.6092464312823563
mixed_keep_25_noise_100,mixed,raw,95002,105002,100002.0,867,1114,238,876,629,0.2848904267589389,0.21364452423698385,0.27450980392156865,0.2402826855123675,0.6088462359723528
mixed_keep_25_noise_100,mixed,raw,100002,110002,105002.0,861,1139,231,908,630,0.3228803716608595,0.20280948200175591,0.2682926829268293,0.231,0.6003514985979647
mixed_keep_25_noise_100,mixed,raw,105002,115002,110002.0,848,1152,216,936,632,0.3584905660377358,0.1875,0.25471698113207547,0.216,0.6112468959502071
mixed_keep_25_noise_100,mixed,raw,110002,120002,115002.0,848,1092,223,869,625,0.28773584905660377,0.2042124542124542,0.26297169811320753,0.22989690721649483,0.6363276845477049
mixed_keep_25_noise_100,mixed,raw,115002,125002,120002.0,862,1112,215,897,647,0.2900232018561485,0.19334532374100719,0.2494199535962877,0.21783181357649445,0.6209648484999635
mixed_keep_25_noise_100,mixed,raw,120002,130002,125002.0,858,1137,206,931,652,0.32517482517482516,0.18117854001759015,0.2400932400932401,0.20651629072681707,0.613877783678347
mixed_keep_25_noise_100,mixed,raw,125002,135002,130002.0,842,1073,208,865,634,0.27434679334916867,0.19384902143522834,0.24703087885985747,0.21723237597911224,0.6275775164117982
mixed_keep_25_noise_100,mixed,raw,130002,140002,135002.0,851,1060,213,847,638,0.245593419506463,0.2009433962264151,0.2502937720329025,0.2229199372056515,0.6178937124627398
mixed_keep_25_noise_100,mixed,raw,135002,145002,140002.0,846,1107,202,905,644,0.30851063829787234,0.18247515808491419,0.23877068557919623,0.20686123911930362,0.6162594862477798
mixed_keep_25_noise_100,mixed,raw,140002,150002,145002.0,839,1132,216,916,623,0.3492252681764005,0.19081272084805653,0.25744934445768775,0.2191780821917808,0.6131784508799523
mixed_keep_25_noise_100,mixed,raw,145002,155002,150002.0,850,1113,232,881,618,0.30941176470588233,0.20844564240790656,0.27294117647058824,0.23637289862455427,0.6056772454822027
mixed_keep_25_noise_100,mixed,raw,150002,160002,155002.0,835,1109,212,897,623,0.3281437125748503,0.19116321009918846,0.25389221556886227,0.21810699588477367,0.6055728175579422
mixed_keep_25_noise_100,mixed,raw,155002,165002,160002.0,822,1140,200,940,622,0.38686131386861317,0.17543859649122806,0.24330900243309003,0.2038735983690112,0.6101585499314308
mixed_keep_25_noise_100,mixed,raw,160002,170002,165002.0,813,1146,200,946,613,0.4095940959409594,0.17452006980802792,0.24600246002460024,0.20418580908626852,0.6048854569279442
mixed_keep_25_noise_100,mixed,raw,165002,175002,170002.0,822,1128,208,920,614,0.3722627737226277,0.18439716312056736,0.25304136253041365,0.21333333333333332,0.6040881641631065
mixed_keep_25_noise_100,mixed,raw,170002,180002,175002.0,846,1119,206,913,640,0.32269503546099293,0.1840929401251117,0.24349881796690306,0.20966921119592874,0.6243886841067703
mixed_keep_25_noise_100,mixed,raw,175002,185002,180002.0,829,1120,203,917,626,0.35102533172496986,0.18125,0.2448733413751508,0.20831195484864035,0.6098590906636033
mixed_keep_25_noise_100,mixed,raw,180002,190002,185002.0,827,1128,207,921,620,0.3639661426844015,0.18351063829787234,0.2503022974607013,0.21176470588235294,0.6057014420069169
mixed_keep_25_noise_100,mixed,raw,185002,195002,190002.0,828,1144,198,946,630,0.38164251207729466,0.17307692307692307,0.2391304347826087,0.20081135902636918,0.6087779526417876
mixed_keep_25_noise_100,mixed,raw,190002,200000,195001.0,814,1115,192,923,622,0.36977886977886976,0.17219730941704037,0.23587223587223588,0.19906687402799378,0.6143554138980618
mixed_keep_25_noise_100,mixed,raw,195002,200000,197501.0,411,544,98,446,313,0.3236009732360097,0.1801470588235294,0.2384428223844282,0.20523560209424083,0.6366721638093915
mixed_keep_25_noise_100,mixed,sieve_cleaned,2,10002,5002.0,1229,308,308,0,921,0.7493897477624084,1.0,0.25061025223759154,0.4007807417046194,3.1509710259859474
mixed_keep_25_noise_100,mixed,sieve_cleaned,5002,15002,10002.0,1085,264,264,0,821,0.7566820276497696,1.0,0.24331797235023042,0.3914010378057821,3.2784257276390605
mixed_keep_25_noise_100,mixed,sieve_cleaned,10002,20002,15002.0,1033,235,235,0,798,0.7725072604065828,1.0,0.22749273959341723,0.37066246056782337,3.552692921732429
mixed_keep_25_noise_100,mixed,sieve_cleaned,15002,25002,20002.0,1008,254,254,0,754,0.748015873015873,1.0,0.251984126984127,0.40253565768621236,3.10029149499534
mixed_keep_25_noise_100,mixed,sieve_cleaned,20002,30002,25002.0,983,251,251,0,732,0.7446592065106816,1.0,0.25534079348931843,0.40680713128038903,2.9772323356969665
mixed_keep_25_noise_100,mixed,sieve_cleaned,25002,35002,30002.0,970,222,222,0,748,0.7711340206185567,1.0,0.2288659793814433,0.37248322147651003,3.427211027087687
mixed_keep_25_noise_100,mixed,sieve_cleaned,30002,40002,35002.0,958,210,210,0,748,0.7807933194154488,1.0,0.21920668058455114,0.3595890410958904,3.6316277860640036
mixed_keep_25_noise_100,mixed,sieve_cleaned,35002,45002,40002.0,943,233,233,0,710,0.7529162248144221,1.0,0.24708377518557795,0.3962585034013606,3.2137702466647853
mixed_keep_25_noise_100,mixed,sieve_cleaned,40002,50002,45002.0,930,240,240,0,690,0.7419354838709677,1.0,0.25806451612903225,0.41025641025641024,3.0217449352229355
mixed_keep_25_noise_100,mixed,sieve_cleaned,45002,55002,50002.0,916,230,230,0,686,0.7489082969432315,1.0,0.25109170305676853,0.40139616055846417,3.183816899542427
mixed_keep_25_noise_100,mixed,sieve_cleaned,50002,60002,55002.0,924,242,242,0,682,0.7380952380952381,1.0,0.2619047619047619,0.41509433962264153,2.965642843168243
mixed_keep_25_noise_100,mixed,sieve_cleaned,55002,65002,60002.0,902,228,228,0,674,0.7472283813747228,1.0,0.25277161862527714,0.40353982300884955,3.1284951842760282
mixed_keep_25_noise_100,mixed,sieve_cleaned,60002,70002,65002.0,879,227,227,0,652,0.7417519908987485,1.0,0.2582480091012514,0.4104882459312839,3.115595602251268
mixed_keep_25_noise_100,mixed,sieve_cleaned,65002,75002,70002.0,900,231,231,0,669,0.7433333333333333,1.0,0.25666666666666665,0.40848806366047746,2.951395735131257
mixed_keep_25_noise_100,mixed,sieve_cleaned,70002,80002,75002.0,901,226,226,0,675,0.7491675915649278,1.0,0.25083240843507215,0.4010647737355812,3.074856443388907
mixed_keep_25_noise_100,mixed,sieve_cleaned,75002,85002,80002.0,884,236,236,0,648,0.7330316742081447,1.0,0.2669683257918552,0.42142857142857143,2.907424716501874
mixed_keep_25_noise_100,mixed,sieve_cleaned,80002,90002,85002.0,877,222,222,0,655,0.7468643101482326,1.0,0.2531356898517674,0.40400363967242947,3.1334731342320126
mixed_keep_25_noise_100,mixed,sieve_cleaned,85002,95002,90002.0,880,217,217,0,663,0.7534090909090909,1.0,0.24659090909090908,0.39562443026435734,3.147979688362948
mixed_keep_25_noise_100,mixed,sieve_cleaned,90002,100002,95002.0,878,229,229,0,649,0.7391799544419134,1.0,0.2608200455580866,0.41373080397470646,2.9608133059277693
mixed_keep_25_noise_100,mixed,sieve_cleaned,95002,105002,100002.0,867,238,238,0,629,0.7254901960784313,1.0,0.27450980392156865,0.43076923076923085,2.7367469199547054
mixed_keep_25_noise_100,mixed,sieve_cleaned,100002,110002,105002.0,861,231,231,0,630,0.7317073170731707,1.0,0.2682926829268293,0.4230769230769231,2.8099410088425913
mixed_keep_25_noise_100,mixed,sieve_cleaned,105002,115002,110002.0,848,216,216,0,632,0.7452830188679245,1.0,0.25471698113207547,0.40601503759398494,3.1228131472518554
mixed_keep_25_noise_100,mixed,sieve_cleaned,110002,120002,115002.0,848,223,223,0,625,0.7370283018867925,1.0,0.26297169811320753,0.4164332399626517,3.0255340225414527
mixed_keep_25_noise_100,mixed,sieve_cleaned,115002,125002,120002.0,862,215,215,0,647,0.7505800464037123,1.0,0.2494199535962877,0.39925719591457753,3.054422823980195
mixed_keep_25_noise_100,mixed,sieve_cleaned,120002,130002,125002.0,858,206,206,0,652,0.7599067599067599,1.0,0.2400932400932401,0.38721804511278196,3.2388384922589246
mixed_keep_25_noise_100,mixed,sieve_cleaned,125002,135002,130002.0,842,208,208,0,634,0.7529691211401425,1.0,0.24703087885985747,0.3961904761904762,3.2224491451849606
mixed_keep_25_noise_100,mixed,sieve_cleaned,130002,140002,135002.0,851,213,213,0,638,0.7497062279670975,1.0,0.2502937720329025,0.40037593984962405,3.1318646948707913
mixed_keep_25_noise_100,mixed,sieve_cleaned,135002,145002,140002.0,846,202,202,0,644,0.7612293144208038,1.0,0.23877068557919623,0.3854961832061069,3.3119582257375892
mixed_keep_25_noise_100,mixed,sieve_cleaned,140002,150002,145002.0,839,216,216,0,623,0.7425506555423123,1.0,0.25744934445768775,0.409478672985782,3.045093810647749
mixed_keep_25_noise_100,mixed,sieve_cleaned,145002,155002,150002.0,850,232,232,0,618,0.7270588235294118,1.0,0.27294117647058824,0.4288354898336414,2.78371773751912
mixed_keep_25_noise_100,mixed,sieve_cleaned,150002,160002,155002.0,835,212,212,0,623,0.7461077844311377,1.0,0.25389221556886227,0.40496657115568285,3.0911885580266065
mixed_keep_25_noise_100,mixed,sieve_cleaned,155002,165002,160002.0,822,200,200,0,622,0.7566909975669099,1.0,0.24330900243309003,0.39138943248532293,3.2772928233549985
mixed_keep_25_noise_100,mixed,sieve_cleaned,160002,170002,165002.0,813,200,200,0,613,0.7539975399753998,1.0,0.24600246002460024,0.39486673247778875,3.337342122274531
mixed_keep_25_noise_100,mixed,sieve_cleaned,165002,175002,170002.0,822,208,208,0,614,0.7469586374695864,1.0,0.25304136253041365,0.40388349514563104,3.133860745758959
mixed_keep_25_noise_100,mixed,sieve_cleaned,170002,180002,175002.0,846,206,206,0,640,0.7565011820330969,1.0,0.24349881796690306,0.3916349809885931,3.171461357044741
mixed_keep_25_noise_100,mixed,sieve_cleaned,175002,185002,180002.0,829,203,203,0,626,0.7551266586248492,1.0,0.2448733413751508,0.3934108527131783,3.2221189848510616
mixed_keep_25_noise_100,mixed,sieve_cleaned,180002,190002,185002.0,827,207,207,0,620,0.7496977025392987,1.0,0.2503022974607013,0.4003868471953578,3.1409719385432546
mixed_keep_25_noise_100,mixed,sieve_cleaned,185002,195002,190002.0,828,198,198,0,630,0.7608695652173914,1.0,0.2391304347826087,0.3859649122807018,3.3310201041410417
mixed_keep_25_noise_100,mixed,sieve_cleaned,190002,200000,195001.0,814,192,192,0,622,0.7641277641277642,1.0,0.23587223587223588,0.38170974155069587,3.4126258526696116
mixed_keep_25_noise_100,mixed,sieve_cleaned,195002,200000,197501.0,411,98,98,0,313,0.7615571776155717,1.0,0.2384428223844282,0.3850687622789784,3.2019720664578464
mixed_keep_25_noise_100,mixed,density_only,2,10002,5002.0,1229,1220,1220,0,9,0.007323026851098454,1.0,0.9926769731489016,0.9963250306247448,0.5431561220680037
mixed_keep_25_noise_100,mixed,density_only,5002,15002,10002.0,1085,1075,1075,0,10,0.009216589861751152,1.0,0.9907834101382489,0.9953703703703703,0.5702351136055964
mixed_keep_25_noise_100,mixed,density_only,10002,20002,15002.0,1033,1019,1019,0,14,0.013552758954501452,1.0,0.9864472410454985,0.99317738791423,0.5828121962348215
mixed_keep_25_noise_100,mixed,density_only,15002,25002,20002.0,1008,999,999,0,9,0.008928571428571428,1.0,0.9910714285714286,0.9955156950672646,0.569665683712943
mixed_keep_25_noise_100,mixed,density_only,20002,30002,25002.0,983,980,980,0,3,0.003051881993896236,1.0,0.9969481180061037,0.9984717269485481,0.5662233651492014
mixed_keep_25_noise_100,mixed,density_only,25002,35002,30002.0,970,962,962,0,8,0.008247422680412371,1.0,0.9917525773195877,0.9958592132505176,0.5829644509492015
mixed_keep_25_noise_100,mixed,density_only,30002,40002,35002.0,958,944,944,0,14,0.014613778705636743,1.0,0.9853862212943633,0.992639327024185,0.5817826489253546
mixed_keep_25_noise_100,mixed,density_only,35002,45002,40002.0,943,934,934,0,9,0.009544008483563097,1.0,0.9904559915164369,0.9952051145444859,0.5700931655927153
mixed_keep_25_noise_100,mixed,density_only,40002,50002,45002.0,930,927,927,0,3,0.0032258064516129032,1.0,0.9967741935483871,0.9983844911147012,0.5799119013999772
mixed_keep_25_noise_100,mixed,density_only,45002,55002,50002.0,916,914,914,0,2,0.002183406113537118,1.0,0.9978165938864629,0.9989071038251366,0.5790742255975831
mixed_keep_25_noise_100,mixed,density_only,50002,60002,55002.0,924,919,919,0,5,0.005411255411255411,1.0,0.9945887445887446,0.9972870320130222,0.5741887723800136
mixed_keep_25_noise_100,mixed,density_only,55002,65002,60002.0,902,892,892,0,10,0.011086474501108648,1.0,0.9889135254988913,0.9944258639910815,0.5918903879569709
mixed_keep_25_noise_100,mixed,density_only,60002,70002,65002.0,879,870,870,0,9,0.010238907849829351,1.0,0.9897610921501706,0.9948542024013721,0.5932451199889762
mixed_keep_25_noise_100,mixed,density_only,65002,75002,70002.0,900,895,895,0,5,0.005555555555555556,1.0,0.9944444444444445,0.9972144846796658,0.5684456560282846
mixed_keep_25_noise_100,mixed,density_only,70002,80002,75002.0,901,894,894,0,7,0.00776914539400666,1.0,0.9922308546059934,0.996100278551532,0.5793521395476976
mixed_keep_25_noise_100,mixed,density_only,75002,85002,80002.0,884,875,875,0,9,0.010180995475113122,1.0,0.9898190045248869,0.9948834565093804,0.5903716738138355
mixed_keep_25_noise_100,mixed,density_only,80002,90002,85002.0,877,864,864,0,13,0.014823261117445839,1.0,0.9851767388825542,0.9925330269959792,0.6006230505214102
mixed_keep_25_noise_100,mixed,density_only,85002,95002,90002.0,880,865,865,0,15,0.017045454545454544,1.0,0.9829545454545454,0.9914040114613181,0.6086194244776273
mixed_keep_25_noise_100,mixed,density_only,90002,100002,95002.0,878,869,869,0,9,0.010250569476082005,1.0,0.989749430523918,0.9948483113909559,0.6067984821402381
mixed_keep_25_noise_100,mixed,density_only,95002,105002,100002.0,867,864,864,0,3,0.0034602076124567475,1.0,0.9965397923875432,0.9982668977469671,0.5872105885836122
mixed_keep_25_noise_100,mixed,density_only,100002,110002,105002.0,861,859,859,0,2,0.0023228803716608595,1.0,0.9976771196283392,0.9988372093023256,0.588111196574967
mixed_keep_25_noise_100,mixed,density_only,105002,115002,110002.0,848,844,844,0,4,0.0047169811320754715,1.0,0.9952830188679245,0.9976359338061466,0.612898436419996
mixed_keep_25_noise_100,mixed,density_only,110002,120002,115002.0,848,840,840,0,8,0.009433962264150943,1.0,0.9905660377358491,0.9952606635071091,0.6157090229066521
mixed_keep_25_noise_100,mixed,density_only,115002,125002,120002.0,862,851,851,0,11,0.012761020881670533,1.0,0.9872389791183295,0.9935785172212492,0.5917010278787757
mixed_keep_25_noise_100,mixed,density_only,120002,130002,125002.0,858,851,851,0,7,0.008158508158508158,1.0,0.9918414918414918,0.9959040374488004,0.5852204162642601
mixed_keep_25_noise_100,mixed,density_only,125002,135002,130002.0,842,835,835,0,7,0.00831353919239905,1.0,0.9916864608076009,0.9958258795468097,0.5951458216138299
mixed_keep_25_noise_100,mixed,density_only,130002,140002,135002.0,851,837,837,0,14,0.01645123384253819,1.0,0.9835487661574618,0.9917061611374407,0.592290686732503
mixed_keep_25_noise_100,mixed,density_only,135002,145002,140002.0,846,836,836,0,10,0.01182033096926714,1.0,0.9881796690307328,0.9940546967895363,0.5876831520492204
mixed_keep_25_noise_100,mixed,density_only,140002,150002,145002.0,839,836,836,0,3,0.003575685339690107,1.0,0.9964243146603099,0.9982089552238805,0.5768995753571653
mixed_keep_25_noise_100,mixed,density_only,145002,155002,150002.0,850,843,843,0,7,0.00823529411764706,1.0,0.991764705882353,0.9958653278204371,0.5882472175769625
mixed_keep_25_noise_100,mixed,density_only,150002,160002,155002.0,835,826,826,0,9,0.010778443113772455,1.0,0.9892215568862276,0.9945815773630344,0.610353390111358
mixed_keep_25_noise_100,mixed,density_only,155002,165002,160002.0,822,818,818,0,4,0.004866180048661801,1.0,0.9951338199513382,0.9975609756097561,0.5949515910339108
mixed_keep_25_noise_100,mixed,density_only,160002,170002,165002.0,813,811,811,0,2,0.0024600246002460025,1.0,0.997539975399754,0.9987684729064039,0.5998570275583947
mixed_keep_25_noise_100,mixed,density_only,165002,175002,170002.0,822,814,814,0,8,0.009732360097323601,1.0,0.9902676399026764,0.9951100244498777,0.5897227643507428
mixed_keep_25_noise_100,mixed,density_only,170002,180002,175002.0,846,838,838,0,8,0.009456264775413711,1.0,0.9905437352245863,0.995249406175772,0.5889747106483173
mixed_keep_25_noise_100,mixed,density_only,175002,185002,180002.0,829,816,816,0,13,0.015681544028950542,1.0,0.9843184559710495,0.9920972644376901,0.6126766328613862
mixed_keep_25_noise_100,mixed,density_only,180002,190002,185002.0,827,805,805,0,22,0.026602176541717048,1.0,0.973397823458283,0.9865196078431373,0.6099734019894371
mixed_keep_25_noise_100,mixed,density_only,185002,195002,190002.0,828,817,817,0,11,0.013285024154589372,1.0,0.9867149758454107,0.9933130699088145,0.6044589954283326
mixed_keep_25_noise_100,mixed,density_only,190002,200000,195001.0,814,813,813,0,1,0.0012285012285012285,1.0,0.9987714987714987,0.9993853718500306,0.6052663279932834
mixed_keep_25_noise_100,mixed,density_only,195002,200000,197501.0,411,410,410,0,1,0.0024330900243309003,1.0,0.9975669099756691,0.9987819732034106,0.5878661170604743
mixed_keep_25_noise_100,mixed,local_gap_fixed,2,10002,5002.0,1229,1220,1220,0,9,0.007323026851098454,1.0,0.9926769731489016,0.9963250306247448,0.5445873727794328
mixed_keep_25_noise_100,mixed,local_gap_fixed,5002,15002,10002.0,1085,1073,1073,0,12,0.011059907834101382,1.0,0.9889400921658986,0.9944392956441149,0.5686787259162074
mixed_keep_25_noise_100,mixed,local_gap_fixed,10002,20002,15002.0,1033,1017,1017,0,16,0.015488867376573089,1.0,0.9845111326234269,0.9921951219512196,0.5822038500433201
mixed_keep_25_noise_100,mixed,local_gap_fixed,15002,25002,20002.0,1008,1001,1001,0,7,0.006944444444444444,1.0,0.9930555555555556,0.9965156794425087,0.5665295054287504
mixed_keep_25_noise_100,mixed,local_gap_fixed,20002,30002,25002.0,983,982,982,0,1,0.001017293997965412,1.0,0.9989827060020345,0.9994910941475827,0.5626525075672248
mixed_keep_25_noise_100,mixed,local_gap_fixed,25002,35002,30002.0,970,961,961,0,9,0.009278350515463918,1.0,0.9907216494845361,0.9953392024857587,0.5824375296453547
mixed_keep_25_noise_100,mixed,local_gap_fixed,30002,40002,35002.0,958,946,946,0,12,0.012526096033402923,1.0,0.9874739039665971,0.9936974789915966,0.5745567940474374
mixed_keep_25_noise_100,mixed,local_gap_fixed,35002,45002,40002.0,943,934,934,0,9,0.009544008483563097,1.0,0.9904559915164369,0.9952051145444859,0.5607940940442017
mixed_keep_25_noise_100,mixed,local_gap_fixed,40002,50002,45002.0,930,924,924,0,6,0.0064516129032258064,1.0,0.9935483870967742,0.9967637540453074,0.5773956798050601
mixed_keep_25_noise_100,mixed,local_gap_fixed,45002,55002,50002.0,916,914,914,0,2,0.002183406113537118,1.0,0.9978165938864629,0.9989071038251366,0.5782640318205164
mixed_keep_25_noise_100,mixed,local_gap_fixed,50002,60002,55002.0,924,916,916,0,8,0.008658008658008658,1.0,0.9913419913419913,0.9956521739130434,0.5741935197546459
mixed_keep_25_noise_100,mixed,local_gap_fixed,55002,65002,60002.0,902,892,892,0,10,0.011086474501108648,1.0,0.9889135254988913,0.9944258639910815,0.5870236436043942
mixed_keep_25_noise_100,mixed,local_gap_fixed,60002,70002,65002.0,879,873,873,0,6,0.006825938566552901,1.0,0.9931740614334471,0.9965753424657535,0.5850605605850144
mixed_keep_25_noise_100,mixed,local_gap_fixed,65002,75002,70002.0,900,894,894,0,6,0.006666666666666667,1.0,0.9933333333333333,0.9966555183946488,0.5646886129899779
mixed_keep_25_noise_100,mixed,local_gap_fixed,70002,80002,75002.0,901,893,893,0,8,0.008879023307436182,1.0,0.9911209766925638,0.9955406911928651,0.5750399925477234
mixed_keep_25_noise_100,mixed,local_gap_fixed,75002,85002,80002.0,884,875,875,0,9,0.010180995475113122,1.0,0.9898190045248869,0.9948834565093804,0.587023472496597
mixed_keep_25_noise_100,mixed,local_gap_fixed,80002,90002,85002.0,877,863,863,0,14,0.01596351197263398,1.0,0.984036488027366,0.9919540229885058,0.5955189070582869
mixed_keep_25_noise_100,mixed,local_gap_fixed,85002,95002,90002.0,880,863,863,0,17,0.019318181818181818,1.0,0.9806818181818182,0.9902467010900746,0.5993530792075544
mixed_keep_25_noise_100,mixed,local_gap_fixed,90002,100002,95002.0,878,870,870,0,8,0.009111617312072893,1.0,0.9908883826879271,0.9954233409610984,0.5965569557710773
mixed_keep_25_noise_100,mixed,local_gap_fixed,95002,105002,100002.0,867,866,866,0,1,0.0011534025374855825,1.0,0.9988465974625144,0.9994229659549912,0.583844408775824
mixed_keep_25_noise_100,mixed,local_gap_fixed,100002,110002,105002.0,861,859,859,0,2,0.0023228803716608595,1.0,0.9976771196283392,0.9988372093023256,0.586182979219993
mixed_keep_25_noise_100,mixed,local_gap_fixed,105002,115002,110002.0,848,844,844,0,4,0.0047169811320754715,1.0,0.9952830188679245,0.9976359338061466,0.6077474886683978
mixed_keep_25_noise_100,mixed,local_gap_fixed,110002,120002,115002.0,848,840,840,0,8,0.009433962264150943,1.0,0.9905660377358491,0.9952606635071091,0.610528915495465
mixed_keep_25_noise_100,mixed,local_gap_fixed,115002,125002,120002.0,862,851,851,0,11,0.012761020881670533,1.0,0.9872389791183295,0.9935785172212492,0.5906051637445863
mixed_keep_25_noise_100,mixed,local_gap_fixed,120002,130002,125002.0,858,851,851,0,7,0.008158508158508158,1.0,0.9918414918414918,0.9959040374488004,0.5809152264432799
mixed_keep_25_noise_100,mixed,local_gap_fixed,125002,135002,130002.0,842,830,830,0,12,0.014251781472684086,1.0,0.9857482185273159,0.992822966507177,0.6013077468409116
mixed_keep_25_noise_100,mixed,local_gap_fixed,130002,140002,135002.0,851,837,837,0,14,0.01645123384253819,1.0,0.9835487661574618,0.9917061611374407,0.5939349536816144
mixed_keep_25_noise_100,mixed,local_gap_fixed,135002,145002,140002.0,846,842,842,0,4,0.004728132387706856,1.0,0.9952718676122931,0.9976303317535545,0.5806430061042207
mixed_keep_25_noise_100,mixed,local_gap_fixed,140002,150002,145002.0,839,836,836,0,3,0.003575685339690107,1.0,0.9964243146603099,0.9982089552238805,0.5729131058546854
mixed_keep_25_noise_100,mixed,local_gap_fixed,145002,155002,150002.0,850,843,843,0,7,0.00823529411764706,1.0,0.991764705882353,0.9958653278204371,0.5803072435927196
mixed_keep_25_noise_100,mixed,local_gap_fixed,150002,160002,155002.0,835,826,826,0,9,0.010778443113772455,1.0,0.9892215568862276,0.9945815773630344,0.6061397765134614
mixed_keep_25_noise_100,mixed,local_gap_fixed,155002,165002,160002.0,822,817,817,0,5,0.006082725060827251,1.0,0.9939172749391727,0.9969493593654667,0.5920131410326424
mixed_keep_25_noise_100,mixed,local_gap_fixed,160002,170002,165002.0,813,809,809,0,4,0.004920049200492005,1.0,0.995079950799508,0.9975339087546239,0.5988663112062415
mixed_keep_25_noise_100,mixed,local_gap_fixed,165002,175002,170002.0,822,814,814,0,8,0.009732360097323601,1.0,0.9902676399026764,0.9951100244498777,0.5876995011529993
mixed_keep_25_noise_100,mixed,local_gap_fixed,170002,180002,175002.0,846,841,841,0,5,0.00591016548463357,1.0,0.9940898345153665,0.9970361588618851,0.5825535742174449
mixed_keep_25_noise_100,mixed,local_gap_fixed,175002,185002,180002.0,829,811,811,0,18,0.021712907117008445,1.0,0.9782870928829915,0.9890243902439025,0.609000727061598
mixed_keep_25_noise_100,mixed,local_gap_fixed,180002,190002,185002.0,827,804,804,0,23,0.02781136638452237,1.0,0.9721886336154776,0.9858982219497241,0.5988038706040855
mixed_keep_25_noise_100,mixed,local_gap_fixed,185002,195002,190002.0,828,821,821,0,7,0.008454106280193236,1.0,0.9915458937198067,0.9957550030321407,0.5967733690103016
mixed_keep_25_noise_100,mixed,local_gap_fixed,190002,200000,195001.0,814,813,813,0,1,0.0012285012285012285,1.0,0.9987714987714987,0.9993853718500306,0.60643656827674
mixed_keep_25_noise_100,mixed,local_gap_fixed,195002,200000,197501.0,411,411,411,0,0,0.0,1.0,1.0,1.0,0.5903876175490064
mixed_keep_25_noise_100,mixed,adaptive_window,2,10002,5002.0,1229,1219,1219,0,10,0.008136696501220505,1.0,0.9918633034987795,0.9959150326797386,0.5464592063311402
mixed_keep_25_noise_100,mixed,adaptive_window,5002,15002,10002.0,1085,1071,1071,0,14,0.012903225806451613,1.0,0.9870967741935484,0.9935064935064934,0.574699300944781
mixed_keep_25_noise_100,mixed,adaptive_window,10002,20002,15002.0,1033,1019,1019,0,14,0.013552758954501452,1.0,0.9864472410454985,0.99317738791423,0.5850762538333409
mixed_keep_25_noise_100,mixed,adaptive_window,15002,25002,20002.0,1008,1003,1003,0,5,0.00496031746031746,1.0,0.9950396825396826,0.9975136747886624,0.5673606066939638
mixed_keep_25_noise_100,mixed,adaptive_window,20002,30002,25002.0,983,980,980,0,3,0.003051881993896236,1.0,0.9969481180061037,0.9984717269485481,0.5678617973673153
mixed_keep_25_noise_100,mixed,adaptive_window,25002,35002,30002.0,970,958,958,0,12,0.012371134020618556,1.0,0.9876288659793815,0.9937759336099585,0.589318639263208
mixed_keep_25_noise_100,mixed,adaptive_window,30002,40002,35002.0,958,945,945,0,13,0.013569937369519834,1.0,0.9864300626304802,0.9931686810299527,0.581523249356017
mixed_keep_25_noise_100,mixed,adaptive_window,35002,45002,40002.0,943,937,937,0,6,0.006362672322375398,1.0,0.9936373276776246,0.9968085106382978,0.5659541669025219
mixed_keep_25_noise_100,mixed,adaptive_window,40002,50002,45002.0,930,926,926,0,4,0.004301075268817204,1.0,0.9956989247311828,0.997844827586207,0.5787135718986219
mixed_keep_25_noise_100,mixed,adaptive_window,45002,55002,50002.0,916,915,915,0,1,0.001091703056768559,1.0,0.9989082969432315,0.9994538503549972,0.5783213059022544
mixed_keep_25_noise_100,mixed,adaptive_window,50002,60002,55002.0,924,914,914,0,10,0.010822510822510822,1.0,0.9891774891774892,0.9945593035908596,0.5820420383670958
mixed_keep_25_noise_100,mixed,adaptive_window,55002,65002,60002.0,902,891,891,0,11,0.012195121951219513,1.0,0.9878048780487805,0.9938650306748467,0.5951686992497505
mixed_keep_25_noise_100,mixed,adaptive_window,60002,70002,65002.0,879,876,876,0,3,0.0034129692832764505,1.0,0.9965870307167235,0.9982905982905983,0.5881749627883056
mixed_keep_25_noise_100,mixed,adaptive_window,65002,75002,70002.0,900,894,894,0,6,0.006666666666666667,1.0,0.9933333333333333,0.9966555183946488,0.5709939223703443
mixed_keep_25_noise_100,mixed,adaptive_window,70002,80002,75002.0,901,895,895,0,6,0.006659267480577136,1.0,0.9933407325194229,0.9966592427616927,0.5804659481837448
mixed_keep_25_noise_100,mixed,adaptive_window,75002,85002,80002.0,884,875,875,0,9,0.010180995475113122,1.0,0.9898190045248869,0.9948834565093804,0.595960641155772
mixed_keep_25_noise_100,mixed,adaptive_window,80002,90002,85002.0,877,858,858,0,19,0.021664766248574687,1.0,0.9783352337514253,0.9890489913544669,0.6068932934311343
mixed_keep_25_noise_100,mixed,adaptive_window,85002,95002,90002.0,880,863,863,0,17,0.019318181818181818,1.0,0.9806818181818182,0.9902467010900746,0.6105488042272404
mixed_keep_25_noise_100,mixed,adaptive_window,90002,100002,95002.0,878,872,872,0,6,0.00683371298405467,1.0,0.9931662870159453,0.9965714285714287,0.603971302876049
mixed_keep_25_noise_100,mixed,adaptive_window,95002,105002,100002.0,867,866,866,0,1,0.0011534025374855825,1.0,0.9988465974625144,0.9994229659549912,0.583844408775824
mixed_keep_25_noise_100,mixed,adaptive_window,100002,110002,105002.0,861,860,860,0,1,0.0011614401858304297,1.0,0.9988385598141696,0.999418942475305,0.5858600400838067
mixed_keep_25_noise_100,mixed,adaptive_window,105002,115002,110002.0,848,844,844,0,4,0.0047169811320754715,1.0,0.9952830188679245,0.9976359338061466,0.6101916580984843
mixed_keep_25_noise_100,mixed,adaptive_window,110002,120002,115002.0,848,839,839,0,9,0.01061320754716981,1.0,0.9893867924528302,0.9946650859513931,0.6180574722215155
mixed_keep_25_noise_100,mixed,adaptive_window,115002,125002,120002.0,862,851,851,0,11,0.012761020881670533,1.0,0.9872389791183295,0.9935785172212492,0.5964514572567631
mixed_keep_25_noise_100,mixed,adaptive_window,120002,130002,125002.0,858,851,851,0,7,0.008158508158508158,1.0,0.9918414918414918,0.9959040374488004,0.5840703679173468
mixed_keep_25_noise_100,mixed,adaptive_window,125002,135002,130002.0,842,829,829,0,13,0.015439429928741092,1.0,0.9845605700712589,0.9922202274087373,0.6036008271214901
mixed_keep_25_noise_100,mixed,adaptive_window,130002,140002,135002.0,851,837,837,0,14,0.01645123384253819,1.0,0.9835487661574618,0.9917061611374407,0.5955167584394448
mixed_keep_25_noise_100,mixed,adaptive_window,135002,145002,140002.0,846,840,840,0,6,0.0070921985815602835,1.0,0.9929078014184397,0.9964412811387899,0.5832297920234849
mixed_keep_25_noise_100,mixed,adaptive_window,140002,150002,145002.0,839,836,836,0,3,0.003575685339690107,1.0,0.9964243146603099,0.9982089552238805,0.5765033328040952
mixed_keep_25_noise_100,mixed,adaptive_window,145002,155002,150002.0,850,847,847,0,3,0.0035294117647058825,1.0,0.9964705882352941,0.9982321744254566,0.5818629633905564
mixed_keep_25_noise_100,mixed,adaptive_window,150002,160002,155002.0,835,826,826,0,9,0.010778443113772455,1.0,0.9892215568862276,0.9945815773630344,0.6105756980691083
mixed_keep_25_noise_100,mixed,adaptive_window,155002,165002,160002.0,822,816,816,0,6,0.0072992700729927005,1.0,0.9927007299270073,0.9963369963369962,0.596019106023129
mixed_keep_25_noise_100,mixed,adaptive_window,160002,170002,165002.0,813,812,812,0,1,0.0012300123001230013,1.0,0.998769987699877,0.9993846153846154,0.5987111829457791
mixed_keep_25_noise_100,mixed,adaptive_window,165002,175002,170002.0,822,814,814,0,8,0.009732360097323601,1.0,0.9902676399026764,0.9951100244498777,0.5950313956673438
mixed_keep_25_noise_100,mixed,adaptive_window,170002,180002,175002.0,846,835,835,0,11,0.013002364066193853,1.0,0.9869976359338062,0.9934562760261749,0.5942794265622109
mixed_keep_25_noise_100,mixed,adaptive_window,175002,185002,180002.0,829,812,812,0,17,0.020506634499396863,1.0,0.9794933655006032,0.9896404631322364,0.6191533663629922
mixed_keep_25_noise_100,mixed,adaptive_window,180002,190002,185002.0,827,807,807,0,20,0.02418379685610641,1.0,0.9758162031438936,0.9877600979192166,0.6098337935601373
mixed_keep_25_noise_100,mixed,adaptive_window,185002,195002,190002.0,828,820,820,0,8,0.00966183574879227,1.0,0.9903381642512077,0.9951456310679612,0.606017517899739
mixed_keep_25_noise_100,mixed,adaptive_window,190002,200000,195001.0,814,813,813,0,1,0.0012285012285012285,1.0,0.9987714987714987,0.9993853718500306,0.6080548773428782
mixed_keep_25_noise_100,mixed,adaptive_window,195002,200000,197501.0,411,411,411,0,0,0.0,1.0,1.0,1.0,0.5903876175490064
biased_low_missing_high_noise,biased_range,raw,2,10002,5002.0,1229,1102,1102,0,127,0.10333604556550041,1.0,0.8966639544344996,0.9455169455169455,0.605100811727724
biased_low_missing_high_noise,biased_range,raw,5002,15002,10002.0,1085,973,973,0,112,0.1032258064516129,1.0,0.896774193548387,0.945578231292517,0.6240603055125996
biased_low_missing_high_noise,biased_range,raw,10002,20002,15002.0,1033,933,933,0,100,0.0968054211035818,1.0,0.9031945788964182,0.9491353001017294,0.6204612413663941
biased_low_missing_high_noise,biased_range,raw,15002,25002,20002.0,1008,914,914,0,94,0.09325396825396826,1.0,0.9067460317460317,0.9510926118626432,0.6111385828502894
biased_low_missing_high_noise,biased_range,raw,20002,30002,25002.0,983,887,887,0,96,0.09766022380467955,1.0,0.9023397761953205,0.9486631016042781,0.6200988793916414
biased_low_missing_high_noise,biased_range,raw,25002,35002,30002.0,970,880,880,0,90,0.09278350515463918,1.0,0.9072164948453608,0.9513513513513514,0.6367834239809533
biased_low_missing_high_noise,biased_range,raw,30002,40002,35002.0,958,866,866,0,92,0.09603340292275574,1.0,0.9039665970772442,0.9495614035087719,0.6263165756187884
biased_low_missing_high_noise,biased_range,raw,35002,45002,40002.0,943,841,841,0,102,0.10816542948038176,1.0,0.8918345705196182,0.9428251121076233,0.6178054039814587
biased_low_missing_high_noise,biased_range,raw,40002,50002,45002.0,930,837,837,0,93,0.1,1.0,0.9,0.9473684210526316,0.6323356408134039
biased_low_missing_high_noise,biased_range,raw,45002,55002,50002.0,916,819,819,0,97,0.10589519650655022,1.0,0.8941048034934498,0.9440922190201729,0.6465785941046323
biased_low_missing_high_noise,biased_range,raw,50002,60002,55002.0,924,816,816,0,108,0.11688311688311688,1.0,0.8831168831168831,0.9379310344827586,0.6456975844049769
biased_low_missing_high_noise,biased_range,raw,55002,65002,60002.0,902,811,811,0,91,0.1008869179600887,1.0,0.8991130820399114,0.9468768242848804,0.6477588842123037
biased_low_missing_high_noise,biased_range,raw,60002,70002,65002.0,879,791,791,0,88,0.10011376564277588,1.0,0.8998862343572241,0.9473053892215568,0.6543564206630242
biased_low_missing_high_noise,biased_range,raw,65002,75002,70002.0,900,804,804,0,96,0.10666666666666667,1.0,0.8933333333333333,0.9436619718309859,0.6312004796576816
biased_low_missing_high_noise,biased_range,raw,70002,80002,75002.0,901,816,816,0,85,0.09433962264150944,1.0,0.9056603773584906,0.9504950495049505,0.6169495552178039
biased_low_missing_high_noise,biased_range,raw,75002,85002,80002.0,884,800,800,0,84,0.09502262443438914,1.0,0.9049773755656109,0.9501187648456058,0.640981896470178
biased_low_missing_high_noise,biased_range,raw,80002,90002,85002.0,877,785,785,0,92,0.10490307867730901,1.0,0.895096921322691,0.9446450060168471,0.6716835499078179
biased_low_missing_high_noise,biased_range,raw,85002,95002,90002.0,880,789,789,0,91,0.10340909090909091,1.0,0.8965909090909091,0.945476333133613,0.6642045525716728
biased_low_missing_high_noise,biased_range,raw,90002,100002,95002.0,878,800,800,0,78,0.0888382687927107,1.0,0.9111617312072893,0.9535160905840286,0.6409408554812018
biased_low_missing_high_noise,biased_range,raw,95002,105002,100002.0,867,851,420,431,447,0.01845444059976932,0.4935370152761457,0.4844290657439446,0.48894062863795107,0.6766569783119779
biased_low_missing_high_noise,biased_range,raw,100002,110002,105002.0,861,914,34,880,827,0.06155632984901278,0.037199124726477024,0.03948896631823461,0.03830985915492958,0.6966171217239614
biased_low_missing_high_noise,biased_range,raw,105002,115002,110002.0,848,911,35,876,813,0.07429245283018868,0.038419319429198684,0.041273584905660375,0.039795338260375214,0.6795569619809722
biased_low_missing_high_noise,biased_range,raw,110002,120002,115002.0,848,891,39,852,809,0.05070754716981132,0.04377104377104377,0.045990566037735846,0.044853364002300174,0.6637310492557114
biased_low_missing_high_noise,biased_range,raw,115002,125002,120002.0,862,913,39,874,823,0.05916473317865429,0.04271631982475356,0.04524361948955916,0.043943661971830986,0.6377706719948874
biased_low_missing_high_noise,biased_range,raw,120002,130002,125002.0,858,931,38,893,820,0.08508158508158509,0.04081632653061224,0.04428904428904429,0.042481833426495245,0.6560736086191377
biased_low_missing_high_noise,biased_range,raw,125002,135002,130002.0,842,956,38,918,804,0.13539192399049882,0.0397489539748954,0.04513064133016627,0.04226918798665183,0.6736231918648072
biased_low_missing_high_noise,biased_range,raw,130002,140002,135002.0,851,944,36,908,815,0.10928319623971798,0.038135593220338986,0.04230317273795535,0.04011142061281337,0.6630701345756538
biased_low_missing_high_noise,biased_range,raw,135002,145002,140002.0,846,918,36,882,810,0.0851063829787234,0.0392156862745098,0.0425531914893617,0.04081632653061224,0.6734152956852213
biased_low_missing_high_noise,biased_range,raw,140002,150002,145002.0,839,943,43,900,796,0.12395709177592372,0.04559915164369035,0.05125148986889154,0.04826038159371493,0.6644869329393707
biased_low_missing_high_noise,biased_range,raw,145002,155002,150002.0,850,962,43,919,807,0.13176470588235295,0.0446985446985447,0.05058823529411765,0.04746136865342163,0.6543850346076262
biased_low_missing_high_noise,biased_range,raw,150002,160002,155002.0,835,935,36,899,799,0.11976047904191617,0.038502673796791446,0.04311377245508982,0.04067796610169491,0.6388587342249668
biased_low_missing_high_noise,biased_range,raw,155002,165002,160002.0,822,907,30,877,792,0.10340632603406326,0.03307607497243661,0.0364963503649635,0.03470213996529786,0.6379227391487061
biased_low_missing_high_noise,biased_range,raw,160002,170002,165002.0,813,938,28,910,785,0.15375153751537515,0.029850746268656716,0.03444034440344403,0.031981724728726436,0.6722621510982616
biased_low_missing_high_noise,biased_range,raw,165002,175002,170002.0,822,965,32,933,790,0.17396593673965938,0.03316062176165803,0.038929440389294405,0.03581421376608842,0.6645362909355308
biased_low_missing_high_noise,biased_range,raw,170002,180002,175002.0,846,947,34,913,812,0.11938534278959811,0.03590285110876452,0.04018912529550828,0.03792526491912995,0.6575905321863946
biased_low_missing_high_noise,biased_range,raw,175002,185002,180002.0,829,935,42,893,787,0.1278648974668275,0.044919786096256686,0.05066344993968637,0.04761904761904762,0.6614396557708199
biased_low_missing_high_noise,biased_range,raw,180002,190002,185002.0,827,954,47,907,780,0.15356711003627568,0.049266247379454925,0.056831922611850064,0.052779337450870295,0.6462161523585712
biased_low_missing_high_noise,biased_range,raw,185002,195002,190002.0,828,931,33,898,795,0.12439613526570048,0.03544575725026853,0.03985507246376811,0.03752131893121091,0.6701720132392468
biased_low_missing_high_noise,biased_range,raw,190002,200000,195001.0,814,954,24,930,790,0.171990171990172,0.025157232704402517,0.029484029484029485,0.027149321266968326,0.6706593429726067
biased_low_missing_high_noise,biased_range,raw,195002,200000,197501.0,411,507,13,494,398,0.23357664233576642,0.02564102564102564,0.031630170316301706,0.02832244008714597,0.6461896731613271
biased_low_missing_high_noise,biased_range,sieve_cleaned,2,10002,5002.0,1229,1102,1102,0,127,0.10333604556550041,1.0,0.8966639544344996,0.9455169455169455,0.605100811727724
biased_low_missing_high_noise,biased_range,sieve_cleaned,5002,15002,10002.0,1085,973,973,0,112,0.1032258064516129,1.0,0.896774193548387,0.945578231292517,0.6240603055125996
biased_low_missing_high_noise,biased_range,sieve_cleaned,10002,20002,15002.0,1033,933,933,0,100,0.0968054211035818,1.0,0.9031945788964182,0.9491353001017294,0.6204612413663941
biased_low_missing_high_noise,biased_range,sieve_cleaned,15002,25002,20002.0,1008,914,914,0,94,0.09325396825396826,1.0,0.9067460317460317,0.9510926118626432,0.6111385828502894
biased_low_missing_high_noise,biased_range,sieve_cleaned,20002,30002,25002.0,983,887,887,0,96,0.09766022380467955,1.0,0.9023397761953205,0.9486631016042781,0.6200988793916414
biased_low_missing_high_noise,biased_range,sieve_cleaned,25002,35002,30002.0,970,880,880,0,90,0.09278350515463918,1.0,0.9072164948453608,0.9513513513513514,0.6367834239809533
biased_low_missing_high_noise,biased_range,sieve_cleaned,30002,40002,35002.0,958,866,866,0,92,0.09603340292275574,1.0,0.9039665970772442,0.9495614035087719,0.6263165756187884
biased_low_missing_high_noise,biased_range,sieve_cleaned,35002,45002,40002.0,943,841,841,0,102,0.10816542948038176,1.0,0.8918345705196182,0.9428251121076233,0.6178054039814587
biased_low_missing_high_noise,biased_range,sieve_cleaned,40002,50002,45002.0,930,837,837,0,93,0.1,1.0,0.9,0.9473684210526316,0.6323356408134039
biased_low_missing_high_noise,biased_range,sieve_cleaned,45002,55002,50002.0,916,819,819,0,97,0.10589519650655022,1.0,0.8941048034934498,0.9440922190201729,0.6465785941046323
biased_low_missing_high_noise,biased_range,sieve_cleaned,50002,60002,55002.0,924,816,816,0,108,0.11688311688311688,1.0,0.8831168831168831,0.9379310344827586,0.6456975844049769
biased_low_missing_high_noise,biased_range,sieve_cleaned,55002,65002,60002.0,902,811,811,0,91,0.1008869179600887,1.0,0.8991130820399114,0.9468768242848804,0.6477588842123037
biased_low_missing_high_noise,biased_range,sieve_cleaned,60002,70002,65002.0,879,791,791,0,88,0.10011376564277588,1.0,0.8998862343572241,0.9473053892215568,0.6543564206630242
biased_low_missing_high_noise,biased_range,sieve_cleaned,65002,75002,70002.0,900,804,804,0,96,0.10666666666666667,1.0,0.8933333333333333,0.9436619718309859,0.6312004796576816
biased_low_missing_high_noise,biased_range,sieve_cleaned,70002,80002,75002.0,901,816,816,0,85,0.09433962264150944,1.0,0.9056603773584906,0.9504950495049505,0.6169495552178039
biased_low_missing_high_noise,biased_range,sieve_cleaned,75002,85002,80002.0,884,800,800,0,84,0.09502262443438914,1.0,0.9049773755656109,0.9501187648456058,0.640981896470178
biased_low_missing_high_noise,biased_range,sieve_cleaned,80002,90002,85002.0,877,785,785,0,92,0.10490307867730901,1.0,0.895096921322691,0.9446450060168471,0.6716835499078179
biased_low_missing_high_noise,biased_range,sieve_cleaned,85002,95002,90002.0,880,789,789,0,91,0.10340909090909091,1.0,0.8965909090909091,0.945476333133613,0.6642045525716728
biased_low_missing_high_noise,biased_range,sieve_cleaned,90002,100002,95002.0,878,800,800,0,78,0.0888382687927107,1.0,0.9111617312072893,0.9535160905840286,0.6409408554812018
biased_low_missing_high_noise,biased_range,sieve_cleaned,95002,105002,100002.0,867,420,420,0,447,0.5155709342560554,1.0,0.4844290657439446,0.6526806526806527,1.2488653074984752
biased_low_missing_high_noise,biased_range,sieve_cleaned,100002,110002,105002.0,861,34,34,0,827,0.9605110336817654,1.0,0.03948896631823461,0.07597765363128493,14.943009918425291
biased_low_missing_high_noise,biased_range,sieve_cleaned,105002,115002,110002.0,848,35,35,0,813,0.9587264150943396,1.0,0.041273584905660375,0.07927519818799546,14.250142180866062
biased_low_missing_high_noise,biased_range,sieve_cleaned,110002,120002,115002.0,848,39,39,0,809,0.9540094339622641,1.0,0.045990566037735846,0.08793686583990981,13.894487560255817
biased_low_missing_high_noise,biased_range,sieve_cleaned,115002,125002,120002.0,862,39,39,0,823,0.9547563805104409,1.0,0.04524361948955916,0.08657047724750278,13.085676386044556
biased_low_missing_high_noise,biased_range,sieve_cleaned,120002,130002,125002.0,858,38,38,0,820,0.9557109557109557,1.0,0.04428904428904429,0.08482142857142858,12.444513592152962
biased_low_missing_high_noise,biased_range,sieve_cleaned,125002,135002,130002.0,842,38,38,0,804,0.9548693586698337,1.0,0.04513064133016627,0.08636363636363636,12.13389365802289
biased_low_missing_high_noise,biased_range,sieve_cleaned,130002,140002,135002.0,851,36,36,0,815,0.9576968272620446,1.0,0.04230317273795535,0.08117249154453214,13.166290985997072
biased_low_missing_high_noise,biased_range,sieve_cleaned,135002,145002,140002.0,846,36,36,0,810,0.9574468085106383,1.0,0.0425531914893617,0.08163265306122448,13.603861288610712
biased_low_missing_high_noise,biased_range,sieve_cleaned,140002,150002,145002.0,839,43,43,0,796,0.9487485101311085,1.0,0.05125148986889154,0.09750566893424036,10.895360712475508
biased_low_missing_high_noise,biased_range,sieve_cleaned,145002,155002,150002.0,850,43,43,0,807,0.9494117647058824,1.0,0.05058823529411765,0.09630459126539755,11.309924506937838
biased_low_missing_high_noise,biased_range,sieve_cleaned,150002,160002,155002.0,835,36,36,0,799,0.9568862275449102,1.0,0.04311377245508982,0.08266360505166476,12.458647021324294
biased_low_missing_high_noise,biased_range,sieve_cleaned,155002,165002,160002.0,822,30,30,0,792,0.9635036496350365,1.0,0.0364963503649635,0.0704225352112676,12.297065588067513
biased_low_missing_high_noise,biased_range,sieve_cleaned,160002,170002,165002.0,813,28,28,0,785,0.965559655596556,1.0,0.03444034440344403,0.06658739595719382,14.059515506304374
biased_low_missing_high_noise,biased_range,sieve_cleaned,165002,175002,170002.0,822,32,32,0,790,0.9610705596107056,1.0,0.038929440389294405,0.07494145199063232,14.240349392089264
biased_low_missing_high_noise,biased_range,sieve_cleaned,170002,180002,175002.0,846,34,34,0,812,0.9598108747044918,1.0,0.04018912529550828,0.07727272727272728,13.185897058927928
biased_low_missing_high_noise,biased_range,sieve_cleaned,175002,185002,180002.0,829,42,42,0,787,0.9493365500603136,1.0,0.05066344993968637,0.09644087256027556,11.220369728421755
biased_low_missing_high_noise,biased_range,sieve_cleaned,180002,190002,185002.0,827,47,47,0,780,0.9431680773881499,1.0,0.056831922611850064,0.10755148741418764,10.602457606576825
biased_low_missing_high_noise,biased_range,sieve_cleaned,185002,195002,190002.0,828,33,33,0,795,0.9601449275362319,1.0,0.03985507246376811,0.07665505226480836,12.513617504992682
biased_low_missing_high_noise,biased_range,sieve_cleaned,190002,200000,195001.0,814,24,24,0,790,0.9705159705159705,1.0,0.029484029484029485,0.057279236276849645,14.019304841853643
biased_low_missing_high_noise,biased_range,sieve_cleaned,195002,200000,197501.0,411,13,13,0,398,0.9683698296836983,1.0,0.031630170316301706,0.06132075471698113,13.303959620008678
biased_low_missing_high_noise,biased_range,density_only,2,10002,5002.0,1229,1218,1218,0,11,0.008950366151342554,1.0,0.9910496338486574,0.9955046996322027,0.5455742166797236
biased_low_missing_high_noise,biased_range,density_only,5002,15002,10002.0,1085,1071,1071,0,14,0.012903225806451613,1.0,0.9870967741935484,0.9935064935064934,0.5685483478247974
biased_low_missing_high_noise,biased_range,density_only,10002,20002,15002.0,1033,1021,1021,0,12,0.011616650532429816,1.0,0.9883833494675702,0.9941577409931841,0.5721662653654546
biased_low_missing_high_noise,biased_range,density_only,15002,25002,20002.0,1008,1002,1002,0,6,0.005952380952380952,1.0,0.9940476190476191,0.9970149253731343,0.5613495387506057
biased_low_missing_high_noise,biased_range,density_only,20002,30002,25002.0,983,980,980,0,3,0.003051881993896236,1.0,0.9969481180061037,0.9984717269485481,0.5641809952633117
biased_low_missing_high_noise,biased_range,density_only,25002,35002,30002.0,970,965,965,0,5,0.005154639175257732,1.0,0.9948453608247423,0.9974160206718347,0.5804281772941623
biased_low_missing_high_noise,biased_range,density_only,30002,40002,35002.0,958,944,944,0,14,0.014613778705636743,1.0,0.9853862212943633,0.992639327024185,0.5768590928714166
biased_low_missing_high_noise,biased_range,density_only,35002,45002,40002.0,943,932,932,0,11,0.01166489925768823,1.0,0.9883351007423118,0.9941333333333333,0.5671315036920535
biased_low_missing_high_noise,biased_range,density_only,40002,50002,45002.0,930,926,926,0,4,0.004301075268817204,1.0,0.9956989247311828,0.997844827586207,0.5812417804992138
biased_low_missing_high_noise,biased_range,density_only,45002,55002,50002.0,916,909,909,0,7,0.007641921397379912,1.0,0.99235807860262,0.9961643835616438,0.5826236035235942
biased_low_missing_high_noise,biased_range,density_only,50002,60002,55002.0,924,917,917,0,7,0.007575757575757576,1.0,0.9924242424242424,0.9961977186311787,0.5758769959732096
biased_low_missing_high_noise,biased_range,density_only,55002,65002,60002.0,902,895,895,0,7,0.007760532150776054,1.0,0.9922394678492239,0.9961046188091263,0.5912673288444145
biased_low_missing_high_noise,biased_range,density_only,60002,70002,65002.0,879,871,871,0,8,0.009101251422070534,1.0,0.9908987485779295,0.9954285714285714,0.5911859230698568
biased_low_missing_high_noise,biased_range,density_only,65002,75002,70002.0,900,894,894,0,6,0.006666666666666667,1.0,0.9933333333333333,0.9966555183946488,0.567697277214002
biased_low_missing_high_noise,biased_range,density_only,70002,80002,75002.0,901,894,894,0,7,0.00776914539400666,1.0,0.9922308546059934,0.996100278551532,0.5748715178826705
biased_low_missing_high_noise,biased_range,density_only,75002,85002,80002.0,884,875,875,0,9,0.010180995475113122,1.0,0.9898190045248869,0.9948834565093804,0.5906817211079676
biased_low_missing_high_noise,biased_range,density_only,80002,90002,85002.0,877,869,869,0,8,0.009122006841505131,1.0,0.9908779931584949,0.995418098510882,0.5992844998249021
biased_low_missing_high_noise,biased_range,density_only,85002,95002,90002.0,880,864,864,0,16,0.01818181818181818,1.0,0.9818181818181818,0.9908256880733944,0.6084759467122156
biased_low_missing_high_noise,biased_range,density_only,90002,100002,95002.0,878,864,864,0,14,0.015945330296127564,1.0,0.9840546697038725,0.9919632606199771,0.606591366715421
biased_low_missing_high_noise,biased_range,density_only,95002,105002,100002.0,867,865,865,0,2,0.002306805074971165,1.0,0.9976931949250288,0.9988452655889145,0.5849714721595987
biased_low_missing_high_noise,biased_range,density_only,100002,110002,105002.0,861,859,859,0,2,0.0023228803716608595,1.0,0.9976771196283392,0.9988372093023256,0.588111196574967
biased_low_missing_high_noise,biased_range,density_only,105002,115002,110002.0,848,844,844,0,4,0.0047169811320754715,1.0,0.9952830188679245,0.9976359338061466,0.612898436419996
biased_low_missing_high_noise,biased_range,density_only,110002,120002,115002.0,848,840,840,0,8,0.009433962264150943,1.0,0.9905660377358491,0.9952606635071091,0.6157090229066521
biased_low_missing_high_noise,biased_range,density_only,115002,125002,120002.0,862,851,851,0,11,0.012761020881670533,1.0,0.9872389791183295,0.9935785172212492,0.5917010278787757
biased_low_missing_high_noise,biased_range,density_only,120002,130002,125002.0,858,852,852,0,6,0.006993006993006993,1.0,0.993006993006993,0.9964912280701755,0.583357562278758
biased_low_missing_high_noise,biased_range,density_only,125002,135002,130002.0,842,833,833,0,9,0.010688836104513063,1.0,0.9893111638954869,0.9946268656716418,0.5990294550261432
biased_low_missing_high_noise,biased_range,density_only,130002,140002,135002.0,851,836,836,0,15,0.01762632197414806,1.0,0.982373678025852,0.991108476585655,0.5969684632487051
biased_low_missing_high_noise,biased_range,density_only,135002,145002,140002.0,846,838,838,0,8,0.009456264775413711,1.0,0.9905437352245863,0.995249406175772,0.5878263683826159
biased_low_missing_high_noise,biased_range,density_only,140002,150002,145002.0,839,835,835,0,4,0.004767580452920143,1.0,0.9952324195470799,0.997610513739546,0.5755709519188903
biased_low_missing_high_noise,biased_range,density_only,145002,155002,150002.0,850,843,843,0,7,0.00823529411764706,1.0,0.991764705882353,0.9958653278204371,0.5898093196820186
biased_low_missing_high_noise,biased_range,density_only,150002,160002,155002.0,835,827,827,0,8,0.009580838323353293,1.0,0.9904191616766467,0.9951865222623345,0.6093865774481294
biased_low_missing_high_noise,biased_range,density_only,155002,165002,160002.0,822,818,818,0,4,0.004866180048661801,1.0,0.9951338199513382,0.9975609756097561,0.5949515910339108
biased_low_missing_high_noise,biased_range,density_only,160002,170002,165002.0,813,809,809,0,4,0.004920049200492005,1.0,0.995079950799508,0.9975339087546239,0.6038172225829319
biased_low_missing_high_noise,biased_range,density_only,165002,175002,170002.0,822,814,814,0,8,0.009732360097323601,1.0,0.9902676399026764,0.9951100244498777,0.590989621692146
biased_low_missing_high_noise,biased_range,density_only,170002,180002,175002.0,846,840,840,0,6,0.0070921985815602835,1.0,0.9929078014184397,0.9964412811387899,0.5875992052231738
biased_low_missing_high_noise,biased_range,density_only,175002,185002,180002.0,829,817,817,0,12,0.014475271411338963,1.0,0.985524728588661,0.9927095990279465,0.61357824023698
biased_low_missing_high_noise,biased_range,density_only,180002,190002,185002.0,827,805,805,0,22,0.026602176541717048,1.0,0.973397823458283,0.9865196078431373,0.6141814069252649
biased_low_missing_high_noise,biased_range,density_only,185002,195002,190002.0,828,815,815,0,13,0.01570048309178744,1.0,0.9842995169082126,0.9920876445526475,0.6079875658923707
biased_low_missing_high_noise,biased_range,density_only,190002,200000,195001.0,814,813,813,0,1,0.0012285012285012285,1.0,0.9987714987714987,0.9993853718500306,0.6068059486425066
biased_low_missing_high_noise,biased_range,density_only,195002,200000,197501.0,411,411,411,0,0,0.0,1.0,1.0,1.0,0.5903876175490064
biased_low_missing_high_noise,biased_range,local_gap_fixed,2,10002,5002.0,1229,1219,1219,0,10,0.008136696501220505,1.0,0.9918633034987795,0.9959150326797386,0.5420048515616254
biased_low_missing_high_noise,biased_range,local_gap_fixed,5002,15002,10002.0,1085,1072,1072,0,13,0.011981566820276499,1.0,0.9880184331797235,0.9939731108020399,0.5640284631664071
biased_low_missing_high_noise,biased_range,local_gap_fixed,10002,20002,15002.0,1033,1019,1019,0,14,0.013552758954501452,1.0,0.9864472410454985,0.99317738791423,0.5694258415061831
biased_low_missing_high_noise,biased_range,local_gap_fixed,15002,25002,20002.0,1008,999,999,0,9,0.008928571428571428,1.0,0.9910714285714286,0.9955156950672646,0.5604549675914953
biased_low_missing_high_noise,biased_range,local_gap_fixed,20002,30002,25002.0,983,979,979,0,4,0.004069175991861648,1.0,0.9959308240081384,0.9979612640163099,0.5625300212528792
biased_low_missing_high_noise,biased_range,local_gap_fixed,25002,35002,30002.0,970,964,964,0,6,0.006185567010309278,1.0,0.9938144329896907,0.9968976215098242,0.5796659523545216
biased_low_missing_high_noise,biased_range,local_gap_fixed,30002,40002,35002.0,958,947,947,0,11,0.011482254697286013,1.0,0.988517745302714,0.9942257217847769,0.5744474916036164
biased_low_missing_high_noise,biased_range,local_gap_fixed,35002,45002,40002.0,943,931,931,0,12,0.012725344644750796,1.0,0.9872746553552492,0.9935965848452508,0.5630681296974193
biased_low_missing_high_noise,biased_range,local_gap_fixed,40002,50002,45002.0,930,925,925,0,5,0.005376344086021506,1.0,0.9946236559139785,0.9973045822102425,0.5766415798965807
biased_low_missing_high_noise,biased_range,local_gap_fixed,45002,55002,50002.0,916,911,911,0,5,0.0054585152838427945,1.0,0.9945414847161572,0.997263273125342,0.5772786647405251
biased_low_missing_high_noise,biased_range,local_gap_fixed,50002,60002,55002.0,924,916,916,0,8,0.008658008658008658,1.0,0.9913419913419913,0.9956521739130434,0.5698118952527077
biased_low_missing_high_noise,biased_range,local_gap_fixed,55002,65002,60002.0,902,894,894,0,8,0.008869179600886918,1.0,0.991130820399113,0.9955456570155902,0.5862954518852674
biased_low_missing_high_noise,biased_range,local_gap_fixed,60002,70002,65002.0,879,872,872,0,7,0.007963594994311717,1.0,0.9920364050056882,0.9960022844089091,0.5883630632811035
biased_low_missing_high_noise,biased_range,local_gap_fixed,65002,75002,70002.0,900,895,895,0,5,0.005555555555555556,1.0,0.9944444444444445,0.9972144846796658,0.5651173684949982
biased_low_missing_high_noise,biased_range,local_gap_fixed,70002,80002,75002.0,901,892,892,0,9,0.009988901220865706,1.0,0.9900110987791343,0.9949804796430564,0.5728686260274061
biased_low_missing_high_noise,biased_range,local_gap_fixed,75002,85002,80002.0,884,875,875,0,9,0.010180995475113122,1.0,0.9898190045248869,0.9948834565093804,0.5858041767885142
biased_low_missing_high_noise,biased_range,local_gap_fixed,80002,90002,85002.0,877,869,869,0,8,0.009122006841505131,1.0,0.9908779931584949,0.995418098510882,0.5971158488199492
biased_low_missing_high_noise,biased_range,local_gap_fixed,85002,95002,90002.0,880,866,866,0,14,0.015909090909090907,1.0,0.9840909090909091,0.9919816723940436,0.6022799193254431
biased_low_missing_high_noise,biased_range,local_gap_fixed,90002,100002,95002.0,878,866,866,0,12,0.01366742596810934,1.0,0.9863325740318907,0.9931192660550459,0.598914803333894
biased_low_missing_high_noise,biased_range,local_gap_fixed,95002,105002,100002.0,867,863,863,0,4,0.00461361014994233,1.0,0.9953863898500577,0.9976878612716763,0.5855277995656
biased_low_missing_high_noise,biased_range,local_gap_fixed,100002,110002,105002.0,861,859,859,0,2,0.0023228803716608595,1.0,0.9976771196283392,0.9988372093023256,0.588111196574967
biased_low_missing_high_noise,biased_range,local_gap_fixed,105002,115002,110002.0,848,844,844,0,4,0.0047169811320754715,1.0,0.9952830188679245,0.9976359338061466,0.612898436419996
biased_low_missing_high_noise,biased_range,local_gap_fixed,110002,120002,115002.0,848,843,843,0,5,0.00589622641509434,1.0,0.9941037735849056,0.997043169722058,0.6122634105518493
biased_low_missing_high_noise,biased_range,local_gap_fixed,115002,125002,120002.0,862,851,851,0,11,0.012761020881670533,1.0,0.9872389791183295,0.9935785172212492,0.5891370372222513
biased_low_missing_high_noise,biased_range,local_gap_fixed,120002,130002,125002.0,858,849,849,0,9,0.01048951048951049,1.0,0.9895104895104895,0.9947275922671353,0.5863051791553898
biased_low_missing_high_noise,biased_range,local_gap_fixed,125002,135002,130002.0,842,833,833,0,9,0.010688836104513063,1.0,0.9893111638954869,0.9946268656716418,0.5982135571412848
biased_low_missing_high_noise,biased_range,local_gap_fixed,130002,140002,135002.0,851,836,836,0,15,0.01762632197414806,1.0,0.982373678025852,0.991108476585655,0.5941651151648868
biased_low_missing_high_noise,biased_range,local_gap_fixed,135002,145002,140002.0,846,838,838,0,8,0.009456264775413711,1.0,0.9905437352245863,0.995249406175772,0.5834757741443545
biased_low_missing_high_noise,biased_range,local_gap_fixed,140002,150002,145002.0,839,835,835,0,4,0.004767580452920143,1.0,0.9952324195470799,0.997610513739546,0.5733987914746388
biased_low_missing_high_noise,biased_range,local_gap_fixed,145002,155002,150002.0,850,845,845,0,5,0.0058823529411764705,1.0,0.9941176470588236,0.9970501474926253,0.5856281893971315
biased_low_missing_high_noise,biased_range,local_gap_fixed,150002,160002,155002.0,835,827,827,0,8,0.009580838323353293,1.0,0.9904191616766467,0.9951865222623345,0.6103983811526493
biased_low_missing_high_noise,biased_range,local_gap_fixed,155002,165002,160002.0,822,816,816,0,6,0.0072992700729927005,1.0,0.9927007299270073,0.9963369963369962,0.5976429376788085
biased_low_missing_high_noise,biased_range,local_gap_fixed,160002,170002,165002.0,813,810,810,0,3,0.0036900369003690036,1.0,0.996309963099631,0.9981515711645101,0.6018346082305728
biased_low_missing_high_noise,biased_range,local_gap_fixed,165002,175002,170002.0,822,814,814,0,8,0.009732360097323601,1.0,0.9902676399026764,0.9951100244498777,0.5885294518242119
biased_low_missing_high_noise,biased_range,local_gap_fixed,170002,180002,175002.0,846,841,841,0,5,0.00591016548463357,1.0,0.9940898345153665,0.9970361588618851,0.5837368706522839
biased_low_missing_high_noise,biased_range,local_gap_fixed,175002,185002,180002.0,829,811,811,0,18,0.021712907117008445,1.0,0.9782870928829915,0.9890243902439025,0.6221408875439024
biased_low_missing_high_noise,biased_range,local_gap_fixed,180002,190002,185002.0,827,803,803,0,24,0.02902055622732769,1.0,0.9709794437726723,0.985276073619632,0.6161221566671069
biased_low_missing_high_noise,biased_range,local_gap_fixed,185002,195002,190002.0,828,821,821,0,7,0.008454106280193236,1.0,0.9915458937198067,0.9957550030321407,0.6015866241327092
biased_low_missing_high_noise,biased_range,local_gap_fixed,190002,200000,195001.0,814,813,813,0,1,0.0012285012285012285,1.0,0.9987714987714987,0.9993853718500306,0.6068059486425066
biased_low_missing_high_noise,biased_range,local_gap_fixed,195002,200000,197501.0,411,411,411,0,0,0.0,1.0,1.0,1.0,0.5903876175490064
biased_low_missing_high_noise,biased_range,adaptive_window,2,10002,5002.0,1229,1218,1218,0,11,0.008950366151342554,1.0,0.9910496338486574,0.9955046996322027,0.5427246265845863
biased_low_missing_high_noise,biased_range,adaptive_window,5002,15002,10002.0,1085,1075,1075,0,10,0.009216589861751152,1.0,0.9907834101382489,0.9953703703703703,0.5652269059392763
biased_low_missing_high_noise,biased_range,adaptive_window,10002,20002,15002.0,1033,1022,1022,0,11,0.010648596321393998,1.0,0.989351403678606,0.994647201946472,0.5699557865969351
biased_low_missing_high_noise,biased_range,adaptive_window,15002,25002,20002.0,1008,998,998,0,10,0.00992063492063492,1.0,0.9900793650793651,0.9950149551345963,0.5600679047279746
biased_low_missing_high_noise,biased_range,adaptive_window,20002,30002,25002.0,983,978,978,0,5,0.00508646998982706,1.0,0.9949135300101729,0.9974502804691483,0.5629055004092368
biased_low_missing_high_noise,biased_range,adaptive_window,25002,35002,30002.0,970,963,963,0,7,0.007216494845360825,1.0,0.9927835051546392,0.9963786859803414,0.5817110579849882
biased_low_missing_high_noise,biased_range,adaptive_window,30002,40002,35002.0,958,946,946,0,12,0.012526096033402923,1.0,0.9874739039665971,0.9936974789915966,0.5765238642004407
biased_low_missing_high_noise,biased_range,adaptive_window,35002,45002,40002.0,943,932,932,0,11,0.01166489925768823,1.0,0.9883351007423118,0.9941333333333333,0.5635374464050205
biased_low_missing_high_noise,biased_range,adaptive_window,40002,50002,45002.0,930,925,925,0,5,0.005376344086021506,1.0,0.9946236559139785,0.9973045822102425,0.5770433845168975
biased_low_missing_high_noise,biased_range,adaptive_window,45002,55002,50002.0,916,911,911,0,5,0.0054585152838427945,1.0,0.9945414847161572,0.997263273125342,0.5780868489141318
biased_low_missing_high_noise,biased_range,adaptive_window,50002,60002,55002.0,924,917,917,0,7,0.007575757575757576,1.0,0.9924242424242424,0.9961977186311787,0.5702805583936866
biased_low_missing_high_noise,biased_range,adaptive_window,55002,65002,60002.0,902,894,894,0,8,0.008869179600886918,1.0,0.991130820399113,0.9955456570155902,0.5881263913782581
biased_low_missing_high_noise,biased_range,adaptive_window,60002,70002,65002.0,879,873,873,0,6,0.006825938566552901,1.0,0.9931740614334471,0.9965753424657535,0.5903051513127694
biased_low_missing_high_noise,biased_range,adaptive_window,65002,75002,70002.0,900,895,895,0,5,0.005555555555555556,1.0,0.9944444444444445,0.9972144846796658,0.5663110285947716
biased_low_missing_high_noise,biased_range,adaptive_window,70002,80002,75002.0,901,891,891,0,10,0.011098779134295227,1.0,0.9889012208657048,0.9944196428571429,0.5743947383303647
biased_low_missing_high_noise,biased_range,adaptive_window,75002,85002,80002.0,884,875,875,0,9,0.010180995475113122,1.0,0.9898190045248869,0.9948834565093804,0.5870202447766446
biased_low_missing_high_noise,biased_range,adaptive_window,80002,90002,85002.0,877,868,868,0,9,0.010262257696693273,1.0,0.9897377423033067,0.9948424068767908,0.5978770460665518
biased_low_missing_high_noise,biased_range,adaptive_window,85002,95002,90002.0,880,867,867,0,13,0.014772727272727272,1.0,0.9852272727272727,0.9925586720091585,0.602336448409981
biased_low_missing_high_noise,biased_range,adaptive_window,90002,100002,95002.0,878,866,866,0,12,0.01366742596810934,1.0,0.9863325740318907,0.9931192660550459,0.6016288734253797
biased_low_missing_high_noise,biased_range,adaptive_window,95002,105002,100002.0,867,862,862,0,5,0.0057670126874279125,1.0,0.994232987312572,0.9971081550028918,0.5881781646319942
biased_low_missing_high_noise,biased_range,adaptive_window,100002,110002,105002.0,861,860,860,0,1,0.0011614401858304297,1.0,0.9988385598141696,0.999418942475305,0.5877860068260805
biased_low_missing_high_noise,biased_range,adaptive_window,105002,115002,110002.0,848,844,844,0,4,0.0047169811320754715,1.0,0.9952830188679245,0.9976359338061466,0.61445106735797
biased_low_missing_high_noise,biased_range,adaptive_window,110002,120002,115002.0,848,840,840,0,8,0.009433962264150943,1.0,0.9905660377358491,0.9952606635071091,0.6204124656446669
biased_low_missing_high_noise,biased_range,adaptive_window,115002,125002,120002.0,862,851,851,0,11,0.012761020881670533,1.0,0.9872389791183295,0.9935785172212492,0.5949930522533762
biased_low_missing_high_noise,biased_range,adaptive_window,120002,130002,125002.0,858,851,851,0,7,0.008158508158508158,1.0,0.9918414918414918,0.9959040374488004,0.5848724662884169
biased_low_missing_high_noise,biased_range,adaptive_window,125002,135002,130002.0,842,832,832,0,10,0.011876484560570071,1.0,0.9881235154394299,0.994026284348865,0.6009538920401717
biased_low_missing_high_noise,biased_range,adaptive_window,130002,140002,135002.0,851,836,836,0,15,0.01762632197414806,1.0,0.982373678025852,0.991108476585655,0.5969685714687053
biased_low_missing_high_noise,biased_range,adaptive_window,135002,145002,140002.0,846,839,839,0,7,0.008274231678486997,1.0,0.991725768321513,0.9958456973293769,0.5859314832891626
biased_low_missing_high_noise,biased_range,adaptive_window,140002,150002,145002.0,839,835,835,0,4,0.004767580452920143,1.0,0.9952324195470799,0.997610513739546,0.5755709519188903
biased_low_missing_high_noise,biased_range,adaptive_window,145002,155002,150002.0,850,846,846,0,4,0.004705882352941176,1.0,0.9952941176470588,0.9976415094339623,0.5861184767233911
biased_low_missing_high_noise,biased_range,adaptive_window,150002,160002,155002.0,835,827,827,0,8,0.009580838323353293,1.0,0.9904191616766467,0.9951865222623345,0.6120182448005209
biased_low_missing_high_noise,biased_range,adaptive_window,155002,165002,160002.0,822,815,815,0,7,0.00851581508515815,1.0,0.9914841849148418,0.9957238851557727,0.598792384543683
biased_low_missing_high_noise,biased_range,adaptive_window,160002,170002,165002.0,813,809,809,0,4,0.004920049200492005,1.0,0.995079950799508,0.9975339087546239,0.6038172225829319
biased_low_missing_high_noise,biased_range,adaptive_window,165002,175002,170002.0,822,814,814,0,8,0.009732360097323601,1.0,0.9902676399026764,0.9951100244498777,0.590989621692146
biased_low_missing_high_noise,biased_range,adaptive_window,170002,180002,175002.0,846,842,842,0,4,0.004728132387706856,1.0,0.9952718676122931,0.9976303317535545,0.5842318331296945
biased_low_missing_high_noise,biased_range,adaptive_window,175002,185002,180002.0,829,808,808,0,21,0.025331724969843185,1.0,0.9746682750301568,0.9871716554673183,0.6214210163410987
biased_low_missing_high_noise,biased_range,adaptive_window,180002,190002,185002.0,827,803,803,0,24,0.02902055622732769,1.0,0.9709794437726723,0.985276073619632,0.6139356942584012
biased_low_missing_high_noise,biased_range,adaptive_window,185002,195002,190002.0,828,824,824,0,4,0.004830917874396135,1.0,0.9951690821256038,0.9975786924939467,0.6002367529287168
biased_low_missing_high_noise,biased_range,adaptive_window,190002,200000,195001.0,814,813,813,0,1,0.0012285012285012285,1.0,0.9987714987714987,0.9993853718500306,0.6068059486425066
biased_low_missing_high_noise,biased_range,adaptive_window,195002,200000,197501.0,411,411,411,0,0,0.0,1.0,1.0,1.0,0.5903876175490064
adversarial_mod6_noise_50,adversarial_mod6,raw,2,10002,5002.0,1229,998,599,399,630,0.18795768917819367,0.6002004008016032,0.4873881204231082,0.5379434216434665,0.75129850314061
adversarial_mod6_noise_50,adversarial_mod6,raw,5002,15002,10002.0,1085,952,539,413,546,0.12258064516129032,0.5661764705882353,0.4967741935483871,0.5292096219931272,0.6842004448231455
adversarial_mod6_noise_50,adversarial_mod6,raw,10002,20002,15002.0,1033,943,528,415,505,0.08712487899322362,0.559915164369035,0.5111326234269119,0.5344129554655871,0.6697290256129098
adversarial_mod6_noise_50,adversarial_mod6,raw,15002,25002,20002.0,1008,931,519,412,489,0.0763888888888889,0.5574650912996778,0.5148809523809523,0.5353274883960805,0.662774233937937
adversarial_mod6_noise_50,adversarial_mod6,raw,20002,30002,25002.0,983,906,495,411,488,0.07833163784333673,0.5463576158940397,0.503560528992879,0.5240868184224456,0.6409850079932669
adversarial_mod6_noise_50,adversarial_mod6,raw,25002,35002,30002.0,970,912,480,432,490,0.05979381443298969,0.5263157894736842,0.4948453608247423,0.51009564293305,0.647463639628953
adversarial_mod6_noise_50,adversarial_mod6,raw,30002,40002,35002.0,958,902,461,441,497,0.05845511482254697,0.5110864745011087,0.4812108559498956,0.49569892473118277,0.6714161313663971
adversarial_mod6_noise_50,adversarial_mod6,raw,35002,45002,40002.0,943,930,466,464,477,0.013785790031813362,0.5010752688172043,0.4941675503711559,0.49759743726641753,0.6392279627828988
adversarial_mod6_noise_50,adversarial_mod6,raw,40002,50002,45002.0,930,926,460,466,470,0.004301075268817204,0.49676025917926564,0.4946236559139785,0.4956896551724138,0.630389554814961
adversarial_mod6_noise_50,adversarial_mod6,raw,45002,55002,50002.0,916,900,443,457,473,0.017467248908296942,0.4922222222222222,0.4836244541484716,0.48788546255506604,0.6575982087705303
adversarial_mod6_noise_50,adversarial_mod6,raw,50002,60002,55002.0,924,931,473,458,451,0.007575757575757576,0.5080558539205156,0.5119047619047619,0.5099730458221023,0.6253982486213693
adversarial_mod6_noise_50,adversarial_mod6,raw,55002,65002,60002.0,902,936,470,466,432,0.037694013303769404,0.5021367521367521,0.5210643015521065,0.5114254624591948,0.6066527073428765
adversarial_mod6_noise_50,adversarial_mod6,raw,60002,70002,65002.0,879,903,447,456,432,0.027303754266211604,0.4950166112956811,0.5085324232081911,0.5016835016835017,0.6332969717844721
adversarial_mod6_noise_50,adversarial_mod6,raw,65002,75002,70002.0,900,914,459,455,441,0.015555555555555555,0.5021881838074398,0.51,0.5060639470782801,0.6342063574693567
adversarial_mod6_noise_50,adversarial_mod6,raw,70002,80002,75002.0,901,915,447,468,454,0.01553829078801332,0.4885245901639344,0.4961154273029967,0.4922907488986784,0.6415867781991219
adversarial_mod6_noise_50,adversarial_mod6,raw,75002,85002,80002.0,884,906,444,462,440,0.024886877828054297,0.4900662251655629,0.502262443438914,0.4960893854748603,0.6331858215310229
adversarial_mod6_noise_50,adversarial_mod6,raw,80002,90002,85002.0,877,910,446,464,431,0.037628278221208664,0.4901098901098901,0.508551881413911,0.4991606043648573,0.6151507889586403
adversarial_mod6_noise_50,adversarial_mod6,raw,85002,95002,90002.0,880,887,425,462,455,0.007954545454545454,0.4791431792559188,0.48295454545454547,0.4810413129598189,0.6211941584530838
adversarial_mod6_noise_50,adversarial_mod6,raw,90002,100002,95002.0,878,894,442,452,436,0.018223234624145785,0.49440715883668906,0.5034168564920274,0.4988713318284425,0.6048628381189168
adversarial_mod6_noise_50,adversarial_mod6,raw,95002,105002,100002.0,867,891,440,451,427,0.02768166089965398,0.49382716049382713,0.5074971164936563,0.5005688282138793,0.6179851434073751
adversarial_mod6_noise_50,adversarial_mod6,raw,100002,110002,105002.0,861,888,427,461,434,0.0313588850174216,0.48085585585585583,0.4959349593495935,0.48827901658090334,0.6294412418544194
adversarial_mod6_noise_50,adversarial_mod6,raw,105002,115002,110002.0,848,870,406,464,442,0.025943396226415096,0.4666666666666667,0.47877358490566035,0.47264260768335276,0.6304928823715124
adversarial_mod6_noise_50,adversarial_mod6,raw,110002,120002,115002.0,848,867,411,456,437,0.02240566037735849,0.4740484429065744,0.4846698113207547,0.4793002915451895,0.61906840076894
adversarial_mod6_noise_50,adversarial_mod6,raw,115002,125002,120002.0,862,892,462,430,400,0.03480278422273782,0.5179372197309418,0.5359628770301624,0.5267958950969214,0.6144162690107782
adversarial_mod6_noise_50,adversarial_mod6,raw,120002,130002,125002.0,858,872,441,431,417,0.016317016317016316,0.5057339449541285,0.513986013986014,0.5098265895953757,0.6244545112457428
adversarial_mod6_noise_50,adversarial_mod6,raw,125002,135002,130002.0,842,849,396,453,446,0.00831353919239905,0.4664310954063604,0.47030878859857483,0.4683619160260201,0.6142926739216534
adversarial_mod6_noise_50,adversarial_mod6,raw,130002,140002,135002.0,851,845,400,445,451,0.007050528789659225,0.47337278106508873,0.4700352526439483,0.4716981132075472,0.639168431399125
adversarial_mod6_noise_50,adversarial_mod6,raw,135002,145002,140002.0,846,865,404,461,442,0.022458628841607566,0.46705202312138727,0.47754137115839246,0.47223845704266515,0.6264961311425892
adversarial_mod6_noise_50,adversarial_mod6,raw,140002,150002,145002.0,839,879,412,467,427,0.04767580452920143,0.46871444823663255,0.49106078665077474,0.47962747380675197,0.6080502583748477
adversarial_mod6_noise_50,adversarial_mod6,raw,145002,155002,150002.0,850,908,444,464,406,0.06823529411764706,0.4889867841409692,0.5223529411764706,0.5051194539249146,0.609124166449074
adversarial_mod6_noise_50,adversarial_mod6,raw,150002,160002,155002.0,835,912,439,473,396,0.09221556886227544,0.48135964912280704,0.525748502994012,0.5025758443045221,0.5924596600384191
adversarial_mod6_noise_50,adversarial_mod6,raw,155002,165002,160002.0,822,874,412,462,410,0.06326034063260341,0.47139588100686497,0.5012165450121655,0.48584905660377353,0.6127396639351338
adversarial_mod6_noise_50,adversarial_mod6,raw,160002,170002,165002.0,813,851,392,459,421,0.046740467404674045,0.4606345475910693,0.4821648216482165,0.4711538461538462,0.6189363898260574
adversarial_mod6_noise_50,adversarial_mod6,raw,165002,175002,170002.0,822,850,394,456,428,0.0340632603406326,0.46352941176470586,0.4793187347931874,0.4712918660287081,0.6174575039702982
adversarial_mod6_noise_50,adversarial_mod6,raw,170002,180002,175002.0,846,894,435,459,411,0.05673758865248227,0.4865771812080537,0.5141843971631206,0.5,0.6196410313057648
adversarial_mod6_noise_50,adversarial_mod6,raw,175002,185002,180002.0,829,884,430,454,399,0.06634499396863691,0.48642533936651583,0.5186972255729795,0.5020431990659662,0.616402292252911
adversarial_mod6_noise_50,adversarial_mod6,raw,180002,190002,185002.0,827,878,424,454,403,0.06166868198307134,0.48291571753986334,0.5126964933494559,0.49736070381231673,0.6089462349433902
adversarial_mod6_noise_50,adversarial_mod6,raw,185002,195002,190002.0,828,891,425,466,403,0.07608695652173914,0.4769921436588103,0.5132850241545893,0.4944735311227457,0.5991344085720469
adversarial_mod6_noise_50,adversarial_mod6,raw,190002,200000,195001.0,814,870,413,457,401,0.0687960687960688,0.4747126436781609,0.5073710073710074,0.4904988123515439,0.6209464987971518
adversarial_mod6_noise_50,adversarial_mod6,raw,195002,200000,197501.0,411,432,209,223,202,0.051094890510948905,0.4837962962962963,0.5085158150851582,0.4958481613285884,0.6452065461913238
adversarial_mod6_noise_50,adversarial_mod6,sieve_cleaned,2,10002,5002.0,1229,599,599,0,630,0.5126118795768918,1.0,0.4873881204231082,0.6553610503282276,1.3319882095775655
adversarial_mod6_noise_50,adversarial_mod6,sieve_cleaned,5002,15002,10002.0,1085,539,539,0,546,0.5032258064516129,1.0,0.4967741935483871,0.6637931034482758,1.2927560191180911
adversarial_mod6_noise_50,adversarial_mod6,sieve_cleaned,10002,20002,15002.0,1033,528,528,0,505,0.4888673765730881,1.0,0.5111326234269119,0.6764894298526586,1.2696611712590837
adversarial_mod6_noise_50,adversarial_mod6,sieve_cleaned,15002,25002,20002.0,1008,519,519,0,489,0.4851190476190476,1.0,0.5148809523809523,0.6797642436149312,1.2366304923467013
adversarial_mod6_noise_50,adversarial_mod6,sieve_cleaned,20002,30002,25002.0,983,495,495,0,488,0.49643947100712105,1.0,0.503560528992879,0.6698240866035182,1.2442538556248464
adversarial_mod6_noise_50,adversarial_mod6,sieve_cleaned,25002,35002,30002.0,970,480,480,0,490,0.5051546391752577,1.0,0.4948453608247423,0.6620689655172414,1.3099568874617264
adversarial_mod6_noise_50,adversarial_mod6,sieve_cleaned,30002,40002,35002.0,958,461,461,0,497,0.5187891440501043,1.0,0.4812108559498956,0.649753347427766,1.3692398829913337
adversarial_mod6_noise_50,adversarial_mod6,sieve_cleaned,35002,45002,40002.0,943,466,466,0,477,0.5058324496288441,1.0,0.4941675503711559,0.6614620298083748,1.3054729749246785
adversarial_mod6_noise_50,adversarial_mod6,sieve_cleaned,40002,50002,45002.0,930,460,460,0,470,0.5053763440860215,1.0,0.4946236559139785,0.6618705035971223,1.3559199021246804
adversarial_mod6_noise_50,adversarial_mod6,sieve_cleaned,45002,55002,50002.0,916,443,443,0,473,0.5163755458515283,1.0,0.4836244541484716,0.6519499632082414,1.4086272509620361
adversarial_mod6_noise_50,adversarial_mod6,sieve_cleaned,50002,60002,55002.0,924,473,473,0,451,0.4880952380952381,1.0,0.5119047619047619,0.6771653543307087,1.2614179931812028
adversarial_mod6_noise_50,adversarial_mod6,sieve_cleaned,55002,65002,60002.0,902,470,470,0,432,0.4789356984478936,1.0,0.5210643015521065,0.6851311953352771,1.259738386062884
adversarial_mod6_noise_50,adversarial_mod6,sieve_cleaned,60002,70002,65002.0,879,447,447,0,432,0.49146757679180886,1.0,0.5085324232081911,0.6742081447963801,1.323103468090077
adversarial_mod6_noise_50,adversarial_mod6,sieve_cleaned,65002,75002,70002.0,900,459,459,0,441,0.49,1.0,0.51,0.6754966887417219,1.2559511181727314
adversarial_mod6_noise_50,adversarial_mod6,sieve_cleaned,70002,80002,75002.0,901,447,447,0,454,0.5038845726970034,1.0,0.4961154273029967,0.6632047477744808,1.3193605118345217
adversarial_mod6_noise_50,adversarial_mod6,sieve_cleaned,75002,85002,80002.0,884,444,444,0,440,0.497737556561086,1.0,0.502262443438914,0.6686746987951807,1.315811379117279
adversarial_mod6_noise_50,adversarial_mod6,sieve_cleaned,80002,90002,85002.0,877,446,446,0,431,0.49144811858608894,1.0,0.508551881413911,0.6742252456538171,1.3008643482040727
adversarial_mod6_noise_50,adversarial_mod6,sieve_cleaned,85002,95002,90002.0,880,425,425,0,455,0.5170454545454546,1.0,0.48295454545454547,0.6513409961685824,1.377978093173526
adversarial_mod6_noise_50,adversarial_mod6,sieve_cleaned,90002,100002,95002.0,878,442,442,0,436,0.49658314350797267,1.0,0.5034168564920274,0.6696969696969698,1.2853843700207888
adversarial_mod6_noise_50,adversarial_mod6,sieve_cleaned,95002,105002,100002.0,867,440,440,0,427,0.4925028835063437,1.0,0.5074971164936563,0.6732976281560825,1.270215249214695
adversarial_mod6_noise_50,adversarial_mod6,sieve_cleaned,100002,110002,105002.0,861,427,427,0,434,0.5040650406504065,1.0,0.4959349593495935,0.6630434782608696,1.3278303217935101
adversarial_mod6_noise_50,adversarial_mod6,sieve_cleaned,105002,115002,110002.0,848,406,406,0,442,0.5212264150943396,1.0,0.47877358490566035,0.6475279106858054,1.44733887665051
adversarial_mod6_noise_50,adversarial_mod6,sieve_cleaned,110002,120002,115002.0,848,411,411,0,437,0.5153301886792453,1.0,0.4846698113207547,0.6528991262907069,1.404805802384408
adversarial_mod6_noise_50,adversarial_mod6,sieve_cleaned,115002,125002,120002.0,862,462,462,0,400,0.46403712296983757,1.0,0.5359628770301624,0.6978851963746224,1.1863668120066115
adversarial_mod6_noise_50,adversarial_mod6,sieve_cleaned,120002,130002,125002.0,858,441,441,0,417,0.486013986013986,1.0,0.513986013986014,0.6789838337182448,1.2683582245736833
adversarial_mod6_noise_50,adversarial_mod6,sieve_cleaned,125002,135002,130002.0,842,396,396,0,446,0.5296912114014252,1.0,0.47030878859857483,0.6397415185783522,1.4370853475662972
adversarial_mod6_noise_50,adversarial_mod6,sieve_cleaned,130002,140002,135002.0,851,400,400,0,451,0.5299647473560517,1.0,0.4700352526439483,0.639488409272582,1.4012843345752561
adversarial_mod6_noise_50,adversarial_mod6,sieve_cleaned,135002,145002,140002.0,846,404,404,0,442,0.5224586288416075,1.0,0.47754137115839246,0.6464,1.409330568765491
adversarial_mod6_noise_50,adversarial_mod6,sieve_cleaned,140002,150002,145002.0,839,412,412,0,427,0.5089392133492253,1.0,0.49106078665077474,0.6586730615507593,1.3670494717214092
adversarial_mod6_noise_50,adversarial_mod6,sieve_cleaned,145002,155002,150002.0,850,444,444,0,406,0.4776470588235294,1.0,0.5223529411764706,0.6862442040185471,1.2524206004156428
adversarial_mod6_noise_50,adversarial_mod6,sieve_cleaned,150002,160002,155002.0,835,439,439,0,396,0.474251497005988,1.0,0.525748502994012,0.6891679748822607,1.2468750081062836
adversarial_mod6_noise_50,adversarial_mod6,sieve_cleaned,155002,165002,160002.0,822,412,412,0,410,0.49878345498783455,1.0,0.5012165450121655,0.6677471636952999,1.3326319891374463
adversarial_mod6_noise_50,adversarial_mod6,sieve_cleaned,160002,170002,165002.0,813,392,392,0,421,0.5178351783517835,1.0,0.4821648216482165,0.6506224066390042,1.4183635558033512
adversarial_mod6_noise_50,adversarial_mod6,sieve_cleaned,165002,175002,170002.0,822,394,394,0,428,0.5206812652068127,1.0,0.4793187347931874,0.6480263157894738,1.3880341503792422
adversarial_mod6_noise_50,adversarial_mod6,sieve_cleaned,170002,180002,175002.0,846,435,435,0,411,0.4858156028368794,1.0,0.5141843971631206,0.6791569086651054,1.228414367355934
adversarial_mod6_noise_50,adversarial_mod6,sieve_cleaned,175002,185002,180002.0,829,430,430,0,399,0.4813027744270205,1.0,0.5186972255729795,0.6830818109610802,1.2597527760079021
adversarial_mod6_noise_50,adversarial_mod6,sieve_cleaned,180002,190002,185002.0,827,424,424,0,403,0.4873035066505441,1.0,0.5126964933494559,0.6778577138289368,1.2497377573472515
adversarial_mod6_noise_50,adversarial_mod6,sieve_cleaned,185002,195002,190002.0,828,425,425,0,403,0.4867149758454106,1.0,0.5132850241545893,0.6783719074221868,1.2450311489266372
adversarial_mod6_noise_50,adversarial_mod6,sieve_cleaned,190002,200000,195001.0,814,413,413,0,401,0.4926289926289926,1.0,0.5073710073710074,0.6731866340668297,1.3135821567258732
adversarial_mod6_noise_50,adversarial_mod6,sieve_cleaned,195002,200000,197501.0,411,209,209,0,202,0.49148418491484186,1.0,0.5085158150851582,0.6741935483870969,1.2643681834030416
adversarial_mod6_noise_50,adversarial_mod6,density_only,2,10002,5002.0,1229,1220,1220,0,9,0.007323026851098454,1.0,0.9926769731489016,0.9963250306247448,0.5415472559164274
adversarial_mod6_noise_50,adversarial_mod6,density_only,5002,15002,10002.0,1085,1074,1074,0,11,0.010138248847926268,1.0,0.9898617511520738,0.9949050486336267,0.5701647471092273
adversarial_mod6_noise_50,adversarial_mod6,density_only,10002,20002,15002.0,1033,1020,1020,0,13,0.012584704743465635,1.0,0.9874152952565344,0.9936678032148076,0.5813077866016397
adversarial_mod6_noise_50,adversarial_mod6,density_only,15002,25002,20002.0,1008,1000,1000,0,8,0.007936507936507936,1.0,0.9920634920634921,0.9960159362549801,0.5668727046995853
adversarial_mod6_noise_50,adversarial_mod6,density_only,20002,30002,25002.0,983,979,979,0,4,0.004069175991861648,1.0,0.9959308240081384,0.9979612640163099,0.5641384213481695
adversarial_mod6_noise_50,adversarial_mod6,density_only,25002,35002,30002.0,970,961,961,0,9,0.009278350515463918,1.0,0.9907216494845361,0.9953392024857587,0.5827087191406387
adversarial_mod6_noise_50,adversarial_mod6,density_only,30002,40002,35002.0,958,943,943,0,15,0.015657620041753653,1.0,0.9843423799582464,0.9921094160967912,0.5817405893530974
adversarial_mod6_noise_50,adversarial_mod6,density_only,35002,45002,40002.0,943,934,934,0,9,0.009544008483563097,1.0,0.9904559915164369,0.9952051145444859,0.5704998410451234
adversarial_mod6_noise_50,adversarial_mod6,density_only,40002,50002,45002.0,930,927,927,0,3,0.0032258064516129032,1.0,0.9967741935483871,0.9983844911147012,0.579712294410885
adversarial_mod6_noise_50,adversarial_mod6,density_only,45002,55002,50002.0,916,914,914,0,2,0.002183406113537118,1.0,0.9978165938864629,0.9989071038251366,0.5782643593706207
adversarial_mod6_noise_50,adversarial_mod6,density_only,50002,60002,55002.0,924,918,918,0,6,0.006493506493506494,1.0,0.9935064935064936,0.9967426710097721,0.5737489006427711
adversarial_mod6_noise_50,adversarial_mod6,density_only,55002,65002,60002.0,902,892,892,0,10,0.011086474501108648,1.0,0.9889135254988913,0.9944258639910815,0.5913145498890259
adversarial_mod6_noise_50,adversarial_mod6,density_only,60002,70002,65002.0,879,871,871,0,8,0.009101251422070534,1.0,0.9908987485779295,0.9954285714285714,0.5918587471386918
adversarial_mod6_noise_50,adversarial_mod6,density_only,65002,75002,70002.0,900,895,895,0,5,0.005555555555555556,1.0,0.9944444444444445,0.9972144846796658,0.5672405344436637
adversarial_mod6_noise_50,adversarial_mod6,density_only,70002,80002,75002.0,901,896,896,0,5,0.005549389567147614,1.0,0.9944506104328524,0.9972175848636617,0.5776590729241908
adversarial_mod6_noise_50,adversarial_mod6,density_only,75002,85002,80002.0,884,875,875,0,9,0.010180995475113122,1.0,0.9898190045248869,0.9948834565093804,0.5931598833967436
adversarial_mod6_noise_50,adversarial_mod6,density_only,80002,90002,85002.0,877,862,862,0,15,0.01710376282782212,1.0,0.9828962371721779,0.9913743530764807,0.602290419223029
adversarial_mod6_noise_50,adversarial_mod6,density_only,85002,95002,90002.0,880,865,865,0,15,0.017045454545454544,1.0,0.9829545454545454,0.9914040114613181,0.6083385442535119
adversarial_mod6_noise_50,adversarial_mod6,density_only,90002,100002,95002.0,878,869,869,0,9,0.010250569476082005,1.0,0.989749430523918,0.9948483113909559,0.6065983964181015
adversarial_mod6_noise_50,adversarial_mod6,density_only,95002,105002,100002.0,867,864,864,0,3,0.0034602076124567475,1.0,0.9965397923875432,0.9982668977469671,0.587210580186352
adversarial_mod6_noise_50,adversarial_mod6,density_only,100002,110002,105002.0,861,859,859,0,2,0.0023228803716608595,1.0,0.9976771196283392,0.9988372093023256,0.586182979219993
adversarial_mod6_noise_50,adversarial_mod6,density_only,105002,115002,110002.0,848,844,844,0,4,0.0047169811320754715,1.0,0.9952830188679245,0.9976359338061466,0.6109359160232288
adversarial_mod6_noise_50,adversarial_mod6,density_only,110002,120002,115002.0,848,841,841,0,7,0.008254716981132075,1.0,0.9917452830188679,0.9958555358200119,0.6184831917404456
adversarial_mod6_noise_50,adversarial_mod6,density_only,115002,125002,120002.0,862,851,851,0,11,0.012761020881670533,1.0,0.9872389791183295,0.9935785172212492,0.6012616258960553
adversarial_mod6_noise_50,adversarial_mod6,density_only,120002,130002,125002.0,858,851,851,0,7,0.008158508158508158,1.0,0.9918414918414918,0.9959040374488004,0.5829204880519879
adversarial_mod6_noise_50,adversarial_mod6,density_only,125002,135002,130002.0,842,831,831,0,11,0.013064133016627079,1.0,0.9869358669833729,0.9934249850567841,0.6019978229094294
adversarial_mod6_noise_50,adversarial_mod6,density_only,130002,140002,135002.0,851,836,836,0,15,0.01762632197414806,1.0,0.982373678025852,0.991108476585655,0.5938505530522653
adversarial_mod6_noise_50,adversarial_mod6,density_only,135002,145002,140002.0,846,840,840,0,6,0.0070921985815602835,1.0,0.9929078014184397,0.9964412811387899,0.5832353359485328
adversarial_mod6_noise_50,adversarial_mod6,density_only,140002,150002,145002.0,839,835,835,0,4,0.004767580452920143,1.0,0.9952324195470799,0.997610513739546,0.577985509348909
adversarial_mod6_noise_50,adversarial_mod6,density_only,145002,155002,150002.0,850,842,842,0,8,0.009411764705882352,1.0,0.9905882352941177,0.9952718676122931,0.5877575998087444
adversarial_mod6_noise_50,adversarial_mod6,density_only,150002,160002,155002.0,835,827,827,0,8,0.009580838323353293,1.0,0.9904191616766467,0.9951865222623345,0.6088238681402742
adversarial_mod6_noise_50,adversarial_mod6,density_only,155002,165002,160002.0,822,819,819,0,3,0.0036496350364963502,1.0,0.9963503649635036,0.9981718464351006,0.5938195287088409
adversarial_mod6_noise_50,adversarial_mod6,density_only,160002,170002,165002.0,813,810,810,0,3,0.0036900369003690036,1.0,0.996309963099631,0.9981515711645101,0.6005947291507189
adversarial_mod6_noise_50,adversarial_mod6,density_only,165002,175002,170002.0,822,814,814,0,8,0.009732360097323601,1.0,0.9902676399026764,0.9951100244498777,0.5921569462034686
adversarial_mod6_noise_50,adversarial_mod6,density_only,170002,180002,175002.0,846,839,839,0,7,0.008274231678486997,1.0,0.991725768321513,0.9958456973293769,0.5858922632185508
adversarial_mod6_noise_50,adversarial_mod6,density_only,175002,185002,180002.0,829,816,816,0,13,0.015681544028950542,1.0,0.9843184559710495,0.9920972644376901,0.611821637065938
adversarial_mod6_noise_50,adversarial_mod6,density_only,180002,190002,185002.0,827,805,805,0,22,0.026602176541717048,1.0,0.973397823458283,0.9865196078431373,0.6082872779898093
adversarial_mod6_noise_50,adversarial_mod6,density_only,185002,195002,190002.0,828,817,817,0,11,0.013285024154589372,1.0,0.9867149758454107,0.9933130699088145,0.6036516153763591
adversarial_mod6_noise_50,adversarial_mod6,density_only,190002,200000,195001.0,814,813,813,0,1,0.0012285012285012285,1.0,0.9987714987714987,0.9993853718500306,0.6072427081324288
adversarial_mod6_noise_50,adversarial_mod6,density_only,195002,200000,197501.0,411,410,410,0,1,0.0024330900243309003,1.0,0.9975669099756691,0.9987819732034106,0.5917898839870906
adversarial_mod6_noise_50,adversarial_mod6,local_gap_fixed,2,10002,5002.0,1229,1219,1219,0,10,0.008136696501220505,1.0,0.9918633034987795,0.9959150326797386,0.5417200279166433
adversarial_mod6_noise_50,adversarial_mod6,local_gap_fixed,5002,15002,10002.0,1085,1070,1070,0,15,0.013824884792626729,1.0,0.9861751152073732,0.9930394431554525,0.564428284462694
adversarial_mod6_noise_50,adversarial_mod6,local_gap_fixed,10002,20002,15002.0,1033,1021,1021,0,12,0.011616650532429816,1.0,0.9883833494675702,0.9941577409931841,0.5678557558246184
adversarial_mod6_noise_50,adversarial_mod6,local_gap_fixed,15002,25002,20002.0,1008,999,999,0,9,0.008928571428571428,1.0,0.9910714285714286,0.9955156950672646,0.5607576720112195
adversarial_mod6_noise_50,adversarial_mod6,local_gap_fixed,20002,30002,25002.0,983,979,979,0,4,0.004069175991861648,1.0,0.9959308240081384,0.9979612640163099,0.5640904985275872
adversarial_mod6_noise_50,adversarial_mod6,local_gap_fixed,25002,35002,30002.0,970,962,962,0,8,0.008247422680412371,1.0,0.9917525773195877,0.9958592132505176,0.5787176519836071
adversarial_mod6_noise_50,adversarial_mod6,local_gap_fixed,30002,40002,35002.0,958,944,944,0,14,0.014613778705636743,1.0,0.9853862212943633,0.992639327024185,0.5723354368364991
adversarial_mod6_noise_50,adversarial_mod6,local_gap_fixed,35002,45002,40002.0,943,933,933,0,10,0.010604453870625663,1.0,0.9893955461293743,0.9946695095948828,0.5638328772381317
adversarial_mod6_noise_50,adversarial_mod6,local_gap_fixed,40002,50002,45002.0,930,926,926,0,4,0.004301075268817204,1.0,0.9956989247311828,0.997844827586207,0.5784482916845548
adversarial_mod6_noise_50,adversarial_mod6,local_gap_fixed,45002,55002,50002.0,916,913,913,0,3,0.0032751091703056767,1.0,0.9967248908296943,0.9983597594313832,0.5780364346187171
adversarial_mod6_noise_50,adversarial_mod6,local_gap_fixed,50002,60002,55002.0,924,918,918,0,6,0.006493506493506494,1.0,0.9935064935064936,0.9967426710097721,0.5697821471151328
adversarial_mod6_noise_50,adversarial_mod6,local_gap_fixed,55002,65002,60002.0,902,893,893,0,9,0.009977827050997782,1.0,0.9900221729490022,0.9949860724233983,0.5874566645716568
adversarial_mod6_noise_50,adversarial_mod6,local_gap_fixed,60002,70002,65002.0,879,870,870,0,9,0.010238907849829351,1.0,0.9897610921501706,0.9948542024013721,0.5907423287318051
adversarial_mod6_noise_50,adversarial_mod6,local_gap_fixed,65002,75002,70002.0,900,894,894,0,6,0.006666666666666667,1.0,0.9933333333333333,0.9966555183946488,0.565282151508762
adversarial_mod6_noise_50,adversarial_mod6,local_gap_fixed,70002,80002,75002.0,901,898,898,0,3,0.003329633740288568,1.0,0.9966703662597114,0.9983324068927182,0.5727957075509205
adversarial_mod6_noise_50,adversarial_mod6,local_gap_fixed,75002,85002,80002.0,884,875,875,0,9,0.010180995475113122,1.0,0.9898190045248869,0.9948834565093804,0.5888320203258649
adversarial_mod6_noise_50,adversarial_mod6,local_gap_fixed,80002,90002,85002.0,877,864,864,0,13,0.014823261117445839,1.0,0.9851767388825542,0.9925330269959792,0.593566910379957
adversarial_mod6_noise_50,adversarial_mod6,local_gap_fixed,85002,95002,90002.0,880,865,865,0,15,0.017045454545454544,1.0,0.9829545454545454,0.9914040114613181,0.6012367756051957
adversarial_mod6_noise_50,adversarial_mod6,local_gap_fixed,90002,100002,95002.0,878,865,865,0,13,0.014806378132118452,1.0,0.9851936218678815,0.9925415949512335,0.6019840709865724
adversarial_mod6_noise_50,adversarial_mod6,local_gap_fixed,95002,105002,100002.0,867,864,864,0,3,0.0034602076124567475,1.0,0.9965397923875432,0.9982668977469671,0.5837847465641257
adversarial_mod6_noise_50,adversarial_mod6,local_gap_fixed,100002,110002,105002.0,861,858,858,0,3,0.003484320557491289,1.0,0.9965156794425087,0.9982547993019197,0.5861030591796197
adversarial_mod6_noise_50,adversarial_mod6,local_gap_fixed,105002,115002,110002.0,848,844,844,0,4,0.0047169811320754715,1.0,0.9952830188679245,0.9976359338061466,0.6081570019214201
adversarial_mod6_noise_50,adversarial_mod6,local_gap_fixed,110002,120002,115002.0,848,841,841,0,7,0.008254716981132075,1.0,0.9917452830188679,0.9958555358200119,0.6090812632523795
adversarial_mod6_noise_50,adversarial_mod6,local_gap_fixed,115002,125002,120002.0,862,851,851,0,11,0.012761020881670533,1.0,0.9872389791183295,0.9935785172212492,0.592726876123757
adversarial_mod6_noise_50,adversarial_mod6,local_gap_fixed,120002,130002,125002.0,858,853,853,0,5,0.005827505827505828,1.0,0.9941724941724942,0.9970777323202805,0.5791520312318927
adversarial_mod6_noise_50,adversarial_mod6,local_gap_fixed,125002,135002,130002.0,842,832,832,0,10,0.011876484560570071,1.0,0.9881235154394299,0.994026284348865,0.6004788872395603
adversarial_mod6_noise_50,adversarial_mod6,local_gap_fixed,130002,140002,135002.0,851,835,835,0,16,0.01880141010575793,1.0,0.981198589894242,0.9905100830367735,0.596135176423135
adversarial_mod6_noise_50,adversarial_mod6,local_gap_fixed,135002,145002,140002.0,846,839,839,0,7,0.008274231678486997,1.0,0.991725768321513,0.9958456973293769,0.5831060245662112
adversarial_mod6_noise_50,adversarial_mod6,local_gap_fixed,140002,150002,145002.0,839,836,836,0,3,0.003575685339690107,1.0,0.9964243146603099,0.9982089552238805,0.5737018152318415
adversarial_mod6_noise_50,adversarial_mod6,local_gap_fixed,145002,155002,150002.0,850,846,846,0,4,0.004705882352941176,1.0,0.9952941176470588,0.9976415094339623,0.580971284607248
adversarial_mod6_noise_50,adversarial_mod6,local_gap_fixed,150002,160002,155002.0,835,826,826,0,9,0.010778443113772455,1.0,0.9892215568862276,0.9945815773630344,0.6093467771150911
adversarial_mod6_noise_50,adversarial_mod6,local_gap_fixed,155002,165002,160002.0,822,815,815,0,7,0.00851581508515815,1.0,0.9914841849148418,0.9957238851557727,0.5955139530979189
adversarial_mod6_noise_50,adversarial_mod6,local_gap_fixed,160002,170002,165002.0,813,808,808,0,5,0.006150061500615006,1.0,0.993849938499385,0.9969154842689698,0.6012669212851849
adversarial_mod6_noise_50,adversarial_mod6,local_gap_fixed,165002,175002,170002.0,822,814,814,0,8,0.009732360097323601,1.0,0.9902676399026764,0.9951100244498777,0.5884799092397535
adversarial_mod6_noise_50,adversarial_mod6,local_gap_fixed,170002,180002,175002.0,846,841,841,0,5,0.00591016548463357,1.0,0.9940898345153665,0.9970361588618851,0.5781724397368131
adversarial_mod6_noise_50,adversarial_mod6,local_gap_fixed,175002,185002,180002.0,829,813,813,0,16,0.019300361881785282,1.0,0.9806996381182147,0.9902557856272838,0.6038172554385028
adversarial_mod6_noise_50,adversarial_mod6,local_gap_fixed,180002,190002,185002.0,827,805,805,0,22,0.026602176541717048,1.0,0.973397823458283,0.9865196078431373,0.5956358625273944
adversarial_mod6_noise_50,adversarial_mod6,local_gap_fixed,185002,195002,190002.0,828,819,819,0,9,0.010869565217391304,1.0,0.9891304347826086,0.994535519125683,0.5990945811946838
adversarial_mod6_noise_50,adversarial_mod6,local_gap_fixed,190002,200000,195001.0,814,813,813,0,1,0.0012285012285012285,1.0,0.9987714987714987,0.9993853718500306,0.60643656827674
adversarial_mod6_noise_50,adversarial_mod6,local_gap_fixed,195002,200000,197501.0,411,411,411,0,0,0.0,1.0,1.0,1.0,0.5903876175490064
adversarial_mod6_noise_50,adversarial_mod6,adaptive_window,2,10002,5002.0,1229,1220,1220,0,9,0.007323026851098454,1.0,0.9926769731489016,0.9963250306247448,0.5454597100159476
adversarial_mod6_noise_50,adversarial_mod6,adaptive_window,5002,15002,10002.0,1085,1068,1068,0,17,0.01566820276497696,1.0,0.9843317972350231,0.9921040408732003,0.5738490286041295
adversarial_mod6_noise_50,adversarial_mod6,adaptive_window,10002,20002,15002.0,1033,1021,1021,0,12,0.011616650532429816,1.0,0.9883833494675702,0.9941577409931841,0.5729452034066257
adversarial_mod6_noise_50,adversarial_mod6,adaptive_window,15002,25002,20002.0,1008,1000,1000,0,8,0.007936507936507936,1.0,0.9920634920634921,0.9960159362549801,0.5640146207933293
adversarial_mod6_noise_50,adversarial_mod6,adaptive_window,20002,30002,25002.0,983,979,979,0,4,0.004069175991861648,1.0,0.9959308240081384,0.9979612640163099,0.5673980369068926
adversarial_mod6_noise_50,adversarial_mod6,adaptive_window,25002,35002,30002.0,970,961,961,0,9,0.009278350515463918,1.0,0.9907216494845361,0.9953392024857587,0.587742999663746
adversarial_mod6_noise_50,adversarial_mod6,adaptive_window,30002,40002,35002.0,958,943,943,0,15,0.015657620041753653,1.0,0.9843423799582464,0.9921094160967912,0.5832618412706733
adversarial_mod6_noise_50,adversarial_mod6,adaptive_window,35002,45002,40002.0,943,935,935,0,8,0.008483563096500531,1.0,0.9915164369034994,0.9957401490947817,0.5656943619088548
adversarial_mod6_noise_50,adversarial_mod6,adaptive_window,40002,50002,45002.0,930,926,926,0,4,0.004301075268817204,1.0,0.9956989247311828,0.997844827586207,0.5818075098589026
adversarial_mod6_noise_50,adversarial_mod6,adaptive_window,45002,55002,50002.0,916,911,911,0,5,0.0054585152838427945,1.0,0.9945414847161572,0.997263273125342,0.5831322823111624
adversarial_mod6_noise_50,adversarial_mod6,adaptive_window,50002,60002,55002.0,924,918,918,0,6,0.006493506493506494,1.0,0.9935064935064936,0.9967426710097721,0.5717657254938457
adversarial_mod6_noise_50,adversarial_mod6,adaptive_window,55002,65002,60002.0,902,894,894,0,8,0.008869179600886918,1.0,0.991130820399113,0.9955456570155902,0.5875089739489149
adversarial_mod6_noise_50,adversarial_mod6,adaptive_window,60002,70002,65002.0,879,869,869,0,10,0.011376564277588168,1.0,0.9886234357224118,0.994279176201373,0.5928106726020932
adversarial_mod6_noise_50,adversarial_mod6,adaptive_window,65002,75002,70002.0,900,894,894,0,6,0.006666666666666667,1.0,0.9933333333333333,0.9966555183946488,0.5677510028073607
adversarial_mod6_noise_50,adversarial_mod6,adaptive_window,70002,80002,75002.0,901,899,899,0,2,0.0022197558268590455,1.0,0.9977802441731409,0.9988888888888888,0.5747051538985564
adversarial_mod6_noise_50,adversarial_mod6,adaptive_window,75002,85002,80002.0,884,875,875,0,9,0.010180995475113122,1.0,0.9898190045248869,0.9948834565093804,0.5925934924453508
adversarial_mod6_noise_50,adversarial_mod6,adaptive_window,80002,90002,85002.0,877,864,864,0,13,0.014823261117445839,1.0,0.9851767388825542,0.9925330269959792,0.5977949327515115
adversarial_mod6_noise_50,adversarial_mod6,adaptive_window,85002,95002,90002.0,880,865,865,0,15,0.017045454545454544,1.0,0.9829545454545454,0.9914040114613181,0.6046509801650255
adversarial_mod6_noise_50,adversarial_mod6,adaptive_window,90002,100002,95002.0,878,865,865,0,13,0.014806378132118452,1.0,0.9851936218678815,0.9925415949512335,0.6063094275610662
adversarial_mod6_noise_50,adversarial_mod6,adaptive_window,95002,105002,100002.0,867,864,864,0,3,0.0034602076124567475,1.0,0.9965397923875432,0.9982668977469671,0.5864061231470102
adversarial_mod6_noise_50,adversarial_mod6,adaptive_window,100002,110002,105002.0,861,860,860,0,1,0.0011614401858304297,1.0,0.9988385598141696,0.999418942475305,0.5858599868110325
adversarial_mod6_noise_50,adversarial_mod6,adaptive_window,105002,115002,110002.0,848,844,844,0,4,0.0047169811320754715,1.0,0.9952830188679245,0.9976359338061466,0.6116724132575782
adversarial_mod6_noise_50,adversarial_mod6,adaptive_window,110002,120002,115002.0,848,837,837,0,11,0.012971698113207548,1.0,0.9870283018867925,0.9934718100890207,0.6140423502104758
adversarial_mod6_noise_50,adversarial_mod6,adaptive_window,115002,125002,120002.0,862,851,851,0,11,0.012761020881670533,1.0,0.9872389791183295,0.9935785172212492,0.5911838080091819
adversarial_mod6_noise_50,adversarial_mod6,adaptive_window,120002,130002,125002.0,858,854,854,0,4,0.004662004662004662,1.0,0.9953379953379954,0.9976635514018692,0.5780996106193154
adversarial_mod6_noise_50,adversarial_mod6,adaptive_window,125002,135002,130002.0,842,832,832,0,10,0.011876484560570071,1.0,0.9881235154394299,0.994026284348865,0.603710550736358
adversarial_mod6_noise_50,adversarial_mod6,adaptive_window,130002,140002,135002.0,851,836,836,0,15,0.01762632197414806,1.0,0.982373678025852,0.991108476585655,0.599379981607518
adversarial_mod6_noise_50,adversarial_mod6,adaptive_window,135002,145002,140002.0,846,839,839,0,7,0.008274231678486997,1.0,0.991725768321513,0.9958456973293769,0.5846861428561358
adversarial_mod6_noise_50,adversarial_mod6,adaptive_window,140002,150002,145002.0,839,836,836,0,3,0.003575685339690107,1.0,0.9964243146603099,0.9982089552238805,0.5737018152318415
adversarial_mod6_noise_50,adversarial_mod6,adaptive_window,145002,155002,150002.0,850,845,845,0,5,0.0058823529411764705,1.0,0.9941176470588236,0.9970501474926253,0.5804748046460356
adversarial_mod6_noise_50,adversarial_mod6,adaptive_window,150002,160002,155002.0,835,826,826,0,9,0.010778443113772455,1.0,0.9892215568862276,0.9945815773630344,0.608130406793564
adversarial_mod6_noise_50,adversarial_mod6,adaptive_window,155002,165002,160002.0,822,816,816,0,6,0.0072992700729927005,1.0,0.9927007299270073,0.9963369963369962,0.5947789603414927
adversarial_mod6_noise_50,adversarial_mod6,adaptive_window,160002,170002,165002.0,813,808,808,0,5,0.006150061500615006,1.0,0.993849938499385,0.9969154842689698,0.6012669212851849
adversarial_mod6_noise_50,adversarial_mod6,adaptive_window,165002,175002,170002.0,822,814,814,0,8,0.009732360097323601,1.0,0.9902676399026764,0.9951100244498777,0.5884799092397535
adversarial_mod6_noise_50,adversarial_mod6,adaptive_window,170002,180002,175002.0,846,841,841,0,5,0.00591016548463357,1.0,0.9940898345153665,0.9970361588618851,0.5781724397368131
adversarial_mod6_noise_50,adversarial_mod6,adaptive_window,175002,185002,180002.0,829,813,813,0,16,0.019300361881785282,1.0,0.9806996381182147,0.9902557856272838,0.605443830996121
adversarial_mod6_noise_50,adversarial_mod6,adaptive_window,180002,190002,185002.0,827,805,805,0,22,0.026602176541717048,1.0,0.973397823458283,0.9865196078431373,0.6018439227037298
adversarial_mod6_noise_50,adversarial_mod6,adaptive_window,185002,195002,190002.0,828,819,819,0,9,0.010869565217391304,1.0,0.9891304347826086,0.994535519125683,0.6035817462667961
adversarial_mod6_noise_50,adversarial_mod6,adaptive_window,190002,200000,195001.0,814,813,813,0,1,0.0012285012285012285,1.0,0.9987714987714987,0.9993853718500306,0.60643656827674
adversarial_mod6_noise_50,adversarial_mod6,adaptive_window,195002,200000,197501.0,411,411,411,0,0,0.0,1.0,1.0,1.0,0.5903876175490064
adversarial_mod6_noise_100,adversarial_mod6,raw,2,10002,5002.0,1229,1082,306,776,923,0.11960943856794141,0.2828096118299446,0.24898291293734745,0.26482042405884904,0.6927046164507932
adversarial_mod6_noise_100,adversarial_mod6,raw,5002,15002,10002.0,1085,1063,252,811,833,0.020276497695852536,0.23706491063029161,0.23225806451612904,0.2346368715083799,0.6325976444526233
adversarial_mod6_noise_100,adversarial_mod6,raw,10002,20002,15002.0,1033,1122,242,880,791,0.08615682478218781,0.21568627450980393,0.23426911907066797,0.22459396751740143,0.5830375576623669
adversarial_mod6_noise_100,adversarial_mod6,raw,15002,25002,20002.0,1008,1136,245,891,763,0.12698412698412698,0.21566901408450703,0.24305555555555555,0.228544776119403,0.5587055814111207
adversarial_mod6_noise_100,adversarial_mod6,raw,20002,30002,25002.0,983,1112,245,867,738,0.13123092573753814,0.22032374100719423,0.24923702950152593,0.23389021479713604,0.5622982859249092
adversarial_mod6_noise_100,adversarial_mod6,raw,25002,35002,30002.0,970,1137,261,876,709,0.17216494845360825,0.22955145118733508,0.2690721649484536,0.24774560987185573,0.5552665554050128
adversarial_mod6_noise_100,adversarial_mod6,raw,30002,40002,35002.0,958,1124,253,871,705,0.1732776617954071,0.22508896797153025,0.2640918580375783,0.24303554274735834,0.5484714006785011
adversarial_mod6_noise_100,adversarial_mod6,raw,35002,45002,40002.0,943,1125,247,878,696,0.19300106044538706,0.21955555555555556,0.26193001060445387,0.23887814313346228,0.5651014942388173
adversarial_mod6_noise_100,adversarial_mod6,raw,40002,50002,45002.0,930,1115,224,891,706,0.1989247311827957,0.20089686098654708,0.24086021505376345,0.21907090464547674,0.5605123206536528
adversarial_mod6_noise_100,adversarial_mod6,raw,45002,55002,50002.0,916,1104,197,907,719,0.2052401746724891,0.17844202898550723,0.21506550218340612,0.19504950495049506,0.5384165203992172
adversarial_mod6_noise_100,adversarial_mod6,raw,50002,60002,55002.0,924,1121,214,907,710,0.2132034632034632,0.19090098126672614,0.23160173160173161,0.20929095354523228,0.5582345244432361
adversarial_mod6_noise_100,adversarial_mod6,raw,55002,65002,60002.0,902,1136,205,931,697,0.25942350332594233,0.18045774647887325,0.22727272727272727,0.2011776251226693,0.566040241804178
adversarial_mod6_noise_100,adversarial_mod6,raw,60002,70002,65002.0,879,1119,206,913,673,0.27303754266211605,0.1840929401251117,0.23435722411831628,0.20620620620620625,0.5493868069544856
adversarial_mod6_noise_100,adversarial_mod6,raw,65002,75002,70002.0,900,1117,223,894,677,0.2411111111111111,0.19964189794091317,0.2477777777777778,0.22112047595438772,0.5358193191821855
adversarial_mod6_noise_100,adversarial_mod6,raw,70002,80002,75002.0,901,1133,234,899,667,0.25749167591564925,0.20653133274492497,0.2597114317425083,0.23008849557522124,0.5435797725402076
adversarial_mod6_noise_100,adversarial_mod6,raw,75002,85002,80002.0,884,1138,232,906,652,0.2873303167420814,0.2038664323374341,0.26244343891402716,0.2294757665677547,0.5464173778543053
adversarial_mod6_noise_100,adversarial_mod6,raw,80002,90002,85002.0,877,1122,221,901,656,0.27936145952109465,0.19696969696969696,0.2519954389965792,0.22111055527763882,0.5452920423593626
adversarial_mod6_noise_100,adversarial_mod6,raw,85002,95002,90002.0,880,1162,238,924,642,0.32045454545454544,0.20481927710843373,0.27045454545454545,0.23310479921645444,0.5511491982244378
adversarial_mod6_noise_100,adversarial_mod6,raw,90002,100002,95002.0,878,1172,223,949,655,0.3348519362186788,0.19027303754266212,0.2539863325740319,0.2175609756097561,0.5542183916111197
adversarial_mod6_noise_100,adversarial_mod6,raw,95002,105002,100002.0,867,1136,208,928,659,0.3102652825836217,0.18309859154929578,0.23990772779700115,0.2076884672990514,0.5471894528609184
adversarial_mod6_noise_100,adversarial_mod6,raw,100002,110002,105002.0,861,1161,229,932,632,0.34843205574912894,0.19724375538329025,0.2659698025551684,0.22650840751730955,0.5389382417715979
adversarial_mod6_noise_100,adversarial_mod6,raw,105002,115002,110002.0,848,1108,224,884,624,0.30660377358490565,0.20216606498194944,0.2641509433962264,0.22903885480572594,0.5600859785100766
adversarial_mod6_noise_100,adversarial_mod6,raw,110002,120002,115002.0,848,1108,221,887,627,0.30660377358490565,0.19945848375451264,0.2606132075471698,0.22597137014314927,0.5630563369121783
adversarial_mod6_noise_100,adversarial_mod6,raw,115002,125002,120002.0,862,1110,206,904,656,0.2877030162412993,0.18558558558558558,0.23897911832946636,0.20892494929006084,0.5504704832672117
adversarial_mod6_noise_100,adversarial_mod6,raw,120002,130002,125002.0,858,1075,200,875,658,0.2529137529137529,0.18604651162790697,0.2331002331002331,0.20693222969477496,0.5539162895595828
adversarial_mod6_noise_100,adversarial_mod6,raw,125002,135002,130002.0,842,1108,214,894,628,0.3159144893111639,0.1931407942238267,0.25415676959619954,0.21948717948717947,0.5457001585083351
adversarial_mod6_noise_100,adversarial_mod6,raw,130002,140002,135002.0,851,1118,223,895,628,0.3137485311398355,0.19946332737030412,0.2620446533490012,0.2265109192483494,0.5478796522961307
adversarial_mod6_noise_100,adversarial_mod6,raw,135002,145002,140002.0,846,1120,230,890,616,0.32387706855791965,0.20535714285714285,0.2718676122931442,0.23397761953204477,0.5604157517292876
adversarial_mod6_noise_100,adversarial_mod6,raw,140002,150002,145002.0,839,1116,230,886,609,0.3301549463647199,0.2060931899641577,0.27413587604290823,0.23529411764705882,0.5563834770037155
adversarial_mod6_noise_100,adversarial_mod6,raw,145002,155002,150002.0,850,1127,224,903,626,0.32588235294117646,0.19875776397515527,0.2635294117647059,0.22660596863935256,0.5455553991486506
adversarial_mod6_noise_100,adversarial_mod6,raw,150002,160002,155002.0,835,1110,198,912,637,0.32934131736526945,0.1783783783783784,0.237125748502994,0.20359897172236505,0.5482750630232389
adversarial_mod6_noise_100,adversarial_mod6,raw,155002,165002,160002.0,822,1066,184,882,638,0.29683698296836986,0.1726078799249531,0.22384428223844283,0.19491525423728812,0.558354579660464
adversarial_mod6_noise_100,adversarial_mod6,raw,160002,170002,165002.0,813,1114,200,914,613,0.37023370233702335,0.17953321364452424,0.24600246002460024,0.2075765438505449,0.5564286053644398
adversarial_mod6_noise_100,adversarial_mod6,raw,165002,175002,170002.0,822,1136,212,924,610,0.3819951338199513,0.18661971830985916,0.25790754257907544,0.21654749744637386,0.5561577106897018
adversarial_mod6_noise_100,adversarial_mod6,raw,170002,180002,175002.0,846,1123,221,902,625,0.32742316784869974,0.19679430097951914,0.26122931442080377,0.22447943118334182,0.55371983385703
adversarial_mod6_noise_100,adversarial_mod6,raw,175002,185002,180002.0,829,1173,212,961,617,0.4149577804583836,0.18073316283034954,0.255729794933655,0.21178821178821178,0.5389144491829031
adversarial_mod6_noise_100,adversarial_mod6,raw,180002,190002,185002.0,827,1179,202,977,625,0.42563482466747277,0.17133163698049195,0.24425634824667472,0.20139581256231304,0.5309940275242013
adversarial_mod6_noise_100,adversarial_mod6,raw,185002,195002,190002.0,828,1146,202,944,626,0.38405797101449274,0.1762652705061082,0.24396135265700483,0.20466058763931103,0.5277956398892747
adversarial_mod6_noise_100,adversarial_mod6,raw,190002,200000,195001.0,814,1154,204,950,610,0.4176904176904177,0.17677642980935876,0.25061425061425063,0.2073170731707317,0.5305910053900718
adversarial_mod6_noise_100,adversarial_mod6,raw,195002,200000,197501.0,411,580,106,474,305,0.41119221411192214,0.18275862068965518,0.25790754257907544,0.21392532795156408,0.534018401825042
adversarial_mod6_noise_100,adversarial_mod6,sieve_cleaned,2,10002,5002.0,1229,306,306,0,923,0.7510170870626526,1.0,0.24898291293734745,0.3986970684039088,3.2008001985065424
adversarial_mod6_noise_100,adversarial_mod6,sieve_cleaned,5002,15002,10002.0,1085,252,252,0,833,0.7677419354838709,1.0,0.23225806451612904,0.3769633507853404,3.434352201106577
adversarial_mod6_noise_100,adversarial_mod6,sieve_cleaned,10002,20002,15002.0,1033,242,242,0,791,0.7657308809293321,1.0,0.23426911907066797,0.3796078431372549,3.4001903961414515
adversarial_mod6_noise_100,adversarial_mod6,sieve_cleaned,15002,25002,20002.0,1008,245,245,0,763,0.7569444444444444,1.0,0.24305555555555555,0.39106145251396646,3.198029042706543
adversarial_mod6_noise_100,adversarial_mod6,sieve_cleaned,20002,30002,25002.0,983,245,245,0,738,0.7507629704984741,1.0,0.24923702950152593,0.39902280130293155,3.1682182247006936
adversarial_mod6_noise_100,adversarial_mod6,sieve_cleaned,25002,35002,30002.0,970,261,261,0,709,0.7309278350515463,1.0,0.2690721649484536,0.4240454914703493,2.8507369817423514
adversarial_mod6_noise_100,adversarial_mod6,sieve_cleaned,30002,40002,35002.0,958,253,253,0,705,0.7359081419624217,1.0,0.2640918580375783,0.4178364987613542,2.8915158136184407
adversarial_mod6_noise_100,adversarial_mod6,sieve_cleaned,35002,45002,40002.0,943,247,247,0,696,0.7380699893955461,1.0,0.26193001060445387,0.4151260504201681,2.9210881349813316
adversarial_mod6_noise_100,adversarial_mod6,sieve_cleaned,40002,50002,45002.0,930,224,224,0,706,0.7591397849462366,1.0,0.24086021505376345,0.3882149046793761,3.3147683463122903
adversarial_mod6_noise_100,adversarial_mod6,sieve_cleaned,45002,55002,50002.0,916,197,197,0,719,0.7849344978165939,1.0,0.21506550218340612,0.35399820305480684,3.717846982223161
adversarial_mod6_noise_100,adversarial_mod6,sieve_cleaned,50002,60002,55002.0,924,214,214,0,710,0.7683982683982684,1.0,0.23160173160173161,0.37609841827768015,3.3774238698574983
adversarial_mod6_noise_100,adversarial_mod6,sieve_cleaned,55002,65002,60002.0,902,205,205,0,697,0.7727272727272727,1.0,0.22727272727272727,0.37037037037037035,3.5539113132273137
adversarial_mod6_noise_100,adversarial_mod6,sieve_cleaned,60002,70002,65002.0,879,206,206,0,673,0.7656427758816837,1.0,0.23435722411831628,0.3797235023041475,3.5275882756467603
adversarial_mod6_noise_100,adversarial_mod6,sieve_cleaned,65002,75002,70002.0,900,223,223,0,677,0.7522222222222222,1.0,0.2477777777777778,0.39715048975957257,3.1671362627177437
adversarial_mod6_noise_100,adversarial_mod6,sieve_cleaned,70002,80002,75002.0,901,234,234,0,667,0.7402885682574917,1.0,0.2597114317425083,0.41233480176211457,2.95129294799387
adversarial_mod6_noise_100,adversarial_mod6,sieve_cleaned,75002,85002,80002.0,884,232,232,0,652,0.7375565610859729,1.0,0.26244343891402716,0.41577060931899645,2.970959522700882
adversarial_mod6_noise_100,adversarial_mod6,sieve_cleaned,80002,90002,85002.0,877,221,221,0,656,0.7480045610034207,1.0,0.2519954389965792,0.4025500910746812,3.1244310419749275
adversarial_mod6_noise_100,adversarial_mod6,sieve_cleaned,85002,95002,90002.0,880,238,238,0,642,0.7295454545454545,1.0,0.27045454545454545,0.42576028622540246,2.8361603021692217
adversarial_mod6_noise_100,adversarial_mod6,sieve_cleaned,90002,100002,95002.0,878,223,223,0,655,0.7460136674259681,1.0,0.2539863325740319,0.40508628519527706,3.0273733773354903
adversarial_mod6_noise_100,adversarial_mod6,sieve_cleaned,95002,105002,100002.0,867,208,208,0,659,0.7600922722029988,1.0,0.23990772779700115,0.3869767441860465,3.279757068089961
adversarial_mod6_noise_100,adversarial_mod6,sieve_cleaned,100002,110002,105002.0,861,229,229,0,632,0.7340301974448316,1.0,0.2659698025551684,0.4201834862385321,2.9477216576001273
adversarial_mod6_noise_100,adversarial_mod6,sieve_cleaned,105002,115002,110002.0,848,224,224,0,624,0.7358490566037735,1.0,0.2641509433962264,0.41791044776119407,3.0025074615573972
adversarial_mod6_noise_100,adversarial_mod6,sieve_cleaned,110002,120002,115002.0,848,221,221,0,627,0.7393867924528302,1.0,0.2606132075471698,0.41347053320860616,3.0287946440197393
adversarial_mod6_noise_100,adversarial_mod6,sieve_cleaned,115002,125002,120002.0,862,206,206,0,656,0.7610208816705336,1.0,0.23897911832946636,0.38576779026217234,3.2856218949246636
adversarial_mod6_noise_100,adversarial_mod6,sieve_cleaned,120002,130002,125002.0,858,200,200,0,658,0.7668997668997669,1.0,0.2331002331002331,0.37807183364839314,3.379521895338748
adversarial_mod6_noise_100,adversarial_mod6,sieve_cleaned,125002,135002,130002.0,842,214,214,0,628,0.7458432304038005,1.0,0.25415676959619954,0.40530303030303033,3.145704568253681
adversarial_mod6_noise_100,adversarial_mod6,sieve_cleaned,130002,140002,135002.0,851,223,223,0,628,0.7379553466509988,1.0,0.2620446533490012,0.415270018621974,2.923028175113617
adversarial_mod6_noise_100,adversarial_mod6,sieve_cleaned,135002,145002,140002.0,846,230,230,0,616,0.7281323877068558,1.0,0.2718676122931442,0.4275092936802974,2.826376776804433
adversarial_mod6_noise_100,adversarial_mod6,sieve_cleaned,140002,150002,145002.0,839,230,230,0,609,0.7258641239570918,1.0,0.27413587604290823,0.4303086997193639,2.8067614233987443
adversarial_mod6_noise_100,adversarial_mod6,sieve_cleaned,145002,155002,150002.0,850,224,224,0,626,0.7364705882352941,1.0,0.2635294117647059,0.4171322160148976,2.928830332622181
adversarial_mod6_noise_100,adversarial_mod6,sieve_cleaned,150002,160002,155002.0,835,198,198,0,637,0.7628742514970059,1.0,0.237125748502994,0.3833494675701839,3.3585522279277678
adversarial_mod6_noise_100,adversarial_mod6,sieve_cleaned,155002,165002,160002.0,822,184,184,0,638,0.7761557177615572,1.0,0.22384428223844283,0.3658051689860835,3.6239225942809097
adversarial_mod6_noise_100,adversarial_mod6,sieve_cleaned,160002,170002,165002.0,813,200,200,0,613,0.7539975399753998,1.0,0.24600246002460024,0.39486673247778875,3.23779103648431
adversarial_mod6_noise_100,adversarial_mod6,sieve_cleaned,165002,175002,170002.0,822,212,212,0,610,0.7420924574209246,1.0,0.25790754257907544,0.4100580270793037,3.0231975755890956
adversarial_mod6_noise_100,adversarial_mod6,sieve_cleaned,170002,180002,175002.0,846,221,221,0,625,0.7387706855791962,1.0,0.26122931442080377,0.41424554826616683,2.872949299598217
adversarial_mod6_noise_100,adversarial_mod6,sieve_cleaned,175002,185002,180002.0,829,212,212,0,617,0.744270205066345,1.0,0.255729794933655,0.4073006724303554,3.057774469828114
adversarial_mod6_noise_100,adversarial_mod6,sieve_cleaned,180002,190002,185002.0,827,202,202,0,625,0.7557436517533253,1.0,0.24425634824667472,0.3926141885325559,3.2365115532949487
adversarial_mod6_noise_100,adversarial_mod6,sieve_cleaned,185002,195002,190002.0,828,202,202,0,626,0.7560386473429952,1.0,0.24396135265700483,0.39223300970873787,3.1728444629074772
adversarial_mod6_noise_100,adversarial_mod6,sieve_cleaned,190002,200000,195001.0,814,204,204,0,610,0.7493857493857494,1.0,0.25061425061425063,0.4007858546168959,3.1316536100574073
adversarial_mod6_noise_100,adversarial_mod6,sieve_cleaned,195002,200000,197501.0,411,106,106,0,305,0.7420924574209246,1.0,0.25790754257907544,0.4100580270793037,3.0275904055008254
adversarial_mod6_noise_100,adversarial_mod6,density_only,2,10002,5002.0,1229,1221,1221,0,8,0.006509357200976403,1.0,0.9934906427990235,0.996734693877551,0.5420968458806537
adversarial_mod6_noise_100,adversarial_mod6,density_only,5002,15002,10002.0,1085,1074,1074,0,11,0.010138248847926268,1.0,0.9898617511520738,0.9949050486336267,0.5710046687144441
adversarial_mod6_noise_100,adversarial_mod6,density_only,10002,20002,15002.0,1033,1018,1018,0,15,0.01452081316553727,1.0,0.9854791868344628,0.9926864943929791,0.5843692092511844
adversarial_mod6_noise_100,adversarial_mod6,density_only,15002,25002,20002.0,1008,1000,1000,0,8,0.007936507936507936,1.0,0.9920634920634921,0.9960159362549801,0.5680934258081586
adversarial_mod6_noise_100,adversarial_mod6,density_only,20002,30002,25002.0,983,980,980,0,3,0.003051881993896236,1.0,0.9969481180061037,0.9984717269485481,0.5662233651492014
adversarial_mod6_noise_100,adversarial_mod6,density_only,25002,35002,30002.0,970,962,962,0,8,0.008247422680412371,1.0,0.9917525773195877,0.9958592132505176,0.5828941681544825
adversarial_mod6_noise_100,adversarial_mod6,density_only,30002,40002,35002.0,958,945,945,0,13,0.013569937369519834,1.0,0.9864300626304802,0.9931686810299527,0.5800353181573543
adversarial_mod6_noise_100,adversarial_mod6,density_only,35002,45002,40002.0,943,935,935,0,8,0.008483563096500531,1.0,0.9915164369034994,0.9957401490947817,0.5662704774244034
adversarial_mod6_noise_100,adversarial_mod6,density_only,40002,50002,45002.0,930,926,926,0,4,0.004301075268817204,1.0,0.9956989247311828,0.997844827586207,0.5774952742593266
adversarial_mod6_noise_100,adversarial_mod6,density_only,45002,55002,50002.0,916,911,911,0,5,0.0054585152838427945,1.0,0.9945414847161572,0.997263273125342,0.5823220010442363
adversarial_mod6_noise_100,adversarial_mod6,density_only,50002,60002,55002.0,924,918,918,0,6,0.006493506493506494,1.0,0.9935064935064936,0.9967426710097721,0.5733211522167405
adversarial_mod6_noise_100,adversarial_mod6,density_only,55002,65002,60002.0,902,894,894,0,8,0.008869179600886918,1.0,0.991130820399113,0.9955456570155902,0.5883248847046326
adversarial_mod6_noise_100,adversarial_mod6,density_only,60002,70002,65002.0,879,870,870,0,9,0.010238907849829351,1.0,0.9897610921501706,0.9948542024013721,0.5932451501061291
adversarial_mod6_noise_100,adversarial_mod6,density_only,65002,75002,70002.0,900,895,895,0,5,0.005555555555555556,1.0,0.9944444444444445,0.9972144846796658,0.5698856570288559
adversarial_mod6_noise_100,adversarial_mod6,density_only,70002,80002,75002.0,901,896,896,0,5,0.005549389567147614,1.0,0.9944506104328524,0.9972175848636617,0.5775047879923235
adversarial_mod6_noise_100,adversarial_mod6,density_only,75002,85002,80002.0,884,875,875,0,9,0.010180995475113122,1.0,0.9898190045248869,0.9948834565093804,0.5940872559710019
adversarial_mod6_noise_100,adversarial_mod6,density_only,80002,90002,85002.0,877,863,863,0,14,0.01596351197263398,1.0,0.984036488027366,0.9919540229885058,0.5990628477535774
adversarial_mod6_noise_100,adversarial_mod6,density_only,85002,95002,90002.0,880,866,866,0,14,0.015909090909090907,1.0,0.9840909090909091,0.9919816723940436,0.6052626779888951
adversarial_mod6_noise_100,adversarial_mod6,density_only,90002,100002,95002.0,878,869,869,0,9,0.010250569476082005,1.0,0.989749430523918,0.9948483113909559,0.6024956453676694
adversarial_mod6_noise_100,adversarial_mod6,density_only,95002,105002,100002.0,867,863,863,0,4,0.00461361014994233,1.0,0.9953863898500577,0.9976878612716763,0.5890519653188688
adversarial_mod6_noise_100,adversarial_mod6,density_only,100002,110002,105002.0,861,858,858,0,3,0.003484320557491289,1.0,0.9965156794425087,0.9982547993019197,0.5880338617248746
adversarial_mod6_noise_100,adversarial_mod6,density_only,105002,115002,110002.0,848,845,845,0,3,0.003537735849056604,1.0,0.9964622641509434,0.9982279976373302,0.6101744059528887
adversarial_mod6_noise_100,adversarial_mod6,density_only,110002,120002,115002.0,848,843,843,0,5,0.00589622641509434,1.0,0.9941037735849056,0.997043169722058,0.610353032550833
adversarial_mod6_noise_100,adversarial_mod6,density_only,115002,125002,120002.0,862,850,850,0,12,0.013921113689095127,1.0,0.9860788863109049,0.9929906542056075,0.5962040249018788
adversarial_mod6_noise_100,adversarial_mod6,density_only,120002,130002,125002.0,858,850,850,0,8,0.009324009324009324,1.0,0.9906759906759907,0.9953161592505855,0.5844364907281436
adversarial_mod6_noise_100,adversarial_mod6,density_only,125002,135002,130002.0,842,834,834,0,8,0.009501187648456057,1.0,0.9904988123515439,0.9952267303102625,0.5997204858763643
adversarial_mod6_noise_100,adversarial_mod6,density_only,130002,140002,135002.0,851,836,836,0,15,0.01762632197414806,1.0,0.982373678025852,0.991108476585655,0.5957832824910073
adversarial_mod6_noise_100,adversarial_mod6,density_only,135002,145002,140002.0,846,837,837,0,9,0.010638297872340425,1.0,0.9893617021276596,0.9946524064171123,0.5873675804483034
adversarial_mod6_noise_100,adversarial_mod6,density_only,140002,150002,145002.0,839,835,835,0,4,0.004767580452920143,1.0,0.9952324195470799,0.997610513739546,0.5755709519188903
adversarial_mod6_noise_100,adversarial_mod6,density_only,145002,155002,150002.0,850,842,842,0,8,0.009411764705882352,1.0,0.9905882352941177,0.9952718676122931,0.587374694511107
adversarial_mod6_noise_100,adversarial_mod6,density_only,150002,160002,155002.0,835,827,827,0,8,0.009580838323353293,1.0,0.9904191616766467,0.9951865222623345,0.6094649595685321
adversarial_mod6_noise_100,adversarial_mod6,density_only,155002,165002,160002.0,822,819,819,0,3,0.0036496350364963502,1.0,0.9963503649635036,0.9981718464351006,0.5917833986913135
adversarial_mod6_noise_100,adversarial_mod6,density_only,160002,170002,165002.0,813,810,810,0,3,0.0036900369003690036,1.0,0.996309963099631,0.9981515711645101,0.601423791578375
adversarial_mod6_noise_100,adversarial_mod6,density_only,165002,175002,170002.0,822,814,814,0,8,0.009732360097323601,1.0,0.9902676399026764,0.9951100244498777,0.5923559018796427
adversarial_mod6_noise_100,adversarial_mod6,density_only,170002,180002,175002.0,846,840,840,0,6,0.0070921985815602835,1.0,0.9929078014184397,0.9964412811387899,0.5835928559081509
adversarial_mod6_noise_100,adversarial_mod6,density_only,175002,185002,180002.0,829,817,817,0,12,0.014475271411338963,1.0,0.985524728588661,0.9927095990279465,0.6147594253863489
adversarial_mod6_noise_100,adversarial_mod6,density_only,180002,190002,185002.0,827,804,804,0,23,0.02781136638452237,1.0,0.9721886336154776,0.9858982219497241,0.6124185468112935
adversarial_mod6_noise_100,adversarial_mod6,density_only,185002,195002,190002.0,828,816,816,0,12,0.014492753623188406,1.0,0.9855072463768116,0.9927007299270074,0.6064561377298411
adversarial_mod6_noise_100,adversarial_mod6,density_only,190002,200000,195001.0,814,813,813,0,1,0.0012285012285012285,1.0,0.9987714987714987,0.9993853718500306,0.6052663279932834
adversarial_mod6_noise_100,adversarial_mod6,density_only,195002,200000,197501.0,411,410,410,0,1,0.0024330900243309003,1.0,0.9975669099756691,0.9987819732034106,0.5878661170604743
adversarial_mod6_noise_100,adversarial_mod6,local_gap_fixed,2,10002,5002.0,1229,1218,1218,0,11,0.008950366151342554,1.0,0.9910496338486574,0.9955046996322027,0.5418963017517064
adversarial_mod6_noise_100,adversarial_mod6,local_gap_fixed,5002,15002,10002.0,1085,1067,1067,0,18,0.016589861751152075,1.0,0.9834101382488479,0.991635687732342,0.5696601943215301
adversarial_mod6_noise_100,adversarial_mod6,local_gap_fixed,10002,20002,15002.0,1033,1020,1020,0,13,0.012584704743465635,1.0,0.9874152952565344,0.9936678032148076,0.5723217481296162
adversarial_mod6_noise_100,adversarial_mod6,local_gap_fixed,15002,25002,20002.0,1008,1001,1001,0,7,0.006944444444444444,1.0,0.9930555555555556,0.9965156794425087,0.5592716053767971
adversarial_mod6_noise_100,adversarial_mod6,local_gap_fixed,20002,30002,25002.0,983,980,980,0,3,0.003051881993896236,1.0,0.9969481180061037,0.9984717269485481,0.5621378534976382
adversarial_mod6_noise_100,adversarial_mod6,local_gap_fixed,25002,35002,30002.0,970,962,962,0,8,0.008247422680412371,1.0,0.9917525773195877,0.9958592132505176,0.5775059185159669
adversarial_mod6_noise_100,adversarial_mod6,local_gap_fixed,30002,40002,35002.0,958,945,945,0,13,0.013569937369519834,1.0,0.9864300626304802,0.9931686810299527,0.5723718077738822
adversarial_mod6_noise_100,adversarial_mod6,local_gap_fixed,35002,45002,40002.0,943,934,934,0,9,0.009544008483563097,1.0,0.9904559915164369,0.9952051145444859,0.5624252536599178
adversarial_mod6_noise_100,adversarial_mod6,local_gap_fixed,40002,50002,45002.0,930,926,926,0,4,0.004301075268817204,1.0,0.9956989247311828,0.997844827586207,0.575986135280055
adversarial_mod6_noise_100,adversarial_mod6,local_gap_fixed,45002,55002,50002.0,916,913,913,0,3,0.0032751091703056767,1.0,0.9967248908296943,0.9983597594313832,0.5776359949625475
adversarial_mod6_noise_100,adversarial_mod6,local_gap_fixed,50002,60002,55002.0,924,918,918,0,6,0.006493506493506494,1.0,0.9935064935064936,0.9967426710097721,0.5701494025448868
adversarial_mod6_noise_100,adversarial_mod6,local_gap_fixed,55002,65002,60002.0,902,892,892,0,10,0.011086474501108648,1.0,0.9889135254988913,0.9944258639910815,0.5865909572962674
adversarial_mod6_noise_100,adversarial_mod6,local_gap_fixed,60002,70002,65002.0,879,869,869,0,10,0.011376564277588168,1.0,0.9886234357224118,0.994279176201373,0.5940443782702459
adversarial_mod6_noise_100,adversarial_mod6,local_gap_fixed,65002,75002,70002.0,900,894,894,0,6,0.006666666666666667,1.0,0.9933333333333333,0.9966555183946488,0.5693623316867439
adversarial_mod6_noise_100,adversarial_mod6,local_gap_fixed,70002,80002,75002.0,901,898,898,0,3,0.003329633740288568,1.0,0.9966703662597114,0.9983324068927182,0.5727954385831764
adversarial_mod6_noise_100,adversarial_mod6,local_gap_fixed,75002,85002,80002.0,884,875,875,0,9,0.010180995475113122,1.0,0.9898190045248869,0.9948834565093804,0.5909808074397089
adversarial_mod6_noise_100,adversarial_mod6,local_gap_fixed,80002,90002,85002.0,877,864,864,0,13,0.014823261117445839,1.0,0.9851767388825542,0.9925330269959792,0.5987149262945338
adversarial_mod6_noise_100,adversarial_mod6,local_gap_fixed,85002,95002,90002.0,880,865,865,0,15,0.017045454545454544,1.0,0.9829545454545454,0.9914040114613181,0.6038088192125706
adversarial_mod6_noise_100,adversarial_mod6,local_gap_fixed,90002,100002,95002.0,878,866,866,0,12,0.01366742596810934,1.0,0.9863325740318907,0.9931192660550459,0.6016401415013177
adversarial_mod6_noise_100,adversarial_mod6,local_gap_fixed,95002,105002,100002.0,867,864,864,0,3,0.0034602076124567475,1.0,0.9965397923875432,0.9982668977469671,0.5856001837619565
adversarial_mod6_noise_100,adversarial_mod6,local_gap_fixed,100002,110002,105002.0,861,859,859,0,2,0.0023228803716608595,1.0,0.9976771196283392,0.9988372093023256,0.5857799517306498
adversarial_mod6_noise_100,adversarial_mod6,local_gap_fixed,105002,115002,110002.0,848,845,845,0,3,0.003537735849056604,1.0,0.9964622641509434,0.9982279976373302,0.607394996346448
adversarial_mod6_noise_100,adversarial_mod6,local_gap_fixed,110002,120002,115002.0,848,837,837,0,11,0.012971698113207548,1.0,0.9870283018867925,0.9934718100890207,0.6116498760828136
adversarial_mod6_noise_100,adversarial_mod6,local_gap_fixed,115002,125002,120002.0,862,850,850,0,12,0.013921113689095127,1.0,0.9860788863109049,0.9929906542056075,0.593516093814048
adversarial_mod6_noise_100,adversarial_mod6,local_gap_fixed,120002,130002,125002.0,858,855,855,0,3,0.0034965034965034965,1.0,0.9965034965034965,0.9982486865148862,0.5766510073950941
adversarial_mod6_noise_100,adversarial_mod6,local_gap_fixed,125002,135002,130002.0,842,834,834,0,8,0.009501187648456057,1.0,0.9904988123515439,0.9952267303102625,0.5917023620413293
adversarial_mod6_noise_100,adversarial_mod6,local_gap_fixed,130002,140002,135002.0,851,836,836,0,15,0.01762632197414806,1.0,0.982373678025852,0.991108476585655,0.5873453212862201
adversarial_mod6_noise_100,adversarial_mod6,local_gap_fixed,135002,145002,140002.0,846,837,837,0,9,0.010638297872340425,1.0,0.9893617021276596,0.9946524064171123,0.582144334872247
adversarial_mod6_noise_100,adversarial_mod6,local_gap_fixed,140002,150002,145002.0,839,836,836,0,3,0.003575685339690107,1.0,0.9964243146603099,0.9982089552238805,0.5725112722696937
adversarial_mod6_noise_100,adversarial_mod6,local_gap_fixed,145002,155002,150002.0,850,844,844,0,6,0.007058823529411765,1.0,0.9929411764705882,0.9964580873671782,0.5804071873432392
adversarial_mod6_noise_100,adversarial_mod6,local_gap_fixed,150002,160002,155002.0,835,826,826,0,9,0.010778443113772455,1.0,0.9892215568862276,0.9945815773630344,0.6085645906308487
adversarial_mod6_noise_100,adversarial_mod6,local_gap_fixed,155002,165002,160002.0,822,817,817,0,5,0.006082725060827251,1.0,0.9939172749391727,0.9969493593654667,0.5944645885478872
adversarial_mod6_noise_100,adversarial_mod6,local_gap_fixed,160002,170002,165002.0,813,809,809,0,4,0.004920049200492005,1.0,0.995079950799508,0.9975339087546239,0.6013491415730536
adversarial_mod6_noise_100,adversarial_mod6,local_gap_fixed,165002,175002,170002.0,822,814,814,0,8,0.009732360097323601,1.0,0.9902676399026764,0.9951100244498777,0.5880856814606458
adversarial_mod6_noise_100,adversarial_mod6,local_gap_fixed,170002,180002,175002.0,846,840,840,0,6,0.0070921985815602835,1.0,0.9929078014184397,0.9964412811387899,0.5792634889189759
adversarial_mod6_noise_100,adversarial_mod6,local_gap_fixed,175002,185002,180002.0,829,810,810,0,19,0.022919179734620022,1.0,0.97708082026538,0.9884075655887736,0.6138319683920891
adversarial_mod6_noise_100,adversarial_mod6,local_gap_fixed,180002,190002,185002.0,827,805,805,0,22,0.026602176541717048,1.0,0.973397823458283,0.9865196078431373,0.600157413334262
adversarial_mod6_noise_100,adversarial_mod6,local_gap_fixed,185002,195002,190002.0,828,823,823,0,5,0.006038647342995169,1.0,0.9939613526570048,0.9969715324046032,0.5953784858666962
adversarial_mod6_noise_100,adversarial_mod6,local_gap_fixed,190002,200000,195001.0,814,813,813,0,1,0.0012285012285012285,1.0,0.9987714987714987,0.9993853718500306,0.6060319445513469
adversarial_mod6_noise_100,adversarial_mod6,local_gap_fixed,195002,200000,197501.0,411,410,410,0,1,0.0024330900243309003,1.0,0.9975669099756691,0.9987819732034106,0.5893861186378524
adversarial_mod6_noise_100,adversarial_mod6,adaptive_window,2,10002,5002.0,1229,1220,1220,0,9,0.007323026851098454,1.0,0.9926769731489016,0.9963250306247448,0.5463095694135814
adversarial_mod6_noise_100,adversarial_mod6,adaptive_window,5002,15002,10002.0,1085,1068,1068,0,17,0.01566820276497696,1.0,0.9843317972350231,0.9921040408732003,0.5766416036763841
adversarial_mod6_noise_100,adversarial_mod6,adaptive_window,10002,20002,15002.0,1033,1021,1021,0,12,0.011616650532429816,1.0,0.9883833494675702,0.9941577409931841,0.5795713219800397
adversarial_mod6_noise_100,adversarial_mod6,adaptive_window,15002,25002,20002.0,1008,1000,1000,0,8,0.007936507936507936,1.0,0.9920634920634921,0.9960159362549801,0.5680419238528641
adversarial_mod6_noise_100,adversarial_mod6,adaptive_window,20002,30002,25002.0,983,979,979,0,4,0.004069175991861648,1.0,0.9959308240081384,0.9979612640163099,0.5665885622729184
adversarial_mod6_noise_100,adversarial_mod6,adaptive_window,25002,35002,30002.0,970,964,964,0,6,0.006185567010309278,1.0,0.9938144329896907,0.9968976215098242,0.5804579927570187
adversarial_mod6_noise_100,adversarial_mod6,adaptive_window,30002,40002,35002.0,958,942,942,0,16,0.016701461377870562,1.0,0.9832985386221295,0.991578947368421,0.5815313902847404
adversarial_mod6_noise_100,adversarial_mod6,adaptive_window,35002,45002,40002.0,943,931,931,0,12,0.012725344644750796,1.0,0.9872746553552492,0.9935965848452508,0.5713969368673559
adversarial_mod6_noise_100,adversarial_mod6,adaptive_window,40002,50002,45002.0,930,927,927,0,3,0.0032258064516129032,1.0,0.9967741935483871,0.9983844911147012,0.5781003330472265
adversarial_mod6_noise_100,adversarial_mod6,adaptive_window,45002,55002,50002.0,916,915,915,0,1,0.001091703056768559,1.0,0.9989082969432315,0.9994538503549972,0.5779168057180072
adversarial_mod6_noise_100,adversarial_mod6,adaptive_window,50002,60002,55002.0,924,918,918,0,6,0.006493506493506494,1.0,0.9935064935064936,0.9967426710097721,0.5753284249767979
adversarial_mod6_noise_100,adversarial_mod6,adaptive_window,55002,65002,60002.0,902,890,890,0,12,0.013303769401330377,1.0,0.9866962305986696,0.9933035714285714,0.5924281243518609
adversarial_mod6_noise_100,adversarial_mod6,adaptive_window,60002,70002,65002.0,879,868,868,0,11,0.012514220705346985,1.0,0.987485779294653,0.9937034917000572,0.5954394322195012
adversarial_mod6_noise_100,adversarial_mod6,adaptive_window,65002,75002,70002.0,900,895,895,0,5,0.005555555555555556,1.0,0.9944444444444445,0.9972144846796658,0.570647365986682
adversarial_mod6_noise_100,adversarial_mod6,adaptive_window,70002,80002,75002.0,901,901,901,0,0,0.0,1.0,1.0,1.0,0.5730317933657102
adversarial_mod6_noise_100,adversarial_mod6,adaptive_window,75002,85002,80002.0,884,875,875,0,9,0.010180995475113122,1.0,0.9898190045248869,0.9948834565093804,0.5963600747250697
adversarial_mod6_noise_100,adversarial_mod6,adaptive_window,80002,90002,85002.0,877,863,863,0,14,0.01596351197263398,1.0,0.984036488027366,0.9919540229885058,0.606729951618971
adversarial_mod6_noise_100,adversarial_mod6,adaptive_window,85002,95002,90002.0,880,867,867,0,13,0.014772727272727272,1.0,0.9852272727272727,0.9925586720091585,0.6091029073562583
adversarial_mod6_noise_100,adversarial_mod6,adaptive_window,90002,100002,95002.0,878,865,865,0,13,0.014806378132118452,1.0,0.9851936218678815,0.9925415949512335,0.6046934330625958
adversarial_mod6_noise_100,adversarial_mod6,adaptive_window,95002,105002,100002.0,867,862,862,0,5,0.0057670126874279125,1.0,0.994232987312572,0.9971081550028918,0.5897855129143921
adversarial_mod6_noise_100,adversarial_mod6,adaptive_window,100002,110002,105002.0,861,858,858,0,3,0.003484320557491289,1.0,0.9965156794425087,0.9982547993019197,0.5869094604142032
adversarial_mod6_noise_100,adversarial_mod6,adaptive_window,105002,115002,110002.0,848,845,845,0,3,0.003537735849056604,1.0,0.9964622641509434,0.9982279976373302,0.6090326856646833
adversarial_mod6_noise_100,adversarial_mod6,adaptive_window,110002,120002,115002.0,848,837,837,0,11,0.012971698113207548,1.0,0.9870283018867925,0.9934718100890207,0.616436241696546
adversarial_mod6_noise_100,adversarial_mod6,adaptive_window,115002,125002,120002.0,862,850,850,0,12,0.013921113689095127,1.0,0.9860788863109049,0.9929906542056075,0.5981758331296251
adversarial_mod6_noise_100,adversarial_mod6,adaptive_window,120002,130002,125002.0,858,855,855,0,3,0.0034965034965034965,1.0,0.9965034965034965,0.9982486865148862,0.5809354089618846
adversarial_mod6_noise_100,adversarial_mod6,adaptive_window,125002,135002,130002.0,842,830,830,0,12,0.014251781472684086,1.0,0.9857482185273159,0.992822966507177,0.6103118123344149
adversarial_mod6_noise_100,adversarial_mod6,adaptive_window,130002,140002,135002.0,851,837,837,0,14,0.01645123384253819,1.0,0.9835487661574618,0.9917061611374407,0.601793074371302
adversarial_mod6_noise_100,adversarial_mod6,adaptive_window,135002,145002,140002.0,846,840,840,0,6,0.0070921985815602835,1.0,0.9929078014184397,0.9964412811387899,0.5832291479014838
adversarial_mod6_noise_100,adversarial_mod6,adaptive_window,140002,150002,145002.0,839,836,836,0,3,0.003575685339690107,1.0,0.9964243146603099,0.9982089552238805,0.5765032604079253
adversarial_mod6_noise_100,adversarial_mod6,adaptive_window,145002,155002,150002.0,850,847,847,0,3,0.0035294117647058825,1.0,0.9964705882352941,0.9982321744254566,0.5842271496211108
adversarial_mod6_noise_100,adversarial_mod6,adaptive_window,150002,160002,155002.0,835,826,826,0,9,0.010778443113772455,1.0,0.9892215568862276,0.9945815773630344,0.6097651151564044
adversarial_mod6_noise_100,adversarial_mod6,adaptive_window,155002,165002,160002.0,822,815,815,0,7,0.00851581508515815,1.0,0.9914841849148418,0.9957238851557727,0.5947011664276632
adversarial_mod6_noise_100,adversarial_mod6,adaptive_window,160002,170002,165002.0,813,806,806,0,7,0.008610086100861008,1.0,0.991389913899139,0.9956763434218654,0.6015144058436621
adversarial_mod6_noise_100,adversarial_mod6,adaptive_window,165002,175002,170002.0,822,814,814,0,8,0.009732360097323601,1.0,0.9902676399026764,0.9951100244498777,0.5889050712651939
adversarial_mod6_noise_100,adversarial_mod6,adaptive_window,170002,180002,175002.0,846,842,842,0,4,0.004728132387706856,1.0,0.9952718676122931,0.9976303317535545,0.5818540730561444
adversarial_mod6_noise_100,adversarial_mod6,adaptive_window,175002,185002,180002.0,829,809,809,0,20,0.024125452352231604,1.0,0.9758745476477684,0.9877899877899878,0.6220288292823647
adversarial_mod6_noise_100,adversarial_mod6,adaptive_window,180002,190002,185002.0,827,806,806,0,21,0.02539298669891173,1.0,0.9746070133010882,0.9871402327005511,0.6109988083818544
adversarial_mod6_noise_100,adversarial_mod6,adaptive_window,185002,195002,190002.0,828,824,824,0,4,0.004830917874396135,1.0,0.9951690821256038,0.9975786924939467,0.5999020641765973
adversarial_mod6_noise_100,adversarial_mod6,adaptive_window,190002,200000,195001.0,814,813,813,0,1,0.0012285012285012285,1.0,0.9987714987714987,0.9993853718500306,0.6060319445513469
adversarial_mod6_noise_100,adversarial_mod6,adaptive_window,195002,200000,197501.0,411,410,410,0,1,0.0024330900243309003,1.0,0.9975669099756691,0.9987819732034106,0.5893861186378524
