p,next_p,gap,log_x,z_gap_over_logx
101,103,2,4.61512051684126,0.4333581306710633
337,347,10,5.820082930352362,1.718188575604124
349,353,4,5.855071922202427,0.6831683800214313
593,599,6,6.385194398997726,0.9396738180660265
641,643,2,6.46302945692067,0.3094524036028309
743,751,8,6.610696044717759,1.2101600112732995
757,761,4,6.6293632534374485,0.6033761987512036
953,967,14,6.859614903654202,2.0409308972347744
1019,1021,2,6.926577033222725,0.28874290871337654
1123,1129,6,7.023758954738443,0.8542434384016291
1163,1171,8,7.0587581525186645,1.1333438300539433
1277,1279,2,7.152268856032539,0.2796315463327573
1657,1663,6,7.4127640174265625,0.8094146779655584
1997,1999,2,7.599401333415815,0.26317862582223045
2267,2269,2,7.726212650507529,0.25885904135302584
2351,2357,6,7.762596048540069,0.7729372960387956
3019,3023,4,8.012680929706839,0.49920869620180275
3109,3119,10,8.042056410058754,1.243463051004257
3181,3187,6,8.064950891749143,0.7439598926929991
3209,3217,8,8.073714641109857,0.990869798551646
3301,3307,6,8.101980731853192,0.7405596481377462
3323,3329,6,8.108623268354595,0.7399529860286038
3527,3529,2,8.168202930236053,0.24485189913642388
3541,3547,6,8.172164452111904,0.734199615678248
3613,3617,4,8.19229373114764,0.48826374288701796
3677,3691,14,8.209852481301272,1.7052681557782365
3779,3793,14,8.237214703349489,1.6996036286764744
3803,3821,18,8.24354550792826,2.183526491445754
3989,4001,12,8.291295851905407,1.4473009061957791
4129,4133,4,8.32579052588609,0.48043485931617186
4177,4201,24,8.337348564497175,2.87861300440273
4271,4273,2,8.359603270841466,0.23924580332371237
4409,4421,12,8.391403185357937,1.4300349697102699
4931,4933,2,8.503297086224126,0.23520288421301017
4937,4943,6,8.504513138258863,0.705507758346339
5209,5227,18,8.558143177745192,2.1032599742906437
5437,5441,4,8.600982717145921,0.4650631365676464
5503,5507,4,8.613048677059759,0.4644116328581441
5683,5689,6,8.645234541297121,0.6940239702391887
5843,5849,6,8.672999642554437,0.691802173098307
5861,5867,6,8.676075516476429,0.6915569128698352
5881,5897,16,8.679482094459956,1.8434279633127733
5927,5939,12,8.687273461787838,1.3813309840865082
6101,6113,12,8.716207971151853,1.3767454883725303
6113,6121,8,8.718172930028725,0.9176234589755541
6203,6211,8,8.732788324973118,0.9160877032966016
6301,6311,10,8.748463629942055,1.1430578468400439
6469,6473,4,8.774776816043985,0.4558520500129777
6553,6563,10,8.787678239039497,1.1379570038846816
6733,6737,4,8.814776088545281,0.45378350621951274
7103,7109,6,8.86827250899781,0.6765691958509799
7333,7349,16,8.9001399880938,1.7977245325808435
7349,7351,2,8.90231952852887,0.2246605498253223
7481,7487,6,8.920121751872404,0.6726365588833529
7499,7507,8,8.92252495730139,0.8966071866746107
7561,7573,12,8.93075873555827,1.343670829693494
7577,7583,6,8.932872621931374,0.6716764308571034
7741,7753,12,8.954286157204713,1.3401403293711664
7907,7919,12,8.975503722070927,1.3369723161600147
8087,8089,2,8.998013113095823,0.22227129199102572
8167,8171,4,9.007856923358275,0.4440567866511733
8171,8179,8,9.008346579384707,0.8880652991646354
8219,8221,2,9.0142038261485,0.22187206308763271
8263,8269,6,9.019542996701185,0.6652221739166214
8941,8951,10,9.098402718735318,1.0990940178332758
9127,9133,6,9.118992332516877,0.6579674355690545
9133,9137,4,9.11964950669168,0.4386133477021173
9161,9173,12,9.122710622015209,1.3153985144548186
9209,9221,12,9.127936545721367,1.3146454228611926
9547,9551,4,9.163982247998034,0.43649146099926606
9787,9791,4,9.18881025342582,0.43531206866620187
9791,9803,12,9.189218875354072,1.3058781342323424
10037,10039,2,9.2140335438138,0.21706020392586675
10141,10151,10,9.224341891611996,1.0840881785933516
10177,10181,4,9.227885551191932,0.4334687483725169
10303,10313,10,9.240190393945069,1.0822287824883805
10499,10501,2,9.259035293514941,0.21600522479926246
10559,10567,8,9.264733855806515,0.8634894563092209
10567,10589,22,9.265491216441031,2.3744019055311805
10831,10837,6,9.290167671835738,0.6458441022748946
10837,10847,10,9.290721483922995,1.076342673419321
10993,11003,10,9.305013985578864,1.0746894110528198
11083,11087,4,9.313167681775653,0.42949940736354897
11087,11093,6,9.313528529772352,0.6442241499362923
11213,11239,26,9.324829098460881,2.7882548543749133
11839,11863,24,9.379154445411636,2.5588660619338675
11887,11897,10,9.383200644980624,1.0657344309640573
11987,12007,20,9.3915780082071,2.1295675745356557
12143,12149,6,9.404508151053818,0.637991897463311
12149,12157,8,9.405002140854743,0.8506111833030318
12253,12263,10,9.413526083949446,1.0623011941349505
12373,12377,4,9.423271958213975,0.42448101017750245
12413,12421,8,9.426499589515949,0.8486713359535404
12433,12437,4,9.428109506952937,0.42426320961271446
12577,12583,6,9.439625028047155,0.6356184681248154
12647,12653,6,9.445175311879977,0.6352449586037122
12823,12829,6,9.458995712459116,0.6343168114662504
13127,13147,20,9.482426456803408,2.109164789319351
13163,13171,8,9.485165142425407,0.8434223210534801
13171,13177,6,9.485772721999046,0.6325262238346726
13267,13291,24,9.493035027916918,2.5281693293473904
13451,13457,6,9.506808731708581,0.6311266134962693
13487,13499,12,9.509481537516857,1.2618984486859286
13841,13859,18,9.535390480896702,1.8877045503339778
13967,13997,30,9.54445268330577,3.1431870422987256
14437,14447,10,9.577549634629815,1.0441083973966285
14969,14983,14,9.613736674915236,1.4562495805121933
15013,15017,4,9.616671771412305,0.4159443199351869
15077,15083,6,9.62092568277892,0.6236406139941155
15107,15121,14,9.622913491543725,1.4548608394227698
15259,15263,4,9.632924771891735,0.41524252443782667
15271,15277,6,9.633710883953182,0.6228129608907162
15629,15641,12,9.656883441842194,1.242636930669096
15649,15661,12,9.658162296163171,1.242472390919249
15767,15773,6,9.665674427237482,0.6207533726867772
15787,15791,4,9.666942095531727,0.41378131372576316
16069,16073,4,9.684647229041753,0.41302485319290044
16363,16369,6,9.702777967428895,0.6183796042887209
16607,16619,12,9.717579572206754,1.234875403986523
16633,16649,16,9.719143952790535,1.646235520094969
16903,16921,18,9.735246399950178,1.84895166085289
17077,17093,16,9.745487807887239,1.641785441160867
17117,17123,6,9.747827400695664,0.6155217725307491
17123,17137,14,9.748177867988971,1.4361658342297123
17393,17401,8,9.763823105408154,0.8193511817690371
17477,17483,6,9.76864100976636,0.6142103076570631
17551,17569,18,9.77286620732769,1.8418342805617876
17581,17597,16,9.774574052442789,1.6368999727411548
17681,17683,2,9.780245895678089,0.20449383597643533
17939,17957,18,9.79473239269909,1.837722489837195
17977,17981,4,9.796848442046416,0.40829456775432765
18061,18077,16,9.801510196423664,1.6324015054167895
18089,18097,8,9.803059297701635,0.8160717748464126
18133,18143,10,9.805488761654026,1.0198369752976153
18149,18169,20,9.806370741756401,2.039490503335573
18289,18301,12,9.814055065204576,1.2227361595458766
18481,18493,12,9.824498456285756,1.2214363973279825
18523,18539,16,9.826768482122723,1.6282056536803409
18587,18593,6,9.830217690608354,0.6103628819667252
18757,18773,16,9.839322295060342,1.6261282556048111
18793,18797,4,9.8412397390566,0.40645285615036214
19441,19447,6,9.87513951702064,0.6075863525430188
19463,19469,6,9.876270506242575,0.6075167742932447
19553,19559,6,9.880884006326275,0.6072331176196863
19597,19603,6,9.883131772279054,0.6070950118088325
19777,19793,16,9.892274925322026,1.6174237089836188
20011,20021,10,9.904037401341563,1.0096892403339912
20021,20023,2,9.904537001671699,0.20192766200605217
20047,20051,4,9.905834795604477,0.4038024136819769
20101,20107,6,9.908524844053396,0.6055391790838474
20369,20389,20,9.92176941621414,2.015769482338103
20411,20431,20,9.923829250194043,2.0153510802907997
20431,20441,10,9.924808634239811,1.0075761023241077
20731,20743,12,9.939385443533112,1.2073181051457855
20887,20897,10,9.946882234855318,1.0053401421561572
21023,21031,8,9.953372355465126,0.8037476861405087
21139,21143,4,9.958874954615686,0.4016517948291038
21341,21347,6,9.96838538411397,0.6019028928758962
21523,21529,6,9.97687740976418,0.6013905707739693
21529,21557,28,9.977156142461329,2.8064109251368796
21937,21943,6,9.995929987925688,0.6002443001549167
22013,22027,14,9.99938846691333,1.400085619868072
22073,22079,6,10.002110421141213,0.599873401449153
22247,22259,12,10.009962447043133,1.1988056961736864
22409,22433,24,10.01721794286315,2.395874796464721
22447,22453,6,10.018912253951546,0.5988674067520202
22531,22541,10,10.022647417705386,0.9977403756950106
22651,22669,18,10.027959280046968,1.7949813613439098
22727,22739,12,10.031308923974013,1.1962546553940707
22877,22901,24,10.037887318015784,2.3909413644169244
22937,22943,6,10.040506606194215,0.5975794086225156
22961,22963,2,10.041552403492023,0.1991723908451133
22993,23003,10,10.042945100762001,0.9957238538764149
23041,23053,12,10.045030516645731,1.1946205618902468
23063,23071,8,10.045984880764673,0.7963380489769424
23333,23339,6,10.057623946547059,0.5965623721753779
23371,23399,28,10.059251216519025,2.7835073801536216
23593,23599,6,10.068705336846714,0.5959058090659213
23743,23747,4,10.075043029177243,0.39702063687629247
23893,23899,6,10.08134080799053,0.5951589291817577
23971,23977,6,10.08460004537341,0.5949665800333516
24223,24229,6,10.095057874011232,0.5943502330428863
24407,24413,6,10.102625255383492,0.593905034416942
24443,24469,26,10.10409915534325,2.573213069296799
25253,25261,8,10.136700239527121,0.7892114604321377
25561,25577,16,10.148823031356836,1.5765374911519072
25759,25763,4,10.156539359589003,0.39383493317765916
25771,25793,22,10.15700510770532,2.1659928066109106
26053,26083,30,10.16788820369854,2.950465170249176
26113,26119,6,10.170188553599166,0.5899595635202494
26393,26399,6,10.180854102460378,0.5893415168919862
26501,26513,12,10.184937747111391,1.1782104415319956
26669,26681,12,10.191257121160007,1.1774798591907292
26687,26693,6,10.191931834432474,0.588700954585427
26717,26723,6,10.19305534589812,0.5886360660657567
26863,26879,16,10.198505154086057,1.568857372552247
27017,27031,14,10.204221576482523,1.3719811839705183
27061,27067,6,10.205848855956967,0.5878981831577792
27067,27073,6,10.206070552676763,0.5878854128072208
27103,27107,4,10.207399701847889,0.3918725744888645
27283,27299,16,10.214019076585554,1.566474458294104
27509,27527,18,10.222268502839897,1.7608615930015274
27541,27551,10,10.223431082444048,0.9781451960068739
27701,27733,32,10.229223792606835,3.1282921019997607
27737,27739,2,10.230522540940477,0.19549343564773017
27799,27803,4,10.232755327808727,0.3909015579732983
27947,27953,6,10.238065138296543,0.5860482345981937
27953,27961,8,10.238279807349246,0.7813812623344634
28183,28201,18,10.246474238267561,1.7567018255679896
28607,28619,12,10.26140672210502,1.1694303057055246
28663,28669,6,10.263362371409995,0.5846037373399018
28703,28711,8,10.264756925901597,0.7793657519364323
29221,29231,10,10.282642907853932,0.972512620501676
29347,29363,16,10.286945605381202,1.5553693597475855
29611,29629,18,10.295901192899562,1.7482685257715442
29851,29863,12,10.303973619097128,1.1645992549669866
30047,30059,12,10.310518101368999,1.1638600390417506
30071,30089,18,10.311316531166229,1.7456548778804841
30089,30091,2,10.311914935439406,0.19395039743069575
30119,30133,14,10.312911480831472,1.3575215908738953
30307,30313,6,10.319133987918043,0.5814441412452811
30491,30493,2,10.32518683708304,0.19370109534647592
30593,30631,38,10.328526503601397,3.6791308021284537
30971,30977,6,10.340806561758198,0.5802255331019217
31033,31039,6,10.342806433400801,0.5801133414450985
31079,31081,2,10.34428762893178,0.19334342506159927
31139,31147,8,10.34621633183446,0.7732295308174308
31177,31181,4,10.347435922459987,0.3865691974296416
31271,31277,6,10.350446429473651,0.5796851412045921
31517,31531,14,10.35828236177716,1.3515754360646752
31531,31541,10,10.358726467862368,0.9653696360285885
32203,32213,10,10.379814894894523,0.9634083171289172
32299,32303,4,10.382791548979164,0.3852528466097617
32369,32371,2,10.38495645364112,0.19258626735009277
32371,32377,6,10.385018239245094,0.577755364677737
32381,32401,20,10.38532711001602,1.925793938711012
32561,32563,2,10.390870532175569,0.19247665475254977
32717,32719,2,10.395650099471604,0.1923881605154888
32749,32771,22,10.39662770624607,2.1160707704078767
32771,32779,8,10.397299256942858,0.7694305802209119
33023,33029,6,10.404959567375004,0.5766480841322191
33343,33347,4,10.414603134260247,0.3840760851310271
33767,33769,2,10.427239273188253,0.19180532330764058
34033,34039,6,10.435085921117388,0.5749832867075733
34127,34129,2,10.437844138828483,0.19161044880523334
34501,34511,10,10.448743588106625,0.9570528662778737
34543,34549,6,10.449960203748262,0.5741648659913441
34687,34693,6,10.454120255970487,0.5739363861414661
34883,34897,14,10.45975488349865,1.3384634875226813
35023,35027,4,10.463760267504872,0.3822717548701846
35129,35141,12,10.466782279155884,1.1464841514758024
35153,35159,6,10.467465242103236,0.5732046738370077
35221,35227,6,10.469397774605671,0.5730988667326655
35407,35419,12,10.474664819686861,1.1456213832681605
35447,35449,2,10.475793902145139,0.19091631800721642
35531,35533,2,10.478160833848387,0.19087319155659935
35863,35869,6,10.487461402332547,0.5721117599217598
36007,36011,4,10.49146864298082,0.38126216034359955
36131,36137,6,10.49490650158872,0.5717059031532792
36151,36161,10,10.4954598897216,0.9527929319031734
36353,36373,20,10.50103201050528,1.904574710370553
36643,36653,10,10.508977693165527,0.9515673447954374
36761,36767,6,10.51219277958166,0.5707657884332268
36899,36901,2,10.515939729390396,0.1901874726811447
37217,37223,6,10.524520925120765,0.570097208479934
37313,37321,8,10.527097070380183,0.7599435957049727
37337,37339,2,10.52774007107213,0.18997429519518172
37357,37361,4,10.528275589332711,0.3799292643947139
37517,37529,12,10.532549442567325,1.1393252949283077
37529,37537,8,10.532869246423687,0.7595271348038719
37561,37567,6,10.533721557035943,0.5695992596265592
37951,37957,6,10.544051132937742,0.5690412465145457
38261,38273,12,10.552186379610337,1.137205084169782
38333,38351,18,10.554066422987296,1.705503763060945
38543,38557,14,10.559529780142832,1.3258166122441326
38669,38671,2,10.562793524427303,0.18934385069393248
38921,38923,2,10.569289229700592,0.18922748318589216
38959,38971,12,10.57026509007593,1.1352600807775768
38977,38993,16,10.570727007554888,1.5136139632179335
39199,39209,10,10.576406515249081,0.9455007223466668
39241,39251,10,10.577477397554379,0.9454049982004313
39373,39383,10,10.580835581187099,0.9451049421635628
39439,39443,4,10.582510453425556,0.3779821449366205
39499,39503,4,10.58403063411305,0.37792785549086827
39671,39679,8,10.588375721156378,0.7555455350923553
39887,39901,14,10.593805735252527,1.3215269705591104
40099,40111,12,10.599106675327851,1.1321708864326356
40127,40129,2,10.599804703426894,0.18868272161216368
40177,40189,12,10.601049971569482,1.1319633462895
40277,40283,6,10.603535865409372,0.5658489843537071
40483,40487,4,10.608637411887223,0.3770512502876107
40493,40499,6,10.60888439864999,0.5655637081655369
40577,40583,6,10.610956682603621,0.5654532554860806
40759,40763,4,10.615431953178978,0.37680991387280566
40973,40993,20,10.620668592170619,1.8831206177305702
41077,41081,4,10.623203633138218,0.3765342488138254
41141,41143,2,10.62476047015509,0.18823953778703925
41233,41243,10,10.62699418560542,0.9409998561536146
41281,41299,18,10.62815762466823,1.6936143248592337
41453,41467,14,10.632315534301455,1.3167404555323707
41521,41539,18,10.633954602328156,1.6926910705504752
41761,41771,10,10.639718168629964,0.9398745193725053
41849,41851,2,10.64182318076953,0.1879377213872648
41863,41879,16,10.642157660894972,1.5034545164457234
42139,42157,18,10.648728956654207,1.6903425820367144
42193,42197,4,10.650009609487778,0.3755865155686356
42197,42209,12,10.650104407449692,1.126749517272907
42209,42221,12,10.650388747427439,1.1267194357481605
42331,42337,6,10.653274957143324,0.5632070911655978
42487,42491,4,10.656953425768018,0.3753417923670555
42683,42689,6,10.661555993479634,0.5627696373465059
42821,42829,8,10.66478391544408,0.7501324043157495
42923,42929,6,10.66716309178561,0.562473822549913
43013,43019,6,10.669257674565925,0.5623633979993934
43117,43133,16,10.671672629878687,1.4992963666448118
43283,43291,8,10.675515227199446,0.7493783512778216
43517,43541,24,10.68090694533025,2.2470001960360615
43913,43933,20,10.689965682788792,1.8709133961206892
44041,44053,12,10.69287629720916,1.1222424786801282
44101,44111,10,10.694237736914808,0.9350830088133902
44179,44189,10,10.696004842041615,0.9349285221612929
44207,44221,14,10.696638426567144,1.3088224021135768
44281,44293,12,10.698310970126737,1.1216723867447875
44389,44417,28,10.700746969978026,2.6166397615565242
44483,44491,8,10.702862372693247,0.747463596318944
45137,45139,2,10.717457588260444,0.18661142192815722
46567,46573,6,10.748647414747458,0.5582097698886117
46663,46679,16,10.750706838407863,1.4882742354054868
46751,46757,6,10.752590924862394,0.5580050465908322
46877,46889,12,10.755282429029183,1.1157308122017555
47041,47051,10,10.75877484084995,0.929473861840759
47407,47417,10,10.766525176104544,0.9288047755829535
47507,47513,6,10.768632347586125,0.5571738180238782
47657,47659,2,10.771784802805005,0.185670252108935
47869,47881,12,10.776223392258185,1.113562661351378
48163,48179,16,10.782346370401418,1.4839070690514584
48397,48407,10,10.787193107312595,0.9270252141144151
48437,48449,12,10.788019263461779,1.112345066034792
48733,48751,18,10.794111697661032,1.6675758509985037
49043,49057,14,10.800452743290393,1.2962419569584502
49477,49481,4,10.809263194110516,0.370052974765146
49667,49669,2,10.813096007646362,0.18496090283353833
49669,49681,12,10.813136275021739,1.1097612843111861
50033,50047,14,10.820438066706068,1.2938478011419225
50423,50441,18,10.828202699170179,1.6623257340185766
50581,50587,6,10.83133129068886,0.553948525714276
50651,50671,20,10.832714252818556,1.8462593522944828
50707,50723,16,10.83381924711004,1.4768568346078008
50849,50857,8,10.83661573559995,0.7382378590502908
51137,51151,14,10.842263584629356,1.2912432805864673
51263,51283,20,10.844724523371353,1.8442146646416153
51343,51347,4,10.846283886687548,0.36878990461511874
51637,51647,10,10.85199374877264,0.9214896572467155
51853,51859,6,10.856168071193151,0.55268120027738
51913,51929,16,10.857324519484246,1.4736595531695542
52027,52051,24,10.859518093579142,2.2100428207942646
52057,52067,10,10.860094551071759,0.9208022962390435
52387,52391,4,10.866413747926268,0.36810672709414866
52501,52511,10,10.868587496017359,0.9200827617815434
52733,52747,14,10.872996724515087,1.2875935084606926
52937,52951,14,10.87685780624945,1.2871364367709308
53161,53171,10,10.881080323786447,0.9190263928242149
53173,53189,16,10.881306027701488,1.4704117280836884
53401,53407,6,10.885584751364705,0.5511876612092695
53551,53569,18,10.888389749837856,1.653137003133824
53623,53629,6,10.889733359497507,0.5509776779582106
53731,53759,28,10.891745395126074,2.570754179814896
53891,53897,6,10.894718767073803,0.5507255513683655
53959,53987,28,10.89597977790386,2.569755136365219
54013,54037,24,10.89698003731375,2.202445073572542
54151,54163,12,10.899531719479302,1.1009647303061632
54217,54251,34,10.900749791385406,3.119051501105856
54559,54563,4,10.907037963903628,0.3667356814231167
54623,54629,6,10.908210318455298,0.5500444000285516
54709,54713,4,10.909783508696709,0.36664338910221356
55837,55843,6,10.930192011064651,0.5489382065682095
55871,55889,18,10.93080074098641,1.6467229095583766
56039,56041,2,10.933803155894871,0.18291896895196216
56383,56393,10,10.939922973610766,0.9140832183299604
56713,56731,18,10.945758740331856,1.644472569423202
56909,56911,2,10.9492087798385,0.18266160050603217
56921,56923,2,10.949419620566681,0.18265808319587362
57649,57653,4,10.962128179492987,0.36489264990377124
57781,57787,6,10.964415280897114,0.5472248037205936
58111,58129,18,10.970110253663124,1.6408221598310249
58129,58147,18,10.970419957726163,1.6407758380592439
58321,58337,16,10.973717513311941,1.458029148334719
58367,58369,2,10.974505940611799,0.18224055012799104
58567,58573,6,10.977926677010519,0.5465512911982671
59023,59029,6,10.98568247743216,0.5461654305343135
59207,59209,2,10.98879505712516,0.18200357633416736
59387,59393,6,10.991830626179583,0.5458599394453563
59497,59509,12,10.993681170094515,1.091536111911533
59797,59809,12,10.998710771456226,1.0910369632723058
59887,59921,34,11.000214732168839,3.090848754122134
60773,60779,6,11.014900890374633,0.5447166578905034
60869,60887,18,11.01647929289894,1.6339158383933545
61493,61507,14,11.026678626178281,1.269647957886684
61543,61547,4,11.02749139646913,0.36272982278460464
61687,61703,16,11.02982849077318,1.4506118579617564
61723,61729,6,11.030411911906333,0.5439506745458474
62071,62081,10,11.036034170120518,0.9061226021820841
62497,62501,4,11.042873834572456,0.3622245495078471
62591,62597,6,11.044376776784246,0.5432628858345595
62753,62761,8,11.046961664616168,0.7241810230612368
62921,62927,6,11.04963525024363,0.5430043493849905
62981,62983,2,11.050588372585487,0.1809858382709864
62987,62989,2,11.050683634874394,0.18098427808468637
63389,63391,2,11.05704562379489,0.18088014357976212
63521,63527,6,11.059125838870145,0.5425383603929576
63647,63649,2,11.061107470117504,0.1808137209952227
63901,63907,6,11.065090289695444,0.542245914214329
64153,64157,4,11.069026134343924,0.36136873754315024
64189,64217,28,11.06958713543389,2.529452964905226
64223,64231,8,11.070116680971605,0.7226662762960014
64279,64283,4,11.070988262792044,0.3613046916004246
64663,64667,4,11.076944446738864,0.36111041444986486
65003,65011,8,11.082188701658872,0.7218790633661106
65213,65239,26,11.085414114542965,2.3454243324920605
65371,65381,10,11.087834014026866,0.9018894030474589
65447,65449,2,11.088995933771097,0.1803589803752276
65521,65537,16,11.090125980925743,1.4427248191336062
65563,65579,16,11.090766791420345,1.4426414603161042
65587,65599,12,11.09113278456206,1.0819453912501171
65609,65617,8,11.09146816064374,0.7212751174264459
65837,65839,2,11.09493726930676,0.18026239819605264
65899,65921,22,11.095878545868636,1.9827181695487581
65927,65929,2,11.096303348266055,0.18024020588014356
66293,66301,8,11.101839589906104,0.720601296317925
66403,66413,10,11.103497515166799,0.9006171241395354
66467,66491,24,11.104460862874326,2.161293582495255
66763,66791,28,11.108904313854207,2.5205006010431164
66853,66863,10,11.110251458112545,0.9000696372806346
66883,66889,6,11.110700103211892,0.5400199757228182
66923,66931,8,11.111297983743281,0.7199878908570935
67061,67073,12,11.113357931928125,1.0797816531693447
67189,67211,22,11.115264822636302,1.9792600852115436
67271,67273,2,11.11648451637668,0.17991299291188886
67289,67307,18,11.116752055022747,1.6191779677111067
67481,67489,8,11.119601355755792,0.7194502522214067
67801,67807,6,11.124332223082254,0.5393582176151119
67867,67883,16,11.125305186569689,1.438162794789214
67933,67939,6,11.126277204319269,0.5392639325641441
67993,68023,30,11.127160037682966,2.696105735731556
68087,68099,12,11.128541578173136,1.0783084122663558
68111,68113,2,11.128894006259427,0.17971237742718218
68113,68141,28,11.128923369660887,2.515966645644465
68483,68489,6,11.134340818267278,0.5388733916026938
68581,68597,16,11.135770807421247,1.4368111805369654
68669,68683,14,11.137053139108806,1.2570650265497691
69221,69233,12,11.145059563776691,1.0767102617380357
69473,69481,8,11.148693466862769,0.7175728728911938
69821,69827,6,11.153690103100145,0.5379385606501935
70207,70223,16,11.159203300142398,1.4337941132227452
70327,70351,24,11.16091107234222,2.150362084639689
70381,70393,12,11.16167861935662,1.0751071061291408
70451,70457,6,11.162672711690245,0.537505681208088
70663,70667,4,11.165677376847421,0.3582406928839083
71081,71089,8,11.171575350824662,0.7161031232188266
71597,71633,36,11.17880845262959,3.2203790012639244
71647,71663,16,11.179506562177364,1.431190179191932
71741,71761,20,11.180817690214102,1.788777936832366
71983,71987,4,11.184185259008464,0.35764786681963645
72739,72763,24,11.19463297085231,2.1438844902275296
72893,72901,8,11.196747891438473,0.7144931794094562
73331,73351,20,11.202738717978361,1.785277734622484
73483,73517,34,11.204809365931682,3.0344112862265455
73583,73589,6,11.20616929977651,0.5354193604874112
73643,73651,8,11.206984373246167,0.7138405599188637
73757,73771,14,11.208531184952136,1.2490485835285459
73819,73823,4,11.209371430027863,0.3568442731128285
73847,73849,2,11.20975066425017,0.17841610040251346
74027,74047,20,11.212185170504174,1.7837736084321794
74071,74077,6,11.212779371658742,0.5351037241636549
74509,74521,12,11.218675202440398,1.0696450145369785
74551,74561,10,11.21923873391915,0.8913260727545602
74609,74611,2,11.220016422346655,0.17825285852671702
74759,74761,2,11.222024885343066,0.1782209557040078
74797,74821,24,11.222533056206391,2.1385546275336917
74843,74857,14,11.22314786510039,1.247421861341998
74869,74873,4,11.223495198650959,0.3563952163921977
74873,74887,14,11.223548623875692,1.2473773197024338
74929,74933,4,11.224296277479898,0.35636978044008727
75013,75017,4,11.225416710831293,0.35633421039420654
75149,75161,12,11.227228088372692,1.0688301605297943
75209,75211,2,11.228026183627813,0.1781256979001623
75217,75223,6,11.228132548219142,0.5343720315228769
75377,75389,12,11.23025746767415,1.0685418419427626
75553,75557,4,11.23258967571463,0.35610666066153757
75641,75653,12,11.233753743203248,1.068209280202564
75797,75821,24,11.235813993010828,2.136026817009347
76031,76039,8,11.238896430838867,0.7118136597511899
76249,76253,4,11.24175957962956,0.35581618443861157
77351,77359,8,11.256108784165866,0.7107251851771118
77617,77621,4,11.259541754343456,0.3552542445572413
77699,77711,12,11.260597666260049,1.0656627965632242
77743,77747,4,11.261163793834003,0.355203074320807
78079,78101,22,11.26547641362791,1.9528690303222753
78173,78179,6,11.266679598372296,0.5325437674527306
78487,78497,10,11.27068828496092,0.8872572594651147
78497,78509,12,11.270815686479718,1.0646966762481085
78691,78697,6,11.273284069543339,0.532231775850482
78697,78707,10,11.273360314238015,0.8870469603788155
79043,79063,20,11.277747287167045,1.7734038093545517
79151,79153,2,11.279112699468135,0.1773189126919806
79367,79379,12,11.281837943714027,1.063656476885144
79531,79537,6,11.283902161743626,0.5317309485668972
79843,79847,4,11.287817485429718,0.3543643405966821
80209,80221,12,11.292391007009845,1.0626624593986251
80429,80447,18,11.29513008664912,1.593607144133387
80537,80557,20,11.296471985139561,1.7704642676323967
80863,80897,34,11.300511643669035,3.0087133283958925
81019,81023,4,11.302438974049062,0.3539059143946002
81307,81331,24,11.305987392690444,2.1227690396609233
81373,81401,28,11.306798801635873,2.476386154138424
81533,81547,14,11.308763125251302,1.2379780038667043
81737,81749,12,11.311262054707527,1.0608895755364305
81799,81817,18,11.312020297577238,1.5912276964226422
81839,81847,8,11.312509181587025,0.7071817464706521
81971,81973,2,11.314120805157875,0.17677025324744997
82003,82007,4,11.314511110943016,0.35352831074878116
82039,82051,12,11.314950022936017,1.0605437916805067
82237,82241,4,11.31736060142441,0.3534392992211062
82241,82261,20,11.31740924014814,1.7671889012416953
82373,82387,14,11.319012992299138,1.236856960012756
82531,82549,18,11.320929259319332,1.5899754859065558
82549,82559,10,11.321147335404518,0.8833026992526715
82561,82567,6,11.321292693045136,0.5299748149507612
83233,83243,10,11.329399182785968,0.88265933953445
83341,83357,16,11.330695903944534,1.4120933202725836
83437,83443,6,11.331847135049387,0.5294811982983788
83609,83617,8,11.333906448780748,0.7058466589743737
84179,84181,2,11.340700762947753,0.17635594499895316
84811,84827,16,11.348180530348607,1.409917647786001
85133,85147,14,11.351970018478019,1.2332661183223428
85303,85313,10,11.353964902849597,0.8807495958958107
85361,85363,2,11.354644600996048,0.17613937470350738
85453,85469,16,11.355721796177896,1.408981330045024
85643,85661,18,11.357942772449716,1.5847940389047852
85819,85829,10,11.359995706182126,0.8802820228671377
85991,85999,8,11.36199791859654,0.704101519584522
86441,86453,12,11.367217379272091,1.0556673282136555
86467,86477,10,11.367518117239056,0.8796994996502192
86629,86677,48,11.3693899114723,4.221862419509909
87011,87013,2,11.373789826425874,0.17584288355260427
87083,87103,20,11.374616965834527,1.7583009660961055
87337,87359,22,11.377529477926615,1.933635948180305
87811,87833,22,11.382942056513771,1.9327165060469342
87961,87973,12,11.384648813408075,1.054050959030656
88003,88007,4,11.385126183788353,0.3513355878036493
88177,88211,34,11.387101437013163,2.985834471403304
88471,88493,22,11.390430093680195,1.9314459435738394
88661,88663,2,11.392575387278974,0.17555293092317067
89021,89041,20,11.39662757593744,1.754905112651703
89671,89681,10,11.403902695885694,0.8768927854503533
89689,89753,64,11.404103409534896,5.612015052975583
90067,90071,4,11.408309116795527,0.3506216354280868
90217,90227,10,11.409973158358982,0.8764262510708861
90271,90281,10,11.41057153610832,0.8763802907115897
90313,90353,40,11.411036693605743,3.5053782643968088
90379,90397,18,11.411767218509283,1.5773192403368475
90641,90647,6,11.414661928297692,0.5256397462920569
90833,90841,8,11.416777934685822,0.7007230976872068
90931,90947,16,11.417856256130069,1.401313840451429
90971,90977,6,11.418296053390623,0.5254724498247986
90989,90997,8,11.418493899071638,0.7006177934421305
91033,91079,46,11.418977357124588,4.028381750954208
91151,91153,2,11.420272750973671,0.17512716584019272
91283,91291,8,11.421719849902985,0.700419910935563
91411,91423,12,11.423121100310157,1.0505009878319664
91583,91591,8,11.425000943918706,0.7002187605295767
91591,91621,30,11.425088292559943,2.625800276706492
91753,91757,4,11.426855462929947,0.35005255933939716
91939,91943,4,11.428880592642377,0.3499905321064513
92173,92177,4,11.431422525009607,0.3499127069486602
92177,92179,2,11.431465920724287,0.17495568931139163
92383,92387,4,11.433698258018902,0.34984306125051384
92507,92551,44,11.435039596312933,3.8478222685111803
92893,92899,6,11.439203572124452,0.5245120398609795
92927,92941,14,11.439569517667229,1.2238222756877741
93089,93097,8,11.44131130376043,0.6992205515263473
93103,93113,10,11.441461686161677,0.8740142015329118
93377,93383,6,11.444400341215106,0.5242738650440248
93463,93479,16,11.445320915033061,1.3979511906026605
93913,93923,10,11.450124100768129,0.8733529795829158
93971,93979,8,11.450741503014646,0.6986447120384155
93983,93997,14,11.450869193832785,1.2226146123073458
94291,94307,16,11.454141023982018,1.3968747168818794
94379,94397,18,11.455073869759106,1.5713560824360298
94433,94439,6,11.45564586731723,0.523759207424341
94477,94483,6,11.45611169761521,0.5237379102413086
94561,94573,12,11.457000407880116,1.047394568629535
94603,94613,10,11.457444467010713,0.8727949787400571
94613,94621,8,11.457550166317423,0.6982295415575112
94781,94789,8,11.459324246215024,0.6981214448698729
94873,94889,16,11.46029443410683,1.3961246887673857
94889,94903,14,11.46046306639399,1.2215911275917641
94903,94907,4,11.460610596321757,0.3490215435191373
95021,95027,6,11.461853198785724,0.5234755580917442
95177,95189,12,11.463493594951633,1.0468013001974055
95273,95279,6,11.464501733656077,0.523354624508969
96059,96079,20,11.472717865004313,1.7432660887623495
96167,96179,12,11.473841542460681,1.0458572184034607
96581,96587,6,11.478137313484511,0.5227328996100441
96601,96643,42,11.478344372113902,3.6590642899717336
96989,96997,8,11.482352848993164,0.6967213170688692
97303,97327,24,11.48558510017566,2.0895757413031526
97613,97649,36,11.4887659602526,3.1334958101286343
97841,97843,2,11.491098991077424,0.1740477565768909
97859,97861,2,11.491282946111157,0.1740449703813823
97861,97871,10,11.491303383470651,0.8702233042062247
98057,98081,24,11.493304221223058,2.0881723426134147
98519,98533,14,11.498004701959655,1.2176025634790286
98779,98801,22,11.50064031053659,1.9129369675046846
99109,99119,10,11.503975533550639,0.8692647138231139
99277,99289,12,11.50566920185545,1.042964106604493
99377,99391,14,11.506675977540276,1.2166849946349763
99391,99397,6,11.506816845285819,0.5214300427887766
99707,99709,2,11.509991164117174,0.1737620795257493
99901,99907,6,11.511934974596555,0.5211982184784948
100193,100207,14,11.514853604913117,1.215820928372596
100469,100483,14,11.517604501186959,1.2155305383647454
100511,100517,6,11.518022453228072,0.520922755999527
100523,100537,14,11.518141836019185,1.2154738324388075
100907,100913,6,11.521954579554748,0.5207449793845536
100981,100987,6,11.522687659314952,0.5207118493010261
101063,101081,18,11.523499363740743,1.5620255125485478
101221,101267,46,11.525061524189727,3.991301903547456
101341,101347,6,11.526246346753071,0.5205510813752642
101383,101399,16,11.526660703223948,1.3880863167530282
101503,101513,10,11.527843633677437,0.8674649238636448
101581,101599,18,11.52861178876435,1.561332823917498
102013,102019,6,11.532855535125615,0.520252766691285
102043,102059,16,11.533149572058772,1.3873053410113587
102061,102071,10,11.533325952727907,0.8670525779803147
102229,102233,4,11.534970673838794,0.3467715794953829
102407,102409,2,11.53671034862615,0.17335964408937166
102559,102563,4,11.538193521716947,0.3466747192679065
102797,102811,14,11.540511448697996,1.2131178121728292
102829,102841,12,11.540822693387465,1.0397872247769329
102871,102877,6,11.541231055084923,0.519875217068501
103237,103289,52,11.544782594905888,4.504199154252146
103483,103511,28,11.547162626989124,2.424838109974804
104311,104323,12,11.555132100432616,1.038499594440009
104399,104417,18,11.55597537584074,1.5576357178496008
104651,104659,8,11.55838628349022,0.6921381414140007
104659,104677,18,11.558462725131841,1.557300518940306
104681,104683,2,11.558672909521647,0.17303024453200566
104959,104971,12,11.561325076693505,1.0379433084353644
105137,105143,6,11.563019540582294,0.5188956032584764
105211,105227,16,11.563723136557087,1.3836374159995448
105359,105361,2,11.565128845104088,0.17293365485043152
105653,105667,14,11.567915418287056,1.2102439803344516
105673,105683,10,11.56810469930368,0.864445841383328
106699,106703,4,11.5777670651747,0.3454897630504059
107171,107183,12,11.582180968632997,1.036074296585293
107563,107581,18,11.585832001403288,1.5536216991425236
107837,107839,2,11.58837610676808,0.17258673532626534
108193,108203,10,11.591671948292463,0.8626883200807863
108359,108377,18,11.593205067658849,1.5526336241747296
108821,108827,6,11.59745960948492,0.5173546795621459
108883,108887,4,11.598029190215417,0.3448861814707767
109133,109139,6,11.600322600878652,0.5172269950100816
109201,109211,10,11.600945499760169,0.8619987052095655
109321,109331,10,11.602043787457173,0.8619171055715956
109481,109507,26,11.603506297201317,2.2407020200670735
109517,109519,2,11.603835067330033,0.17235681034720074
109583,109589,6,11.60443753197628,0.5170435864269052
109721,109741,20,11.605696059118646,1.72329172659023
109897,109903,6,11.607298842475906,0.5169161302234693
110017,110023,6,11.60839017828818,0.5168675335553533
110221,110233,12,11.610242720159633,1.0335701233156482
110419,110431,12,11.612037499466652,1.0334103726887867
110569,110573,4,11.613395039451053,0.3444298576266354
110711,110729,18,11.614678481420432,1.549763088904607
110821,110849,28,11.61567156602257,2.4105364757302397
110923,110927,4,11.616591545883978,0.3443350817837174
111263,111269,6,11.619652047134181,0.5163665810010045
111773,111779,6,11.624225307853303,0.5161634294843211
112289,112291,2,11.628831184014418,0.17198633021255838
112577,112583,6,11.631392710945782,0.5158453634149648
112589,112601,12,11.631499298974271,1.0316812726849605
112859,112877,18,11.6338945309487,1.5472032991287714
112909,112913,4,11.634337463523888,0.34380986562757415
113011,113017,6,11.635240438089491,0.5156747754312159
113023,113027,4,11.635346616806068,0.34378004641670146
113063,113081,18,11.635700464460653,1.5469631634965217
113153,113159,6,11.636496164187891,0.5156191275570913
113189,113209,20,11.636814266884727,1.7186834421611996
113383,113417,34,11.638526747221311,2.9213319467704513
113567,113591,24,11.640148250110188,2.0618294100998935
113717,113719,2,11.641468184833071,0.17179963628691378
113957,113963,6,11.64357646323901,0.515305586641969
114013,114031,18,11.644067755962846,1.545851533780566
114089,114113,24,11.644734124541923,2.061017430137685
114167,114193,26,11.645417567720074,2.2326378465010466
114197,114199,2,11.645680306156715,0.17173749814707356
114319,114329,10,11.646748065189703,0.858608767359571
114553,114571,18,11.648792876975632,1.545224487215136
114571,114577,6,11.648949997137963,0.5150678817811171
114761,114769,8,11.65060698389491,0.6866595028961764
114781,114797,16,11.650781243943621,1.3732984651408862
114997,115001,4,11.652661320048594,0.343269223238981
115061,115067,6,11.653217701497194,0.5148792508380862
115099,115117,18,11.653547906574925,1.544593984965249
115343,115361,18,11.65566557688837,1.5443133539874032
115547,115553,6,11.657432652578816,0.5146930871329289
115601,115603,2,11.65789988570203,0.1715574863061677
115613,115631,18,11.658003685645033,1.5440036292117596
115657,115663,6,11.658384193281396,0.5146510786166866
115679,115693,14,11.658574392818574,1.2008329259041906
115771,115777,6,11.659369380978829,0.5146075918812932
115933,115963,30,11.660767717014435,2.5727294058200356
116273,116279,6,11.663696153342345,0.5144166927119961
116351,116359,8,11.664366763450701,0.6858494903527312
116491,116507,16,11.665569295784824,1.3715575806301503
116969,116981,12,11.669664221407558,1.0283072222409324
117041,117043,2,11.670279579744998,0.1713755001612139
117619,117643,24,11.675205866022356,2.055638271000064
117727,117731,4,11.676123663712405,0.34257944804330775
117757,117763,6,11.676378458094717,0.5138579587440886
117797,117809,12,11.676718082982298,1.0276860257069027
117851,117877,26,11.677176393691026,2.226565663086784
117979,117989,10,11.67826192150826,0.8562918067099226
118051,118057,6,11.67887201346465,0.5137482449574376
118273,118277,4,11.680750790612137,0.3424437411347578
118661,118669,8,11.684025967216867,0.6846954998599338
119179,119183,4,11.688381843596193,0.3422201681571099
119549,119551,2,11.691481608150525,0.17106471763217185
119747,119759,12,11.693136462767283,1.0262430476382292
119809,119813,4,11.69365408705041,0.34206587352618995
119921,119923,2,11.694588471634306,0.17101927142208384
119993,120011,18,11.695188686729395,1.5390944500471988
120097,120103,6,11.696055028572077,0.512993482447091
120233,120247,14,11.697186805832652,1.1968689764806593
120283,120293,10,11.697602578593886,0.854876025477184
120299,120319,20,11.697735589376267,1.7097326099731425
120383,120391,8,11.698433605874474,0.683852237788718
120739,120749,10,11.701386470056718,0.8545995831852504
120863,120871,8,11.70241295171571,0.6836196973229446
120997,121001,4,11.703521030883087,0.3417774864030112
121001,121007,6,11.703554089007538,0.5126647815158515
121379,121403,24,11.706673160766355,2.0501127579467577
121727,121763,36,11.70953611139446,3.0744172661945743
121997,122011,14,11.711751733249116,1.1953805305020815
122011,122021,10,11.711866483585297,0.8538348703014542
122387,122389,2,11.714943434269445,0.1707221218114846
122503,122509,6,11.715890798462967,0.5121249509074592
122509,122527,18,11.715939775655931,1.5363684300768992
122651,122653,2,11.717098202935093,0.17069072609624514
122777,122789,12,11.718124980736077,1.0240546179296868
122921,122929,8,11.719297151583929,0.6826347942648382
122971,123001,30,11.719703834198159,2.55979164869848
123457,123479,22,11.723648196284437,1.876548974488371
123517,123527,10,11.724134077398888,0.8529414568260034
123887,123911,24,11.727125138787134,2.046537383712286
124001,124021,20,11.728044909070785,1.7053140702532152
124291,124297,6,11.730380869406764,0.5114923434113045
124513,124529,16,11.732165407106436,1.3637721123764963
124541,124543,2,11.732390257942946,0.17046824696663837
124643,124669,26,11.733208930134554,2.2159325854348215
125029,125053,24,11.7363009893766,2.044937329208256
125119,125131,12,11.737020563419833,1.0224059790267201
125149,125183,34,11.737260306416491,2.896757770756177
125197,125201,4,11.737643775699707,0.34078389806659054
125803,125813,10,11.742472470340921,0.851609405536862
125887,125897,10,11.743139958148294,0.8515609994975177
125927,125929,2,11.743457652957451,0.17030759245734783
126023,126031,8,11.744219708957814,0.6811861663230007
126041,126047,6,11.744362529828948,0.5108834119145153
126131,126143,12,11.745076328377726,1.0217047266867345
126227,126229,2,11.745837152323316,0.17027309114398897
126241,126257,16,11.745948057467846,1.3621718674149517
126473,126481,8,11.747784125633245,0.680979486381971
127157,127163,6,11.753177822421806,0.5105002315674713
127247,127249,2,11.753885358496353,0.17015650051021558
127597,127601,4,11.756632138644653,0.3402334914309171
127819,127837,18,11.75837047967187,1.5308243630457807
128461,128467,6,11.76338063530585,0.5100574559316722
128603,128621,18,11.76448541866286,1.5300286718401885
128861,128873,12,11.766489583022603,1.0198453765950994
129263,129277,14,11.769604367583613,1.18950472443742
129401,129403,2,11.770671388994348,0.1699138421169427
129733,129737,4,11.773233771249503,0.3397537225301759
129919,129937,18,11.774666458321548,1.5287057228936454
130021,130027,6,11.775451254853326,0.5095346131662736
130259,130261,2,11.77728005511714,0.16981849719460607
130423,130439,16,11.7785382932896,1.3584028511513544
130619,130621,2,11.780039967631906,0.16977871089532917
130787,130807,20,11.781325324686678,1.697601878295632
131071,131101,30,11.783494440095435,2.5459340735053657
131303,131311,8,11.785262908468557,0.6788138764601871
131371,131381,10,11.785780660522578,0.8484800700131647
131477,131479,2,11.786587210359338,0.16968440179547326
131507,131519,12,11.78681536112235,1.0180867038590269
132103,132109,6,11.791337200320678,0.5088481397883206
132241,132247,6,11.792381294474783,0.5088030865158039
132469,132491,22,11.794103934770822,1.865338827067704
132893,132911,18,11.797299572132822,1.525772901666326
133051,133069,18,11.79848779234903,1.5256192417872794
133169,133183,14,11.799374277269228,1.1865035951075933
133337,133349,12,11.800635037043891,1.0168944266414708
133669,133673,4,11.803121873827338,0.33889339132130303
133723,133733,10,11.803525775221054,0.8472044870688412
133801,133811,10,11.80410890048989,0.847162635002883
133811,133813,2,11.804183635554123,0.16943145428337908
134087,134089,2,11.80624412199037,0.16940188423469832
134669,134677,8,11.810575194857744,0.6773590505128957
134777,134789,12,11.811376839757159,1.0159696166502736
134837,134839,2,11.811821920509571,0.16932188899049355
135193,135197,4,11.814458666102693,0.33856819961430396
135209,135211,2,11.814577008422784,0.1692824041499049
135433,135449,16,11.81623233206914,1.3540695164376682
135449,135461,12,11.816350464687908,1.015541984461354
135571,135581,10,11.817250767309416,0.8462205124446918
135787,135799,12,11.818842760511163,1.0153278322725567
135937,135977,40,11.819946822097457,3.3841099796844922
135979,136013,34,11.82025574103076,2.8764183064143336
136133,136139,6,11.821387628021716,0.5075546280013227
136189,136193,4,11.82179890585303,0.33835798019027213
136319,136327,8,11.822753006355486,0.6766613491544219
136333,136337,4,11.822855701366064,0.3383277357887251
136943,136949,6,11.827320059839794,0.5073000451195427
137191,137197,6,11.829129394454663,0.5072224506067808
137201,137209,8,11.829202282877098,0.676292433647879
137447,137453,6,11.83099366723661,0.5071425248595736
137519,137537,18,11.831517368360716,1.5213602312865422
137633,137639,6,11.832346001309219,0.5070845628868624
137771,137777,6,11.833348165486571,0.5070416179843119
137999,138007,8,11.835001717736276,0.6759610341256621
138337,138349,12,11.837448016217543,1.0137320124709108
138433,138449,16,11.83814173304993,1.3515634768361424
138569,138571,2,11.839123675497477,0.16893142219125948
138739,138763,24,11.840349749186634,2.0269671511729346
139033,139067,34,11.84246659400746,2.8710235093426166
139109,139121,12,11.843013077471959,1.013255657280888
139273,139291,18,11.84419131470693,1.5197322908529352
139301,139303,2,11.844392338493027,0.16885627753989632
139313,139333,20,11.844478479175171,1.6885504950820567
140443,140449,6,11.852556991489704,0.5062198818624606
140521,140527,6,11.85311222277915,0.5061961691773476
140611,140617,6,11.853752491429283,0.5061688274947727
140731,140741,10,11.854605545770811,0.843554006195301
140741,140759,18,11.854676600795852,1.5183881101228514
140779,140797,18,11.854946563855178,1.5183535331049587
140977,140983,6,11.856352035487323,0.5060578483197329
141689,141697,8,11.861389793872275,0.6744572212046255
141769,141773,4,11.861954251408307,0.33721256339570704
142159,142169,10,11.864701428476273,0.8428362112846064
142381,142391,10,11.86626184209155,0.8427253783098214
142453,142469,16,11.866767399725354,1.3483031613453809
143413,143419,6,11.873483858547761,0.5053276756409265
143509,143513,4,11.874153029985171,0.3368661318326462
143617,143629,12,11.874905312990494,1.0105343734297114
143719,143729,10,11.87561528322941,0.8420616331451787
143827,143831,4,11.876366467423095,0.33680334898489456
143947,143953,6,11.877200455253512,0.5051695492220211
144061,144071,10,11.877992099971392,0.8418931344485475
144323,144341,18,11.87980912222009,1.5151758597141647
144629,144659,30,11.881927121849033,2.5248429562267405
144961,144967,6,11.884220019707758,0.5048711644559021
145423,145433,10,11.887402015890855,0.8412267025740519
145463,145471,8,11.887677037722447,0.672965792611465
146009,146011,2,11.891423542626187,0.1681884421012142
146141,146161,20,11.89232718807532,1.6817566220389908
146437,146449,12,11.894350580818372,1.0088823192543193
146543,146563,20,11.895074179730415,1.6813682451918321
146843,146849,6,11.897119267802509,0.5043237665304373
146857,146891,34,11.897214603178815,2.8578117764569484
146987,146989,2,11.898099426476085,0.16809407354165548
147029,147031,2,11.898385125215512,0.16809003734141398
147331,147341,10,11.900437035162245,0.840305273701544
148147,148151,4,11.905960303049804,0.33596617981124705
148361,148367,6,11.907403771942095,0.5038881787260836
148469,148471,2,11.908131461223945,0.16795246227441593
148579,148609,30,11.908872082302208,2.5191302579010015
149173,149183,10,11.912861985228176,0.8394288469387033
149213,149239,26,11.913130094323373,2.1824658837889332
149579,149603,24,11.915579960337565,2.0141696904294104
149629,149689,60,11.915914176003358,5.0352829932956285
149729,149731,2,11.916582272421156,0.16783335643380318
149921,149939,18,11.917863767674122,1.5103377879534916
150533,150551,18,11.921937608238101,1.5098216910279698
150869,150881,12,11.92416718958918,1.0063595896640083
150919,150929,10,11.924498548029261,0.8386096874197432
151009,151013,4,11.9250947166699,0.33542710519594143
151213,151237,24,11.92644471786758,2.012334821293763
151337,151339,2,11.927264417136746,0.16768304365973963
151423,151429,6,11.927832523903248,0.5030251714195404
151549,151553,4,11.92866428398183,0.3353267310382203
151897,151901,4,11.930957938553416,0.33526226650037
152197,152203,6,11.932931013308758,0.5028102478182619
152203,152213,10,11.932970435122167,0.8380143112202073
152293,152297,4,11.933561575909703,0.3351891197406485
152393,152407,14,11.934217989421258,1.173097392088019
152443,152459,16,11.9345460346682,1.340645882425877
152723,152729,6,11.936381101999254,0.5026649156665285
152767,152777,10,11.936669163803597,0.8377546418328913
152899,152909,10,11.9375328516734,0.8376940297674828
152959,152981,22,11.937925190606954,1.8428662978479817
153281,153287,6,11.940028117191757,0.5025113794632482
153589,153607,18,11.94203548254793,1.507280733364523
153947,153949,2,11.944363666316397,0.16744299285194097
154057,154061,4,11.945077942784733,0.3348659606207214
154153,154157,4,11.945700894688335,0.3348484978205509
154277,154279,2,11.946504966968469,0.16741298024233087
154423,154439,16,11.947450869209389,1.3391978067250077
154501,154523,22,11.947955847790901,1.8413191578765047
154589,154591,2,11.948525261245736,0.16738467352844538
154841,154849,8,11.950154062950244,0.6694474362303716
154871,154873,2,11.95034779131785,0.16735914593657578
154937,154943,6,11.950773861664635,0.5020595376879012
155119,155137,18,11.951947843273784,1.5060306684763427
155219,155231,12,11.952592301918623,1.003966310979566
155443,155453,10,11.954034383916545,0.8365376640922513
155621,155627,6,11.95517884305954,0.5018745498301969
155893,155921,28,11.956925153460514,2.341739171286556
156011,156019,8,11.957681796566275,0.6690259981911587
156041,156059,18,11.957874072213233,1.5052842914466698
156157,156217,60,11.958617190396811,5.017302506194621
157037,157049,12,11.964236725354727,1.0029891814635765
157189,157207,18,11.965204181974203,1.5043621258981377
157247,157253,6,11.96557309647927,0.5014385814721595
157579,157627,48,11.96768219879655,4.010801690976286
157639,157649,10,11.968062887721198,0.8355571067611652
157951,157991,40,11.970040137327633,3.341676347037729
158047,158071,24,11.970647736128596,2.0049040393666946
158357,158359,2,11.972607256862801,0.16704799189446248
158407,158419,12,11.97292294930522,1.0022615238408723
158647,158657,10,11.97443688728323,0.8351123392382593
158657,158663,6,11.974499918319735,0.5010647660384235
158777,158791,14,11.975255981033346,1.1690773059192625
158923,158927,4,11.976175087172962,0.3339964530315013
159179,159191,12,11.977784634143852,1.0018547140840068
159209,159223,14,11.977973083457826,1.1688121105677465
159227,159233,6,11.978086136002256,0.5009147481387648
159347,159349,2,11.978839493185676,0.16696108175902405
159499,159503,4,11.979792931594906,0.3338955875815349
159787,159791,4,11.981596957315471,0.3338453141304978
159911,159931,20,11.982372689451537,1.6691185058537392
160231,160243,12,11.984371803010973,1.0013040480757698
160387,160397,10,11.985344923748489,0.8343522913708886
160453,160481,28,11.985756343776734,2.336106224496897
160499,160507,8,11.986042991003202,0.6674429589485745
160753,160757,4,11.987624304445163,0.33367745755234834
160757,160781,24,11.987649187030465,2.0020605896580452
161303,161309,6,11.99103986282441,0.5003736180213765
161527,161531,4,11.992427590333923,0.33354381086478774
161531,161543,12,11.992452353689112,1.0006293663788095
161611,161627,16,11.992947492059452,1.334117406133365
162143,162209,66,11.996233940899208,5.501726652310751
162391,162413,22,11.99776228645483,1.8336752699990935
162677,162683,6,11.999521918739736,0.5000199208461595
162703,162709,6,11.999681731881635,0.5000132615233253
163393,163403,10,12.003913620833112,0.8330616427166498
163643,163661,18,12.005442504801223,1.4993199953105794
163993,163997,4,12.007579022968564,0.3331229378002547
164183,164191,8,12.008736938362919,0.6661816343435194
164201,164209,8,12.008846566115903,0.6661755528272596
164587,164599,12,12.01119458476221,0.9990679873943253
164987,164999,12,12.013621961900002,0.9988661236433772
165293,165311,18,12.015474935665017,1.4980681243461609
165343,165349,6,12.015777383071718,0.49934347222952274
165457,165463,6,12.016466621309403,0.49931483098033985
165707,165709,2,12.01797644754348,0.16641736724395126
165887,165901,14,12.019062112650088,1.1648163449679632
165961,165983,22,12.019508099976976,1.8303577664748312
166273,166289,16,12.021386294813855,1.3309613057607639
166409,166417,8,12.022203892445082,0.6654353953377309
166487,166541,54,12.022672507276306,4.491513843308829
166703,166723,20,12.023969064977672,1.6633442661004667
166843,166847,4,12.024808529448668,0.33264562925921265
167047,167051,4,12.026030488928642,0.33261182928834787
167099,167107,8,12.026341730125123,0.6652064426175895
167443,167449,6,12.02839827382512,0.4988195321946182
167471,167483,12,12.028565480929421,0.9976251963731909
167597,167611,14,12.029317567108581,1.1638232943720597
167621,167623,2,12.029460757510295,0.166258491574641
167627,167633,6,12.029496551907283,0.49877399059137656
167899,167911,12,12.031117887121749,0.9974135498119374
168631,168643,12,12.035468174789564,0.9970530290741944
168673,168677,4,12.035717208303646,0.33234413294791704
169531,169553,22,12.040791079935605,1.8271224750888757
169567,169583,16,12.041003407935978,1.328792913508747
169657,169661,4,12.041534030781719,0.33218358971330547
169837,169843,6,12.042594432537665,0.49823150929908505
170167,170179,12,12.044535586780688,0.9963024239116727
170189,170197,8,12.044664863185574,0.6641944870090939
170231,170239,8,12.044911617196579,0.6641808802132148
170249,170263,14,12.045017350279384,1.1623063373732103
170497,170503,6,12.046472980242992,0.4980710959830645
170551,170557,6,12.046789651212775,0.4980580033117759
170647,170669,22,12.047352374338544,1.8261273777349691
170759,170761,2,12.048008484682345,0.1660025391368847
170809,170813,4,12.048301252156799,0.3319970107224825
171383,171401,18,12.051656097029639,1.4935706640713424
171401,171403,2,12.051761119434515,0.16595084985337336
171529,171539,10,12.05250762750289,0.8297028559584375
171583,171617,34,12.052822393529413,2.820916038574748
171851,171863,12,12.054383101289272,0.9954885205794185
172259,172279,20,12.056754437148095,1.6588212113185246
172357,172373,16,12.057323186147803,1.3269943712201218
172517,172519,2,12.058251061322386,0.1658615324750642
172619,172633,14,12.058842132685383,1.1609738187096028
172717,172721,4,12.059409695885458,0.33169119392011015
173059,173081,22,12.061387855801264,1.8240023671420598
173177,173183,6,12.062069471835233,0.49742708032066285
173357,173359,2,12.063108331030511,0.16579474751588727
173713,173729,16,12.065159791109757,1.3261324571755477
173819,173827,8,12.065769806897006,0.6630327055822878
174079,174091,12,12.067264498147921,0.994425870241077
174241,174257,16,12.068194677360603,1.3257989639506966
174533,174569,36,12.069869114493098,2.9826338345933174
174721,174737,16,12.070945694965522,1.325496808976051
175453,175463,10,12.075126479753749,0.8281486754417775
175601,175621,20,12.075969654927759,1.6561817039544096
175663,175673,10,12.076322665772274,0.8280666455147674
175723,175727,4,12.076664170559505,0.33121729175439035
175727,175753,26,12.07668693339917,2.1529083384694396
175937,175939,2,12.077881255393814,0.16559195753864758
175949,175961,12,12.077949459300788,0.9935461346676888
176179,176191,12,12.07925580263451,0.9934386849712029
176243,176261,18,12.079619003573745,1.4901132225010338
176921,176923,2,12.083458584238503,0.16551552571287598
177283,177301,18,12.085502604780546,1.489387788711403
177739,177743,4,12.088071461081073,0.33090472809318316
177811,177823,12,12.088476467414832,0.9926809248747495
177979,178001,22,12.089420844786236,1.8197728644286435
178169,178183,14,12.090487817045101,1.1579350818469771
178351,178361,10,12.09150879772394,0.8270266488068356
178361,178393,32,12.091564865363955,2.646473004636758
178793,178799,6,12.09398399106703,0.496114432136819
178951,178973,22,12.094867304331673,1.8189533995235225
178987,179021,34,12.095068456487194,2.811063047912233
179021,179029,8,12.095258396377377,0.6614162126867882
179033,179041,8,12.095325425373028,0.6614125472984762
179107,179111,4,12.095738671595473,0.33069497519760693
179203,179209,6,12.096274520454266,0.49602048877563626
179213,179233,20,12.09633032153459,1.653394002013556
179281,179287,6,12.096709686326276,0.4960026449822304
179317,179321,4,12.096910468261038,0.3306629416242187
179563,179573,10,12.09828140026354,0.8265636803407604
179807,179813,6,12.09963933240865,0.4958825494846872
179999,180001,2,12.100706574301359,0.16527960476683742
180241,180247,6,12.102050123248747,0.49578376712170846
180533,180539,6,12.103668865529295,0.49571746109873593
180667,180679,12,12.104410836770422,0.9913741496237681
181193,181199,6,12.107318040498228,0.4955680506558407
181199,181201,2,12.10735115381199,0.16518889842971982
181421,181439,18,12.10857557622518,1.4865497503556448
181459,181499,40,12.108785011852047,3.3033867527458867
181501,181513,12,12.109016442313738,0.9909970852849129
181711,181717,6,12.110172791902407,0.4954512295656064
181889,181891,2,12.111151889890415,0.16513705865331169
181919,181927,8,12.111316812047532,0.6605392397994355
181967,181981,14,12.111580630937395,1.1559184904601876
182089,182099,10,12.112250857521035,0.825610377264483
182233,182239,6,12.11304136705655,0.49533389824937013
182339,182341,2,12.113622870863681,0.16510337339380976
182503,182509,6,12.11452189022574,0.4952733631890938
182641,182653,12,12.11527775644055,0.9904849266555802
182713,182747,34,12.115671894733449,2.8062826639255087
182933,182953,20,12.116875244566609,1.650590568634294
183023,183037,14,12.117367106986213,1.1553664980512444
183059,183067,8,12.11756378423402,0.6601987117582727
183299,183301,2,12.118873978275545,0.16503183411142214
183503,183509,6,12.119986295116965,0.4950500647362404
183509,183511,2,12.120018991595556,0.16501624307576332
183661,183683,22,12.120846945996423,1.815054682071265
184189,184199,10,12.123717683322017,0.8248295004226709
184409,184417,8,12.124911395855042,0.6597986359500192
184477,184487,10,12.125280073445248,0.8247232178908857
184571,184577,6,12.125789492285252,0.4948131421725042
184649,184651,2,12.126212004614812,0.16493196715007705
184721,184727,6,12.126601857612684,0.4947799944659184
184777,184823,46,12.126904971569614,3.7932184764243364
185057,185063,6,12.128419164713014,0.49470585725274724
185267,185291,24,12.12955330682916,1.9786384043085543
185323,185327,4,12.129855527614536,0.32976485094102703
185369,185371,2,12.13010371209241,0.16487905194134614
185429,185441,12,12.130427338436261,0.9892479189069464
185681,185683,2,12.131785426543468,0.1648561963207942
185821,185831,10,12.132539123732863,0.8242297756484187
186113,186119,6,12.134109295107313,0.4944738714706736
186119,186149,30,12.134141533066437,2.4723627887681854
186481,186551,70,12.136084636200623,5.767922859667409
187111,187123,12,12.139457302623786,0.9885120644896008
187129,187133,4,12.13955349757897,0.329501410475907
187211,187217,6,12.139991601983048,0.49423427929059766
187379,187387,8,12.140888582742086,0.6589303530362484
187469,187471,2,12.141368777390207,0.16472607303753284
187631,187633,2,12.142232547105335,0.16471435481416413
187883,187897,14,12.143574707652368,1.1528730490847798
187927,187931,4,12.143808868532606,0.32938594828883694
188291,188299,8,12.145743917432874,0.6586669416368595
188333,188351,18,12.145966951547397,1.4819734049833553
188527,188533,6,12.146996511687165,0.4939492650901096
188911,188927,16,12.149031283662906,1.3169774302512156
189011,189017,6,12.149560493406364,0.49384502453864354
189257,189271,14,12.150861158726617,1.1521817110012282
189307,189311,4,12.151125314854989,0.3291876181303078
189337,189347,10,12.15128377504484,0.8229583133048918
189391,189401,10,12.151568940125667,0.8229390006568637
189493,189509,16,12.15210736350836,1.3166440619218442
189823,189851,28,12.153847338005912,2.3037972438934693
190031,190051,20,12.154942495728559,1.6454211944670507
190321,190331,10,12.156467399271568,0.8226073966684774
190387,190391,4,12.156814121697476,0.32903357408918527
190537,190543,6,12.157601680411304,0.49351838937669606
190543,190573,30,12.15763316986234,2.4675855555806088
190711,190717,6,12.158514472148342,0.4934813388382498
190753,190759,6,12.158734676414904,0.4934724015023203
190913,190921,8,12.159573105876122,0.6579178339849772
191123,191137,14,12.160672478820823,1.1512521223133485
192029,192037,8,12.165401681270941,0.6576026184417961
192037,192043,6,12.165443340777387,0.49320027490396356
192103,192113,10,12.16578696550092,0.8219772406304219
192319,192323,4,12.16691073064824,0.32876052833395647
192581,192583,2,12.168272123428006,0.16436187321528822
192613,192617,4,12.168438273472262,0.3287192579774332
192931,192949,18,12.170087891010663,1.4790361549726814
193093,193133,40,12.170927217112203,3.2865203518562165
193441,193447,6,12.172727835396879,0.4929051303153839
193469,193493,24,12.17287257189916,1.9715970785238919
193597,193601,4,12.173533957836783,0.3285816603341363
193813,193841,28,12.174649055652441,2.2998609546778
194027,194057,30,12.17575260361922,2.4639134003989662
194371,194377,6,12.177523982925754,0.4927109984273214
194431,194443,12,12.177832623315856,0.9853970218825824
194659,194671,12,12.179004588805057,0.985302198755258
194713,194717,4,12.179281958520118,0.32842658652809714
194819,194827,8,12.179826201368543,0.6568238222562739
195043,195047,4,12.180975326057018,0.3283809295174724
195443,195457,14,12.183024055793346,1.149139978373648
195733,195737,4,12.184506764615607,0.3282857547928154
195817,195863,46,12.184935828598693,3.775153242254715
196331,196337,6,12.187557289344907,0.492305378145427
196583,196597,14,12.188840012966631,1.1485916613153209
197207,197221,14,12.192009217478073,1.1482930951143022
197257,197261,4,12.19226272603788,0.32807691975481895
197279,197293,14,12.192374249447774,1.1482587159456739
197347,197359,12,12.19271887955665,0.9841939372620343
197891,197893,2,12.195471653042627,0.16399529734473398
198241,198251,10,12.197238741240884,0.8198576917403727
198251,198257,6,12.197289183620564,0.49191258071156096
198301,198313,12,12.197541357359519,0.9838048216790566
198413,198427,14,12.19810599587984,1.1477191626904033
198461,198463,2,12.198347886254288,0.16395662909841263
198817,198823,6,12.200140082627046,0.49179763177834146
199289,199313,24,12.20251131150157,1.9668082567052092
199321,199337,16,12.202671869440753,1.3111882521457392
199357,199373,16,12.202852466313908,1.3111688471337464
199721,199729,8,12.204676671611825,0.6554864348523106
199751,199753,2,12.204826869873813,0.16386959203303128
199909,199921,12,12.205617541986264,0.9831538599928306
200009,200017,8,12.206117644517704,0.6554090524920629
200023,200029,6,12.20618763891818,0.49155397061647765
200191,200201,10,12.207027189807794,0.8192002724749772
200231,200237,6,12.207226979030828,0.49151211903461794
200461,200467,6,12.208374993092804,0.49146589971184956
200579,200587,8,12.208963463087843,0.6552562815170119
200789,200797,8,12.210009884422691,0.6552001247932039
201007,201011,4,12.211095012305453,0.3275709505141915
201251,201281,30,12.212308164212564,2.456538075898969
201281,201287,6,12.21245722068537,0.49130161863226385
201653,201661,8,12.214303677453433,0.6549697969903369
201743,201757,14,12.214749889123818,1.1461552735079572
201973,201979,6,12.21588930408326,0.49116358626419865
202343,202357,14,12.217719556179572,1.1458766863672993
202661,202667,6,12.219289911362976,0.4910268962863769
202747,202751,4,12.219714175320718,0.3273398986760684
202751,202753,2,12.219733904147986,0.1636696850920052
202753,202757,4,12.219743768415663,0.3273391059425312
202921,202931,10,12.220572019718947,0.8182923012003152
202967,202973,6,12.220798683233005,0.49096627442460283
203311,203317,6,12.222492105383388,0.4908982512132124
203321,203323,2,12.222541289904045,0.1636320919326345
203419,203429,10,12.223023170230034,0.8181282045145467
203641,203653,12,12.224113918630811,0.9816662442674688
203659,203663,4,12.224202305569243,0.32721971544741485
204299,204301,2,12.22733988603113,0.16356787483145524
204437,204439,2,12.2280151385425,0.16355884232560633
204719,204733,14,12.229393586101146,1.1447828464619185
204979,204983,4,12.23066281384892,0.32704687071176175
205111,205129,18,12.23130657499676,1.4716334587504827
206027,206033,6,12.235762507144228,0.4903658432808511
206203,206209,6,12.236616399440733,0.49033162470257924
206347,206351,4,12.237314496669423,0.326869101965849
206501,206519,18,12.238060533986511,1.4708212914956513
207521,207523,2,12.242987818351304,0.16335881646489533
207589,207593,4,12.243315442357511,0.3267088901558008
207797,207799,2,12.244316920584437,0.1633410841104346
207821,207833,12,12.244432411251475,0.9800372607694853
207869,207877,8,12.244663352578971,0.6533458511388996
207877,207923,46,12.244701837615512,3.7567268366379323
207947,207953,6,12.245038518522152,0.48999437534837065
208073,208099,26,12.245644258649321,2.1232039287468054
208099,208111,12,12.245769206988152,0.9799302760950368
208121,208129,8,12.245874920312934,0.6532812111880991
208291,208309,18,12.246691419402511,1.46978472663094
208441,208457,16,12.2474113065553,1.3063985196150116
208459,208463,4,12.247497658198434,0.32659732719543844
208519,208529,10,12.247785443167492,0.816474132928134
208799,208807,8,12.249127345707121,0.6531077499821824
209089,209123,34,12.250515277624542,2.7753934613755145
209173,209179,6,12.250916939746032,0.4897592587975201
209701,209707,6,12.253437985595856,0.48965849478759443
209861,209887,26,12.254200685782031,2.1217214134714286
210071,210097,26,12.255200847796385,2.1215482571772846
210157,210169,12,12.255610149419317,0.9791434170716153
210323,210347,24,12.256399723280733,1.9581606786544816
210481,210487,6,12.257150666748117,0.48951017762041016
210527,210533,6,12.257369189912444,0.48950145068142953
210599,210601,2,12.257711130332657,0.16316259852549836
211073,211093,20,12.259959324187824,1.6313267826706208
211369,211373,4,12.261360700227335,0.32622806699796675
211597,211619,22,12.262438801172015,1.7940966194993195
211639,211643,4,12.26263727200218,0.32619410582523906
211643,211657,14,12.262656171931779,1.1416776107646938
211693,211711,18,12.262892390917324,1.4678429383700653
211997,212029,32,12.264327402610627,2.6091932276032006
212029,212039,10,12.264478336751745,0.8153628491506233
213091,213097,6,12.26947458350174,0.4890184953859356
213253,213263,10,12.270234533250283,0.8149803471891
213539,213553,14,12.271574764757949,1.140847875547792
214051,214063,12,12.273969583367832,0.9776788119355386
214129,214133,4,12.274333916129114,0.3258832639988547
214243,214259,16,12.274866163814263,1.3034765337944996
214363,214373,10,12.275426118659205,0.8146356715714778
214457,214463,6,12.275864531053708,0.4887639469156789
214967,214987,20,12.278239806957162,1.628897978411164
215497,215503,6,12.28070226731535,0.48857140816521427
215617,215653,36,12.28125896463021,2.931295570240747
215687,215689,2,12.281583561669025,0.16284544985241356
215959,215981,22,12.282843853834375,1.7911161504452562
216127,216133,6,12.283621476846765,0.48845529889612116
216133,216149,16,12.283649237916494,1.302544519963341
216791,216803,12,12.286689034770815,0.9766666972721865
217001,217003,2,12.28765724080691,0.1627649568021856
217033,217057,24,12.287804694693278,1.9531560434358837
217207,217219,12,12.288606094883553,0.9765143342820862
217223,217229,6,12.288679754621633,0.4882542404722906
217339,217351,12,12.289213625520402,0.9764660592342698
217573,217577,4,12.290289705382902,0.32546018815553873
217619,217643,24,12.29050110632856,1.9527275407543838
218279,218287,8,12.293529340017914,0.650748843455263
218681,218711,30,12.295369325890377,2.4399429740454366
218971,218987,16,12.296694579938999,1.3011626739191056
219143,219169,26,12.297479763744295,2.1142543431259617
219293,219301,8,12.298164014151892,0.6505036028787828
219679,219683,4,12.299922668915691,0.3252052966242448
219943,219953,10,12.301123700855559,0.8129338622376822
220057,220063,6,12.301641882685336,0.4877397714239308
220411,220421,10,12.30324926427137,0.8127934162107887
220889,220897,8,12.305415591880418,0.6501202613001307
221173,221197,24,12.306700479697387,1.9501571554124753
221209,221219,10,12.306863234963558,0.8125547354414564
221251,221261,10,12.307053082633972,0.8125422010335382
221567,221581,14,12.308480305798524,1.1374271764000468
221603,221621,18,12.308642771669767,1.4623870668689618
221813,221827,14,12.309589963542413,1.1373246421257013
222059,222067,8,12.310698391310718,0.6498412799753631
222199,222247,48,12.311328655727495,3.898848072557089
222311,222317,6,12.311832581409123,0.4873360614942088
222379,222389,10,12.312138412439863,0.8122065936081633
222419,222437,18,12.312318269364164,1.4619505121783667
222533,222553,20,12.31283068419765,1.62432185684711
222643,222647,4,12.313324870776615,0.324851333167799
222713,222731,18,12.313639226036571,1.4617936801282845
222967,222977,10,12.31477905742905,0.812032433011242
223019,223037,18,12.31501224860651,1.4616307021567734
223063,223087,24,12.315209521754241,1.9488097183896973
223103,223129,26,12.31538882721502,2.1111797901617364
223273,223277,4,12.316150516948426,0.3247768037988448
223313,223319,6,12.316329653778093,0.4871581200458914
223507,223529,22,12.317198012455817,1.7861205103427265
223667,223679,12,12.317913617597565,0.9741909525048634
223753,223757,4,12.318298043868447,0.3247201834015568
223843,223849,6,12.318700192239804,0.4870643741926372
224047,224057,10,12.31961113025631,0.811713932710143
224131,224149,18,12.31998598132434,1.4610406235271614
224239,224251,12,12.320467726321056,0.9739889967296924
224317,224327,10,12.320815508987149,0.8116345864204946
224351,224359,8,12.320967068715346,0.6492996820284599
224473,224491,18,12.32151071167118,1.4608598264618673
224491,224501,10,12.321590896273998,0.8115835109428898
224617,224629,12,12.32215200853789,0.9738558647617175
224629,224633,4,12.322205431384182,0.3246172142051904
224993,225023,30,12.323824569591485,2.4343092382233134
225133,225143,10,12.324446617660312,0.8113954573563168
225341,225343,2,12.325370089446839,0.16226693279680332
225613,225619,6,12.326576421059311,0.48675315797736946
225689,225697,8,12.326913224356076,0.6489864781552316
225769,225779,10,12.327267631635767,0.8112097748520326
226013,226027,14,12.328347798723982,1.135594179249959
226103,226123,20,12.328745926643316,1.6222250112867154
226241,226267,26,12.329356081765441,2.1087881498087984
226463,226483,20,12.33033685515289,1.622015702810417
226621,226631,10,12.33103429759802,0.810961980857349
226819,226823,4,12.331907621577308,0.32436181998323965
226907,226913,6,12.332295520887039,0.4865274262879837
227089,227093,4,12.333097290108572,0.32433053156955893
227251,227257,6,12.333810412470088,0.4864676688992807
227299,227303,4,12.334021610358894,0.3243062260115181
227453,227459,6,12.334698902623192,0.48643262777366975
227671,227693,22,12.335656883378643,1.7834477894438943
227789,227797,8,12.336175040857412,0.6484992287726138
227827,227849,22,12.336341847993632,1.7833487650618287
228023,228049,26,12.337201780041799,2.107447090803107
228359,228383,24,12.338674231017986,1.945103627070954
228427,228443,16,12.338971963437553,1.2967044618798622
229093,229123,30,12.341883313631712,2.430747337147869
229127,229133,6,12.342031713963703,0.48614362197851385
229157,229171,14,12.342162637146894,1.1343230851506867
229171,229181,10,12.342223728766887,0.8102267646220266
229247,229249,2,12.342555303882596,0.16204099967620644
229249,229253,4,12.342564028059034,0.3240817702793827
229267,229283,16,12.342642542222157,1.296318834906433
229321,229343,22,12.342878047731457,1.7824043885812726
230059,230063,4,12.346091076748387,0.3239891861427518
230117,230123,6,12.346343154215734,0.4859738567975298
230149,230189,40,12.346482204243552,3.2397892240311
230369,230383,14,12.347437650140286,1.1338384850917582
230653,230663,10,12.348669695621519,0.8098038287918342
231019,231031,12,12.350255237203747,0.9716398381671787
231349,231359,10,12.35168267187065,0.8096062913576705
231613,231631,18,12.35282315436647,1.4571567790669266
231631,231643,12,12.352900867191718,0.9714317413386686
231839,231841,2,12.353798444225676,0.16189352683949815
231871,231877,6,12.353936461521188,0.4856751545297487
232259,232303,44,12.355608407270804,3.5611358461399343
232439,232451,12,12.356383103994277,0.9711579755180079
232523,232549,26,12.356744423848003,2.104114086054987
232681,232699,18,12.357423695763442,1.456614294626074
232751,232753,2,12.357724491585508,0.16184209328843827
232901,232907,6,12.358368749551493,0.48550096874377136
232907,232919,12,12.358394511238712,0.9709999133857729
233117,233141,24,12.35929575243751,1.9418582159316562
233423,233437,14,12.360607537252873,1.1326304113941215
234007,234029,22,12.363106308422322,1.7794880551186862
234089,234103,14,12.363456663908542,1.1323693996411912
234287,234293,6,12.364302138534889,0.4852679862375938
234461,234463,2,12.365044541736573,0.16174628350502615
234529,234539,10,12.36533452659969,0.8087124516112766
234893,234907,14,12.36688537028812,1.1320554513778784
234917,234931,14,12.36698753925013,1.1320460989846592
235171,235177,6,12.368068188084894,0.485120223203512
235591,235601,10,12.369852529690359,0.8084170749811129
235951,235967,16,12.371379435331608,1.2933076770974592
236129,236143,14,12.372133544840317,1.1315752411869633
236339,236377,38,12.373022493991705,3.0711978434091316
236507,236519,12,12.37373308478477,0.9697962545155974
236659,236681,22,12.374375565458482,1.7778674878278498
236893,236897,4,12.375363841377686,0.3232228200536446
236993,237011,18,12.375785883816096,1.4544530883924494
237067,237071,4,12.376098080586974,0.32320364414971475
237163,237173,10,12.376502947429271,0.8079826783442979
237373,237379,6,12.377388022591994,0.48475494094944904
237883,237901,18,12.379534235141714,1.454012700163105
237997,238001,4,12.38001334753215,0.3231014287070511
238019,238031,12,12.380105781399985,0.9692970489823228
238223,238229,6,12.380962488756653,0.48461498897591315
238423,238439,16,12.38180168602984,1.2922190490300378
238481,238499,18,12.382044921566912,1.4537178724531838
238519,238529,10,12.38220425070771,0.8076106481144862
238591,238627,36,12.382506067901005,2.9073274668786384
238921,238939,18,12.383888232338906,1.4535014901858814
239461,239489,28,12.386145843324924,2.260590207331493
239779,239783,4,12.387472944763333,0.3229068606515872
239957,239963,6,12.388215019605196,0.4843312769841814
240007,240011,4,12.388423368565457,0.3228820876552904
240113,240131,18,12.388864924850228,1.45291760860954
240283,240287,4,12.389572674319815,0.3228521358360408
240517,240551,34,12.390546052100497,2.7440275720726754
240899,240913,14,12.392133037494306,1.1297490075066856
240967,240997,30,12.392415273636516,2.4208355948030293
241069,241079,10,12.392838478548692,0.8069176417742746
241543,241559,16,12.39480279005529,1.2908636201002943
241559,241561,2,12.39486902865503,0.1613570902101755
241651,241663,12,12.395249815481096,0.9681127995510468
241811,241817,6,12.39591170827036,0.48403055307314696
241847,241861,14,12.396060573791312,1.1293910607051936
241993,242009,16,12.396664079100635,1.2906698042237168
242197,242201,4,12.397506723566943,0.3226455197153659
242491,242509,18,12.398719875268894,1.4517627772124846
242519,242521,2,12.398835336805897,0.16130547310867235
243787,243799,12,12.404050172212212,0.9674259482505663
243889,243911,22,12.40446848273595,1.7735544276337782
244301,244303,2,12.406156350565329,0.16121028491704145
244841,244843,2,12.408364299256617,0.16118159910245541
245251,245257,6,12.410037454891263,0.4834796044580167
245317,245321,4,12.41030653073966,0.3223127478835608
245591,245593,2,12.411422829632542,0.16114187933594176
245621,245627,6,12.411544976485784,0.4834208804276392
245741,245747,6,12.412033414754863,0.4834018568518734
245977,245981,4,12.412993314608523,0.3222429835108753
246329,246343,14,12.414423319767852,1.1277205263096988
246349,246361,12,12.414504508698597,0.9666112724508528
246361,246371,10,12.414553218893245,0.8055062331829529
246809,246811,2,12.416370037123189,0.16107767358900252
246833,246839,6,12.416467273582077,0.4832292364484311
246971,246979,8,12.417026199810266,0.6442766465389468
247241,247249,8,12.418118848417999,0.6442199577610869
247301,247309,8,12.418361497172986,0.6442073700158578
247579,247591,12,12.41948500197917,0.9662236395541103
247693,247697,4,12.419945355086204,0.3220626086218587
247957,247991,34,12.421010623017064,2.7372973932568296
248119,248137,18,12.421663748771017,1.449081247411877
248779,248783,4,12.424320231140152,0.32194920330324817
248821,248827,6,12.424489041429942,0.482917243517441
249037,249059,22,12.425356758785304,1.7705729040290918
249127,249131,4,12.425718085581215,0.3219129850243097
249397,249419,22,12.426801283286439,1.770367087915789
249419,249421,2,12.426889492165122,0.16094132013171564
249499,249503,4,12.427210186149646,0.32187433382740027
249563,249583,20,12.427466667309705,1.6093384545226541
249589,249593,4,12.427570843993456,0.32186499278202035
250441,250451,10,12.430978642823643,0.8044418937018255
250753,250777,24,12.43222366986029,1.9304671985739543
250829,250837,8,12.432526711040323,0.6434733812311737
250889,250919,30,12.432765889225223,2.412978758491649
251417,251429,12,12.43486819417267,0.9650283229880585
251513,251519,6,12.43524995704689,0.482499348282089
251543,251561,18,12.435369228062585,1.4474841614979836
251707,251737,30,12.436020991622668,2.4123471663652736
251893,251897,4,12.436759673149504,0.32162718466256524
252101,252139,38,12.437585079848033,3.0552554821570155
252383,252391,8,12.438703053973562,0.6431538694417492
252401,252409,8,12.438774371606481,0.6431501819231722
252559,252583,24,12.439400163768855,1.9293534803955166
253159,253229,70,12.441773028810339,5.626207762985794
253679,253681,2,12.443824967230318,0.16072228637632063
253741,253751,10,12.444069340728834,0.8035956507627683
253867,253871,4,12.44456578681553,0.3214254372971232
253871,253879,8,12.444581542973234,0.6428500606769825
253949,253951,2,12.44488873843861,0.16070854806621024
254257,254279,22,12.446100845488544,1.7676218659255478
255053,255071,18,12.449226645681426,1.4458729455491204
255179,255181,2,12.449720538665641,0.16064617625660854
255571,255587,16,12.451255536519659,1.2850109736381072
255589,255613,24,12.4513259645657,1.927505557906026
255743,255757,14,12.45192831296031,1.1243238515458216
256393,256423,30,12.454466702563927,2.4087743551334944
256471,256483,12,12.454770876772299,0.9634862109249693
256483,256489,6,12.454817664593438,0.48174129574428076
256873,256877,4,12.456337078314249,0.32112168889229603
257099,257107,8,12.457216503709272,0.6421980381907878
257221,257239,18,12.457690916535093,1.444890559622779
257281,257287,6,12.457924151781105,0.48162116953827994
257381,257399,18,12.458312756345881,1.4448184398670962
258197,258211,14,12.461478138427102,1.1234622285159417
258241,258253,12,12.461648536423015,0.9629544570227844
258283,258299,16,12.46181116197417,1.2839225207345637
258637,258659,22,12.463180813198113,1.7651994566830562
258703,258707,4,12.463435964550639,0.32093878537002757
258763,258779,16,12.463667863845545,1.2837312559020129
258959,258967,8,12.464425026992423,0.6418266372235818
259001,259009,8,12.464587201678082,0.6418182865231972
259159,259163,4,12.465197051936292,0.32089344302653094
259547,259577,30,12.466693082722,2.406412013269019
259949,259967,18,12.468240736910829,1.4436679865117632
260269,260317,48,12.469470990536658,3.849401473120087
260467,260483,16,12.470231452688466,1.2830555760495166
260969,260983,14,12.472156905304287,1.1225003105955103
260999,261011,12,12.472271854879866,0.962134255861727
261059,261061,2,12.472501714398403,0.16035275406626534
261101,261127,26,12.472662584630097,2.0845589162364955
261439,261451,12,12.47395626567706,0.9620043348250961
261587,261593,6,12.474522203140781,0.4809803455630025
261983,262007,24,12.476034895141895,1.9236881109835209
262121,262127,6,12.476561508192699,0.4809017288986326
262133,262139,6,12.476607287528678,0.4808999643675135
262321,262331,10,12.477324223649111,0.8014538871280052
262853,262877,24,12.479350219536085,1.9231770547178528
263023,263047,24,12.47999675980764,1.9230774223670488
263101,263111,10,12.480293267857345,0.8012632223759298
263273,263287,14,12.480946795600438,1.1217097732469328
263597,263609,12,12.482176700665605,0.9613707839402807
264013,264029,16,12.483753623340327,1.2816657940193166
264301,264323,22,12.484843884164489,1.7621365716798696
264839,264871,32,12.486877373166982,2.5626903383198685
265277,265313,36,12.488529842059332,2.882645151614073
265313,265333,20,12.48866554005611,1.6014521275993867
265333,265337,4,12.488740919876214,0.320288492303806
265459,265471,12,12.489215682127215,0.9608289507861322
265493,265511,18,12.489343753968159,1.441228646964015
265781,265787,6,12.490427940388768,0.48036784877470323
265921,265957,36,12.490954551171631,2.8820855806110717
266111,266117,6,12.491668793954311,0.48032013167879267
266759,266767,8,12.494100908051257,0.6403021761129496
266767,266797,30,12.494130897217673,2.4011273970789535
266921,266927,6,12.494708013451406,0.4802032983516374
266933,266947,14,12.49475296956301,1.120470331354589
267203,267217,14,12.495763948126509,1.120379678915031
267271,267277,6,12.496018403910577,0.4801529420060973
267299,267301,2,12.49612316100516,0.1600496389345065
267497,267511,14,12.49686363030204,1.1202810892529225
267511,267517,6,12.49691596596806,0.48011845613264603
267517,267521,4,12.496938394700763,0.32007839629714196
267587,267593,6,12.49720002608606,0.48010754308772247
267649,267661,12,12.49743169959187,0.9601972860065229
267781,267791,10,12.497924761253241,0.8001328373333271
267803,267811,8,12.498006914566306,0.6401020622477075
267929,267941,12,12.498477299020934,0.9601169576825185
268783,268789,6,12.501659641583524,0.47993627822361745
269189,269201,12,12.503169014105065,0.9597566814031362
269723,269741,18,12.505150785432368,1.4394068739234036
269923,269939,16,12.505892012122299,1.2793969422165783
270131,270133,2,12.506662305501424,0.15991476791695583
270167,270191,24,12.50679556529529,1.9189567683185642
270209,270217,8,12.506951012613767,0.639644305948882
270287,270299,12,12.507239636398369,0.9594443177595952
270551,270553,2,12.50821589923851,0.15989490556536992
270689,270701,12,12.508725839387022,0.959330323014582
270821,270833,12,12.509213365019475,0.9592929347225438
271289,271333,44,12.510939952303469,3.5169220032823256
271489,271499,10,12.51167690188157,0.7992533757402375
271927,271939,12,12.513288926904204,0.9589804942647326
272171,272179,8,12.514185824214456,0.6392745091350901
272183,272189,6,12.514229913171281,0.4794541926774874
272189,272191,2,12.514251956920777,0.15981778270765412
272263,272267,4,12.51452378988477,0.3196286224836711
272359,272369,10,12.51487632797906,0.7990490467447416
272809,272813,4,12.516527195609592,0.31957746246123886
272983,272989,6,12.517164801165903,0.4793417754986444
273061,273067,6,12.517450492430822,0.4793308352709795
274583,274591,8,12.523008862169462,0.6388241107268605
274931,274943,12,12.524275436074847,0.9581392601311908
274993,275003,10,12.524500921779282,0.7984350085048626
275309,275321,12,12.525649382205494,0.9580341612505732
275423,275447,24,12.526063376676953,1.9160049952075984
275549,275573,24,12.52652075019937,1.9159350372383344
275581,275591,10,12.526636875251667,0.7982988650175185
275651,275657,6,12.526890851800111,0.4789696079404892
275719,275729,10,12.527137510125174,0.7982669617793696
275813,275827,14,12.527478378836001,1.1175433376641613
276247,276251,4,12.529050672026626,0.3192580271808401
276251,276257,6,12.52906515171705,0.47888648732724703
276359,276371,12,12.529456024127521,0.9577430957012046
276671,276673,2,12.530584353632616,0.1596094757879508
276721,276739,18,12.530765057365723,1.4364645668158464
276869,276883,14,12.531299749117837,1.1172025472445948
276901,276907,6,12.531415320564594,0.47879667591526875
277427,277429,2,12.533313114498407,0.1595747255118378
277531,277547,16,12.53368791764105,1.27655962914795
277639,277643,4,12.534076987660548,0.31913000087185434
278191,278207,16,12.536063207121437,1.2763177510871822
278261,278269,8,12.53631480115064,0.638146068194277
278609,278611,2,12.537564644185105,0.15952061319401417
279007,279023,16,12.538992150094499,1.276019620115913
279109,279119,10,12.539357665511135,0.7974890155262491
279557,279571,14,12.540961486384537,1.1163418383191361
279593,279607,14,12.541090253263013,1.1163303761694403
279637,279641,4,12.541247612489416,0.31894753405686144
279919,279941,22,12.542255554585918,1.754070462386327
279967,279977,10,12.542427018062831,0.7972938559338328
280121,280129,8,12.542976931661697,0.6378071205573171
280223,280229,6,12.543340993741872,0.47834145647427767
280253,280277,24,12.543448045605032,1.9133494963060902
280507,280513,6,12.544353959070227,0.47830283006815866
280513,280537,24,12.544375348682006,1.91320805802591
280561,280583,22,12.54454644910768,1.753750132717226
280711,280717,6,12.545080949327078,0.47827511231179753
280817,280837,20,12.545458490611784,1.594202397223403
281363,281381,18,12.547400929587466,1.4345600416381852
281531,281539,8,12.547997844832569,0.6375519105858395
281647,281651,4,12.548409792748291,0.3187654902943634
281777,281783,6,12.548871256946859,0.4781306523228927
281797,281803,6,12.54894223254193,0.47812794806249037
282253,282281,28,12.550559110830534,2.2309763057358407
282287,282299,12,12.550679562880134,0.9561235262105788
282349,282377,28,12.550899173391151,2.230915858153183
282487,282493,6,12.55138781081067,0.47803478710395064
282917,282959,42,12.55290884738948,3.3458380452379672
283183,283193,10,12.553848610751347,0.7965684715550748
283501,283511,10,12.554970929480584,0.7964972644037587
283741,283763,22,12.555817129213047,1.7521758857743797
284173,284191,18,12.557338486613368,1.4334247674528109
284507,284509,2,12.558513136815256,0.1592545214717341
284527,284539,12,12.558583431384678,0.9555217804271823
284657,284659,2,12.559040225680583,0.15924783773766588
284741,284743,2,12.559335274137407,0.15924409662973688
284747,284749,2,12.559356345696422,0.15924382945669968
284803,284807,4,12.559552992172344,0.3184826723126988
285031,285049,18,12.560353225265375,1.4330807165353183
285091,285101,10,12.560563706531566,0.7961426121982043
285281,285283,2,12.561229938418922,0.1592200771584426
285301,285317,16,12.561300042277818,1.273753508486262
285343,285377,34,12.56144724438658,2.706694486592205
285473,285497,24,12.561902732677893,1.910538595205615
285521,285533,12,12.562070860539528,0.9552565124986576
285569,285599,30,12.562238960138936,2.3881093247145335
285643,285661,18,12.562498058338603,1.4328360423548205
285721,285731,10,12.562771089192786,0.7960027233643198
285731,285749,18,12.562806087757847,1.4328009104224388
285979,285983,4,12.5636736605327,0.3183782154868865
286543,286547,4,12.565643891135,0.31832829536272156
286553,286589,36,12.565678789302153,2.864946701538222
286589,286591,2,12.565804412620796,0.15916211444380332
287117,287137,20,12.56764507717398,1.5913880346863913
287179,287191,12,12.567860993705667,0.9548164167323249
287257,287269,12,12.568132564430618,0.9547957851718955
287279,287281,2,12.568209147969373,0.15913166119797878
287291,287297,6,12.568250918336783,0.47739339697985667
287297,287321,24,12.56827180286622,1.9095704148064931
287387,287393,6,12.568585018479448,0.47738070683201556
288053,288061,8,12.570899769964827,0.6363904053323292
288077,288089,12,12.570983084494582,0.9545792814566071
288181,288191,10,12.571344033934343,0.7954598945829969
288209,288227,18,12.571441190373637,1.4318167445895693
288227,288241,14,12.571503643100412,1.1136297134737407
288359,288361,2,12.571961510625139,0.15908416505329806
288383,288389,6,12.572044736747092,0.4772493357792846
288413,288427,14,12.572148759659965,1.1135725696248167
288481,288493,12,12.57238450487595,0.9544728762746667
288493,288499,6,12.572426101204387,0.47723485918324265
288527,288529,2,12.572543948072916,0.15907679529778493
288559,288571,12,12.572654850087634,0.954452352592528
288767,288773,6,12.573375413543982,0.4771988270975213
288833,288839,6,12.573603945400933,0.47719015375815377
288979,288989,10,12.574109300094525,0.7952849590646413
289127,289129,2,12.574621316933074,0.15905051528723063
289189,289193,4,12.57483573258209,0.3180956065800351
289343,289349,6,12.57536811455452,0.47712320986100604
289489,289511,22,12.575872578727532,1.7493815925913294
289559,289573,14,12.576114354885435,1.1132214295237726
289603,289607,4,12.576266298556066,0.31805942280812366
289759,289763,4,12.576804821979314,0.31804580389206416
290443,290447,4,12.579162622596602,0.3179861903378682
290767,290791,24,12.580277538147133,1.9077480546215997
290791,290803,12,12.580360075056653,0.9538677691581066
290837,290839,2,12.580518251760994,0.1589759626730834
290879,290897,18,12.580662652121557,1.4307672415780537
290923,290959,36,12.580813906328602,2.8615000800457517
291101,291103,2,12.581425564973435,0.15896449807468402
291169,291173,4,12.581659133593865,0.31792309404724967
291367,291371,4,12.58233891993368,0.3179059176082887
291373,291377,4,12.582359512307637,0.317905397321332
291419,291437,18,12.582517373088484,1.4305563399020962
291437,291439,2,12.582579137915493,0.1589499241831379
291743,291751,8,12.583628556716146,0.6357466738582516
291869,291877,8,12.584060350448825,0.6357248596407654
291983,291997,14,12.584450860377535,1.1124839816474914
292183,292223,40,12.585135597277027,3.1783527234028823
292249,292267,18,12.585361457600488,1.4302330577187778
292441,292459,18,12.586018215906261,1.430158425899267
292711,292717,6,12.586941053114924,0.47668452364088604
292807,292819,12,12.587268967887349,0.9533442107747447
292867,292879,12,12.587473860029426,0.9533286927494717
292973,292979,6,12.587835733582468,0.4766506432867483
293177,293179,2,12.58853180117007,0.15887476248930835
293213,293221,8,12.588654586347326,0.6354928515296763
293257,293261,4,12.588804636648561,0.3177426384356772
293431,293441,10,12.58939779691467,0.7943191692974176
293617,293621,4,12.590031475953603,0.31771167591120175
293633,293639,6,12.5900859672265,0.47656545123033456
293677,293681,4,12.590235802918322,0.31770651976770997
293773,293791,18,12.590562639247727,1.4296422261456205
293827,293831,4,12.590746437750628,0.31769363474804524
293893,293899,6,12.590971034498322,0.47653195163108925
294001,294013,12,12.591338447675579,0.9530360930148183
294341,294347,6,12.592494238143875,0.47647430973805205
294523,294529,6,12.593112377496238,0.4764509217532227
294793,294799,6,12.5940286941036,0.47641625612693267
295417,295429,12,12.596143196509516,0.9526725611793051
296221,296237,16,12.598861076344551,1.2699560621429011
296347,296353,6,12.599286343999568,0.4762174488444348
296911,296921,10,12.601187709577156,0.7935759890633007
296929,296941,12,12.601248331967042,0.9522866055705143
297133,297151,18,12.601935128995025,1.428352059882049
297487,297503,16,12.603125805534066,1.269526325998774
297623,297629,6,12.603582863900982,0.4760551078840543
297641,297659,18,12.603643341269025,1.4281584707384802
297691,297707,16,12.603811314769922,1.2694572776768098
297881,297889,8,12.60444935687548,0.6346965086290071
297911,297931,20,12.604550063162323,1.5867285940218838
297931,297953,22,12.604617195053017,1.7453921574575406
298063,298087,24,12.605060152539698,1.903997260589385
298411,298427,16,12.606227009903087,1.2692140152188964
298427,298451,24,12.606280625792168,1.9038129256694902
298559,298579,20,12.606722847225003,1.5864551194129257
298667,298679,12,12.607084519359763,0.9518457643059736
299011,299017,6,12.608235640993772,0.47587943078188566
299909,299933,24,12.611234374290143,1.9030650995534213
300721,300733,12,12.613938203585018,0.9513285863878317
300733,300739,6,12.613978106886023,0.47566278846834015
300739,300743,4,12.61399805793944,0.31710802408775857
300821,300823,2,12.614270682450737,0.15855058531306498
301039,301051,12,12.614995103444103,0.9512488829047425
301057,301073,16,12.615054894573774,1.2683258324053923
301073,301079,6,12.615108039243543,0.47562018346057594
301211,301219,8,12.615566294825344,0.6341372089877124
301319,301331,12,12.615924783203207,0.9511787844500114
301349,301361,12,12.616024340505154,0.9511712783775045
301361,301363,2,12.616064160650835,0.15852804603181603
301577,301579,2,12.61678065226105,0.15851904341711612
301579,301583,4,12.616787284044536,0.31703792018896026
302167,302171,4,12.618735123652286,0.31698898192279873
302261,302273,12,12.619046161528617,0.950943506061822
302417,302429,12,12.619562138638619,0.9509046247538462
302443,302459,16,12.619648108945851,1.2678641957264938
302579,302581,2,12.620097679382267,0.15847737876604903
302941,302959,18,12.621293346059261,1.4261612900091676
303007,303011,4,12.621511186534883,0.31691926116322383
303073,303089,16,12.621728979566367,1.2676551703734726
303421,303431,10,12.622876559058303,0.7922124527807332
303571,303581,10,12.62337079951964,0.792181435435655
303749,303767,18,12.623956981450407,1.4258603721835499
304223,304253,30,12.625516264101709,2.3761404581370966
304393,304411,18,12.626074908647436,1.4256211950455033
304729,304739,10,12.627178136027432,0.7919425775318987
304739,304751,12,12.627210951532104,0.9503286233246937
304849,304867,18,12.627571851028794,1.425452194004622
304937,304943,6,12.627860476876586,0.47513987115924
305267,305281,14,12.628942082477899,1.108564748224191
305353,305363,10,12.629223763394242,0.7918143020780868
305419,305423,4,12.629439883321995,0.3167203008965
305479,305483,4,12.629636315460234,0.3167153748602805
305633,305639,6,12.630140314737812,0.47505410474329746
306023,306029,6,12.631415541508584,0.4750061448206788
306167,306169,2,12.631885983700244,0.158329484811748
306301,306329,28,12.632323557588636,2.2165360056170753
306809,306821,12,12.63398068311668,0.9498194037953616
307147,307163,16,12.635081739329658,1.266315511849539
308027,308041,14,12.637942720451255,1.1077752376060865
308101,308107,6,12.63818293027894,0.4747517924926548
308323,308327,4,12.638903213751348,0.31648315778286285
308989,308999,10,12.641060956540732,0.7910728406721118
309173,309193,20,12.641656269761002,1.5820711758980701
309599,309623,24,12.643033190718333,1.8982786518047894
309779,309781,2,12.64361441899918,0.15818261564467356
309977,309989,12,12.644253380160464,0.949047732531892
310049,310081,32,12.644485628486578,2.5307474689130625
310091,310111,20,12.644621081771527,1.5817002242029996
310117,310127,10,12.644704924611398,0.7908448682369964
310481,310489,8,12.645877986856977,0.6326172060425146
310553,310559,6,12.646109858220937,0.47445420506920094
310781,310789,8,12.646843763045826,0.6325688962313317
311099,311111,12,12.647866468480048,0.9487766201442269
311111,311123,12,12.647905040666291,0.9487737266699023
312413,312427,14,12.652081309398119,1.106537308577098
312451,312469,18,12.652202935864189,1.422677148892138
312563,312581,18,12.652561327840044,1.4226368506425437
312583,312589,6,12.652625312893157,0.4742098854287527
312887,312899,12,12.65359738197381,0.9483469117719109
313273,313289,16,12.654830293845842,1.264339357263522
313373,313381,8,12.655149453310193,0.6321537354825509
313471,313477,6,12.655462130789115,0.4741035876835165
313507,313517,10,12.65557696735448,0.7901654761213466
313589,313597,8,12.655838490312581,0.6321193183781229
313763,313777,14,12.656393202832703,1.1061603235325035
313993,313997,4,12.657125971648268,0.31602750963843823
314213,314219,6,12.657826378868172,0.4740150338937184
314497,314513,16,12.65872981612642,1.263949877468513
314747,314761,14,12.659524420487063,1.1058867248870445
314777,314779,2,12.659619730594455,0.15798262843287525
314927,314933,6,12.660096144918763,0.4739300500816616
315067,315083,16,12.660540593603368,1.2637691006720413
315269,315281,12,12.661181521638305,0.947778845085798
315559,315569,10,12.662100948234553,0.7897583537583687
315779,315803,24,12.662797880809196,1.895315729264907
316033,316037,4,12.663601917496324,0.3158658986645425
316109,316133,24,12.66384236980092,1.8951594073242788
316139,316153,14,12.66393726927082,1.1055013699389644
316259,316271,12,12.664316777116955,0.9475442071760789
316271,316291,20,12.66435471998133,1.5792356138323234
316637,316649,12,12.665511286309448,0.9474548424248124
316661,316663,2,12.66558708001166,0.1579081954405669
316957,316961,4,12.666521396970877,0.31579309540791334
317437,317453,16,12.66803465242915,1.2630214898355943
317459,317483,24,12.668103955118122,1.8945218704416777
317563,317587,24,12.668431502828058,1.894472886769157
317741,317743,2,12.668991864496356,0.15786575770127453
317969,317971,2,12.669709172733683,0.15785681997375078
318007,318023,16,12.669828674098657,1.2628426485915567
318103,318107,4,12.670130508689306,0.3157031411205085
319133,319147,14,12.673363222776382,1.1046791411169692
319589,319591,2,12.674791074259415,0.15779352797867396
319681,319687,6,12.675078902565561,0.47336983431207996
319763,319811,48,12.675335375377722,3.7868820491520614
319897,319901,4,12.675754347963032,0.3155630734231444
319931,319937,6,12.675860626525496,0.4733406414586481
320291,320293,2,12.676985236544967,0.1577662167054071
320389,320401,12,12.677291161502088,0.9465744572027454
320401,320417,16,12.677328615270097,1.2620955475373319
320591,320609,18,12.677921446399237,1.4197910971527854
321323,321329,6,12.680202126731155,0.4731785771262581
321331,321341,10,12.68022702348742,0.7886294134542804
321443,321449,6,12.680575513006703,0.47316464413193926
321509,321547,38,12.680780816047152,2.9966608958268663
321721,321733,12,12.6814399893061,0.946264778299567
321757,321779,22,12.68155188124347,1.7348034535535743
321947,321949,2,12.6821422147058,0.15770206374762655
322037,322039,2,12.682421724757559,0.15769858812499257
322169,322171,2,12.682831531564224,0.15769349257872955
322319,322327,8,12.68329701735359,0.6307508204731158
322891,322901,10,12.685070083951606,0.7883283209173123
323651,323699,48,12.687421053726338,3.7832747724489084
324179,324199,20,12.689051111355381,1.576161985989802
324361,324391,30,12.689612372047945,2.364138408678466
324503,324517,14,12.690050060075842,1.1032265384078657
324697,324707,10,12.69064771875044,0.7879818447111248
324811,324839,28,12.690998753691261,2.206288137240264
324977,324979,2,12.691509689576845,0.15758566545022928
325181,325187,6,12.692137229364695,0.47273362173537814
325537,325541,4,12.693231405445633,0.3151285809131255
325697,325709,12,12.6937227802916,0.9453491467949277
325951,325957,6,12.694502342303187,0.4726455467266005
326351,326353,2,12.695728768253552,0.15753329615871461
326597,326609,12,12.696482273928243,0.9451436816197157
326657,326659,2,12.696665969704064,0.15752166787503635
326707,326737,30,12.696819023744682,2.3627965354075022
326741,326773,32,12.696923087113246,2.5202956480439287
326779,326831,52,12.697039380417332,4.095442917204754
326999,327001,2,12.69771239177074,0.15750868646986996
327263,327277,14,12.698519407964032,1.1024907353545272
327469,327473,4,12.699148673088686,0.3149817442862585
328849,328883,34,12.703353957824767,2.6764585252745268
329027,329053,26,12.703895093249509,2.046616396715655
329711,329717,6,12.705971792167205,0.4722188981797358
329779,329789,10,12.706178012125783,0.7870187235262076
330019,330037,18,12.70690550754282,1.4165525972720265
331081,331099,18,12.710118337412796,1.4161945248783565
331307,331319,12,12.710800716950981,0.9440789976352107
331577,331579,2,12.7116153391622,0.15733641607596163
331819,331841,22,12.712344918510688,1.7306012494961005
331997,331999,2,12.71288121171322,0.15732074945821622
332207,332219,12,12.713513547582917,0.9438775484910252
332263,332273,10,12.713682102973324,0.7865541956300228
332273,332287,14,12.713712199160742,1.1011732671535672
332287,332303,16,12.713754332301473,1.2584795632985653
332509,332513,4,12.714422206380895,0.3146033642010526
332933,332947,14,12.715696547517702,1.10100142353059
333383,333397,14,12.717047258196766,1.10088448330459
333493,333497,4,12.717377154612285,0.3145302644853382
333589,333623,34,12.717664975301984,2.673446742466391
333941,333959,18,12.718719609648383,1.4152367968191746
334049,334057,8,12.719042967785304,0.6289781409074833
334331,334333,2,12.719886799188798,0.15723410369717666
334727,334751,24,12.721070553201878,1.8866336681042326
335173,335207,34,12.722402095419811,2.6724512985044178
335323,335341,18,12.722849525389572,1.4147774021911843
335641,335653,12,12.72379741536224,0.9431146699578575
335653,335663,10,12.723833167208676,0.7859266833026054
335693,335719,26,12.723952330799575,2.0433902394513415
336103,336109,6,12.725172939588267,0.4715063621126814
336157,336163,6,12.725333591717254,0.471500409537815
336463,336491,28,12.726243466597902,2.2001779294487456
336599,336613,14,12.726647589849106,1.1000540323884298
336643,336649,6,12.726778300648677,0.47144688610582486
336703,336727,24,12.726956515118381,1.885761137903657
336757,336761,4,12.727116880990492,0.31428956278184966
336983,336989,6,12.727787762958243,0.4714094948583159
337021,337031,10,12.727900521933087,0.7856755309147577
337261,337277,16,12.728612390291238,1.2570105451717595
337301,337313,12,12.72873098576518,0.9427491250635954
337343,337349,6,12.728855495877342,0.4713699516773756
337367,337369,2,12.728926637553055,0.1571224390672166
337511,337517,6,12.729353381356187,0.4713515149000254
337633,337639,6,12.729714785742,0.47133813294232946
337871,337873,2,12.730419444810927,0.1571040144176258
337919,337949,30,12.730561500775297,2.356533920218129
338159,338161,2,12.731271478056266,0.1570935003190544
338251,338263,12,12.731543502421864,0.9425408629925581
338497,338531,34,12.732270508665946,2.670379959085744
338579,338581,2,12.732512726675154,0.1570781858171573
338687,338707,20,12.732831656020242,1.5707425135510804
338857,338867,10,12.733333468459191,0.7853403058021113
339263,339289,26,12.734530896786069,2.0416927965962106
339557,339583,26,12.735397105849982,2.0415539290923994
339589,339601,12,12.735491341846435,0.9422486873804586
339649,339653,4,12.735668010407842,0.3140785388509751
339863,339887,24,12.736297874213264,1.884378038031912
340201,340211,10,12.737291898386962,0.7850962417895432
340339,340369,30,12.737697458682879,2.355213734453236
340387,340393,6,12.737838484587808,0.47103753178058594
340559,340573,14,12.738343664157577,1.0990439863380668
340573,340577,4,12.73838477219538,0.3140115541752964
340709,340723,14,12.738784019502093,1.0990059944942219
340889,340897,8,12.739312190078252,0.627977388467694
341017,341027,10,12.73968760839545,0.7849486037169392
341087,341123,36,12.739892855689838,2.8257694478114725
341191,341203,12,12.740197716760562,0.9419006099264233
341447,341459,12,12.740947748291186,0.9418451623121552
341543,341557,14,12.741228865146871,1.0987951121650792
342239,342241,2,12.74326460238583,0.15694565422627688
342283,342299,16,12.743393159247583,1.2555525675192067
342341,342343,2,12.743562595318007,0.1569419842403255
342593,342599,6,12.74429843267276,0.4707987679115945
342889,342899,10,12.745162058613042,0.7846114434647073
343087,343127,40,12.745739338300664,3.1383036274561875
343153,343163,10,12.745931690830986,0.784564066602811
343193,343199,6,12.746048250117541,0.47073413518144097
343243,343253,10,12.746193930122926,0.7845479250372239
343261,343267,6,12.746246369729992,0.4707268183870119
343481,343489,8,12.746887076159847,0.627604210518361
343529,343531,2,12.747026812117339,0.15689933264271458
343897,343901,4,12.748097472916184,0.3137723106132622
344167,344171,4,12.74888228367175,0.31375299504671383
344263,344269,6,12.749161179131336,0.47061919727089135
344353,344363,10,12.749422573001107,0.7843492474064324
344363,344371,8,12.749451612547162,0.6274779687094096
344987,345001,14,12.751262014144125,1.0979305408727962
345001,345011,10,12.75130259456002,0.7842336048292208
345019,345041,22,12.751354766960832,1.725306871470842
345089,345109,20,12.75155763375919,1.5684358393245135
345229,345259,30,12.751963243932817,2.352578926564388
345517,345533,16,12.75279712503148,1.2546267178197978
345889,345907,18,12.753873193321011,1.411335970427109
346091,346097,6,12.754457025240251,0.4704237889646251
346133,346139,6,12.754578373243358,0.47041931331786246
346793,346831,38,12.756483339140408,2.978877406079897
346939,346943,4,12.756904250968478,0.3135556966884288
347071,347099,28,12.757284648950039,2.194824429374513
347257,347287,30,12.757820418800742,2.351498846604713
347437,347443,6,12.758338632587037,0.47028066684755854
347561,347563,2,12.758695468150062,0.15675583800809917
348097,348149,52,12.760236455549236,4.075159592938889
348149,348163,14,12.76038582804142,1.0971455086596584
348247,348253,6,12.76066727710387,0.47019484715863114
348323,348353,30,12.76088548920115,2.3509340339577047
348419,348421,2,12.761161057490726,0.1567255511461484
348629,348637,8,12.761763598510436,0.6268726056744827
348811,348827,16,12.762285507216939,1.2536939399257419
349171,349177,6,12.763317052534504,0.4700972306261511
349529,349553,24,12.764341812893253,1.8802379591368836
349709,349717,8,12.764856659065732,0.6267207077737389
350093,350107,14,12.765954112455523,1.0966669531061872
350107,350111,4,12.76599410103022,0.3133324336784081
350219,350237,18,12.766313952073748,1.4099606250930479
350293,350347,54,12.766525226114094,4.229811874694165
350587,350593,6,12.767364171489175,0.46994821479272997
350663,350677,14,12.767580927283252,1.0965272184085533
350783,350789,6,12.767923077644564,0.46992764316582053
351427,351437,10,12.76975728729852,0.7831002402799412
351829,351847,18,12.770900541088848,1.4094542465574098
351859,351863,4,12.77098580614955,0.3132099636407003
351887,351913,26,12.771065380314136,2.0358520785648397
351971,351991,20,12.771304064822655,1.5660107925147677
352069,352073,4,12.771582458097562,0.3131953313634898
352357,352361,4,12.772400145167735,0.31317528064710265
352399,352403,4,12.772519335355685,0.31317235816802225
352579,352589,10,12.773029989599964,0.7828995945474319
352607,352619,12,12.773109401272954,0.9394736726207084
352883,352907,24,12.773891836216272,1.8788322547053122
353149,353161,12,12.774645343175123,0.9393607162965992
353161,353173,12,12.774679322589265,0.9393582176877496
353341,353359,18,12.775188875297948,1.4089811255005964
353401,353411,10,12.775358668518512,0.7827568884341659
353471,353473,2,12.775556724178458,0.1565489507173404
353557,353567,10,12.775799996016135,0.7827298488641252
353627,353629,2,12.775997964296606,0.1565435440416581
353747,353767,20,12.776337247338253,1.5653938693710268
353797,353807,10,12.776478581304998,0.7826882764576742
354017,354023,6,12.777100213561733,0.4695901182360254
354091,354097,6,12.777309221227991,0.46958243681163386
354163,354169,6,12.777512538117831,0.4695749647750938
354443,354451,8,12.778302822181395,0.6260612313955409
354689,354701,12,12.778996628157907,0.93904086128003
354877,354881,4,12.77952652954664,0.31300064135802547
355339,355343,4,12.780827542379825,0.3129687797395308
355463,355483,20,12.781176444046556,1.5648011814527414
355499,355501,2,12.781277715281954,0.15647887828997697
355891,355909,18,12.782379783176289,1.4081884833128613
355951,355967,16,12.782548359911413,1.2517065885061816
356549,356561,12,12.784226956796788,0.9386566775255933
356927,356929,2,12.785286558059807,0.15642981413969215
357139,357169,30,12.785880340724795,2.3463382419156433
357241,357263,22,12.786165903032511,1.7206096156457842
357503,357509,6,12.786899032689382,0.46923026330787104
357559,357563,4,12.787055662464462,0.3128163437765998
357767,357779,12,12.787637215507026,0.9384063527739205
357809,357817,8,12.787754603457566,0.6255984923136507
357823,357829,6,12.787793729712407,0.4691974336479181
357859,357883,24,12.787894333053082,1.876774969743596
357977,357983,6,12.78822401750893,0.4691816464729685
358031,358051,20,12.788374853812723,1.5639203752333868
358109,358153,44,12.788592688315218,3.4405662196280806
358219,358223,4,12.78889981019476,0.3127712359441093
358273,358277,4,12.789050544606596,0.31276754955721725
358459,358471,12,12.789569567070153,0.9382645707559157
358931,358951,20,12.790885448440418,1.5636134089871458
358951,358973,22,12.790941167904078,1.7199672573902485
359407,359417,10,12.792210730047877,0.7817257087948686
359561,359563,2,12.792639121860462,0.1563399061716935
359633,359641,8,12.792839346000932,0.6253498370165038
359641,359657,16,12.79286159065318,1.2506974992749116
360457,360461,4,12.795127949813388,0.3126189918294907
360589,360593,4,12.795494084571711,0.31261004643994467
360649,360653,4,12.79566046515659,0.31260598160542463
360817,360821,4,12.79612618357724,0.3125946042274627
361093,361111,18,12.796890821865802,1.4065916675044023
361213,361217,4,12.797223091017944,0.31256781034062786
361321,361327,6,12.797522038889753,0.468840763217043
361409,361411,2,12.797765559984587,0.15627728064135665
361511,361523,12,12.79804774888703,0.9376430089537343
361793,361799,6,12.798827504050248,0.4687929420176397
362059,362069,10,12.799562460952966,0.7812767061769914
362069,362081,12,12.79959008037937,0.9375300243712438
362633,362657,24,12.80114658253851,1.8748320586171057
362867,362897,30,12.801791654924765,2.343421984098546
363019,363037,18,12.802210453475011,1.4060071942587156
363497,363523,26,12.803526322826743,2.0306905569949074
363541,363551,10,12.80364736189225,0.7810274461137691
363577,363581,4,12.803746382959062,0.3124085623348284
363659,363677,18,12.803971894348344,1.4058137700181281
363949,363959,10,12.80476902691246,0.7809590301068665
364213,364223,10,12.805494140311861,0.7809148081619022
364669,364687,18,12.80674537181296,1.4055093216436665
364919,364921,2,12.807430690129008,0.15615934596011108
365063,365069,6,12.807825220410216,0.468463606954798
365489,365507,18,12.80899146195985,1.4052628619088716
365537,365557,20,12.809122784238589,1.5613871720091297
365591,365611,20,12.809270501191293,1.5613691660379843
365773,365779,6,12.809768201389161,0.46839255056538237
366031,366053,22,12.810473308250259,1.717344821742961
366161,366167,6,12.810828406370332,0.4683537870990787
366199,366211,12,12.810932180470594,0.9366999864610316
366517,366521,4,12.811800183953432,0.3122121749143367
366631,366677,46,12.812111171641918,3.590352860956711
366721,366727,6,12.81235661994083,0.4682979234797251
366727,366733,6,12.812372981018916,0.46829732547505376
366853,366859,6,12.81271650183802,0.46828476998919655
367163,367181,18,12.813561170124355,1.4047617021541334
367357,367369,12,12.814089406263632,0.9364691957068991
367771,367777,6,12.81521574084419,0.4681934445221252
368857,368873,16,12.818164314036668,1.2482286549002206
368939,368947,8,12.81838659770407,0.6241035046823208
369263,369269,6,12.819264406273554,0.4680455765514666
370033,370057,24,12.821347469832476,1.8718781357786245
370247,370261,14,12.821925629463863,1.0918796758443994
370439,370441,2,12.822444067788066,0.15597650412251007
370511,370529,18,12.822638412886189,1.4037672607152978
370897,370919,22,12.82367967501143,1.7155762275370772
371069,371071,2,12.824143308124217,0.1559558367328117
371237,371249,12,12.824595951650926,0.9357019936721848
371383,371387,4,12.824989154101388,0.31189110196797426
371491,371509,18,12.82527991673613,1.403478139803499
371669,371699,30,12.825758952215445,2.3390428676985215
371929,371939,10,12.826458254824102,0.7796384474442853
372131,372137,6,12.82700122180247,0.4677632672086758
372451,372461,10,12.827860764524969,0.7795532071609846
372461,372473,12,12.827887613333957,0.935461890664414
372497,372511,14,12.827984263078045,1.0913639830612587
372839,372847,8,12.828901970055844,0.6235919503222439
373091,373127,36,12.82957763669906,2.8060159905047732
373127,373151,24,12.829674123248642,1.8706632584306735
373193,373199,6,12.829850991080596,0.46765936753055376
373301,373327,26,12.830140343709695,2.0264782226444753
373363,373379,16,12.830306415731762,1.2470473799738522
373657,373661,4,12.831093543292416,0.31174271986280083
373717,373721,4,12.83125410547448,0.3117388189119715
374117,374123,6,12.832323861698844,0.46756924658895516
374321,374333,12,12.832868997047536,0.9350987688537026
374677,374681,4,12.833819600458515,0.311676501971174
374837,374839,2,12.834246543790941,0.15583306687898843
374977,374981,4,12.834619969738249,0.3116570657667534
375163,375169,6,12.835115877179025,0.46746753651582257
375367,375371,4,12.835659493037214,0.3116318255536325
375457,375467,10,12.835899229647742,0.7790650129834676
375533,375553,20,12.83610162914776,1.5581054573909507
375607,375623,16,12.836298662990291,1.2464652327022676
375833,375841,8,12.836900174772508,0.6232034129019605
375997,376001,4,12.837336443616797,0.31159111686201457
376009,376021,12,12.837368358255778,0.9347710266709561
376237,376241,4,12.837974542953289,0.3115756295213705
376501,376511,10,12.838675982261055,0.7788965165735784
376801,376807,6,12.839472475608636,0.46730891875801767
376933,376949,16,12.839822731803393,1.2461231228970986
377521,377527,6,12.841381475263047,0.4672394486183656
377887,377911,24,12.842350488110776,1.8688167732393521
378019,378023,4,12.842699737888768,0.31146099197500715
379157,379163,6,12.845705646308648,0.4670821646706629
379199,379207,8,12.845816412228725,0.6227708495338845
379207,379273,66,12.845837509108234,5.137851070683655
379579,379597,18,12.846818022796688,1.4011251632940536
379679,379681,2,12.84708143786924,0.15567738164285436
379751,379777,26,12.847271053765942,2.0237760915286813
380129,380131,2,12.848265947778625,0.15566302940248414
380287,380291,4,12.848681509792769,0.31131598965632035
380417,380423,6,12.849023298455023,0.46696156280776957
380447,380453,6,12.849102156174709,0.46695869696363695
381347,381371,24,12.851465000772402,1.8674913714940318
381383,381389,6,12.851559398527904,0.4668694135816138
381659,381673,14,12.852282818764369,1.089300647785307
381991,382001,10,12.853152327101743,0.7780192551608
382103,382117,14,12.853445484751985,1.0892021144531379
382649,382661,12,12.854873398880413,0.9334981082773738
382747,382751,4,12.855129475474843,0.3111598376065557
382763,382769,6,12.855171277672078,0.4667382386745243
383101,383107,6,12.856053940969854,0.4667061936384006
383267,383281,14,12.856487153219312,1.0889444241768909
383489,383519,30,12.857066216196852,2.3333472423286676
383587,383609,22,12.857321731948963,1.7110873056347757
383753,383759,6,12.857754395442564,0.46664447114705365
383807,383813,6,12.857895101055385,0.46663936459611616
384113,384133,20,12.858692059114027,1.5553681438248872
384157,384173,16,12.85880660217844,1.2442834311925497
384367,384383,16,12.859353104318195,1.2442305511174718
384403,384407,4,12.859446760418267,0.31105537232846675
385139,385141,2,12.861359587072076,0.15550455505577737
385291,385321,30,12.861754171919427,2.332496765137826
385501,385519,18,12.86229906601588,1.399438771219268
385559,385571,12,12.862449508264497,0.9329482687018248
385741,385771,30,12.862921438780191,2.3322850989009027
386131,386143,12,12.863931969109542,0.9328407541967634
386371,386381,10,12.864553326744142,0.7773297483412023
386587,386609,22,12.86511221870366,1.7100511543160724
386611,386621,10,12.865174298533166,0.7772922284574224
386647,386651,4,12.865267411051953,0.3109146411184416
386921,386927,6,12.865975816806738,0.4663462830516314
387449,387463,14,12.867339506210575,1.0880260051615747
388351,388363,12,12.869664848841259,0.9324252139386862
388477,388481,4,12.869989244978125,0.31080057052579135
388499,388519,20,12.870045874783953,1.5539960148227316
389003,389023,20,12.871342334653107,1.5538394893091012
389023,389027,4,12.871393746816723,0.3107666565626785
389189,389219,30,12.871820365790775,2.3306726746848105
389219,389227,8,12.87189744619081,0.6215089914632164
389579,389591,12,12.87282194786041,0.9321965337984432
390067,390077,10,12.874073798222575,0.776754907322391
390199,390209,10,12.87441214437955,0.7767344938048761
390389,390391,2,12.87489895689461,0.15534102494287805
390721,390727,6,12.875749029278762,0.46599230742664544
390763,390781,18,12.875856517084117,1.3979652519517438
390869,390877,8,12.876127744466439,0.6213048020930072
390961,390967,6,12.87636308974719,0.465970084734369
391231,391247,16,12.877053457356993,1.2425202747650927
391393,391397,4,12.877467449267066,0.31062008238488414
391453,391487,34,12.877620736120718,2.6402392721997674
392149,392153,4,12.879397148592936,0.3105735426783541
392209,392213,4,12.879550139956871,0.31056985349127997
392437,392443,6,12.880131293767423,0.46583376078653366
392647,392663,16,12.880666268381626,1.242171768651087
392741,392759,18,12.88090564051476,1.3974172703652121
393077,393079,2,12.881760800413048,0.1552582780403647
393161,393181,20,12.881974476171074,1.5525570274181002
393331,393361,30,12.882406775552752,2.3287573915870836
393413,393451,38,12.882615229637683,2.94971163250901
393721,393727,6,12.883397815615977,0.4657156509385587
393727,393739,12,12.88341305471748,0.9314302001367563
393749,393761,12,12.883468929436216,0.9314261605880337
393931,393947,16,12.883931046040011,1.2418570033342222
394211,394223,12,12.884641577928376,0.9313413902452837
394981,394987,6,12.886592941460533,0.46560018053305374
395953,395959,6,12.889050796324087,0.46551139372584205
396079,396091,12,12.889368965289641,0.9309998055230894
396259,396269,10,12.889823316849446,0.77580582403547
396311,396323,12,12.889954535543252,0.9309575116739739
396413,396427,14,12.890211876056629,1.0860954136839895
396449,396479,30,12.890302686311186,2.327330919223363
396523,396527,4,12.89048932594087,0.3103062962823595
396601,396619,18,12.890686016496828,1.3963570268459367
396647,396667,20,12.890801995358549,1.5514938486527978
396703,396709,6,12.890943168863542,0.4654430573002795
396733,396833,100,12.8910187893295,7.757338782468821
396947,396953,6,12.891558049497796,0.4654208573519735
397063,397073,10,12.891850237255696,0.7756838480097572
397127,397151,24,12.892011407756806,1.8616179617681528
397351,397357,6,12.892575300038118,0.46538413469512646
397489,397493,4,12.892922539737645,0.310247733799027
397591,397597,6,12.893179117693473,0.46536233967044827
398207,398213,6,12.894727249563699,0.46530646859575986
398341,398347,6,12.895063701356344,0.46529432804344356
398509,398539,30,12.895485361649973,2.326395568577615
398569,398581,12,12.895635911533708,0.9305473636447303
399389,399391,2,12.897691158272615,0.15506651349123013
399601,399613,12,12.898221828255906,0.9303608016503339
399667,399677,10,12.898386979369551,0.7752907410821676
399739,399757,18,12.898567113119347,1.395503844895446
399769,399781,12,12.898642159272766,0.9303304837690425
399989,400009,20,12.899192325711986,1.5504846733802053
400069,400087,18,12.899392311213704,1.3954145719215185
400297,400307,10,12.899962050573366,0.7751960789338546
400679,400681,2,12.900915886965374,0.15502775287611392
401311,401321,10,12.902491966793864,0.7750440787513155
401651,401669,18,12.903338831328723,1.3949877807050075
401903,401909,6,12.90396604495285,0.4649733251853053
402343,402359,16,12.90506023763494,1.2398237362224245
402419,402443,24,12.905249113352795,1.8597083860370967
402587,402593,6,12.905666501552234,0.4649120600844867
402739,402751,12,12.906043988437805,0.9297969238870171
403079,403097,18,12.906887851494169,1.394604199486883
403133,403141,8,12.907021811296506,0.6198176556111671
403253,403261,8,12.90731943551341,0.6198033635077372
403339,403363,24,12.907532678392897,1.8593793715646214
403679,403681,2,12.908375286662146,0.1549381665457575
405001,405011,10,12.91164481522143,0.774494663004599
405011,405029,18,12.911669506213665,1.3940877274885022
405089,405091,2,12.911862075032923,0.15489632621365346
405287,405299,12,12.912350737095817,0.9293427853942404
405487,405491,4,12.912844092837508,0.3097690927917823
405659,405667,8,12.913268184191168,0.6195178390079324
405679,405683,4,12.91331748546882,0.3097577368868337
405703,405709,6,12.91337664379377,0.4646344767527267
405709,405719,10,12.913391432828194,0.7743899077184463
405719,405731,12,12.913416080732876,0.9292661155636645
405749,405763,14,12.91349002080202,1.084137593899693
405997,406013,16,12.914101049394008,1.2389557692636142
406067,406073,6,12.914273449599346,0.4646022111438367
406507,406513,6,12.915356427993938,0.4645632533218398
406633,406649,16,12.91566633772906,1.2388056164985486
406649,406661,12,12.915705684474721,0.9291013819263905
407119,407137,18,12.91686080498145,1.3935274422914128
407191,407203,12,12.917037641813094,0.9290055764144716
407383,407401,18,12.917509053872784,1.3934575098752062
407947,407959,12,12.918892542987525,0.9288721893204146
408019,408041,22,12.919069020929465,1.702909084575601
408209,408211,2,12.919534577130506,0.1548043381949917
408217,408223,6,12.919554174742538,0.4644123101190191
408719,408743,24,12.920783157338935,1.8574725469615307
408817,408841,24,12.921022902134196,1.8574380822462488
408857,408869,12,12.92112074063715,0.9287120088785945
408997,409007,10,12.921463100034712,0.7739061685648536
409069,409081,12,12.921639124952472,0.9286747512416802
409933,409943,10,12.923749010692719,0.7737692825608345
410143,410149,6,12.92426115835852,0.464243172316246
410171,410173,2,12.924329424900384,0.15474690672513675
410239,410243,4,12.924495195673913,0.30948984385393097
410279,410281,2,12.924592695058525,0.1547437545760852
410491,410497,6,12.925109283151937,0.464212709429164
410513,410519,6,12.925162876069889,0.46421078461677384
410551,410561,10,12.92525543889088,0.773679100368952
410623,410629,6,12.925430797585102,0.4642011623412195
410783,410789,6,12.92582037351229,0.4641871716162214
411337,411347,10,12.927168108840116,0.7735646288348025
411409,411421,12,12.927343132480908,0.9282649866273844
411479,411491,12,12.927513264990239,0.9282527701981098
411557,411563,6,12.927702807125051,0.46411958021599353
412031,412033,2,12.92885386821952,0.15469275315395203
412039,412051,12,12.928873284045844,0.9281551250724943
412211,412213,2,12.92929063315715,0.15468752747122896
412219,412249,30,12.929310040505257,2.320309429197325
412493,412537,44,12.929974514915916,3.4029456089988384
412627,412637,10,12.930299316159804,0.7733773020630987
412637,412639,2,12.930323550828952,0.15467517051201568
413069,413071,2,12.931369928206413,0.15466265454501624
413263,413267,4,12.931839473143713,0.30931407773093905
413783,413807,24,12.933096960801041,1.855704018360155
414131,414157,26,12.933937627876354,2.0102153534405893
414607,414611,4,12.935086362584654,0.309236435527032
414707,414709,2,12.935327525764064,0.15461533509812414
414709,414721,12,12.935332348434473,0.9276916647180176
414803,414809,6,12.935558987712513,0.46383770548295594
415409,415427,18,12.937018856053674,1.391356092178623
415447,415469,22,12.937110327981486,1.7005343111603928
415507,415517,10,12.937254740307809,0.7729615131441769
415543,415553,10,12.937341377694302,0.7729563368592353
415651,415661,10,12.937601244826663,0.7729408111104586
415963,415969,6,12.938351592980107,0.46373759105877044
415979,415993,14,12.938390057199973,1.082051162324424
416201,416219,18,12.938923595629799,1.3911512705801594
416459,416473,14,12.93954329636781,1.0819547243162642
416501,416503,2,12.939644141546536,0.15456375601384673
416677,416693,16,12.94006662030286,1.2364696774355188
416693,416719,26,12.940105018613338,2.0092572635694235
416851,416873,22,12.940484122780347,1.7000909541916858
416947,416957,10,12.940714394381919,0.7727548646264382
416957,416963,6,12.940738377957969,0.46365205946979293
417113,417119,6,12.941112447285049,0.4636386573751437
417191,417203,12,12.941299429488723,0.9272639169955508
417337,417371,34,12.941649327877967,2.627176732934623
417457,417479,22,12.941936823956823,1.699900123084807
417491,417493,2,12.942018266154466,0.15453540235145033
417931,417941,10,12.943071626110715,0.7726141281507315
418169,418177,8,12.943640936017252,0.6180641165453709
418667,418699,32,12.944831133520198,2.472029157424626
418819,418837,18,12.945194124666722,1.390477410122532
418927,418933,6,12.945451959381776,0.46348323865600566
419491,419513,22,12.946797350547216,1.6992619413379584
419711,419743,32,12.947321658175273,2.4715536421229154
419803,419821,18,12.94754083260326,1.3902253897260646
419959,419999,40,12.947912366446882,3.0893011064591143
420317,420319,2,12.948764467474787,0.1544548906595435
420331,420341,10,12.948797775113658,0.772272466809161
420349,420353,4,12.948840597590706,0.3089079651458718
420731,420737,6,12.949748953576501,0.46332944534364134
421019,421033,14,12.950433242287492,1.0810449147203294
421349,421361,12,12.951216747873843,0.9265538700809712
421381,421397,16,12.951292691533178,1.235397915951656
421739,421741,2,12.952141918266063,0.1544146144028466
422087,422089,2,12.952966732907303,0.1544047816411784
422267,422287,20,12.95339309436879,1.5439969940149945
422563,422567,4,12.954093827089249,0.30878269475208747
422581,422621,40,12.954136423380538,3.087816794009146
422987,423001,14,12.95509672469563,1.0806557679582989
423013,423019,6,12.955158190416691,0.46313598890968194
423061,423067,6,12.95527165566926,0.46313193265803765
423251,423257,6,12.955720662662408,0.46311588187383756
423257,423259,2,12.955734838547338,0.15437179171415105
423439,423457,18,12.956164744919407,1.3893000246896727
423469,423481,12,12.956235590867285,0.9261949519086141
423779,423781,2,12.956967371913292,0.1543571070754861
423781,423791,10,12.956972091343186,0.7717852542633168
423869,423883,14,12.95717972421127,1.0804820414615501
423977,423989,12,12.957434487459748,0.9261092550082844
423991,424001,10,12.957467507573718,0.771755745801017
424343,424351,8,12.958297369444633,0.6173650574545245
424729,424757,28,12.959206597464382,2.1606260992458073
425057,425059,2,12.959978556560646,0.15432124299214622
425519,425521,2,12.961064879347635,0.15430830866272657
425837,425839,2,12.961811922922331,0.15429941522782764
425977,425987,10,12.962140633183633,0.7714775115461695
426469,426487,18,12.963294958629776,1.388535866648413
426709,426731,22,12.963857561055836,1.6970257422520014
426787,426799,12,12.964040338714353,0.9256373542871931
426841,426859,18,12.964166857525996,1.3884424813269498
426973,426997,24,12.964476058361427,1.8512124895723203
426997,427001,4,12.964532266424957,0.3085340772654826
427039,427043,4,12.964630622934598,0.30853173656362787
427067,427069,2,12.96469618856699,0.15426508812167264
427517,427523,6,12.965749332650173,0.46275767378063387
427523,427529,6,12.965763367081312,0.46275717288141777
427723,427727,4,12.966231068780345,0.30849365392161376
427997,428003,6,12.966871465193574,0.4627176274636135
428551,428557,6,12.968165029774312,0.46267147173283774
429101,429109,8,12.969447601436,0.6168342897745488
429227,429241,14,12.969741195495393,1.0794355715334114
429463,429467,4,12.97029087001342,0.3083970930249355
429683,429701,18,12.970803006495016,1.3877321235228581
429911,429917,6,12.971333489502916,0.4625584566810741
429931,429937,6,12.971380009677562,0.46255679777506925
429971,429973,2,12.971473043534976,0.15418449341008394
430093,430121,28,12.971756743354566,2.1585356982849997
430543,430553,10,12.972802481717844,0.7708434637845354
430861,430873,12,12.973540811269242,0.9249595137185993
430907,430909,2,12.973647568540441,0.15415865040528487
431213,431219,6,12.974357446545476,0.46245064734188795
431429,431441,12,12.974858233672729,0.9248655965162881
431447,431449,2,12.974899954615257,0.1541437704333579
431567,431581,14,12.975178049758032,1.0789832668431922
431617,431621,4,12.975293899912938,0.3082781808916744
431801,431803,2,12.975720112947148,0.15413402744441165
431911,431929,18,12.975974827482998,1.3871790165526647
431933,431947,14,12.976025762605556,1.0789127777740195
432043,432053,10,12.976280399309802,0.7706368614331032
432277,432281,4,12.97682186544669,0.30824188244818074
432337,432343,6,12.976960655704762,0.4623578786425894
432449,432457,8,12.977219679325925,0.6164648667190894
432727,432737,10,12.977862323156932,0.7705429254058729
432979,432983,4,12.978444506963255,0.3082033442338873
433373,433393,20,12.979354068035805,1.5409087305241103
433469,433471,2,12.97957556168838,0.15408824352495548
433639,433651,12,12.979967669712243,0.9245015323112921
433759,433777,18,12.980244359307482,1.386722738165796
434249,434261,12,12.981373381279743,0.9244014209856279
434471,434479,8,12.981884478076946,0.6162433515342042
434521,434561,40,12.98199955393508,3.0811894449553634
434573,434593,20,12.982119218781602,1.5405805217891875
434927,434933,6,12.982933479896172,0.4621451699872673
435247,435257,10,12.983668965016216,0.7701983181290629
435553,435559,6,12.984371767066275,0.46209397787103385
435641,435647,6,12.984573788660315,0.4620867883426346
435653,435661,8,12.984601333897631,0.6161144107763387
435751,435763,12,12.984826258273495,0.9241556075772676
435923,435947,24,12.985220901229996,1.8482550418319532
436309,436313,4,12.986105986907198,0.3080215119168798
437137,437141,4,12.988001926090677,0.30797654810665553
437219,437237,18,12.988189492711687,1.3858744523323046
437687,437693,6,12.989259322029664,0.46192010269777706
437809,437819,10,12.989538021191716,0.769850319825505
437861,437867,6,12.989656787393734,0.4619059685874772
438233,438241,8,12.990506011386495,0.6158343634180073
438271,438281,10,12.990592719490563,0.7697878161476345
438551,438569,18,12.991231389618633,1.3855499498210695
438701,438707,6,12.991573366613755,0.4618378260033562
438899,438913,14,12.9920245972504,1.0775841667481854
438979,438983,4,12.992206854922243,0.3078768714711893
439163,439171,8,12.99262592154858,0.6157338823041006
439273,439279,6,12.992876366659152,0.46179151026146303
439289,439303,14,12.992912789814266,1.077510503339577
439729,439753,24,12.993913907053614,1.8470185481967711
440047,440087,40,12.994636818371607,3.0781929929314105
440347,440371,24,12.995318331447823,1.84681893801105
440371,440383,12,12.995372832434532,0.9234055963403968
440393,440399,6,12.995422789063106,0.46170102330565
440677,440681,4,12.996067459769941,0.3077854137324406
440681,440683,2,12.996076536671723,0.15389259938232075
441011,441029,18,12.99682509742856,1.3849536225244212
441029,441041,12,12.9968659119041,0.9232995155400464
441107,441109,2,12.997042755384479,0.15388115878678865
441841,441877,36,12.998705367835228,2.769506576330328
441971,442003,32,12.99899954804762,2.461727910807277
442033,442061,28,12.999139818906354,2.153988678487474
442139,442147,8,12.999379591259487,0.6154139852473447
442171,442177,6,12.999451964069959,0.4615579192556575
442367,442397,30,12.999895133279665,2.3077109232366153
442861,442879,18,13.001011230039552,1.384507688018145
443171,443189,18,13.001710979061368,1.3844331741405524
443291,443293,2,13.001981718248684,0.15382270513370574
443347,443353,6,13.002108038122351,0.4614636320824224
443369,443389,20,13.002157659421629,1.5382062365247196
443603,443609,6,13.002685297284895,0.4614431452288449
443687,443689,2,13.002874637861822,0.15381214198408036
444341,444343,2,13.004347564657461,0.15379472057756252
444403,444421,18,13.004487087399895,1.3841376348814465
444461,444463,2,13.004617591054181,0.15379152720152195
444803,444811,8,13.00538676650008,0.6151297261383103
444971,444979,8,13.00576439048549,0.6151118657702648
445229,445261,32,13.00634403552531,2.4603378099637943
445271,445279,8,13.006438364554015,0.6150799915987851
445363,445427,64,13.006644958958287,4.920561774535115
445741,445747,6,13.007493344831703,0.46127257888500045
445747,445769,22,13.00750680547279,1.6913310389923226
445937,445943,6,13.007932965419307,0.46125698955787875
446189,446191,2,13.008497908054546,0.1537456525831202
446309,446323,14,13.008766816221787,1.0761973212204985
446389,446399,10,13.00894604816857,0.7687017812951745
446891,446893,2,13.010069995985258,0.1537270745366608
447319,447323,4,13.011027265603545,0.3074315285292311
447569,447571,2,13.011585994755134,0.15370916357207984
447841,447859,18,13.012193537687123,1.3833178816366916
447893,447901,8,13.012309643584764,0.614802461601742
448073,448093,20,13.012711444551366,1.536958694982384
448321,448351,30,13.0132647726779,2.3053400145201635
448801,448807,6,13.014334861352134,0.4610300921192545
448843,448853,10,13.01442843965273,0.7683779619189204
448927,448939,12,13.014615569987328,0.9220402965780176
448939,448969,30,13.014642300033906,2.305096007127437
449011,449051,40,13.014802665310713,3.073423472383094
449363,449381,18,13.015586303345682,1.382957292932172
449437,449441,4,13.015750967342493,0.3073199548790003
449693,449699,6,13.016320406704804,0.46095976531964866
449797,449807,10,13.016551648854163,0.768252627098844
450029,450067,38,13.017067304114493,2.9192443360870377
450493,450503,10,13.01809781761902,0.7681613811862551
450563,450581,18,13.018253190870276,1.3826739836818838
450643,450649,6,13.018430730745088,0.4608850424521635
450649,450677,28,13.018444044965118,2.1507946651142995
450839,450841,2,13.018865570271752,0.15362321618612831
451201,451207,6,13.019668195475587,0.46084123726632575
451249,451277,28,13.01977457256029,2.150574869323095
451553,451579,26,13.020448031439402,1.9968590894276406
451921,451933,12,13.02126266477772,0.9215696134031444
451961,451967,6,13.02135117190592,0.4607816747117025
452077,452083,6,13.021607798288077,0.4607725937490459
452083,452087,4,13.021621070275335,0.3071814160781306
452131,452159,28,13.021727239832643,2.1502523808323804
452329,452363,34,13.022165070147224,2.610932960598357
452549,452579,30,13.02265132355229,2.303678356629506
453823,453833,10,13.02546253316385,0.7677270557217615
454213,454219,6,13.026321529996533,0.4606058576232301
454507,454513,6,13.026968594021222,0.46058297881778293
454759,454763,4,13.027522887278534,0.3070422546642407
454859,454889,30,13.027742759797334,2.302778044756749
454921,454931,10,13.027879056484657,0.7675846510888874
455219,455227,8,13.028533900817726,0.6140368564031511
455701,455711,10,13.029592171675723,0.7674837299772453
456007,456013,6,13.030263439255892,0.4604665153525581
456109,456119,10,13.030487095019907,0.7674310198136705
456293,456329,36,13.03089042601325,2.7626661588784502
456457,456461,4,13.031249779618872,0.30695444164197344
456683,456697,14,13.031744774919952,1.0742997382010957
457001,457003,2,13.032440858057756,0.1534631940235072
457099,457117,18,13.032655276612346,1.3811460226606136
457139,457151,12,13.032742781179046,0.9207578329044859
457153,457183,30,13.032773405968502,2.301889173202472
458173,458179,6,13.035002121032228,0.46029911957734815
458593,458599,6,13.035918385442958,0.4602667662218661
458621,458629,8,13.035979439897009,0.6136861473957038
458963,458971,8,13.036724875771734,0.6136510570126168
459023,459029,6,13.036855596719734,0.46023367793608827
460099,460111,12,13.039196962700641,0.9203020733812578
460267,460289,22,13.039562034860774,1.687173230295913
460297,460301,4,13.0396272122955,0.30675723583786707
460301,460337,36,13.039635902299171,2.7608132826509686
461059,461093,34,13.041281296436127,2.607105791766902
461273,461297,24,13.041745337592326,1.8402444901926531
461297,461299,2,13.041797366164696,0.1533530957311719
461317,461323,6,13.041840721240606,0.4600577578154359
461393,461407,14,13.042005453388674,1.073454542710869
461407,461411,4,13.042035795824741,0.30670058437353426
461437,461441,4,13.04210081223057,0.30669905543506426
461707,461717,10,13.042685769740338,0.7667132503644675
461717,461801,84,13.042707428263402,6.440380608244952
461887,461891,4,13.043075551402582,0.3066761351060227
462337,462361,24,13.04404934138328,1.8399194431025416
462541,462547,6,13.044490480654206,0.4599643051523074
462827,462841,14,13.045108613135785,1.0731991902238887
462871,462881,10,13.045203676536662,0.7665652639817483
463447,463451,4,13.046447310092823,0.3065968769065255
463633,463643,10,13.046848569967906,0.7664686185611641
463921,463949,28,13.04746955809206,2.146009988782412
464587,464591,4,13.048904117867993,0.3065391517838468
465019,465041,22,13.049833543949791,1.6858452581718726
465281,465293,12,13.050396803128393,0.9195122708547379
465331,465337,6,13.050504259297126,0.45975234985465213
465337,465373,36,13.050517153261461,2.7585113737046982
465379,465383,4,13.050607406356988,0.3064991440974302
465643,465649,6,13.051174525086891,0.45972873847229884
465833,465841,8,13.051582479779519,0.6129524915767259
465977,465989,12,13.051891555666549,0.9194069647927878
466079,466087,8,13.052110426636549,0.6129276981654799
466091,466121,30,13.052136173013285,2.298474334188167
466243,466247,4,13.052462236422635,0.30645558880362667
466451,466483,32,13.052908256239313,2.4515609373645866
466537,466547,10,13.053092610165072,0.7661019728161983
466553,466561,8,13.053126904820468,0.6128799680209676
467119,467123,4,13.054339322177597,0.3064115235004294
467477,467479,2,13.055105428639662,0.15319677125031073
467531,467543,12,13.055220935672885,0.9191724949832496
467689,467699,10,13.055558824087383,0.7659572550468
467899,467903,4,13.056007739643219,0.3063723674009792
467903,467927,24,13.05601628846017,1.838233000767079
468451,468463,12,13.057186786076597,0.9190341071628141
468973,468983,10,13.058300476474866,0.7657964386725106
469303,469321,18,13.059003894261544,1.378359340861339
469439,469457,18,13.059293643736803,1.3783287588936899
469891,469907,16,13.060256031896207,1.225090837493863
469907,469919,12,13.060290081766501,0.9188157326423573
470131,470149,18,13.060766658254344,1.3781733087333035
470303,470317,14,13.061132446819874,1.0718825535996093
470411,470413,2,13.061362059646886,0.15312338719856833
470927,470933,6,13.06245837160217,0.4593316073675703
471061,471073,12,13.062742876289924,0.9186432063805757
471073,471089,16,13.06276835037323,1.2248552198770981
471179,471187,8,13.062993343263555,0.6124170616779433
471193,471209,16,13.063023055521562,1.2248313374320363
471253,471259,6,13.06315038377184,0.45930727456477205
471853,471871,18,13.064422775382006,1.377787622880543
472103,472111,8,13.06495246110008,0.612325228416973
472151,472159,8,13.065054128659956,0.612320463521917
472561,472573,12,13.06592211811228,0.918419679187076
472691,472697,6,13.066197177040099,0.4592001726824688
472909,472921,12,13.066658259958588,0.9183679377896297
472939,472963,24,13.066721695098295,1.836726958759908
473191,473197,6,13.0672543914634,0.4591630208041018
473279,473287,8,13.067440345588208,0.6122086490106639
473611,473617,6,13.068141588633557,0.45913184819015856
473839,473857,18,13.068622880531601,1.3773448177783674
473927,473929,2,13.068808580377878,0.1530361385048438
473929,473939,10,13.06881280042818,0.7651804454397239
473939,473951,12,13.068833900412567,0.9182150520423382
473951,473953,2,13.06885921980617,0.15303554551792495
474119,474127,8,13.069213624020538,0.6121255823147932
474163,474169,6,13.06930642341994,0.4590909269101012
474223,474241,18,13.069432954178682,1.377259446764664
474241,474263,22,13.069470910284558,1.6833122129441276
474619,474629,10,13.070267655895073,0.765095272971683
474671,474707,36,13.07037721145776,2.7543198958666366
474757,474769,12,13.070558373168254,0.9180939067327119
474809,474811,2,13.07066789688762,0.15301436895020787
474917,474923,6,13.070895330906412,0.45903511948511067
474937,474941,4,13.070937442641485,0.30602242704878607
474949,474959,10,13.070962708831324,0.7650545887674789
475151,475159,8,13.071387927235795,0.6120237609451592
475283,475289,6,13.071665695078377,0.4590080667576333
475429,475441,12,13.071972833309824,0.9179945638673425
475637,475639,2,13.072410237240396,0.1529939746155184
475697,475721,24,13.072536375904797,1.8359099802725831
475841,475859,18,13.072839043798458,1.3769006058816968
475877,475879,2,13.07291469646031,0.15298807086544597
475879,475889,10,13.07291889921816,0.7649401084097646
475903,475907,4,13.072969330934678,0.30597486299725085
476507,476513,6,13.074237692419697,0.45891776952156343
476599,476603,4,13.074430745449027,0.30594066218847255
476647,476659,12,13.074531453975556,0.9178149169048176
476851,476863,12,13.074959352100382,0.9177848800021164
477149,477163,14,13.075584090066194,1.0706978673813972
477721,477727,6,13.076782159056568,0.45882847378050023
477727,477731,4,13.076794718609783,0.3058853554003979
477731,477739,8,13.076803091557627,0.6117703190900529
477847,477857,10,13.07704587655387,0.7646987014039024
477973,477977,4,13.077309524522587,0.3058733138111624
478171,478189,18,13.077723688085461,1.3763863214512635
478391,478399,8,13.078183668732567,0.6117057385519419
478571,478573,2,13.078559859223146,0.15292203587611197
478627,478631,4,13.078676867407586,0.30584133552286985
478871,478879,8,13.079186529057598,0.6116588353737952
478991,478999,8,13.079437087072485,0.6116471180481519
479209,479221,12,13.079892106909181,0.9174387603443036
479957,479971,14,13.081451795537914,1.0702176041940088
480013,480017,4,13.08156846585066,0.3057737312190026
480329,480341,12,13.082226564760017,0.9172750479895186
480463,480499,36,13.082505501305844,2.751766471369465
480761,480773,12,13.0831255441045,0.9172120193715808
480941,480959,18,13.083499880441746,1.3757786650732369
481417,481433,16,13.084489117376062,1.2228219119959503
481697,481699,2,13.085070564656215,0.1528459468458775
481769,481787,18,13.085220025042226,1.3755978092498231
481997,482017,20,13.085693168946978,1.528386745874573
482071,482093,22,13.085846685089294,1.6812056972261462
482093,482099,6,13.085892320479132,0.4585090457003175
482513,482519,6,13.086763142403402,0.45847853550271345
482689,482707,18,13.087127832907465,1.3753972781360906
484171,484181,10,13.090193429086101,0.763930651916895
484339,484361,22,13.090540353747043,1.6806028938066493
484417,484439,22,13.090701385008101,1.6805822203839376
485053,485059,6,13.092013442299692,0.45829467151433534
485603,485609,6,13.09314669663256,0.4582550046233841
486071,486091,20,13.094109982747428,1.5274043082234419
486181,486193,12,13.094336261532083,0.91642674820052
486281,486293,12,13.094541925096012,0.9164123547538311
486307,486313,6,13.094595390695023,0.45820430650828514
486331,486341,10,13.094644741018586,0.7636709660916036
486511,486527,16,13.095014790835625,1.2218390170278686
486643,486653,10,13.09528607369694,0.7636335658283862
486713,486721,8,13.095429905964108,0.6109001428320062
486757,486767,10,13.095520304230165,0.7636199072418498
486817,486821,4,13.095643561424946,0.3054450879972452
486821,486833,12,13.095651778031119,0.9163346890554045
487133,487177,44,13.096292465395559,3.3597294895682546
487649,487651,2,13.097351163746977,0.15270263238691592
488399,488401,2,13.098887973714543,0.15268471674949718
488833,488861,28,13.09977619683563,2.137441096647411
489161,489179,18,13.100446957622093,1.373998922191525
489631,489653,22,13.101407325169282,1.6792089165669644
489799,489803,4,13.101750381848467,0.30530271783697793
490097,490103,6,13.102358609679149,0.45793281795596713
490117,490121,4,13.102399417094679,0.30528759448297743
490417,490421,4,13.10301132858242,0.30527333753230823
490481,490493,12,13.103141821253606,0.9158108920515319
490541,490543,2,13.10326414266959,0.15263372379765908
490837,490849,12,13.103867376100492,0.9157601840420193
490991,490993,2,13.104181076669763,0.1526230436147385
491039,491041,2,13.104278833357517,0.15262190506118598
491081,491083,2,13.104364362620796,0.15262090893205382
491297,491299,2,13.104804111889369,0.15261578753287083
491329,491333,4,13.104869243485746,0.3052300580555847
491593,491611,18,13.10540641735376,1.3734789617943457
492403,492409,6,13.107052765881512,0.45776881402494846
492883,492893,10,13.10802710234417,0.7628913124700247
493301,493313,12,13.108874814383773,0.9154103742628578
493351,493369,18,13.108976167241806,1.3731049450666053
493607,493621,14,13.10949493299626,1.0679282513594297
493621,493627,6,13.109523295238823,0.45768254610593717
493931,493937,6,13.110151110301082,0.4576606287387184
494257,494267,10,13.11081090380561,0.762729328747877
494497,494519,22,13.111296363292427,1.6779423933695217
494617,494621,4,13.111539004687835,0.30507478935690613
494693,494699,6,13.111692647125794,0.4576068217489262
494749,494759,10,13.11180584223993,0.7626714519967045
494903,494917,14,13.112117062752278,1.0677146896262801
495043,495067,24,13.11239990646483,1.8303285570299939
495067,495071,4,13.112448385926717,0.30505363165380356
495161,495181,20,13.112638241192943,1.5252460742164475
495241,495269,28,13.112799791755592,2.135318196317192
495289,495301,12,13.112896709567345,0.9151296060499462
495343,495347,4,13.1130057308791,0.30504066589253587
495637,495647,10,13.113599082931866,0.7625671592336232
495851,495877,26,13.11403075735117,1.9826093503269773
495893,495899,6,13.114115456628454,0.4575222797026188
496007,496019,12,13.114345318510704,0.9150285209481389
496051,496063,12,13.11443402300183,0.9150223318027153
496187,496193,6,13.114708150783374,0.45750160285813185
496609,496631,22,13.115558275129997,1.6773971445589833
496763,496789,26,13.11586833017732,1.9823315807599675
497153,497171,18,13.11665310478607,1.3723012918159792
497417,497423,6,13.117183987491561,0.45741525053864845
497423,497449,26,13.117196049732726,1.9821309296150813
497603,497633,30,13.11755784932784,2.2870110690258736
497711,497719,8,13.117774866270079,0.6098595288878234
497929,497957,28,13.118212775561556,2.134437097419423
498163,498167,4,13.118682611689755,0.3049086648712495
498551,498557,6,13.119461170071796,0.45733585565901447
498803,498833,30,13.119966507204575,2.2865912030740385
498931,498937,6,13.120223088619465,0.45730929721800423
499361,499363,2,13.121084560065881,0.15242642411489482
499439,499459,20,13.12124074749111,1.5242460972163907
499559,499571,12,13.121480988213468,0.9145309139097292
499903,499927,24,13.122169358583895,1.8289658778333286
499943,499957,14,13.122249370905834,1.0668902567146972
500113,500119,6,13.122589351870175,0.4572268352773613
500173,500177,4,13.122709317560133,0.3048151035889674
500363,500369,6,13.123089113993812,0.45720942286385124
500369,500389,20,13.123101105216238,1.5240300169637722
500473,500483,10,13.123308930228326,0.762002940963001
500719,500723,4,13.123800344472448,0.3047897632551795
500839,500861,22,13.124039971135256,1.6763130902059389
500921,500923,2,13.124203683002735,0.1523901981641916
501133,501139,6,13.124626813898201,0.4571558555589829
501217,501223,6,13.124794420024198,0.4571500175915851
501409,501419,10,13.125177414285961,0.7618944631647878
501947,501953,6,13.126249815410906,0.457099330301918
501953,501967,14,13.126261768792718,1.066564132774235
502039,502043,4,13.126433084899242,0.304728632228479
502141,502171,30,13.126636235729473,2.285429371337557
502421,502429,8,13.127193692625614,0.6094219516616193
502441,502451,10,13.127233499086607,0.7617751295957218
502517,502543,26,13.127384749188888,1.9805925168458616
502703,502717,14,13.12775481743688,1.0664428300720976
502919,502921,2,13.128184402317325,0.15234399050998776
503441,503453,12,13.129221804532865,0.9139917185234085
503453,503483,30,13.12924564020971,2.284975148010165
503483,503501,18,13.12930522691633,1.3709788666576417
503599,503609,10,13.129535595447418,0.7616415620570339
503653,503663,10,13.12964281787051,0.7616353421579137
503717,503743,26,13.129769881412379,1.9802327256936785
503791,503803,12,13.12991677850924,0.9139433404209641
503857,503869,12,13.13004777663576,0.9139342220333256
503939,503947,8,13.130210507982541,0.6092819300297114
504197,504209,12,13.130722343698421,0.9138872703190569
504353,504359,6,13.131031698715514,0.4569328699881917
504607,504617,10,13.131535187467032,0.761525583813245
505073,505091,18,13.132458252265954,1.370649702761794
505091,505097,6,13.132493890043586,0.45688199440541194
505111,505117,6,13.132533486084778,0.4568806168556581
505181,505187,6,13.132672059883467,0.45687579592642635
505279,505283,4,13.13286603094676,0.3045793652790073
505321,505327,6,13.132949149886052,0.45686615637676925
505639,505643,4,13.1335782549159,0.30456284817146456
506047,506071,24,13.134384829331518,1.8272648709365928
506119,506131,12,13.134527098485236,0.9136225392830415
506593,506599,6,13.135463198846669,0.4567787149315615
506791,506797,6,13.135853968786828,0.45676512651991175
506843,506861,18,13.135956569923028,1.3702846765810732
507901,507907,6,13.138041825678911,0.4566890621609015
508271,508273,2,13.138770048885911,0.15222124997686431
508301,508327,26,13.138829070775179,1.9788673602453695
508727,508771,44,13.139666805871782,3.3486389457255887
508961,508969,8,13.140126671771988,0.6088221369422442
509413,509417,4,13.141014361421725,0.3043905051761347
510247,510253,6,13.14265020118396,0.4565289274350076
510311,510319,8,13.14277562276722,0.6086994277024411
510583,510589,6,13.14330848907153,0.456506062000212
510589,510611,22,13.143320240275047,1.6738540641036386
510619,510677,58,13.143378994221372,4.412868260551592
510767,510773,6,13.143668796511664,0.45649354779788753
510803,510817,14,13.143739276263446,1.0651458999405818
510823,510827,4,13.143778429534805,0.3043264934390385
510941,510943,2,13.144009402637254,0.15216057283089846
511169,511171,2,13.144455538579141,0.1521554083491686
511193,511201,8,13.144502488680972,0.6086194594956318
511211,511213,2,13.144537699810824,0.15215445728675447
511297,511327,30,13.144705913654045,2.282287652311608
511361,511387,26,13.144831077687542,1.9779637978104743
511417,511439,22,13.14494058336728,1.6736477324087196
511487,511507,20,13.14507744860607,1.5214820968681961
511787,511793,6,13.145663801838138,0.45642426966381333
512101,512137,36,13.14627715019234,2.738417849305215
512137,512147,10,13.146347446354003,0.7606675573429631
512429,512443,14,13.146917443812255,1.0648884090003363
512503,512507,4,13.147061843636104,0.3042504893925192
513109,513131,22,13.148243577216684,1.6732272923603018
513131,513137,6,13.148286452177715,0.4563332280463236
513319,513341,22,13.148652763253951,1.673175221531637
513761,513767,6,13.14951345575558,0.45629064681277487
514513,514519,6,13.150976101186787,0.4562398983797515
514819,514823,4,13.15157066155995,0.30414618169458607
514847,514853,6,13.151625048128034,0.4562173859156685
515089,515111,22,13.15209498024897,1.6727373116631445
515279,515293,14,13.15246378052645,1.0644393501944793
515477,515507,30,13.15284796456697,2.2808748402489183
515639,515651,12,13.153162187217639,0.9123281405031033
515839,515843,4,13.153549980272858,0.30410041441276553
516377,516391,14,13.154592397845764,1.0642671073786127
516539,516541,2,13.154906072919688,0.15203453288937901
516563,516587,24,13.154952534934097,1.82440795101814
516619,516623,4,13.155060937906766,0.30406548619427987
516829,516839,10,13.155467344427251,0.7601402320561474
516911,516931,20,13.155625991669636,1.5202621306401032
517043,517061,18,13.155881322178956,1.368209362732282
517211,517217,6,13.156206194021808,0.45605852565053334
517249,517261,12,13.15627966230481,0.9121119577886623
517831,517861,30,13.15740421318268,2.2800850011085294
518543,518579,36,13.158778234746359,2.735816301314384
518587,518597,10,13.158863084283112,0.7599440723677683
518813,518831,18,13.159298788936235,1.3678540390870686
519509,519521,12,13.160639413721691,0.9118098006308437
519691,519703,12,13.1609896831633,0.9117855335265143
519713,519733,20,13.16103201511508,1.5196376680058643
519947,519971,24,13.161482162286177,1.8235028322852014
520019,520021,2,13.161620628351635,0.1519569706857962
520073,520103,30,13.161724465319997,2.2793365777446106
520307,520309,2,13.16217430096456,0.15195057854942967
520369,520379,10,13.162293454284274,0.7597460149883711
520409,520411,2,13.162370319859873,0.15194831564511793
520841,520853,12,13.163200091816245,0.9116324234454641
521051,521063,12,13.163603204620344,0.9116045062637617
521063,521107,44,13.163626234730295,3.3425440084216658
521309,521317,8,13.164098235138146,0.6077134838333305
521777,521789,12,13.164995572522415,0.9115080923419406
522047,522059,12,13.165512901125746,0.9114722753394525
522113,522127,14,13.16563931853321,1.0633741105372883
522167,522191,24,13.165742739071854,1.8229127270408694
522479,522497,18,13.166340070625848,1.367122518744451
522707,522719,12,13.166776356614402,0.9113848124238652
522827,522829,2,13.167005904387171,0.1518948206238452
522857,522871,14,13.167063283098155,1.0632591109341019
523007,523021,14,13.167350127278715,1.0632359483626315
523357,523387,30,13.168019110563792,2.2782469973735893
523597,523603,6,13.168477583436914,0.45563353561437486
523801,523829,28,13.168867120179547,2.1262269369468925
523927,523937,10,13.169107640621126,0.7593528941288498
524149,524171,22,13.169531274028092,1.6705226284998207
524731,524743,12,13.170641029309403,0.9111173839827305
524863,524869,6,13.170892555138812,0.4555499921422572
524971,524981,10,13.171098301952844,0.7592381265970299
525199,525209,10,13.171532517372407,0.759213097398548
525209,525221,12,13.17155155759297,0.9110543998958415
525253,525257,4,13.171635330256857,0.30368286850543996
525313,525353,40,13.171749554399016,3.0368023499688435
525923,525937,14,13.172910093171403,1.0627871822534753
526231,526249,18,13.173495558813881,1.3663799345919914
526571,526573,2,13.174141454265865,0.15181254937507813
526637,526649,12,13.174266785634572,0.9108666307778881
526963,526993,30,13.174885616330098,2.277059617338567
527063,527069,6,13.175075364970644,0.45540536458353453
527701,527729,28,13.17628511440807,2.1250299122157292
527729,527741,12,13.176338173350885,0.9107234378873164
527869,527881,12,13.176603425844393,0.9107051045084487
527881,527897,16,13.176626158498904,1.2142713777820906
528097,528107,10,13.177035257936605,0.7588960493960082
528373,528383,10,13.177557752671484,0.7588659589044641
528527,528559,32,13.177849170972346,2.4283173668802007
528629,528631,2,13.178042141546824,0.15176761301244726
528679,528691,12,13.178136721366588,0.9105991426347553
528823,528833,10,13.178409061278739,0.7588169371204563
528877,528881,4,13.17851116962713,0.30352442309408273
528947,528967,20,13.178643516785263,1.5176068746776987
529037,529043,6,13.178813651683743,0.4552761848357596
529241,529259,18,13.17919918365649,1.3657885998355483
529271,529273,2,13.179255867000672,0.15175363618273532
529307,529313,6,13.179323882772799,0.4552585590405613
529471,529489,18,13.179633673874072,1.3657435741693882
529747,529751,4,13.180154813065903,0.3034865717991927
529973,529979,6,13.180581340834419,0.45521512631704303
529987,529999,12,13.180607756925594,0.9104284279831286
530227,530237,10,13.181060495720025,0.7586642974020993
530339,530353,14,13.181271703698437,1.0621129974941523
530401,530429,28,13.181388603221546,2.124207156229107
530501,530507,6,13.181577122048536,0.45518073781656454
530513,530527,14,13.181599741919717,1.0620865656751532
530741,530743,2,13.1820294222856,0.1517217065696114
530977,530983,6,13.182473984785034,0.4551497698326648
531263,531281,18,13.183012469509599,1.3653935351750137
531287,531299,12,13.183057643854344,0.9102592375900094
531299,531331,32,13.183080230261469,2.4273538081445265
531353,531359,6,13.18318186278095,0.4551253303225174
531569,531571,2,13.183588289598672,0.15170376653660525
531731,531793,62,13.18389300134748,4.702708069131265
531821,531823,2,13.184062245540927,0.15169831291386945
531833,531841,8,13.18408480926936,0.6067922131671533
532561,532601,40,13.185452723995521,3.0336463098613273
533453,533459,6,13.187126248373595,0.45498919832817986
533593,533633,40,13.187388655056724,3.033200965428583
533971,533989,18,13.188096809351542,1.3648671419545835
534571,534577,6,13.189219835050222,0.45491697576039025
534841,534851,10,13.1897247854449,0.7581659331539033
534883,534889,6,13.189803310372866,0.45489685166733423
534889,534913,24,13.189814527716376,1.8195858591921572
535019,535033,14,13.190057539266228,1.0614055289995976
535219,535229,10,13.190431287913404,0.7581253244663163
535487,535489,2,13.190931892198046,0.15161931062527334
535499,535511,12,13.190954301454564,0.9097143182943755
535609,535627,18,13.19115969624274,1.364550230191434
535861,535879,18,13.191630078063318,1.364501573610121
535939,535943,4,13.191775627606399,0.3032192263510918
536323,536353,30,13.192491870495573,2.274020730465158
536399,536407,8,13.192633566107535,0.6063990150194392
536443,536447,4,13.192715591233368,0.3031976223801885
536461,536467,6,13.19274914502756,0.4547952768632338
536513,536531,18,13.192846071887,1.3643758065484215
536563,536593,30,13.19293926193139,2.2739436151704173
536593,536609,16,13.192995171789804,1.212764788560852
536749,536771,22,13.193285852674551,1.667514843964375
536779,536791,12,13.193341743159024,0.9095496981439298
536929,536933,4,13.193621148734797,0.3031768121054151
537041,537067,26,13.193829720669592,1.970618126082689
537307,537331,24,13.194324904735527,1.8189638479636232
537401,537403,2,13.19449983597311,0.1515783110283011
537709,537739,30,13.19507280061566,2.2735759365117145
537899,537913,14,13.195426089177992,1.060973696899554
537919,537941,22,13.195463270188167,1.6672396830282927
538157,538159,2,13.19590561813363,0.15156216313427007
538283,538297,14,13.19613972314752,1.0609163205086727
538357,538367,10,13.196277187852743,0.7577894778691875
538711,538721,10,13.196934527988644,0.7577517323278036
538789,538799,10,13.197079307571263,0.7577434193536235
538871,538877,6,13.197231489150163,0.45464080894032805
538927,538931,4,13.197335404726273,0.30309148607131003
539129,539141,12,13.197710153352253,0.9092486393900664
539351,539389,38,13.198121843885476,2.879197544126699
539479,539501,22,13.19835913799224,1.6668738719703216
539509,539533,24,13.198414745654249,1.818400199001347
539677,539687,10,13.198726091430338,0.7576488769240234
539743,539761,18,13.198848379325842,1.3637553430945153
539837,539839,2,13.199022521122165,0.15152637225972113
539947,539993,46,13.199226265575465,3.4850527655527292
540233,540251,18,13.199755806960573,1.36366159065671
540271,540283,12,13.199826144506783,0.9091028827674295
540343,540347,4,13.199959402080916,0.3030312350331485
540823,540851,28,13.200847332392334,2.1210759654263556
541249,541267,18,13.201634710722072,1.3634675094729598
541549,541571,22,13.202188830710613,1.6663903449725042
541669,541693,24,13.202410392760894,1.8178498687754479
541763,541771,8,13.202583915418959,0.6059419922078287
541859,541889,30,13.20276109897605,2.2722519763177926
541889,541901,12,13.202816462400033,0.9088969792297346
542053,542063,10,13.203119061618906,0.7573967903591596
542719,542723,4,13.204346969573168,0.30293054319287555
542911,542921,10,13.204700681246578,0.7573060716326634
543017,543019,2,13.204895905976645,0.15145897508323283
543287,543289,2,13.205393004405005,0.15145327362334823
543307,543311,4,13.20542981668264,0.3029057028455623
543383,543407,24,13.205569690980045,1.8174149666858372
543877,543883,6,13.206478397331779,0.45432247867169745
544001,544007,6,13.206706364071684,0.45431463641250935
544367,544373,6,13.207378930728911,0.45429150109717203
544889,544897,8,13.208337383177115,0.6056780477298568
545131,545141,10,13.208781411734346,0.7570721089468748
545329,545371,42,13.20914456123488,3.1796154402956702
545449,545473,24,13.20936458767561,1.81689284451972
545543,545549,6,13.209536907913034,0.45421728572526743
546373,546391,18,13.211057171669326,1.3624950498738588
546467,546479,12,13.211229200512033,0.9083182055107265
546617,546619,2,13.211503653346291,0.1513832227184396
546619,546631,12,13.211507312208605,0.9082990847615802
547357,547361,4,13.21285651934286,0.3027354451434654
547499,547501,2,13.213115914187107,0.1513647509784253
547501,547513,12,13.213119567155143,0.9081882547880149
547567,547577,10,13.213240107614878,0.7568166413805599
547583,547601,18,13.213269327356468,1.3622669419697053
547831,547849,18,13.21372212420631,1.3622202609381102
547853,547871,18,13.213762281769993,1.3622161210538204
547909,547951,42,13.21386449374677,3.178479696070424
547957,547999,42,13.21395209569816,3.1784586243258155
548089,548099,10,13.214192961502402,0.7567620685677531
548123,548143,20,13.21425499329919,1.5135170321854534
548963,549001,38,13.215786322956388,2.8753491522477455
549121,549139,18,13.216074096935593,1.3619778360786925
549167,549169,2,13.216157863670778,0.15132991150913064
549481,549503,22,13.216729475339939,1.664557032891388
549701,549707,6,13.217129773021192,0.45395635081431984
550513,550519,6,13.218605849761595,0.45390565905316055
550531,550541,10,13.21863854600262,0.7565075605327032
550657,550661,4,13.218867389761451,0.3025977855786769
550789,550801,12,13.219107074685871,0.9077768968964312
551063,551069,6,13.219604419167068,0.45387137237636377
551207,551219,12,13.219865698165533,0.9077248040171234
551311,551321,10,13.220054357217464,0.756426541812252
551489,551503,14,13.220377171873876,1.0589712999856584
551911,551917,6,13.221142080375916,0.4538185856807162
552011,552029,18,13.221323252596914,1.3614371009697888
552029,552031,2,13.221355860111137,0.15127041592110874
552353,552379,26,13.221942613624497,1.9664281384195696
552707,552709,2,13.222583302839759,0.15125637359913388
552749,552751,2,13.22265928958192,0.1512555043731477
552751,552757,6,13.222662907854193,0.45376638894999216
552883,552887,4,13.222901684882807,0.3025054632730903
552991,553013,22,13.22309700550766,1.6637554720226737
553193,553207,14,13.2234622250412,1.058724240425346
553309,553351,42,13.223671894794034,3.1761223610315668
553583,553589,6,13.224166974721609,0.4537147792726135
553699,553703,4,13.22437649677728,0.3024717271906756
553747,553757,10,13.224463182719584,0.7561743612449243
553963,553981,18,13.22485317649546,1.361073711728718
554263,554269,6,13.225394582323021,0.4536726645584973
554707,554711,4,13.22619532539763,0.3024301321423094
554837,554839,2,13.226429655898439,0.15121238701844855
554887,554891,4,13.22651976839494,0.30242271361194256
555091,555097,6,13.226887343251914,0.45362146393883646
555383,555391,8,13.227413244815985,0.6048045715314229
555697,555707,10,13.227978460657075,0.7559734111861616
556211,556219,8,13.22890299764505,0.6047364623827178
556229,556243,14,13.228935358940943,1.0582862203297352
556273,556279,6,13.229014459922375,0.4535485253400507
556399,556403,4,13.229240941761658,0.3023605071227423
556579,556583,4,13.229564398292819,0.3023531145527491
556987,556999,12,13.230297179319281,0.9070091047355762
557339,557369,30,13.230928951371101,2.2674144884506497
557519,557521,2,13.231251862453165,0.15115727678614277
557671,557693,22,13.231524461742866,1.6626957886530742
558029,558053,24,13.23216621133915,1.8137619809697887
558083,558091,8,13.232262975821643,0.6045829057824668
558529,558533,4,13.233061820941915,0.30227320435168076
558563,558583,20,13.233122693278322,1.5113590694778996
558683,558703,20,13.233337507205533,1.5113345359105388
559067,559081,14,13.234024601842272,1.0578792484677033
559511,559513,2,13.234818466951936,0.15111654194533225
559549,559561,12,13.234886381094187,0.9066945989911782
559777,559781,4,13.235293769117254,0.30222223018074995
560017,560023,6,13.23572241939342,0.4533186636800875
560107,560113,6,13.235883115888083,0.45331315995059845
560171,560173,2,13.235997373242185,0.15110308226890315
560479,560489,10,13.236547054244738,0.755484036661447
560767,560771,4,13.237060768463266,0.30218188689817227
561313,561343,30,13.23803396118231,2.2661975402063894
561359,561367,8,13.238115908536527,0.6043156031623234
561829,561839,10,13.238952812113546,0.7553467515081761
561917,561923,6,13.239109431136313,0.45320268944140146
561961,561973,12,13.23918773145009,0.9064000181441373
562231,562259,28,13.239668076453775,2.114856644313983
562789,562813,24,13.240660058899877,1.8125984575722187
563119,563131,12,13.241246252460007,0.9062591066736333
563809,563813,4,13.242470820642225,0.3020584341227954
563821,563831,10,13.242492104219286,0.7551448716223005
563971,563987,16,13.242758110718507,1.2082075249150568
564163,564173,10,13.24309849581789,0.7551102941020906
564353,564359,6,13.243435221219736,0.4530546568753023
564523,564533,10,13.243736405763096,0.755073922767629
564761,564779,18,13.244157911785539,1.3590898054743363
564793,564797,4,13.244214571316661,0.3020186647128856
565289,565303,14,13.24509238377956,1.0569952699722145
565343,565361,18,13.245187905576293,1.3589841177279114
565469,565483,14,13.245410754291235,1.0569698637291631
565559,565567,8,13.24556990154522,0.6039755223417548
565723,565727,4,13.245859838097113,0.3019811510080599
565907,565909,2,13.246185032730732,0.1509868686763841
565919,565921,2,13.246206237403536,0.15098662697494217
565973,565979,6,13.246301652867276,0.4529566181743452
566347,566387,40,13.246962243537052,3.019560202907294
566443,566453,10,13.247131736559112,0.7548803921381897
566521,566537,16,13.247269428489522,1.2077960734753734
566539,566543,4,13.247301200858155,0.3019482941733733
566947,566963,16,13.248021103914075,1.2077275447027227
566971,566977,6,13.24806343501739,0.45289638213391636
567031,567053,22,13.248169254936677,1.6606068036005897
567143,567179,36,13.248366755497196,2.7173160786073787
567601,567607,6,13.24917398607056,0.4528584201783496
567877,567881,4,13.24966012495733,0.3018945363334655
568151,568153,2,13.250142507443172,0.15094177280557658
568187,568189,2,13.250205868872627,0.15094105101403735
568279,568289,10,13.25036777428854,0.7546960333738311
568367,568387,20,13.250522615813829,1.5093744284569586
568627,568643,16,13.25097996212266,1.2074578669453349
568751,568783,32,13.25119800748751,2.4148759970169182
569057,569071,14,13.251735883838137,1.0564653659506185
569111,569117,6,13.251830773169134,0.4527676290696488
569323,569369,46,13.252203214614928,3.4711209340096607
569431,569447,16,13.252392895617714,1.2073291311255088
570217,570221,4,13.253772269116594,0.3018008698791844
570511,570527,16,13.25428772943055,1.2071565312764956
570659,570667,8,13.25454711234603,0.6035664540019139
570827,570839,12,13.254841465498348,0.905329575705252
570851,570853,2,13.25488350887661,0.15088778401263414
571069,571093,24,13.255265321967979,1.810601252939445
571397,571399,2,13.255839518502514,0.15087690200295487
571579,571583,4,13.25615798538465,0.3017465546510634
571657,571673,16,13.256294440150107,1.2069737943915815
571673,571679,6,13.2563224285699,0.4526142172786064
571717,571721,4,13.25639939268542,0.30174105965810816
571871,571873,2,13.256668720451941,0.15086746468322523
572041,572051,10,13.256965946114844,0.7543204109180541
572069,572087,18,13.257014892457427,1.357771726592922
572251,572269,18,13.257332985301272,1.3577391485872037
572269,572281,12,13.257364439535364,0.9051572848230888
572549,572567,18,13.257853600267609,1.3576858323157732
572881,572903,22,13.25843329524556,1.6593212418158896
573047,573101,54,13.258723016765867,4.072790413655684
573457,573473,16,13.259438234536546,1.2066876225815644
573557,573569,12,13.259612600325026,0.9050038158509888
573719,573737,18,13.259895008396102,1.357476811739647
574031,574033,2,13.26043868081202,0.15082457286228537
574297,574307,10,13.260901963088092,0.7540965183088708
574309,574363,54,13.260922857981553,4.07211478253176
574373,574393,20,13.261034290040325,1.5081779869177296
574433,574439,6,13.261138746319373,0.45244983215829027
574643,574657,14,13.261504257394947,1.0556871775834367
574711,574723,12,13.261622584733747,0.9048666498633375
574817,574859,42,13.261807008254184,3.1669892326029996
574907,574913,6,13.26196356756787,0.45242169226531426
575077,575087,10,13.262259223857415,0.754019344005209
575203,575213,10,13.262478300952564,0.754006888688501
575669,575677,8,13.263288121724061,0.6031686808414217
575923,575941,18,13.263729250186431,1.3570843961359507
575963,575987,24,13.26379870150369,1.809436386974055
576379,576391,12,13.264520709411189,0.9046689483085499
576533,576539,6,13.264787859030442,0.4523253642473673
576881,576883,2,13.265391285051903,0.1507682628445117
577081,577097,16,13.265737916920202,1.2061145863278588
577111,577123,12,13.265789901338751,0.9045823949608149
577363,577387,24,13.266226463797501,1.8091052542706194
577531,577537,6,13.266517399591065,0.45226639511172295
577937,577939,2,13.267220145174168,0.15074747973692756
578297,578299,2,13.26784285651397,0.1507404045728565
578503,578509,6,13.268199011427832,0.4522090748587831
578533,578537,4,13.268250868068433,0.3014715383190755
579179,579197,18,13.26936686249027,1.356507826374312
579757,579763,6,13.270364329214786,0.4521352881616795
579949,579961,12,13.270695447621959,0.9042480137806447
580093,580133,40,13.27094371449633,3.0141036583786094
580231,580259,28,13.271181579093891,2.1098347447908057
580627,580631,4,13.271863833108355,0.3013894695047647
580691,580693,2,13.271974052703788,0.1506934832797203
581197,581201,4,13.2728450489306,0.3013671888170112
581411,581429,18,13.273213186776577,1.3561147362518429
581843,581857,14,13.273955930871777,1.054696887115591
581863,581869,6,13.273990303814776,0.4520117811352986
582017,582031,14,13.274254935908976,1.0546731298739613
582509,582511,2,13.27509991494641,0.15065799977506789
582821,582851,30,13.275635385598422,2.2597788451273964
583013,583019,6,13.275964763540284,0.45194455596008887
583069,583087,18,13.276060811674194,1.3558238588491436
583207,583213,6,13.276297462348037,0.4519332304067586
583351,583367,16,13.27654434248727,1.2051328709683282
583417,583421,4,13.276657475518121,0.3012806504480451
583501,583511,10,13.276801444503338,0.7531934586654566
583669,583673,4,13.27708932030748,0.30127085112562646
583769,583777,8,13.277260635615436,0.6025339277094924
584303,584347,44,13.278174962878142,3.313708406690755
584599,584603,4,13.278681421086489,0.3012347290483238
584777,584789,12,13.278985856958911,0.9036834686973739
584869,584873,4,13.279143169513633,0.3012242543768361
584917,584923,6,13.279225235806145,0.45183358919325967
585413,585437,24,13.280072860031273,1.8072190004493305
585517,585547,30,13.280250496611211,2.2589935338686007
585577,585581,4,13.280352964901635,0.30119681386266733
585581,585587,6,13.280359795747685,0.4517949884099657
585677,585691,14,13.280523722056348,1.0541752940622924
585727,585733,6,13.280609089700695,0.4517865076424158
586129,586139,10,13.281295180851433,0.7529386150845963
586309,586319,10,13.281602233337644,0.7529212081731661
586679,586693,14,13.282233100852523,1.0540396252420392
586811,586813,2,13.282458070814869,0.1505745389397869
586921,586933,12,13.28264550712967,0.9034344847612481
587087,587101,14,13.282928299071644,1.0539844592083263
587143,587149,6,13.283023680726076,0.4517043817896761
587303,587341,38,13.283296149619478,2.860735736972075
587429,587437,8,13.283510666633543,0.6022504291802139
587789,587813,24,13.2841233189436,1.8066679617295638
587833,587849,16,13.28419817293582,1.2044385209938482
587897,587927,30,13.284307041468669,2.2583037192945894
588011,588019,8,13.284500934188774,0.6022055355810417
588521,588529,8,13.285367888988038,0.6021662378375711
588839,588871,32,13.285908080616313,2.408567017461675
588881,588893,12,13.285979404869986,0.9032077827549087
589021,589027,6,13.286217115648402,0.4515958114919895
589109,589111,2,13.286366504935092,0.15053024461255976
589139,589159,20,13.286417428000535,1.5052966767287386
589493,589507,14,13.287018124419172,1.0536600363531148
589609,589639,30,13.287214884326922,2.25780950042336
589933,589993,60,13.28776425011152,4.515432308297947
590983,590987,4,13.289542531169106,0.30098853971974254
591089,591091,2,13.289721877266947,0.1504922389249656
591743,591749,6,13.29082769798645,0.4514391531017286
591893,591901,8,13.291081154286871,0.6019073924185393
592157,592199,42,13.291527081408825,3.159907792592651
592223,592237,14,13.291638532125772,1.0532937655626222
592351,592357,6,13.291854643572583,0.4514042743388985
592451,592453,2,13.292023448149614,0.1504661805481859
593231,593233,2,13.293339146815056,0.150451288266363
593323,593353,30,13.293494217718166,2.2567429983919993
593497,593501,4,13.293787438259185,0.30089242953352036
593707,593711,4,13.294141210655825,0.3008844224397006
594571,594577,6,13.295595416072839,0.4512772698202514
594977,594989,12,13.29627802831844,0.9025082037576513
595037,595039,2,13.296378867468317,0.1504168931958847
595373,595379,6,13.296943378870141,0.45123152209059253
595877,595927,50,13.297789548910137,3.7600234096123075
596027,596047,20,13.298041247034805,1.503980896770011
596227,596231,4,13.298376746017196,0.30078859069758135
596369,596399,30,13.298614881983895,2.255874033967407
596537,596569,32,13.298896547096001,2.406214672523913
596779,596789,10,13.299302139585027,0.7519191529783552
596941,596963,22,13.299573560020296,1.654188376846455
597053,597059,6,13.299761165653706,0.45113592080847637
597593,597599,6,13.300665199211391,0.4511052575292058
597803,597823,20,13.301016547220186,1.5036444717588033
598427,598439,12,13.302059824945369,0.9021159247454582
598613,598643,30,13.302370591505378,2.2552371243631857
598691,598711,20,13.302500884229884,1.5034766901395211
598931,598933,2,13.302901678475836,0.15034313928937854
599087,599117,30,13.303162108621095,2.2551029413193833
599251,599273,22,13.303435821047845,1.6537081319393452
599359,599371,12,13.303616029790126,0.9020103987614343
599741,599759,18,13.304253174336742,1.3529508018323888
599779,599783,4,13.304316533013566,0.3006543019383468
600337,600359,22,13.305246443189265,1.653483089842461
600401,600403,2,13.305353044296353,0.1503154402097843
600889,600893,4,13.306165504279944,0.3006125242252094
600949,600959,10,13.306265351347601,0.7515256712498404
600973,600979,6,13.306305287383388,0.4509140494235472
601031,601037,6,13.306401792885941,0.4509107791414961
601093,601127,34,13.306504943642528,2.555141274436924
601241,601247,6,13.306751131475105,0.4508989415010482
601291,601297,6,13.30683428934538,0.45089612371622656
601439,601451,12,13.307080396120378,0.9017755693050857
601543,601589,46,13.30725329978853,3.456761434061754
601697,601717,20,13.307509275322655,1.5029108442620325
602551,602593,42,13.308927588067471,3.1557764306762324
602593,602597,4,13.308997289281628,0.3005485622287557
602603,602621,18,13.309013884092762,1.3524668436565397
602687,602689,2,13.309153269635058,0.1502725199328057
602729,602743,14,13.309222955121257,1.0519021318681072
603191,603203,12,13.309989175140169,0.9015784943246302
603553,603557,4,13.310589136707591,0.30051261885688485
603557,603563,6,13.310595764106917,0.4507687038456594
603907,603913,6,13.31117549155188,0.4507490719965327
604481,604517,36,13.312125517608365,2.7043014244706205
604559,604579,20,13.312254545597693,1.5023751184666099
604759,604781,22,13.312585310544256,1.652571569443755
604957,604973,16,13.31291266010691,1.201840679684254
604997,605009,12,13.312978778322998,0.9013760331038106
605113,605117,4,13.313170496431857,0.3004543509055235
605167,605173,6,13.313259731980715,0.4506785055493944
605309,605323,14,13.31349435042941,1.051564647980524
605531,605533,2,13.3138610380223,0.1502193837150856
605867,605873,6,13.314415769016765,0.45063937495194234
606041,606049,8,13.314702919528512,0.6008395416969085
606121,606131,10,13.314834915087053,0.751041981652284
606493,606497,4,13.31544846566732,0.30040295002557654
606521,606527,6,13.315494631663764,0.45060286275300787
606587,606589,2,13.315603443080496,0.1501997268504799
606731,606733,2,13.315840808718649,0.15019704941880085
607517,607531,14,13.317135437344403,1.0512771358276258
607741,607769,28,13.317504083348028,2.1024960701916138
607823,607837,14,13.317639000144059,1.0512373852338661
607909,607921,12,13.317780478693843,0.9010510436928988
608089,608099,10,13.318076531814514,0.7508591782087887
608191,608207,16,13.31824425635202,1.2013595555111507
608347,608357,10,13.318500721831693,0.7508352635824838
608471,608483,12,13.31870453209819,0.9009885286575657
608609,608611,2,13.318931304373786,0.1501621980243432
608611,608633,22,13.318934590550484,1.651783770723565
608633,608653,20,13.318970737781445,1.5016175343990148
608693,608701,8,13.319069314498034,0.6006425682680293
608737,608743,6,13.31914159791477,0.45047948142088623
608767,608789,22,13.31919087906704,1.651751987020177
608843,608851,8,13.319315713784393,0.600631456743732
608887,608897,10,13.319387979393387,0.7507852474506442
608899,608903,4,13.31940768728952,0.3003136546242316
609283,609289,6,13.320038134977498,0.45044916082067477
609361,609373,12,13.32016614611136,0.9008896637151358
609601,609607,6,13.320559923773176,0.45043151596741904
609619,609641,22,13.320589450847864,1.6515785642353602
609989,609991,2,13.321196203200016,0.15013666711999635
610553,610559,6,13.322120382851585,0.4503787556013442
610661,610667,6,13.322297256029065,0.4503727761580063
611137,611147,10,13.32307643560553,0.7505773946680433
611467,611483,16,13.323616266994948,1.2008751737795802
611873,611879,6,13.3242800236201,0.45030575681115476
612049,612061,12,13.32456762364888,0.9005920746502878
612371,612373,2,13.325093586974248,0.15009275446703588
612401,612407,6,13.325142575683993,0.45027660799284275
612889,612923,34,13.325939121849885,2.551414927616762
613141,613153,12,13.326350204781866,0.9004716081747624
613189,613199,10,13.326428487136575,0.7503885988397092
613289,613297,8,13.326591555695849,0.600303533470324
613297,613337,40,13.326604600031917,3.001514729408585
613357,613363,6,13.326702427129122,0.4502239044360907
613471,613493,22,13.326888272252202,1.6507979620273405
613499,613507,8,13.326933913139925,0.6002881121900259
613633,613637,4,13.327152308553837,0.3001391375584909
613733,613741,8,13.327315259132916,0.6002709356273219
614113,614129,16,13.327934229284113,1.2004861162088292
614291,614293,2,13.32822403622262,0.15005750162696277
614563,614569,6,13.328666725109082,0.45015755317048756
614729,614741,12,13.32893679926723,0.9002968639373929
615497,615509,12,13.330185350508659,0.9002125390208546
616433,616439,6,13.331704917659565,0.45005496574202036
616507,616513,6,13.331824955942189,0.45005091349670867
616769,616783,14,13.332249840564838,1.0500853319897636
616877,616897,20,13.33242493131255,1.500102202190389
617293,617311,18,13.333099068612524,1.350023719719734
617401,617411,10,13.33327401074438,0.7500033369104752
617429,617447,18,13.333319361116505,1.3500014146884363
617537,617579,42,13.333494264717537,3.1499619804193726
617791,617801,10,13.333905491539205,0.7499678174819315
617857,617873,16,13.334012318078903,1.1999388944846272
618257,618269,12,13.334659507600197,0.8999104921397133
618679,618703,24,13.335341838806295,1.7997288926002024
619391,619397,6,13.336492016225169,0.449893419701403
619669,619681,12,13.336940743493686,0.899756565676735
619793,619807,14,13.337140830306213,1.0497002452120443
619807,619811,4,13.337163418237804,0.2999138478374067
619831,619841,10,13.337202139219256,0.7497824427954114
620111,620117,6,13.337653773254976,0.4498542323861609
620363,620377,14,13.338060069563431,1.0496279014327632
620383,620393,10,13.338092308232751,0.7497324031734013
620467,620491,24,13.338227699295535,1.7993395030486374
620531,620549,18,13.338330842088766,1.3494941918220722
620561,620567,6,13.33837918661118,0.4498297668747257
620717,620731,14,13.338630540459103,1.0495830106047852
620831,620849,18,13.338814182171417,1.3494452920754154
621059,621083,24,13.339181364454166,1.7992108619164928
621259,621289,30,13.33950334320957,2.248959292421588
621697,621701,4,13.34020811476726,0.299845397132306
621869,621871,2,13.340484738607243,0.1499195898191029
622621,622637,16,13.34169326594218,1.1992480775168004
622849,622861,12,13.34205939278995,0.8994113762141398
622879,622889,10,13.342107557397322,0.7495067744717481
624007,624031,24,13.343916865237363,1.79857235640632
624313,624319,6,13.344407124155154,0.4496265697064354
624467,624469,2,13.344653764877748,0.14987275318179244
624593,624599,6,13.344855516595723,0.4496114620752823
624667,624683,16,13.344973986730182,1.198953255053917
624847,624851,4,13.345262098750128,0.29973184268704817
625267,625279,12,13.345934037494597,0.8991502555225227
625409,625451,42,13.346161114692226,3.1469723495068536
625643,625657,14,13.34653519986651,1.048961381388334
626117,626147,30,13.347292533576894,2.247646848567303
626581,626597,16,13.348033334665775,1.1986784568815005
626783,626797,14,13.348355667207239,1.0488183225738918
627301,627329,28,13.349181768217152,2.097506834963079
627383,627391,8,13.349312478420067,0.5992817991887194
627791,627797,6,13.349962587511508,0.44943946177143757
628057,628063,6,13.350386205662714,0.4494252007073049
628189,628193,4,13.350596355586353,0.29961208424418145
628399,628423,24,13.350930594019243,1.7976275010186311
628427,628447,20,13.350975150704105,1.4980179181102915
629177,629203,26,13.352167895143397,1.9472493309088044
629381,629383,2,13.352492075676652,0.1497847734089479
629467,629483,16,13.352628708534843,1.1982659257029284
629623,629653,30,13.352876506548961,2.246706916317724
629689,629701,12,13.352981325688397,0.8986757119860912
629987,629989,2,13.353454463234177,0.14977397837440218
630023,630029,6,13.353511605637825,0.44932001238287106
630067,630101,34,13.353581441919388,2.5461334210511977
631229,631247,18,13.355423991691604,1.347767020440368
631247,631249,2,13.355452507085166,0.14975157142290652
631361,631387,26,13.355633085697546,1.9467441066379112
631537,631549,12,13.355911809713483,0.8984785292811416
631573,631577,4,13.35596881187483,0.2994915648832295
631819,631843,24,13.356358239705795,1.7968969961177574
631867,631889,22,13.356434207944776,1.6471462111432251
632939,632941,2,13.358129329974075,0.1497215628472944
633001,633013,12,13.358227280903897,0.8983227899673832
633257,633263,6,13.35863162188889,0.44914779970192853
633377,633379,2,13.35882110046022,0.1497138096962088
633583,633599,16,13.359146288314319,1.1976813229446945
634141,634157,16,13.36002660616905,1.1976024054182595
634441,634471,30,13.360499575209433,2.2454250180633486
634541,634567,26,13.360657181858237,1.946012059594201
634643,634649,6,13.360817915054085,0.4490743035454137
635563,635567,4,13.362266499237874,0.29935041336199536
635821,635837,16,13.362672356167868,1.1973652854411871
635837,635849,12,13.362697520166366,0.8980222729647329
636731,636739,8,13.364102553370206,0.5986185730056772
636773,636781,8,13.364168513115938,0.5986156184837533
636947,636953,6,13.364441728581005,0.4489525355307948
636967,636983,16,13.364473127874838,1.1972039486261628
637271,637277,6,13.364950275795035,0.4489354525221442
637409,637421,12,13.365166800727629,0.8978563589155276
637607,637627,20,13.365477385067889,1.4963924911761326
637627,637657,30,13.365508751860183,2.244583469059841
637657,637669,12,13.365555800203934,0.8978302271437827
637909,637933,24,13.365950918925,1.795607371714805
638047,638051,4,13.366167227325192,0.2992630521502514
638063,638081,18,13.366192303533358,1.3466812081733772
638633,638663,30,13.367085233467929,2.244318748330212
638663,638669,6,13.367132207701005,0.44886217228728464
639337,639361,24,13.368186980881736,1.7953070251278767
639853,639857,4,13.368993741453641,0.2991997810274291
640259,640261,2,13.369628060971953,0.1495927927747156
640777,640793,16,13.370436781457924,1.19666995637635
641579,641581,2,13.371687604325466,0.14956975208970938
641891,641897,6,13.37217378632605,0.44869294221522943
642049,642071,22,13.37241990374711,1.645177174988002
642527,642529,2,13.37316411821486,0.14955323828531417
642533,642547,14,13.37317345630024,1.0468719369974564
642877,642881,4,13.373708694097072,0.29909429698925116
642937,642947,10,13.373802020192516,0.7477305245659716
643273,643301,28,13.374324485431696,2.093563680954479
643369,643373,4,13.374473711090703,0.2990771888603754
643469,643493,24,13.374629130809737,1.794442280624717
644353,644359,6,13.376001991560436,0.4485645265144016
644381,644383,2,13.376045445058217,0.14952102310170456
644801,644837,36,13.376697021041839,2.6912473193772133
644923,644933,10,13.376886208806608,0.7475581270487708
645091,645097,6,13.377146671097636,0.4485261429452266
645257,645313,56,13.377403966030347,4.186163484499872
645443,645467,24,13.37769218172925,1.7940314124418484
645649,645661,12,13.378011291446834,0.8969943094361224
645739,645751,12,13.37815067635694,0.8969849637893128
645901,645907,6,13.378401520246646,0.44848407269879753
646039,646067,28,13.37861515245948,2.0928922523683307
646643,646669,26,13.379549643763536,1.943264212343582
646669,646687,18,13.379589850612314,1.3453327195359606
647219,647261,42,13.380440001526653,3.1389102297987193
647327,647333,6,13.38060685538932,0.44841015544697616
647341,647357,16,13.380628482555515,1.1957584818126734
647609,647617,8,13.381042398156621,0.5978607467159721
647687,647693,6,13.381162833949048,0.4483915242984365
647821,647837,16,13.381369702606715,1.1956922464284931
647987,648007,20,13.381625913404777,1.494586691439745
648007,648019,12,13.381656777745201,0.8967499465355433
648019,648029,10,13.381675295892215,0.7472905879781516
648283,648289,6,13.382082608391384,0.4483607055480014
648377,648379,2,13.382227596283608,0.1494519492820031
648709,648719,10,13.382739513006555,0.7472311622206422
649141,649147,6,13.383405229408226,0.44831639610043417
650327,650329,2,13.385230592294127,0.14941841951915266
650537,650543,6,13.385553454640727,0.4482444465469465
650851,650861,10,13.386036016345757,0.7470471458308455
650911,650917,6,13.386128199095051,0.44822520080194816
651029,651043,14,13.386309467049523,1.045844639589506
651289,651293,4,13.38670875509354,0.2988038414205456
651509,651517,8,13.387046489726371,0.5975926061166251
651649,651667,18,13.387261352391587,1.344561783488627
651811,651821,10,13.38750992158563,0.746964899266016
652321,652331,10,13.38829205104185,0.7469212623892396
652591,652601,10,13.388705872056374,0.7468981763854446
653113,653117,4,13.389505440760782,0.2987414298233201
653321,653339,18,13.389823864809387,1.3443044644752122
653593,653617,24,13.390240112556258,1.7923502340704696
653651,653659,8,13.390328848859562,0.5974461187845547
653687,653693,6,13.390383922604851,0.44808274614674465
653749,653761,12,13.390478764723388,0.8961591449301617
653801,653819,18,13.390558302790808,1.3442307328028669
654167,654169,2,13.3911179495246,0.1493527282440972
654421,654427,6,13.391506154220334,0.4480451960296564
654499,654509,10,13.391625336447044,0.7467353475596202
654613,654623,10,13.391799500308178,0.7467256360707817
654739,654743,4,13.391991961923372,0.29868596183248575
654743,654749,6,13.391998071209333,0.44802873836272766
654931,654943,12,13.39228516555692,0.8960382676783435
655001,655003,2,13.39239204133378,0.1493385194987777
655043,655069,26,13.39245616131756,1.941391458506152
655261,655267,6,13.392788908530436,0.4480022824953468
655517,655531,14,13.393179516250822,1.0453081721941293
655913,655927,14,13.393783437179938,1.0452610396206095
655987,656023,36,13.393896250656695,2.6877914630878927
656237,656263,26,13.39427728316795,1.9411275017184506
656329,656333,4,13.394417466595145,0.2986318748072288
656407,656423,16,13.394536302370339,1.1945169014300696
656657,656671,14,13.394917091125526,1.045172575892639
656839,656891,52,13.395194214163837,3.8819892544011148
656959,656977,18,13.395376890648858,1.3437471858343584
657529,657539,10,13.396244148525273,0.746477885079517
658417,658433,16,13.397593748181771,1.1942443024271734
658579,658589,10,13.397839762597634,0.7463889833879573
658783,658807,24,13.398149472459663,1.7912921518999911
658913,658919,6,13.398346786560065,0.4478164429971781
659011,659023,12,13.398495505302847,0.8956229447739598
659231,659237,6,13.398829283170707,0.4478003169677042
659333,659353,20,13.398983996935383,1.4926504878709013
659497,659501,4,13.399232702228478,0.29852455650947424
659569,659591,22,13.399341870382417,1.641871683909213
659591,659597,6,13.39937522494138,0.4477820718709106
659693,659713,20,13.39952985427093,1.4925896816913506
659873,659881,8,13.399802671244265,0.5970237171602426
659881,659899,18,13.399814794715759,1.3433021482579246
660047,660053,6,13.400066323588357,0.4477589778371545
660103,660119,16,13.40015116243248,1.194016381311894
660131,660137,6,13.400193579155582,0.44775472567300717
660271,660277,6,13.400405635787614,0.4477476401144291
660347,660349,2,13.400520733416275,0.1492479314637893
660403,660409,6,13.400605533719185,0.44774096102616706
660559,660563,4,13.400841725223142,0.2984887130239869
660589,660593,4,13.400887140271275,0.2984877014581758
660851,660853,2,13.401283677387502,0.14923943468002818
661103,661109,6,13.401664931202767,0.44770556724115285
661259,661267,8,13.401900872648035,0.5969302471358533
661513,661517,4,13.40228491464941,0.2984565710603412
661547,661553,6,13.402336310655649,0.4476831397843409
661721,661741,20,13.402599295933012,1.492247851211142
661769,661777,8,13.402671831426323,0.5968959100559156
662059,662063,4,13.40310995481492,0.29843819930485943
662309,662323,14,13.403487493388743,1.0445042759882819
662351,662353,2,13.403550905887066,0.14921419063075042
662369,662401,32,13.403578081441147,2.3874222096193716
662513,662527,14,13.403795459291501,1.0444802774347925
662527,662531,4,13.403816590729045,0.29842246593904165
662591,662617,26,13.403913185900267,1.939732049842706
662693,662713,20,13.40406711517158,1.4920844418454695
662773,662789,16,13.404187827434432,1.1936568038275845
663269,663281,12,13.4049359184046,0.8951926419524571
663281,663283,2,13.40495401044787,0.14919857229209385
663319,663331,12,13.405011299758907,0.8951876079519473
663371,663407,36,13.405089690340018,2.6855471191619356
663547,663557,10,13.405354966718862,0.7459705486969013
663599,663601,2,13.405433330365405,0.14919323760088285
663961,663967,6,13.405978691793848,0.4475615050524254
663977,663979,2,13.406002789304425,0.14918690018441885
663979,663983,4,13.406005801452418,0.2983737333282846
663991,663997,6,13.406023874149843,0.4475599966347588
664019,664043,24,13.406066042507016,1.79023435539572
664141,664151,10,13.406249755313219,0.7459207595350639
664603,664613,10,13.406945148885823,0.7458820699979551
664891,664933,42,13.40737839642888,3.132603463417345
664949,664967,18,13.407465624967706,1.3425356069144019
665113,665117,4,13.407712230014436,0.29833575865729134
665419,665429,10,13.408172196411929,0.7458138106755545
665479,665501,22,13.408262361097789,1.6407793498902545
665773,665783,10,13.408704050582244,0.7457842280862162
665783,665789,6,13.408719070603933,0.4474700356094311
665947,665953,6,13.408965366776323,0.44746181646992145
665981,665983,2,13.40901642058705,0.1491533709310231
666013,666019,6,13.409064468851543,0.4474585094238037
666079,666089,10,13.409163561106514,0.7457586712571062
666119,666139,20,13.409223612240071,1.4915106629845298
666707,666727,20,13.41010594802606,1.4914125270534466
667427,667441,14,13.41118529998006,1.0439047471829963
667753,667769,16,13.411673623661478,1.1929905579995683
668939,668947,8,13.413448154086172,0.5964163657323968
669077,669089,12,13.413654429647135,0.8946107910367329
669413,669419,6,13.414156487947247,0.4472886539970709
670447,670457,10,13.415699933091169,0.7453953241257281
670729,670739,10,13.416120459560709,0.74537195981076
670903,670919,16,13.416379845146288,1.1925720786586407
671299,671303,4,13.41696992027878,0.29812990740586587
671633,671647,14,13.417467339369079,1.0434159924445408
672439,672443,4,13.418666680024362,0.298092209560178
672653,672667,14,13.418984873875496,1.0432979939679075
672799,672803,4,13.419201901313969,0.2980803202318859
672811,672817,6,13.419219737091051,0.4471198860702648
672863,672869,6,13.419297021782628,0.4471173110082153
672869,672871,2,13.4193059388627,0.14903900463346184
672983,673019,36,13.419475348278107,2.6826682165796645
673349,673381,32,13.420019047765331,2.384497360704459
673469,673487,18,13.420197245562386,1.341261955441974
673747,673769,22,13.420609948505264,1.6392697563235772
673837,673879,42,13.420743520883882,3.129483842280737
674173,674183,10,13.421242033516515,0.7450875243161
674501,674533,32,13.421728437208538,2.384193671456475
674533,674537,4,13.421775878562878,0.298023155519141
674701,674711,10,13.42202490875463,0.7450440651080461
674957,674977,20,13.422404264121797,1.4900460160822435
675131,675133,2,13.422662025098804,0.14900174021071488
675607,675611,4,13.423366825022555,0.2979878336144091
675743,675751,8,13.423568105224515,0.5959667308490328
675841,675859,18,13.42371312025898,1.340910658529682
675979,676007,28,13.423917289453813,2.085829299767628
676217,676219,2,13.424269309430885,0.14898390027045644
676259,676279,20,13.424331417741884,1.4898321098932026
676349,676363,14,13.424464493991815,1.042872138867496
676463,676469,6,13.424633031823042,0.4469395912556435
676573,676589,16,13.424795629123103,1.1918244748017148
676679,676703,24,13.424952288784743,1.7877158505844146
676829,676859,30,13.425173935055934,2.234607919802345
676943,676961,18,13.425342353371972,1.34074793224763
677461,677471,10,13.426107265503443,0.7448175262008847
677627,677639,12,13.42635226804325,0.8937647218270756
677681,677683,2,13.426431954727057,0.14895990287992023
678203,678211,8,13.427201932137793,0.5958054433405167
678229,678253,24,13.427240268007196,1.7874112268017053
678341,678343,2,13.427405390338155,0.1489491038558442
678409,678413,4,13.427505629881265,0.2978959838302723
678541,678553,12,13.42770018384481,0.8936750028450509
678611,678631,20,13.427803341044685,1.4894468955220785
678721,678731,10,13.427965423718991,0.7447144585534995
678971,678989,18,13.428333695761289,1.3404492625679818
679183,679207,24,13.428645884219625,1.7872241331646899
679279,679297,18,13.428787220525182,1.3404039921407023
679633,679639,6,13.429308225576293,0.4467839965556023
679891,679897,6,13.429687770186167,0.44677136972014847
679999,680003,4,13.429846606562974,0.2978440571350426
680249,680263,14,13.430214186596636,1.042425668383756
681407,681409,2,13.431915057123657,0.14889909528867173
681787,681809,22,13.432472571329034,1.6378220676182835
682247,682259,12,13.43314704134582,0.8933126365002376
682277,682289,12,13.433191012723391,0.8933097123858412
682327,682333,6,13.433264294056324,0.4466524195950464
682471,682483,12,13.433475314296,0.8932908066782626
682483,682489,6,13.433492897306124,0.44664481872791295
682597,682607,10,13.43365992048464,0.7443987758504486
682811,682819,8,13.433973379907394,0.5955051252345973
682933,682943,10,13.434152037108634,0.744371507213659
683251,683257,6,13.434617567382364,0.44660742815391175
683653,683681,28,13.435205757937942,2.084076753603622
683747,683759,12,13.435343245140146,0.8931666114552496
683861,683863,2,13.435509959579173,0.14885925476718145
684217,684221,4,13.436030397753072,0.297706977551117
684617,684637,20,13.43661483678861,1.488470142438053
684713,684727,14,13.436755051346324,1.0419182270199412
685001,685019,18,13.437175577097312,1.3395672250260457
685019,685031,12,13.43720185408597,0.893043070298974
685073,685081,8,13.43728068090932,0.5953585543067356
685369,685381,12,13.43771265833646,0.8930091232867273
686089,686099,10,13.438762635902156,0.7441161266800432
686173,686177,4,13.438885061503251,0.297643739171363
686339,686353,14,13.439126953742896,1.0417343364779286
686773,686789,16,13.439759094477886,1.1904975295706055
687083,687101,18,13.440210379045208,1.339264750503014
687233,687277,44,13.440428669453812,3.2737051088258227
687359,687383,24,13.440611996579756,1.7856329760956793
687397,687403,6,13.44066727911718,0.44640640791117747
687541,687551,10,13.440876743108323,0.7439990851138042
687893,687901,8,13.441388581564672,0.5951766033289355
688097,688111,14,13.441685095349648,1.0415360797913285
688187,688201,14,13.441815882309502,1.0415259457931656
688201,688217,16,13.44183622541043,1.1903135651774732
688357,688379,22,13.442062877684679,1.6366535553499344
689107,689113,6,13.443151835471038,0.44632390331026595
689261,689267,6,13.443375288134828,0.4463164846179383
689267,689279,12,13.443383993072267,0.8926323912330347
689879,689891,12,13.444271498876832,0.8925734652861265
689987,690037,50,13.444428035816246,3.719012803430456
690059,690073,14,13.444532380164283,1.041315503144999
690119,690127,8,13.444619325471391,0.595033582307806
690427,690433,6,13.445065525750282,0.4462603762330998
690467,690491,24,13.445123459233969,1.785033813394778
690511,690533,22,13.44518718218975,1.6362732405200304
690661,690673,12,13.445404389026539,0.8924982583486887
691681,691687,6,13.446880145655676,0.44620015460898105
691723,691727,4,13.44694086544543,0.29746542652528424
691787,691799,12,13.447033383750387,0.8923901397092532
691931,691949,18,13.447241518645678,1.3385644910922108
692149,692161,12,13.447556529341306,0.892355423367593
692327,692333,6,13.447813666338957,0.44616918027489627
692387,692389,2,13.447900326833526,0.14872210169562766
692401,692407,6,13.447920546535025,0.44616563425086214
692521,692537,16,13.448093841493588,1.189759692978391
692543,692567,24,13.448125608978703,1.7846353237492285
692647,692651,4,13.448275768884846,0.29743589949685323
693041,693061,20,13.448844439481139,1.4871166136242115
693167,693169,2,13.449026230381707,0.14870965122232768
693487,693493,6,13.449487773067453,0.44611364397200143
693661,693677,16,13.449738647524846,1.1896141939490013
694487,694511,24,13.450928722498823,1.7842634137118112
694987,694997,10,13.451648419336017,0.7434033129817414
694999,695003,4,13.451665685696973,0.297360943504057
695017,695021,4,13.451691584679432,0.2973603709852915
695081,695087,6,13.451783664518473,0.4460375032514158
695369,695371,2,13.452197918902476,0.14867458924237817
695377,695389,12,13.452209423519422,0.8920467725561554
695503,695509,6,13.452390603779898,0.4460173791202658
696323,696343,20,13.453568912124295,1.4865943847789036
696721,696737,16,13.454140322662411,1.1892249981256175
697127,697133,6,13.454722882613686,0.44594006523562474
697141,697157,16,13.454742964836042,1.1891717323635231
697351,697373,22,13.455044149785955,1.6350745307922292
697601,697603,2,13.455402585062117,0.1486391794936225
697729,697733,4,13.455586054206133,0.2972743055475926
697973,697979,6,13.45593569904792,0.4458998715655673
698287,698293,6,13.456385472020422,0.4458849675847703
698413,698417,4,13.45656589730909,0.2972526594470793
698669,698701,32,13.45693237544404,2.3779565139520953
698729,698773,44,13.457018249332563,3.2696693416598657
698827,698849,22,13.457158494160192,1.6348176332728057
698849,698891,42,13.457189974989799,3.1210081806125234
699241,699253,12,13.457750740048231,0.8916794664869081
699271,699287,16,13.457793642790582,1.1889021651458664
699343,699367,24,13.457896601863013,1.7833396042497174
699383,699401,18,13.457953796767534,1.337499018931349
699581,699617,36,13.458236863381574,2.674941774724753
699719,699733,14,13.458434104860094,1.0402398890480384
699931,699943,12,13.458737037738487,0.8916141214700779
700099,700103,4,13.458977032596893,0.2971994075264578
700129,700171,42,13.459019882761302,3.1205838438350777
700393,700423,30,13.459396885054913,2.2289260251558147
700537,700561,24,13.459602462779007,1.783113584994004
700751,700759,8,13.45990789606847,0.594357707480059
701011,701023,12,13.46027885776237,0.8915119907103376
701497,701507,10,13.460971901965259,0.742888409011539
701507,701509,2,13.460986157092115,0.14857752445917724
702173,702179,6,13.461935091393347,0.4457011536057692
702193,702199,6,13.461963573996886,0.4457002105985187
702731,702733,2,13.462729451761517,0.1485582850911642
702773,702787,14,13.462789216799557,1.0399033791994667
702893,702913,20,13.462959954372055,1.4855574158864717
703441,703447,6,13.463739285637224,0.4456414278907382
703531,703537,6,13.463867219953078,0.4456371933843915
703733,703753,20,13.464154301838763,1.4854256384501368
703819,703837,18,13.464276499810996,1.3368709414317712
703949,703957,8,13.464461189334227,0.5941567128090607
704219,704233,14,13.464844666310425,1.0397446347842805
704287,704299,12,13.464941222519702,0.8912032961518144
704399,704419,20,13.465100235955253,1.4853212861048666
704449,704453,4,13.465171215933252,0.29706269128363
704713,704719,6,13.4655459067113,0.44558163787548843
704779,704783,4,13.465639557473487,0.29705235929770474
704783,704797,14,13.465645232995387,1.0396828193345882
705013,705017,4,13.465971521340709,0.29704503634667934
705097,705113,16,13.466090660982438,1.1881696331036506
705119,705127,8,13.466121861876488,0.5940834400621716
705751,705763,12,13.467017763047073,0.8910658774749294
705937,705949,12,13.46728127736621,0.8910484419871592
705949,705967,18,13.467298275905753,1.3365709759472448
706213,706229,16,13.467672170689886,1.1880301062585483
706253,706267,14,13.467728809221377,1.03952197124835
706283,706291,8,13.467771286014894,0.5940106815080312
706613,706621,8,13.468238411700014,0.5939900791368756
706631,706633,2,13.468263885008234,0.14849723892225158
706729,706733,4,13.468402561637198,0.29699141985801814
706751,706753,2,13.468433690482321,0.14849536671909602
706753,706757,4,13.468436520329282,0.2969906710376065
707153,707159,6,13.469002328821038,0.44546729249286493
707527,707543,16,13.469531070315528,1.1878661489011433
707951,707953,2,13.470130161241253,0.14847666474335708
708023,708031,8,13.470231858023908,0.5939021751310527
709217,709231,14,13.471916823566076,1.0391988150869638
709417,709421,4,13.472198784947695,0.2969077330175046
709507,709519,12,13.472325641636454,0.8907148119188713
709609,709649,40,13.47246939309888,2.969017693258932
710371,710377,6,13.473542647754781,0.445317178774792
710399,710441,42,13.47358206300145,3.1172111323930918
710531,710557,26,13.47376785681308,1.9296755203373173
710693,710713,20,13.47399582932227,1.4843406702320452
710779,710791,12,13.474116830650619,0.8905964042632218
710863,710867,4,13.474235003861734,0.2968628644857088
710909,710911,2,13.474299711845877,0.1484307194266807
710951,710959,8,13.474358789392207,0.5937202745631251
710959,710971,12,13.474370041862477,0.8905796681194096
711173,711181,8,13.47467099845668,0.5937065180230582
711209,711223,14,13.474721617769928,1.038982503470599
711397,711409,12,13.474985921450772,0.8905389638216432
711649,711653,4,13.47534009131265,0.2968385193171295
711929,711937,8,13.475733466320708,0.5936597083931675
712279,712289,10,13.476224967571996,0.7420475707450063
712601,712603,2,13.476676935464704,0.14840453693275654
712891,712909,18,13.477083812534516,1.3356005090106284
713381,713389,8,13.477770918527312,0.5935699640808365
713927,713939,12,13.478535995198406,0.8903044072646228
714139,714143,4,13.478832900245592,0.2967615986935425
714199,714223,24,13.478916913973485,1.7805584939187058
714349,714361,12,13.479126917418313,0.8902653764980193
714557,714563,6,13.479418049237298,0.4451230741626488
714739,714751,12,13.47967272006963,0.8902293289460528
714839,714841,2,13.479812621495313,0.14837001493705781
714947,714949,2,13.479963693054561,0.1483683521366221
715087,715109,22,13.480159492595616,1.632028167922209
715289,715301,12,13.480441935815222,0.8901785310256082
715643,715651,8,13.480936718246841,0.5934305729046088
715801,715811,10,13.481157474351365,0.7417760692303716
715903,715909,6,13.4812999619049,0.44506093751749765
715991,715999,8,13.48142287603138,0.5934091730200971
716171,716173,2,13.481674244243841,0.14834952720014902
716447,716449,2,13.48205955282354,0.14834528746619735
716501,716531,30,13.482134921922801,2.225166872586189
716747,716783,36,13.482478198177038,2.6701322613573777
716959,716981,22,13.482773935241045,1.631711701588111
717047,717089,42,13.482896668339945,3.11505761952644
717113,717127,14,13.482988708279766,1.0383454516581136
717139,717149,10,13.48302496411208,0.7416733282491959
717149,717151,2,13.483038908312965,0.14833451224166538
717397,717413,16,13.483384662304083,1.1866456680370245
718043,718049,6,13.4842847348165,0.44496242240479883
718169,718171,2,13.484460196378334,0.14831887749849723
718183,718187,4,13.484479690207145,0.2966373261628275
718241,718259,18,13.484560446307059,1.3348599734987698
719057,719063,6,13.485695910334243,0.4449158604712517
719119,719143,24,13.485782130657817,1.7796520637419873
719413,719419,6,13.48619088069479,0.4448995311633086
719689,719699,10,13.48657445323292,0.7414781295781792
719723,719731,8,13.486621694745436,0.5931804258376213
719731,719749,18,13.486632810071107,1.3346548581465456
719989,720007,18,13.486991213097754,1.3346193910558408
720091,720101,10,13.487132871894724,0.7414474295599611
720257,720281,24,13.48736337174717,1.7794434196289477
720281,720283,2,13.487396692631453,0.14828658528985483
720319,720359,40,13.487449448427661,2.9657201054171973
720397,720403,6,13.48755772792213,0.4448544444468783
721621,721631,10,13.489255349302661,0.7413307659356422
721739,721783,44,13.489418856674714,3.2618158326537774
722011,722023,12,13.48979565321597,0.889561288286765
722123,722147,24,13.48995076347613,1.7791021198520378
722257,722273,16,13.49013631021644,1.1860517664215722
722363,722369,6,13.490283061611535,0.4447645740713795
722479,722489,10,13.490443632802362,0.7412654670365874
722537,722539,2,13.490523908730147,0.1482522112210732
722723,722737,14,13.490781301864983,1.0377456788262236
723029,723031,2,13.49120461098656,0.14824473111699013
723101,723103,2,13.491304187096674,0.14824363695785883
723917,723923,6,13.492432023912107,0.4446937356709625
723959,723967,8,13.49249003993007,0.5929224313914307
724187,724211,24,13.492804925310251,1.7787257825820932
724219,724259,40,13.492849111815975,2.96453326265771
724481,724487,6,13.493210815416246,0.44466806915555546
724531,724547,16,13.493279827957233,1.1857754529665203
724751,724769,18,13.493583426569083,1.3339673703397208
724783,724807,24,13.493627578689702,1.7786173406699666
724993,725009,16,13.493917278617786,1.1857194371091415
725321,725323,2,13.494369594468825,0.1482099616435417
725327,725341,14,13.494377866634093,1.0374690955272639
725537,725579,42,13.49466734931678,3.1123405203557253
725999,726007,8,13.495303916395516,0.5927988024249501
726101,726107,6,13.495444402588157,0.4445944735876441
726331,726337,6,13.495761112770698,0.4445840401192602
726601,726611,10,13.496132775041344,0.740952994956688
726659,726679,20,13.49621259558279,1.4818972254887162
727003,727009,6,13.496685883054598,0.4445535779663613
727063,727079,16,13.496768410257674,1.1854689592095131
727201,727211,10,13.496958196981975,0.7409076811274468
727729,727733,4,13.497684005128317,0.2963471361813062
727799,727807,8,13.497780190155405,0.5926900488300139
727817,727823,6,13.497804921952804,0.44451672214062093
728131,728173,42,13.4982362560456,3.1115176237331754
728639,728647,8,13.49893368943672,0.5926394027892896
728701,728713,12,13.499018775964279,0.8889535009290185
728713,728723,10,13.499035243488265,0.7407936804094094
728771,728809,38,13.499114832698204,2.814999388549135
729329,729331,2,13.499880212339162,0.14814946270204382
729527,729551,24,13.500151657911879,1.7777578065898687
729557,729559,2,13.500192779601932,0.14814603262717055
729559,729569,10,13.500195520987813,0.7407300127212008
729851,729871,20,13.500595682702336,1.4814161145218976
730363,730397,34,13.501296949805626,2.518276586790389
730553,730559,6,13.501557060586904,0.4443931891022341
730559,730567,8,13.501565273509666,0.5925238917072938
731047,731053,6,13.502233032150686,0.4443709411408594
731117,731141,24,13.502328780644088,1.7774711599679438
731729,731737,8,13.503165505816396,0.5924536729224014
731881,731893,12,13.503373211421778,0.8886668399159585
732073,732077,4,13.503635514747021,0.2962165259593751
732157,732169,12,13.503750250820032,0.8886420273709732
732299,732311,12,13.503944179487666,0.8886292656798641
732323,732331,8,13.503976952448884,0.5924180727033332
733003,733009,6,13.504905073629853,0.4442830191909907
733067,733097,30,13.504992381875764,2.221400734757999
733123,733127,4,13.505068770338415,0.2961850893188578
733177,733189,12,13.505142425115778,0.888550421925456
733813,733823,10,13.506009506745302,0.7404111477195172
733921,733937,16,13.506156672376397,1.1846449280959521
733937,733939,2,13.506178472850285,0.14808037699341378
734131,734143,12,13.506442765786485,0.8884648762142987
734203,734207,4,13.50654083611661,0.2961528083714791
734207,734221,14,13.50654628418629,1.0365344111981798
734273,734291,18,13.506636173051028,1.332678230862123
734381,734389,8,13.50678324649405,0.5922949864525705
734429,734431,2,13.506848605526216,0.1480730300909508
734653,734659,6,13.507153557872968,0.44420906109435293
734743,734759,16,13.507276057185765,1.1845467533395178
734869,734879,10,13.507447531017373,0.7403323223752553
734897,734911,14,13.507485632320577,1.0364623277111573
735071,735073,2,13.50772237216908,0.14806345177190952
735239,735247,8,13.507950895406672,0.5922437875251952
735467,735473,6,13.508260950579938,0.4441726453131931
735617,735649,32,13.508464881831342,2.3688850124664764
735659,735673,14,13.508521975129963,1.0363828126996335
735937,735949,12,13.508899796221224,0.8883032801351224
736007,736013,6,13.508994908535351,0.4441485129444409
736147,736159,12,13.509185106028848,0.8882845194448233
736357,736361,4,13.509470334458006,0.2960885882992302
736993,737017,24,13.510333673161647,1.7764180056985663
737203,737207,4,13.510618574221505,0.29606342433736305
737279,737281,2,13.510721661271829,0.14803058268404373
737483,737497,14,13.51099831608298,1.0361928609919915
737509,737531,22,13.511033570511481,1.6282988185312572
737897,737921,24,13.51155952744665,1.7762568378023056
738539,738547,8,13.512429189308678,0.5920475058866373
738547,738581,34,13.512440021447091,2.516199882925277
738937,738953,16,13.512967945958028,1.1840478023768188
739027,739031,4,13.51308973512219,0.2960092827329864
739187,739199,12,13.513306212574879,0.8880136223682503
739301,739303,2,13.513460424175143,0.14800058143671807
739331,739337,6,13.513501002222966,0.4440004110713428
739399,739433,34,13.513592973035824,2.515985205995287
739439,739463,24,13.513647069562975,1.7759824477032276
739523,739549,26,13.513760662745343,1.9239648125245143
739579,739601,22,13.513836384365659,1.62796110403202
739777,739787,10,13.514104068413559,0.7399676626268511
740287,740303,16,13.514793227828536,1.1838878871675325
740387,740423,36,13.514928301450619,2.663721123562006
740533,740549,16,13.515125476180481,1.1838587831240595
740653,740659,6,13.515287508498181,0.4439417212713605
740893,740897,4,13.515611494391429,0.295954052960155
740989,741001,12,13.51574105936372,0.8878536476315805
741071,741077,6,13.515851716152357,0.44392318930442204
741077,741079,2,13.515859812509806,0.14797430779423076
741127,741131,4,13.515927279606128,0.2959471383095933
741253,741283,30,13.51609727650342,2.2195756205567148
741781,741787,6,13.516809330336722,0.44389173904626883
741941,741967,26,13.517025004163248,1.9235001778861838
742369,742381,12,13.517601703116785,0.8877314381317458
743047,743059,12,13.5185145787652,0.8876714915741946
743143,743159,16,13.518643768169158,1.1835506781881047
743297,743321,24,13.518850974649812,1.7752988064595252
743401,743423,22,13.51899088201522,1.6273403978152954
744661,744677,16,13.520684360245465,1.1833720523085656
744677,744701,24,13.520705846301686,1.7750552576783343
745273,745301,28,13.521505873190895,2.070775271822026
745517,745529,12,13.521833216414526,0.8874536320587706
745697,745699,2,13.522074630458217,0.14790629800955526
745751,745753,2,13.522147043308044,0.14790550595216143
745873,745903,30,13.522310623406343,2.218555750972894
746023,746033,10,13.522511709809825,0.7395075866523791
746177,746183,6,13.52271811645846,0.4436977794203532
746303,746309,6,13.522886962942566,0.44369223941914887
746329,746353,24,13.52292180073246,1.774764385511721
746531,746533,2,13.523192422225746,0.14789407246124397
747113,747139,26,13.523971724428218,1.922512153218751
747277,747283,6,13.524191211979202,0.4436494505257685
747737,747743,6,13.524806590851263,0.4436292644701217
748217,748219,2,13.5254483218356,0.14786940531732193
748271,748273,2,13.525520490807251,0.14786861632122172
748379,748387,8,13.52566481312735,0.5914681541003138
748589,748597,8,13.525945380248862,0.5914558853447632
748777,748789,12,13.526196487861814,0.8871673578576655
749027,749051,24,13.526530309913726,1.7742909268025788
749167,749171,4,13.526717201598524,0.2957110687231118
749171,749183,12,13.526722540847747,0.8871328560013427
749339,749347,8,13.526946763576595,0.5914121005888219
749431,749443,12,13.527069530912632,0.8871100996839775
749711,749729,18,13.527443077919195,1.330628404519502
749899,749909,10,13.527693809777457,0.7392243009501196
749971,749993,22,13.527789818098253,1.6262819200936385
750229,750287,58,13.528133772241091,4.2873615072473985
750829,750853,24,13.528933208414717,1.773975791755147
751297,751301,4,13.529556325270615,0.29564901492954115
751717,751727,10,13.530115202314917,0.739092007013293
752107,752111,4,13.530633880044151,0.2956254699862552
752111,752117,6,13.530639198422206,0.4434380306807423
752449,752459,10,13.531088499222022,0.7390388438132642
752809,752819,10,13.531566822548474,0.7390127197492304
753001,753007,6,13.531821834802397,0.4433992756665361
753007,753019,12,13.53182980288756,0.8867980291504493
753079,753091,12,13.531925414957595,0.8867917633314567
753341,753353,12,13.532273259519725,0.8867689685144514
753527,753547,20,13.532520129187066,1.4779213190944245
753617,753619,2,13.532639560376266,0.14779082758222753
753691,753707,16,13.532737748669646,1.1823180421546926
753737,753743,6,13.532798779776956,0.44336726627209117
753799,753803,4,13.53288103320246,0.29557638097801475
753983,754003,20,13.53312510031682,1.4778552515953456
754379,754381,2,13.533650173222526,0.14777979143846717
754513,754531,18,13.533827786995218,1.3300006681994556
754627,754639,12,13.533978866418224,0.8866572142930949
754739,754751,12,13.534127273100507,0.8866474917707009
754751,754771,20,13.534143172510241,1.477744083616821
754993,755009,16,13.534463756665001,1.182167264818368
755233,755239,6,13.534781589892638,0.44330231412678406
755387,755393,6,13.53498547968694,0.44329563626091
755413,755437,24,13.535019898537882,1.7731780359327431
755509,755539,30,13.535146973264611,2.216451735563544
755567,755569,2,13.535223739754224,0.1477626109811404
755707,755717,10,13.535409013900937,0.7388029419524705
755767,755771,4,13.535488406599763,0.2955194433951598
755879,755899,20,13.535636589441783,1.4775810408208374
755899,755903,4,13.53566304835308,0.295515630502245
756227,756247,20,13.536096874641556,1.4775307967445093
756629,756641,12,13.53662831981474,0.8864836735182096
756683,756689,6,13.536699686459587,0.4432394999500245
756971,757019,48,13.537080222570845,3.5458163215999807
757111,757151,40,13.537265153110141,2.9548065689479484
757241,757243,2,13.537436843708258,0.14773845470825092
757247,757259,12,13.537444767178103,0.8864302094213763
757381,757387,6,13.537621708315267,0.4432093117445139
757507,757513,6,13.537788057247056,0.44320386570006
757577,757579,2,13.537880461364649,0.14773361352301345
757633,757651,18,13.53795437851148,1.3295952620856097
757711,757727,16,13.538057325433195,1.1818534679966002
757927,757937,10,13.53834235391818,0.7386428662077573
758279,758299,20,13.538806670780565,1.4772350685207711
758707,758711,4,13.539370947591763,0.2954347004364687
758851,758867,16,13.539560726170812,1.1817222377882148
758893,758899,6,13.5396160714728,0.44314402774253386
759149,759167,18,13.539953348046739,1.3293989674341575
759623,759631,8,13.540577536556125,0.5908167490199018
759641,759653,12,13.540601232240352,0.8862235726599673
760117,760129,12,13.541227647782256,0.8861825760654224
760411,760423,12,13.541614355562269,0.8861572693562164
760519,760531,12,13.541756373932845,0.8861479758341655
760619,760621,2,13.541887854443022,0.1476898953452646
760841,760843,2,13.542179679402699,0.1476867127263086
760901,760913,12,13.542258536396895,0.8861151164518208
761009,761023,14,13.542400463317911,1.0337901347638907
761669,761671,2,13.54326735709497,0.14767485181131357
762367,762371,4,13.544183346020171,0.2953297292136378
762499,762529,30,13.544356475987433,2.2149446563361286
762557,762563,6,13.544432538768117,0.4429864435314104
762899,762901,2,13.544880929289679,0.14765725962752219
763111,763123,12,13.545158778060477,0.8859253846058106
763123,763141,18,13.545174503041052,1.3288865341645313
763223,763237,14,13.545305534930469,1.0335684170354793
763303,763307,4,13.545410348081472,0.29530297696492797
763339,763349,10,13.545457510415543,0.7382548719606314
763699,763739,40,13.545929011460927,2.9529167003722545
763897,763901,4,13.546188242306135,0.29528601909632335
764131,764143,12,13.546494519418635,0.8858380286352484
764233,764249,16,13.546627995475584,1.1811057338655653
764249,764251,2,13.546648931279867,0.14763798856423477
764539,764551,12,13.547028316784564,0.8858031237103255
765227,765229,2,13.547927800818576,0.14762405213579294
765353,765379,26,13.548092444287438,1.9190893557094761
765379,765383,4,13.548126414962908,0.2952437759646451
765581,765587,6,13.548390301676045,0.44285703809830096
765913,765931,18,13.54882386524887,1.32852859990068
765949,765953,4,13.548870866871741,0.295227553594918
766111,766127,16,13.549082346840677,1.1808917822195404
766373,766387,14,13.549424275373115,1.033254233941573
766393,766399,6,13.549450371985385,0.44282239022813047
766891,766901,10,13.550099958125346,0.7380019358457558
767093,767101,8,13.550363324628735,0.5903900735605694
767489,767509,20,13.550879426093225,1.4759189696196775
767521,767527,6,13.550921119632687,0.4427743285515219
767623,767633,10,13.551054006189453,0.737949977576098
767749,767759,10,13.551218135794894,0.7379410396756494
767867,767869,2,13.551371820049594,0.14758653415744596
767909,767951,42,13.55142651552603,3.0993047080231815
768221,768241,20,13.551832731151388,1.4758151459489541
768259,768263,4,13.551882194860656,0.2951619518591254
768541,768563,22,13.55224919122084,1.6233467736301381
768773,768787,14,13.552551016354496,1.033015849422411
768787,768793,6,13.55256922702595,0.44272048343682746
768811,768841,30,13.552600444548348,2.213597318296782
768851,768853,2,13.552652471586812,0.1475725880371394
768983,769003,20,13.552824141611437,1.4757071877435275
769273,769289,16,13.553201191989833,1.18053290682767
769459,769463,4,13.553442949490043,0.29512796231237337
769469,769487,18,13.553455945549636,1.3280745569479948
769739,769751,12,13.553806775330628,0.8853601205117723
770191,770207,16,13.55439381501812,1.1804290341831574
770353,770359,6,13.554604130336083,0.44265401942441174
770359,770387,28,13.554611918942909,2.0657175703325965
770587,770591,4,13.554907841060444,0.2950960675574071
770639,770641,2,13.554975319807909,0.14754729926194676
770839,770843,4,13.555234811024938,0.2950889494549119
770897,770909,12,13.555310050884456,0.8852619346185316
771359,771389,30,13.555909173227075,2.213057023076697
771427,771431,4,13.555997325440078,0.295072350928643
771437,771439,2,13.556010288345428,0.1475360343831746
771503,771509,6,13.556095839306632,0.44260530990070723
771769,771781,12,13.556440561432913,0.8851881100809844
771887,771889,2,13.556593445236338,0.1475296879027365
772147,772159,12,13.556930225388143,0.8851561378937784
772349,772367,18,13.55719179939177,1.3277085893855651
772367,772379,12,13.557215104646588,0.8851375380100837
772843,772847,4,13.557831202154443,0.2950324384747001
772847,772853,6,13.5578363778365,0.44254848876981756
773501,773533,32,13.558682241819245,2.3601113610658953
773723,773767,44,13.558969207380176,3.2450844401985
774161,774173,12,13.559535141276632,0.8849860909664046
774283,774289,6,13.559692718819315,0.4424879032599817
774601,774629,28,13.560103337050853,2.0648810192688134
774703,774733,30,13.560235009079257,2.2123510381577822
775441,775451,10,13.561187178756084,0.737398567557952
776357,776389,32,13.56236774492048,2.3594700130428903
777013,777031,18,13.563212360226554,1.3271192341413236
777473,777479,6,13.563804195744439,0.44235377578529655
777911,777919,8,13.56436740072993,0.5897805451339737
778097,778109,12,13.56460647405203,0.884655225564782
778213,778223,10,13.564755544610227,0.7372045863350162
778511,778513,2,13.565138399893039,0.14743675597263128
778513,778523,10,13.565140968896472,0.7371836402532795
778559,778567,8,13.565200054153946,0.5897443434717524
778643,778663,20,13.565307939964626,1.4743491329878469
778727,778733,6,13.565415814137214,0.4423012226243071
778819,778831,12,13.565533948690039,0.8845947417468801
778979,778993,14,13.565739366851524,1.0320115713124793
779063,779069,6,13.56584719449684,0.4422871578882281
780421,780433,12,13.567588796646339,0.8844607674848004
780523,780553,30,13.567719486793,2.211130619939659
780973,780991,18,13.56829585716149,1.3266220157264195
782113,782123,10,13.569754510366916,0.736933007325982
782191,782209,18,13.569854235228663,1.3264696648892695
782993,783007,14,13.570879034958521,1.0316207199206526
783149,783151,2,13.5710782506114,0.14737222518851048
783329,783337,8,13.571308065522038,0.5894789184193697
783337,783359,22,13.57131827829234,1.6210658057581293
783407,783413,6,13.5714076355837,0.44210594516874097
783793,783799,6,13.57190023385808,0.44208989873294857
784211,784213,2,13.57243339577591,0.14735751074840062
785107,785119,12,13.573575293208247,0.8840706844573507
785299,785303,4,13.573819815963454,0.2946849195165985
785549,785569,20,13.574138115381489,1.4733900473089387
785753,785773,20,13.574397772660797,1.4733618636312942
786047,786053,6,13.574771866061267,0.44199637822281174
786449,786469,20,13.575283155131329,1.473265770698874
786589,786613,24,13.575461154646113,1.7678957441372927
786697,786701,4,13.575598446912325,0.29464631085267345
787187,787207,20,13.576221110356178,1.4731639855764909
787489,787513,24,13.5766046813304,1.7677468382800545
787711,787747,36,13.576886550301285,2.651565207282455
787783,787793,10,13.576977950205126,0.736540932501766
788173,788189,16,13.577472887891155,1.178422533568035
788287,788309,22,13.577617515728459,1.6203137240031222
788309,788317,8,13.57764542395606,0.5892037794627483
788399,788413,14,13.577759585868218,1.0310979445070785
788413,788419,6,13.57777734321659,0.4418985411480163
788497,788521,24,13.577883880685539,1.7675802953463067
788789,788813,24,13.57825413694006,1.7675320963913363
788947,788959,12,13.578454423934245,0.8837530123346026
789031,789067,36,13.57856088929698,2.651238249288719
789109,789121,12,13.57865973984264,0.8837396495612508
789589,789611,22,13.579267835900014,1.6201168034875773
789851,789857,6,13.579599599059618,0.4418392424777751
790199,790201,2,13.580040091456222,0.1472749702159042
790333,790351,18,13.580209654616375,1.3254581820009816
791227,791233,6,13.581340184087553,0.4417826163451706
791411,791419,8,13.581572707255617,0.5890334037475792
791789,791797,8,13.582050221160596,0.5890126946766947
791827,791849,22,13.582098212592873,1.6197791869596647
791887,791891,4,13.582173983849588,0.29450366375488607
791899,791909,10,13.582189137412001,0.7362583379475333
792031,792037,6,13.5823558114447,0.441749581832064
792107,792109,2,13.582451762681345,0.1472488203856632
792263,792277,14,13.58264868638036,1.0307267988193
792481,792487,6,13.582923809682766,0.44173110915359926
792643,792647,4,13.583128210096316,0.2944829746233866
792731,792751,20,13.583239224910601,1.4724028391785635
793333,793337,4,13.583998336811392,0.2944641114362011
793493,793511,18,13.58419999723357,1.325068830234074
793699,793711,12,13.584459575156288,0.8833623401512416
793777,793787,10,13.584557844358548,0.7361299583374251
793981,793999,18,13.584814810471926,1.3250088610795494
794011,794023,12,13.58485259403759,0.8833367838872845
794743,794749,6,13.585774070933065,0.44163843507725303
794999,795001,2,13.586096135774042,0.14720932194302142
795139,795149,10,13.586272221120549,0.7360370701578093
795329,795337,8,13.586511144507758,0.588819301357872
795713,795727,14,13.586993847047925,1.03039716935191
795761,795763,2,13.587054168485805,0.14719894211056112
796001,796009,8,13.587355721107137,0.5887827009321971
796181,796189,8,13.587581825912702,0.5887729032654878
796391,796409,18,13.587845550254482,1.324713320697326
796633,796657,24,13.588149374932403,1.7662449343010254
796711,796751,40,13.588247282226826,2.9437203466498034
796751,796759,8,13.588297487377634,0.588741894076967
797119,797131,12,13.588759256538907,0.8830828314384629
797273,797281,8,13.588952433625193,0.5887135185052524
797399,797417,18,13.58911045985286,1.3245900129503327
797729,797743,14,13.589524219757655,1.0302053091487602
797897,797911,14,13.589734795419647,1.030189345911197
797933,797947,14,13.589779913007368,1.030185925719076
798293,798319,26,13.590230976962099,1.9131389336998543
798481,798487,6,13.590466451739205,0.44148595056000933
798937,798943,6,13.591037373078999,0.44146740497415926
799217,799219,2,13.591387777361522,0.14715200778328888
799961,799979,18,13.592318255461745,1.3242774088788816
800221,800231,10,13.59264321850006,0.735692082787081
800237,800243,6,13.592663212776698,0.44141460036765856
800623,800647,24,13.593145453581617,1.765595761625306
800743,800759,16,13.593295325628636,1.1770508634380799
800971,800977,6,13.593580020651018,0.4413848295213589
801011,801019,8,13.59362995879016,0.5885109440416166
801079,801103,24,13.593714847903806,1.7655218068444973
801469,801487,18,13.594201572804026,1.3240939457606709
801551,801557,6,13.594303879699849,0.4413613270010612
801631,801641,10,13.59440368121966,0.735596811341917
801761,801791,30,13.59456583744881,2.206764111389222
802979,802987,8,13.59608384065667,0.5884047269609668
803041,803053,12,13.596161050155967,0.8826020783169778
803323,803333,10,13.596512153645458,0.7354827390286874
803417,803441,24,13.596629160753151,1.7651433834259682
803813,803819,6,13.59712193404386,0.44126985321632445
804059,804073,14,13.597427928553273,1.0296064868710475
804337,804341,4,13.597773614569364,0.2941658034160968
804367,804371,4,13.597810911673125,0.29416499655589234
804383,804409,26,13.597830802893016,1.9120696805896682
804613,804619,6,13.598116695463995,0.44123757240599765
804901,804913,12,13.598474567471413,0.8824519206518144
804913,804919,6,13.598489476026066,0.4412254765926694
805397,805403,6,13.59909060253534,0.4412059729112617
805463,805471,8,13.5991725463418,0.5882710858133802
805789,805799,10,13.599577200616176,0.7353169773209505
805843,805853,10,13.599644213433022,0.7353133540157264
806903,806917,14,13.600958741762517,1.0293392007000364
807011,807017,6,13.601092577890292,0.441141030813473
807077,807083,6,13.601174357818072,0.44113837836003833
807281,807299,18,13.601427089865222,1.3233905443210638
807493,807509,16,13.601689665310724,1.1763244415733027
807817,807869,52,13.602090826703083,3.8229416831944447
807907,807923,16,13.602202231868931,1.1762801145915336
808579,808589,10,13.603033665037808,0.7351301368680547
808991,808993,2,13.60354307113326,0.14702052175245456
809063,809087,24,13.60363206692703,1.7642347192224113
809437,809443,6,13.604094223252835,0.44104369622377976
809461,809491,30,13.60412387305165,2.2052136749083027
809707,809719,12,13.604427732814063,0.8820657682686526
810269,810281,12,13.605121570281465,0.8820207844531405
810391,810401,10,13.605272126228092,0.7350091866756646
810427,810437,10,13.605316548242168,0.7350067868352551
810643,810653,10,13.605583038894983,0.7349923903600811
810923,810941,18,13.605928384077087,1.322952722657666
811163,811171,8,13.60622429933898,0.5879662001741848
811171,811183,12,13.606234161673123,0.8819486609897056
811337,811351,14,13.606438783161066,1.028924630692198
811691,811697,6,13.606875004847462,0.44095356192090357
811879,811897,18,13.607106593261685,1.3228381711152097
812057,812081,24,13.607325813724453,1.7637558127544368
812281,812297,16,13.60760161839247,1.175813376133373
812297,812299,2,13.607621315815434,0.14697645926371447
812477,812491,14,13.607842885093051,1.0288184628686847
812639,812641,2,13.608042255477118,0.14697191281832017
813121,813133,12,13.608635208943955,0.8817930538775323
813133,813157,24,13.608649966786212,1.7635841952416524
813209,813217,8,13.608743428063182,0.5878573611361393
813511,813529,18,13.60911472736911,1.3226429757257052
813577,813583,6,13.609195853897038,0.44087836374857375
813863,813871,8,13.609547326151553,0.5878226371737968
813907,813931,24,13.609601387843329,1.763460906462537
814049,814061,12,13.609775839733134,0.8817191510947987
814061,814063,2,13.609790580751861,0.1469530326813825
814067,814069,2,13.60979795117974,0.14695295309851633
814069,814081,12,13.60980040797696,0.8817175594262627
814367,814379,12,13.610166403328728,0.8816938488764605
814579,814601,22,13.61042669434046,1.6164078095470824
814633,814643,10,13.610492984056002,0.7347272440252157
814741,814747,6,13.610625550305565,0.44083205270938464
815047,815053,6,13.61100105927188,0.4408198907539406
815411,815413,2,13.6114475595878,0.1469351434698226
815417,815431,14,13.611454917813193,1.0285454482663952
815453,815459,6,13.61149906602857,0.4408037623846101
815671,815681,10,13.611766366370295,0.7346585102067539
815851,815869,18,13.611987019233977,1.3223638822580188
816037,816043,6,13.61221497605553,0.44078057910150975
816329,816341,12,13.612572738963008,0.8815379891894078
816401,816427,26,13.612660934806836,1.9099866017759546
816821,816839,18,13.613175255590242,1.3222484587207757
816857,816859,2,13.613219327922742,0.1469160197762848
816869,816883,14,13.613234018268614,1.0284110286514105
817123,817127,4,13.6135449133061,0.2938250121825605
817321,817331,10,13.613787197533602,0.7345494574655678
817379,817403,24,13.613858158566238,1.7629095088594335
817519,817529,10,13.614029423073678,0.7345363881064885
817877,817889,12,13.614467237530505,0.8814153202352302
818021,818093,72,13.614643287626993,5.288423536254799
818281,818287,6,13.614961077377526,0.44069167483479155
818509,818561,52,13.61523967145676,3.81924969774963
818603,818621,18,13.615354507827274,1.3220368217112566
818707,818717,10,13.615481545468453,0.7344580481127552
818887,818897,10,13.615701380178065,0.734446189790718
819173,819187,14,13.616050573739846,1.028198296134464
819187,819229,42,13.61606766400084,3.0845910167619603
819311,819317,6,13.616219022135224,0.4406509611990004
819739,819761,22,13.616741275891641,1.6156582220557327
819781,819787,6,13.616792510399314,0.44063240263209746
819937,819943,6,13.616982787020623,0.4406262454645279
820333,820343,10,13.617465634366114,0.7343510362723595
820957,820969,12,13.618226011910686,0.881172040286645
821153,821167,14,13.61846472917193,1.0280160266531946
821497,821507,10,13.618883564596432,0.7342745793051598
821663,821677,14,13.619085614306217,1.0279691600802958
821809,821819,10,13.619263286941203,0.7342541067980142
822161,822163,2,13.619691518606476,0.14684620406179608
822229,822233,4,13.619774224047447,0.2936906246902016
823127,823129,2,13.620865781241347,0.14683354436649684
823351,823357,6,13.62113787719572,0.44049183365547595
823787,823789,2,13.62166728033035,0.14682490467873888
823969,823981,12,13.621888186824684,0.8809351416939832
824147,824179,32,13.62210419103882,2.3491231274718127
824741,824749,8,13.622824676633591,0.5872497216911201
825229,825241,12,13.62341620255737,0.8808363351438514
826289,826303,14,13.62469987024438,1.0275455704220873
826453,826477,24,13.624898328322576,1.7614810343289182
826541,826549,8,13.6250048017884,0.5871557563744807
826549,826559,10,13.625014480632263,0.7339441740935276
826799,826807,8,13.625316897306677,0.587142307242877
826831,826849,18,13.625355600039457,1.3210664388053017
827327,827347,20,13.625955300932437,1.4677869960891021
827539,827549,10,13.626211515032141,0.7338796986211624
827693,827699,6,13.626397591667253,0.4403218062321248
828013,828029,16,13.626784133727238,1.1741581757649546
828691,828697,6,13.627602626394426,0.44028287032518737
829057,829063,6,13.628044189292945,0.4402686046992701
829267,829273,6,13.628297457051383,0.4402604227643678
830117,830131,14,13.629321933693731,1.0271971025491662
830279,830293,14,13.629517067867162,1.0271823961397932
830387,830411,24,13.629647136165246,1.7608673034768303
830441,830447,6,13.629712163970677,0.4402147255802392
830873,830887,14,13.630232234240038,1.0271285007771973
830891,830899,8,13.630253897966055,0.5869296390138251
830923,830939,16,13.630292410097983,1.1738559613105894
831287,831301,14,13.630730381239799,1.0270909634650565
831683,831697,14,13.631206637585356,1.0270550782641479
831847,831851,4,13.63140380866196,0.2934400635581079
832331,832339,8,13.631985477225834,0.5868550852966455
832499,832519,20,13.632187299634813,1.46711599249636
832639,832673,34,13.63235545386627,2.4940664227147384
832889,832913,24,13.63265565896865,1.760478706451511
832963,832969,6,13.632744502395374,0.44011680839069167
832969,832973,4,13.632751705570534,0.29341105056329486
833269,833281,12,13.633111798190246,0.8802099020117302
833449,833453,4,13.633327791538491,0.293398652270548
833689,833711,22,13.633615710117105,1.6136585090684672
833947,833977,30,13.633925130160879,2.2003934826981113
834013,834023,10,13.634004268749376,0.7334602368374704
834593,834599,6,13.634699459853039,0.4400537039827551
834671,834703,32,13.63479291421383,2.3469370016350624
834893,834913,20,13.63505885190931,1.466807016912832
835099,835117,18,13.635305559679223,1.3201024297708117
835663,835673,10,13.635980700748295,0.733353927338078
835831,835841,10,13.636181718521097,0.7333431166011583
835841,835847,6,13.636193682590603,0.4400054839100907
835993,835997,4,13.636375518826041,0.293333077728587
836327,836347,20,13.636774963913634,1.4666224274379442
836347,836351,4,13.636798877718716,0.2933239711070048
836609,836611,2,13.63711209576168,0.1466586170118515
836683,836699,16,13.637200544161658,1.1732613264860947
836761,836789,28,13.637293765088149,2.0531932861694875
837203,837257,54,13.63782185292071,3.9595765791907027
837307,837313,6,13.637946068362998,0.4399489461187023
837409,837413,4,13.638067880061373,0.2932966777389291
837497,837503,6,13.63817296058539,0.43994162688361027
837533,837583,50,13.638215944890156,3.666168669131064
838561,838571,10,13.639442606555793,0.7331677905366532
838951,838963,12,13.639907580883282,0.8797713568688941
838991,838993,2,13.639955258335789,0.1466280469488886
839269,839303,34,13.640286553847263,2.4926162559547
839429,839437,8,13.640477177771857,0.586489746343814
839653,839669,16,13.640743990234059,1.1729565492509078
839963,839981,18,13.641113122230324,1.3195404098413486
839981,839999,18,13.641134551516062,1.3195383369339684
840137,840139,2,13.641320252759009,0.14661337487443654
840163,840179,16,13.641351199613739,1.1729043381313318
841237,841241,4,13.642628706627022,0.2931986266002362
841283,841289,6,13.64268338651197,0.43979617718989095
841597,841601,4,13.643056556320445,0.29318943181738205
841879,841889,10,13.643391577434661,0.7329555809670809
841927,841931,4,13.643448591128653,0.2931810072272278
842111,842113,2,13.64366711351441,0.1465881557619467
842173,842183,10,13.643740735302693,0.7329368238525199
842587,842599,12,13.64423219997224,0.8794925081987695
842599,842617,18,13.644246441723595,1.3192373852876678
842923,842939,16,13.644630892361429,1.1726224128904184
842981,842987,6,13.644699698177208,0.4397311874003016
843131,843137,6,13.644877622301342,0.4397254534693321
843383,843397,14,13.645176463582084,1.0260035872284181
843457,843461,4,13.645264201601158,0.29314199717222283
844013,844043,30,13.645923176303073,2.1984588079827914
844069,844087,18,13.645989523790957,1.3190688713792496
844321,844351,30,13.646288033023861,2.1984000284473217
844511,844513,2,13.646513040604013,0.14655758537358032
844609,844619,10,13.646629077357009,0.7327816960008365
844847,844861,14,13.646910824856292,1.0258731942836907
844891,844897,6,13.646962903936018,0.4396582625918546
845183,845197,14,13.647308450939175,1.0258433045848359
845209,845219,10,13.647339213034595,0.73274356589957
845219,845231,12,13.647351044357787,0.879291516793008
845279,845287,8,13.647422029357504,0.586191295527528
845881,845893,12,13.648133966756008,0.8792410764159763
846187,846217,30,13.648495654351702,2.198044440922305
846323,846341,18,13.648656362412858,1.3188111358397403
846427,846437,10,13.648779239388348,0.732666257150785
846751,846757,6,13.649161951665445,0.4395874282426469
846779,846823,44,13.649195018691128,3.223633330738308
846931,846943,12,13.649374506325266,0.879161165549313
848123,848131,8,13.650780951425528,0.5860470568289775
848251,848269,18,13.650931861543512,1.3185913007674144
848473,848489,16,13.651193542289782,1.1720586885266766
848489,848531,42,13.65121239951817,3.0766498074180153
849161,849179,18,13.652004082179612,1.3184877393565948
849581,849587,6,13.652498565754586,0.4394799948963316
849839,849857,18,13.652802198761119,1.3184106630969394
850181,850189,8,13.653204546974216,0.5859430269630683
850229,850243,14,13.653261003946373,1.0253960570997218
850891,850897,6,13.654039314745631,0.4394304030983946
851303,851321,18,13.654523395888022,1.318244473140717
851419,851423,4,13.654659648312293,0.2929402931324178
851507,851519,12,13.654762999837937,0.8788142276905446
851671,851677,6,13.654955581001511,0.4394009167153904
851731,851749,18,13.655026028259439,1.3181959494437083
851797,851801,4,13.655103514511538,0.2929307709567433
851821,851831,10,13.655131689841925,0.7323254163443196
851891,851899,8,13.655213863354865,0.5858568075208842
852167,852179,12,13.655537795993794,0.8787643649978041
852289,852301,12,13.655680950173435,0.8787551528030971
852581,852583,2,13.656023498288958,0.14645551834694717
852623,852641,18,13.656072759257157,1.3180949103978805
853091,853103,12,13.656621503081437,0.8786946315596692
853637,853663,26,13.657261323859705,1.9037491766066674
853733,853739,6,13.657373777516618,0.43932311568403215
853759,853763,4,13.657404231539246,0.29288142403830597
854089,854093,4,13.657790682797328,0.2928731368711193
854093,854099,6,13.657795366139032,0.4393095546646896
854363,854383,20,13.658111441006923,1.46433129399957
854897,854899,2,13.658736272825807,0.1464264306778527
854951,854957,6,13.6587994363351,0.4392772606382093
855059,855061,2,13.658925751386057,0.14642439942958527
855221,855229,8,13.659115194050981,0.5856894744898468
855307,855311,4,13.659215747798214,0.292842581437721
855391,855397,6,13.659313953326095,0.4392607140081861
855727,855731,4,13.659706679022767,0.2928320566460484
855983,855989,6,13.660005795113586,0.43923846665909183
855989,855997,8,13.660012804574022,0.5856509883593388
856369,856381,12,13.6604566370042,0.8784479405683802
856417,856421,4,13.660512686037778,0.29281477876656453
856571,856627,56,13.66069248881563,4.099352946115189
857053,857069,16,13.661255039308285,1.171195468788359
857083,857099,16,13.661290042365222,1.171192467942791
857099,857107,8,13.66130871016129,0.5855954337705285
857267,857273,6,13.661504700983015,0.4391902745213907
857431,857453,22,13.661695988312328,1.6103417920308831
857459,857471,12,13.661728643468056,0.8783661506655264
857687,857707,20,13.66199451004891,1.4639150956538043
857711,857713,2,13.662022491893358,0.14639120973389855
857827,857839,12,13.662157726438064,0.8783385641038552
858167,858217,50,13.662553998225086,3.6596378690613443
858217,858223,6,13.662612260245721,0.43915467157465027
858899,858911,12,13.663406615473745,0.8782582805089073
859181,859189,8,13.663734888898187,0.5854914534751414
859567,859577,10,13.664184053064766,0.7318402592621022
859657,859667,10,13.664288751463674,0.7318346517617927
860059,860063,4,13.664756270527661,0.2927238452563736
860323,860333,10,13.665063179112002,0.7317931771647931
860441,860479,38,13.665200327495144,2.780786164074147
860501,860507,6,13.665270056748104,0.4390692591572396
861083,861089,6,13.665946178299155,0.43904753624214493
861299,861317,18,13.666196993740947,1.3171184352343168
861391,861433,42,13.666303803439833,3.0732523295310124
861541,861547,6,13.666477925228017,0.43903045340776004
861563,861571,8,13.666503460541035,0.5853728441293127
861589,861599,10,13.666533637797599,0.7317144394495874
861659,861691,32,13.666614879731481,2.3414722871468467
862033,862061,28,13.667048831975697,2.0487231987121204
862231,862241,10,13.667278495183734,0.7316745615101017
862259,862261,2,13.667310968552673,0.1463345646120024
862573,862583,10,13.667675061987245,0.7316533320149057
862633,862649,16,13.667744618898158,1.1706393736591385
863131,863143,12,13.668321754605964,0.8779424581482528
863393,863479,86,13.668625254588601,6.2917812434084786
863491,863497,6,13.668738753816234,0.4389578371541291
863539,863561,22,13.668794340575017,1.6095055241773801
863711,863729,18,13.668993501090947,1.31684896906004
863729,863743,14,13.669014341178013,1.0242143032819047
863897,863899,2,13.6692088277168,0.1463142472404575
863917,863921,4,13.669231978356859,0.2926279988761175
863959,863983,24,13.669280592956527,1.75576174889311
864137,864151,14,13.669486600030936,1.024178918319311
864449,864491,42,13.669847588727349,3.0724556164499393
864631,864641,10,13.670058105303415,0.7315257859891916
865247,865253,6,13.67077029428557,0.43889260596442187
865829,865847,18,13.671442708462566,1.3166130586099793
865867,865871,4,13.671486596073331,0.2925797404613529
865877,865889,12,13.671498145124461,0.8777384799104441
866009,866011,2,13.67165058010027,0.1462881155630977
866011,866029,18,13.671652889542424,1.3165928176664263
866161,866183,22,13.671826082505218,1.6091486146208154
866183,866197,14,13.671851481617637,1.0240017614895518
866849,866851,2,13.672620076811246,0.14627774258073611
867173,867203,30,13.672993774496478,2.1941061697810054
867259,867263,4,13.67309294240859,0.29254536752204496
867337,867343,6,13.673182876894836,0.43881516498538875
867389,867397,8,13.673242828725863,0.5850843212696367
867487,867509,22,13.673355805100089,1.6089685892466952
867509,867511,2,13.673381165389104,0.14626960046009116
867641,867653,12,13.673533313618657,0.8776078373282025
867947,867959,12,13.673885931870421,0.8775852058287974
868267,868271,4,13.67425455002881,0.2925205162274511
868271,868277,6,13.674259156896035,0.43878062651563493
868327,868331,4,13.67432365080887,0.29251903802667345
868331,868337,6,13.67432825735777,0.4387784092261768
868459,868487,28,13.67447565571938,2.047610504779314
868909,868937,28,13.674993680697467,2.0475329388650887
868957,868993,36,13.67504892085984,2.632531715852644
869251,869257,6,13.675387200286472,0.4387444327627017
869467,869471,4,13.675635659209783,0.2924909744364403
869879,869887,8,13.676109400498412,0.584961685061429
869887,869893,6,13.676118597137501,0.4387209687736869
870301,870323,22,13.676594407806016,1.6085875872317554
871463,871477,14,13.677928687504519,1.0235467898578612
871727,871763,36,13.678231580478915,2.631919176699561
871987,871993,6,13.678529794523106,0.43864363276836993
872017,872023,6,13.678564198113927,0.43864252951543786
872161,872173,12,13.67872931887606,0.8772744690137639
872203,872227,24,13.678777473962967,1.754542761272569
872959,872999,40,13.67964386922861,2.924052729908939
873133,873139,6,13.67984317144244,0.4386015193891542
873427,873437,10,13.680179833226493,0.730984542740582
873553,873569,16,13.680324082159185,1.1695629360759046
873619,873641,22,13.680399632820519,1.6081401560243902
873991,874001,10,13.680825357101815,0.7309500515485294
874249,874267,18,13.681120511087393,1.3156817078990366
874427,874457,30,13.681324093684301,2.19277021687169
874583,874597,14,13.681502480314924,1.0232794256437356
874711,874721,10,13.681648825069127,0.7309060572930964
874777,874799,22,13.681724275715293,1.6079844584391625
875141,875183,42,13.68214029521478,3.0696951714995326
875417,875419,2,13.682455623244227,0.14617259175336414
875509,875513,4,13.682560710495299,0.29234293818493884
875579,875591,12,13.682640660789101,0.8770236899072331
875717,875731,14,13.682798258362881,1.0231825198068125
876181,876191,10,13.683327969579915,0.7308163644276813
876611,876619,8,13.683818615370889,0.5846321282725631
876761,876769,8,13.683989714259619,0.5846248182767539
876817,876823,6,13.68405358367406,0.4384665671843304
877199,877213,14,13.68448915553434,1.0230560922574197
877213,877223,10,13.684505115297497,0.7307534993590159
877573,877577,4,13.68491542174518,0.292292635849546
877843,877853,10,13.685223041138109,0.7307151640817077
877907,877909,2,13.685295944455811,0.14614225429375827
878609,878621,12,13.686095254040666,0.8768023148499667
879401,879413,12,13.686996272867159,0.8767445947061864
879553,879581,28,13.687169102856322,2.0457115558071677
879673,879679,6,13.687305526488288,0.4383623926848517
879839,879859,20,13.68749421517071,1.4611878321623502
879859,879863,4,13.687516946343901,0.29223708110684365
879979,880001,22,13.687653322533285,1.6072879318021975
880031,880043,12,13.68771241310665,0.8766987234849716
880109,880127,18,13.687801042420286,1.3150395702140647
880487,880513,26,13.68823044247096,1.8994420140187642
880699,880703,4,13.688471189332477,0.29221670884015366
880819,880823,4,13.688607435456769,0.29221380033436
881099,881119,20,13.688925270909222,1.4610350779328636
881207,881219,12,13.689047837591893,0.8766131978183647
881681,881707,26,13.689585591563128,1.8992539858930253
881983,881987,4,13.689928060426759,0.29218561137386334
882029,882031,2,13.689980214266994,0.1460922491265329
882239,882241,2,13.690218273338507,0.14608970872984325
882367,882377,10,13.690363348216668,0.7304408031874932
882697,882701,4,13.690737272339357,0.2921683412975548
882907,882913,6,13.690975151275959,0.43824489736516814
883049,883061,12,13.691135970685169,0.8764794992682746
883307,883327,20,13.691428097529174,1.4607679971389766
883627,883639,12,13.691790306874287,0.8764376119589793
884183,884201,18,13.692419333770088,1.3145960228961129
884483,884489,6,13.692758572499026,0.43818781790621736
884693,884699,6,13.692995971153524,0.4381802209421485
884813,884827,14,13.693131602228167,1.0224103884112163
884857,884881,24,13.693181329013397,1.7526971580481667
884921,884951,30,13.693253654468938,2.190859875746856
884987,884999,12,13.693328234616642,0.8763391773275456
885041,885061,20,13.693389250600589,1.4605587874545234
885553,885589,36,13.693967587604183,2.62889478667872
885821,885823,2,13.694270177573376,0.1460464832419715
885947,885959,12,13.694412408384872,0.8762697983779567
886021,886031,10,13.694495931337933,0.7302203783285227
886493,886511,18,13.69502850824413,1.3143455662881143
886549,886583,34,13.695091676516533,2.482641285147512
886867,886891,24,13.695450306418833,1.7524067820356075
886987,886993,6,13.695585605040007,0.4380973675044597
887057,887059,2,13.695664520782838,0.14603161438169346
887569,887573,4,13.69624154378848,0.29205092413210837
887669,887671,2,13.69635420473885,0.14602426091667614
887867,887903,36,13.69657723598217,2.628393895770155
888287,888313,26,13.697050167955219,1.8982189362807482
888373,888389,16,13.697146978825128,1.16812647369083
888413,888427,14,13.697192003943524,1.0221073046190268
888691,888721,30,13.697504872523266,2.1901799108083537
888967,888983,16,13.69781539344711,1.1680694724250869
888989,888997,8,13.697840140966171,0.5840336810527067
889367,889373,6,13.698265252704983,0.43801166712078277
889391,889411,20,13.698292237826063,1.460036014180847
889657,889673,16,13.698591274166828,1.1680033136088401
889877,889879,2,13.69883852991032,0.14599777898200345
890117,890119,2,13.699108193742283,0.1459949050488991
890119,890129,10,13.69911044063539,0.7299744055159381
890441,890459,18,13.699472124603929,1.3139192398276738
890597,890609,12,13.699647303348458,0.875934959074966
890707,890711,4,13.699770808376392,0.2919756874731289
891311,891323,12,13.70044869156627,0.8758837225080786
891563,891571,8,13.700731381202978,0.583910433495235
891587,891593,6,13.700758299858169,0.437931964690021
891647,891659,12,13.70082559332613,0.8758596274552516
891929,891967,38,13.701141811981628,2.77349147402949
892027,892049,22,13.701251680162343,1.6056927143272013
892169,892189,20,13.701410855499919,1.4597036911692747
892219,892237,18,13.701466897123167,1.3137279486314983
892267,892271,4,13.701520694126911,0.2919383978826949
892351,892357,6,13.701614831920056,0.4379045881527819
892433,892439,6,13.701706719790025,0.43790165142959275
892471,892481,10,13.701749299110823,0.7298338176899026
892553,892559,6,13.701841174626287,0.437897354343231
893117,893119,2,13.702472870313345,0.14595905563389483
893281,893317,36,13.70265648001338,2.6272277972165035
893429,893441,12,13.702822147637491,0.8757320113119125
893479,893489,10,13.702878110227633,0.7297736956834011
893681,893701,20,13.703104167212862,1.4595233135462542
893723,893743,20,13.70315116274382,1.4595183080499088
894287,894301,14,13.703782031719616,1.021615782241336
894419,894427,8,13.703929624448929,0.5837741596196866
894713,894721,8,13.704258275440187,0.5837601597407894
895243,895247,4,13.704850468785152,0.2918674675882527
895283,895291,8,13.704895148393273,0.5837330321303407
895457,895463,6,13.705089481462895,0.43779356625985005
895463,895469,6,13.705096181929695,0.4377933522211292
895651,895667,16,13.70530610715019,1.1674310573517688
895789,895799,10,13.705460173153263,0.7296362087562993
896353,896369,16,13.706089587584284,1.1673643235553972
896927,896947,20,13.706729755343478,1.459137252793879
897067,897077,10,13.706885831674038,0.729560319010747
897527,897553,26,13.70739848245753,1.8967858878017088
897671,897691,20,13.70755891044409,1.459048991192849
898013,898019,6,13.70793982379425,0.4377025342338603
898253,898259,6,13.70820704479763,0.4376940018772948
898459,898477,18,13.708436352556362,1.3130600410632058
898753,898763,10,13.708763525981224,0.729460390869514
898769,898787,18,13.708781328266817,1.313026998460097
899179,899183,4,13.709237403756326,0.2917740704456691
899473,899477,4,13.709564315246284,0.2917671129454957
899903,899917,14,13.710042258720229,1.0211492959546018
900061,900089,28,13.710217817787417,2.042272440316247
900511,900539,28,13.710717658959409,2.0421979867482074
900659,900671,12,13.710881996584767,0.875217218191293
900719,900737,18,13.710948612253462,1.3128194488245268
900821,900863,42,13.71106184870684,3.0632200819633257
900869,900917,48,13.711115132013083,3.5008093461288428
900973,900997,24,13.711230569437802,1.7503899360788056
901063,901067,4,13.71133045645457,0.29172953074856506
901169,901171,2,13.71144808836891,0.14586351398555428
901471,901489,18,13.711783152500212,1.312739546695491
901513,901517,4,13.711829741931963,0.2917189080730527
901781,901787,6,13.712126975774002,0.4375688768489778
902017,902029,12,13.71238864587381,0.8751210536620048
902089,902119,30,13.712468463800294,2.1877898993312073
902281,902299,18,13.712681280462867,1.312653567296535
902569,902579,10,13.713000420560322,0.7292350100862459
902579,902591,12,13.71301149998428,0.8750813050812184
902669,902677,8,13.713111209276382,0.5833832948564082
902981,902987,6,13.713456791203228,0.4375264451081962
903479,903493,14,13.714008145800193,1.0208539947737592
904219,904261,42,13.71482686667208,3.0623791614943916
904489,904499,10,13.71512542232839,0.7291220234646837
904499,904511,12,13.715136478233681,0.8749457228547706
904693,904697,4,13.715350938612396,0.291644013915745
904697,904721,24,13.715355359991976,1.7498635193958285
904733,904759,26,13.715395151528542,1.895679979523038
905677,905683,6,13.716438009318274,0.4374313503202431
905897,905909,12,13.716680892028096,0.8748472093547206
906023,906029,6,13.716819971016355,0.4374191695070725
906371,906377,6,13.717203993479767,0.4374069236596609
906539,906541,2,13.717389330866048,0.14580033793308758
906817,906823,6,13.717695944682836,0.43739123714326683
906943,906949,6,13.717834882580025,0.43738680712794314
907163,907169,6,13.71807742629145,0.43737907387085234
907183,907199,16,13.718099472802976,1.1663423225440988
907229,907237,8,13.718150177935007,0.5831690057503248
907397,907399,2,13.718335340057097,0.1457902836184551
907667,907691,24,13.718632850229731,1.7494454631168366
907759,907793,34,13.718734203851502,2.478362762539315
908353,908359,6,13.719388348553132,0.4373372811939367
908581,908591,10,13.719639320796698,0.7288821350311782
908953,908959,6,13.72004866665234,0.43731623303811396
909119,909133,14,13.720231277682554,1.0203909625614345
909637,909679,42,13.720800897811923,3.0610458028508964
910201,910207,6,13.72142073322371,0.4372725038211375
910229,910277,48,13.721451495186546,3.498172188039894
910661,910691,30,13.721925988437764,2.1862820150231324
910807,910817,10,13.722086298693352,0.7287521578225479
911159,911161,2,13.722472694492593,0.14574632754071243
911173,911179,6,13.722488059420607,0.4372384930501687
911233,911249,16,13.722553906438256,1.1659637199525394
911249,911269,20,13.722571464910713,1.457452785080477
911527,911549,22,13.722876494165163,1.603162428034253
911597,911621,24,13.722953285431183,1.7488946803804488
911819,911831,12,13.72319678444742,0.8744318243399141
912167,912173,6,13.723578366328228,0.43720375545210755
912337,912343,6,13.723764718345533,0.4371978187573686
912343,912349,6,13.72377129484114,0.4371976092501222
912763,912773,10,13.724231542089697,0.7286382461073931
913039,913063,24,13.724533874984614,1.7486932684646024
913063,913067,4,13.724560160482358,0.29144831988986797
913247,913259,12,13.724761659680876,0.8743321230307631
913981,913999,18,13.725565062474049,1.3114214182126707
914257,914269,12,13.725866992531401,0.8742617137795019
914467,914477,10,13.726096660869459,0.7285392378525305
914647,914657,10,13.726293477470918,0.7285287915789564
914783,914789,6,13.726442157661197,0.4371125402405309
914827,914843,16,13.726490255343226,1.16562935625673
915029,915041,12,13.726711037744485,0.8742079560794622
915041,915049,8,13.726724151996946,0.5828047472518176
915067,915071,4,13.726752565620625,0.29140177043900467
915223,915247,24,13.72692303041077,1.7483889103792705
915247,915251,4,13.726949253184157,0.2913975950681208
915799,915839,40,13.727552187263065,2.9138479646148054
915911,915917,6,13.727674477363724,0.4370733010819649
916361,916367,6,13.72816567082086,0.43705766260913986
916411,916417,6,13.72822023298136,0.4370559255441795
916633,916649,16,13.728462453027454,1.1654619047649883
916733,916771,38,13.728571541992887,2.7679500291611396
916931,916933,2,13.728787503042206,0.14567928883426987
917123,917141,18,13.7289968752861,1.3110936045445707
917219,917227,8,13.729101544971565,0.5827038261604299
917659,917669,10,13.729581140899397,0.7283543392456997
917687,917689,2,13.729611652857361,0.14567054411795885
917887,917893,6,13.729829568344062,0.43700469624428506
918149,918157,8,13.730114965800079,0.582660816746761
918347,918353,6,13.730330593822973,0.43698874976100655
919153,919169,16,13.731207872790803,1.165228882136796
919409,919417,8,13.731486351299175,0.5826026254792946
919427,919447,20,13.731505928901528,1.4565044870937858
919703,919729,26,13.731806070818708,1.8934144471536254
919757,919759,2,13.731864783701853,0.14564664242643652
920137,920147,10,13.732277850982255,0.7282113068579305
920219,920233,14,13.73236696417563,1.0194892138057887
920233,920263,30,13.732382177829669,2.184617323601268
920279,920281,2,13.732432163920505,0.14564062477254686
920399,920407,8,13.73256255065862,0.5825569678265413
920443,920467,24,13.732610354869964,1.7476648197106193
920687,920701,14,13.732875409484715,1.0194514682868814
921001,921007,6,13.733216401013184,0.436896923837692
921203,921223,20,13.733435703545162,1.456299824146494
921457,921463,6,13.733711391953886,0.436881177182389
921581,921589,8,13.7338459523918,0.5825025289880124
921589,921601,12,13.733854633088644,0.873753241212317
921611,921629,18,13.733878504616422,1.3106275837484356
921667,921677,10,13.73393926593405,0.7281232140587813
922261,922283,22,13.734583542739378,1.6017959286162728
922283,922289,6,13.734607396873518,0.43685267635431735
922357,922367,10,13.73468762933084,0.7280835407311848
922499,922511,12,13.734841570885392,0.8736904563527806
922601,922613,12,13.734952133998615,0.8736834233514345
923773,923789,16,13.736221649446088,1.164803568865329
924139,924151,12,13.73661777221036,0.8735774845738522
924727,924731,4,13.737253837798482,0.2911790119939311
925033,925039,6,13.737584691533876,0.4367579989295824
925063,925073,10,13.73761712228342,0.7279282797727176
925487,925499,12,13.738075364435664,0.8734847991200358
925559,925577,18,13.738153158288476,1.3102197793697092
925577,925579,2,13.73817260580611,0.14557976940504794
925721,925733,12,13.73832817233326,0.8734687255590554
927373,927397,24,13.74011113686462,1.7467107624485054
928043,928051,8,13.740833346901745,0.582206318789524
928547,928559,12,13.741376277772192,0.8732749731488678
928597,928607,10,13.741430123892915,0.7277262926667653
928679,928699,20,13.741518425254752,1.4554432327684503
929671,929693,22,13.74258603909953,1.6008631808749096
929791,929807,16,13.742715108690806,1.1642531969451728
929813,929843,30,13.74273876964228,2.1829709858321706
929897,929941,44,13.742829106307735,3.201669733330579
930011,930043,32,13.742951693016478,2.3284663087523545
930119,930157,38,13.743067813932889,2.7650303785502053
930173,930179,6,13.74312586933496,0.4365818997108803
930191,930197,6,13.74314522038669,0.43658128498122484
930379,930389,10,13.743347308994633,0.7276247754762977
930409,930437,28,13.74337955339862,2.0373445913509562
930667,930689,22,13.743656812362415,1.6007384570466723
930827,930841,14,13.743828717295113,1.0186390043105327
932119,932131,12,13.745215767920458,0.8730310387710636
932683,932749,66,13.745820657895047,4.801459413926826
932927,932941,14,13.746082234539031,1.0184720097791182
932951,932963,12,13.746107959693624,0.8729743746510964
933217,933221,4,13.746393035851613,0.2909854235629451
933397,933403,6,13.746585898436548,0.43647201162016547
933943,933949,6,13.747170687511446,0.43645344459501567
933949,933953,4,13.747177111865746,0.2909688270872307
933953,933967,14,13.747181394745683,1.0183905775296562
934067,934069,2,13.74730344911356,0.14548307654683815
934127,934151,24,13.747367682271381,1.745788761505988
934259,934277,18,13.747508980697102,1.3093281135712533
934429,934441,12,13.747690926533398,0.8728738567172536
934523,934537,14,13.74779151766691,1.0183453816570454
934579,934597,18,13.747851439490349,1.3092954982256693
934723,934733,10,13.748005507693652,0.7273782363851837
934907,934909,2,13.748202338083187,0.14547356452995336
934939,934943,4,13.74823656550085,0.2909464047219993
934951,934961,10,13.748249400480448,0.7273653327565136
935003,935021,18,13.748305016821826,1.309252302591191
935063,935071,8,13.74836918568006,0.5818871963616302
935147,935149,2,13.74845901516451,0.1454708486088518
935257,935261,4,13.74857663681216,0.2909392081570029
935537,935581,44,13.748875974956382,3.2002616126690016
935621,935639,18,13.74896575892979,1.3091893830857215
935699,935707,8,13.749049122544827,0.5818584200766366
936619,936647,28,13.75003186166718,2.036358917687993
936679,936697,18,13.750095919814918,1.309081776954054
936697,936709,12,13.750115136459094,0.8727199649537057
936713,936731,18,13.750132217610577,1.309078321221259
936911,936917,6,13.750343572717831,0.43635273317131135
936937,936941,4,13.750371323101003,0.29090123502918713
937229,937231,2,13.750682928372214,0.14544732144709246
937627,937633,6,13.751107494318589,0.4363284922671837
937679,937681,2,13.751162951934587,0.14544224419350868
938591,938611,20,13.752135093547281,1.4543196284760405
938939,938947,8,13.752505793353926,0.5817121708733329
939317,939347,30,13.75290829440288,2.1813567979806363
939581,939599,18,13.753189310191644,1.3087873360880233
939923,939931,8,13.753553235997362,0.5816678688574448
939997,940001,4,13.753631962751733,0.2908322696748756
940031,940067,36,13.753668132425805,2.617483543544721
940369,940399,30,13.75402763040883,2.1811792738930444
940531,940543,12,13.75419988837087,0.8724607826985239
940739,940759,20,13.754421015589022,1.4540779271866366
940913,940921,8,13.754605959458024,0.5816233502857269
941009,941011,2,13.754707982815084,0.14540475904677647
941449,941453,4,13.75517545673271,0.2907996348415992
941593,941599,6,13.75532840074594,0.4361946022077252
942079,942091,12,13.755844414160997,0.8723564790865592
942163,942167,4,13.755933574682901,0.29078360827227295
942167,942169,2,13.755937820223755,0.14539175926338027
942269,942301,32,13.756046075425948,2.3262498413090795
942607,942637,30,13.756404719711963,2.180802368878556
942847,942853,6,13.756659300307719,0.4361524021944621
942869,942883,14,13.756682633619842,1.0176872123069494
943081,943091,10,13.75690745400309,0.7269075577803734
943571,943589,18,13.757426892681783,1.308384201523545
943751,943757,6,13.757617639147458,0.43612202035088776
943783,943799,16,13.757651545821462,1.1629891879955045
943951,943967,16,13.757829537000774,1.1629741418854664
944431,944453,22,13.758337908728885,1.5990303586047445
944533,944543,10,13.758445904434572,0.7268262759805478
944551,944561,10,13.758464961289642,0.7268252692531955
944651,944659,8,13.758570826094033,0.5814557413788556
944659,944677,18,13.758579294794247,1.3082746128308869
944701,944711,10,13.758623754293767,0.7268168807130304
945389,945391,2,13.759351761986931,0.14535568496223897
945463,945473,10,13.75943003358094,0.7267742904752766
945671,945673,2,13.759650007417632,0.1453525343247705
945733,945739,6,13.759715567181726,0.4360555253271797
945787,945799,12,13.759772664119653,0.8721074317813053
945929,945937,8,13.759922792363286,0.581398611076508
946507,946511,4,13.760533645272417,0.2906864009139823
946733,946741,8,13.760772389436998,0.5813627152310822
946901,946919,18,13.760949826048762,1.30804924278751
947327,947341,14,13.761399613515932,1.0173383807741274
947579,947603,24,13.76166558977173,1.7439749457244365
947741,947743,2,13.76183653715834,0.14532944019497684
948713,948721,8,13.76286160824903,0.5812744636773103
949111,949121,10,13.76328103597872,0.7265709371085941
949153,949159,6,13.763325286936444,0.43594116065068533
949261,949303,42,13.763439066122773,3.0515628977773797
949427,949439,12,13.763613923709087,0.8718640370556239
949523,949567,44,13.763715032216506,3.196811318529184
949853,949889,36,13.764062514761639,2.6155068651708633
949903,949931,28,13.764115153100468,2.034275337611717
949957,949961,4,13.76417199939442,0.2906095622879449
950269,950281,12,13.76450038138983,0.8718078875005513
950473,950479,6,13.764715034405109,0.43589714607261476
950837,950839,2,13.765097928309256,0.14529500701094225
951001,951019,18,13.765270393051685,1.3076386795195745
951109,951131,22,13.765383951153074,1.5982118681228026
951407,951413,6,13.765697220531557,0.43586604469630436
951491,951497,6,13.765785506924264,0.43586324928439196
951803,951829,26,13.766113359586853,1.8886957647993905
951893,951911,18,13.766207912498732,1.307549625460566
951997,952001,4,13.766317162508033,0.29056427748837765
952009,952037,28,13.766329767510328,2.033948080052703
952123,952129,6,13.766449507108357,0.43584222619651336
952397,952423,26,13.766737243652882,1.8886101724638662
952813,952823,10,13.76717394092679,0.7263654866938372
952823,952829,6,13.76718443611055,0.43581895977672364
953399,953431,32,13.767788772874612,2.324265757406637
953437,953443,6,13.767828629474765,0.4357985679132394
953551,953567,16,13.76794818974482,1.1621194225525735
953567,953593,26,13.767964968989734,1.8884417601701544
953789,953791,2,13.768197751963653,0.14526229474839983
954043,954067,24,13.768464022789912,1.743113825934003
954131,954133,2,13.768556257565212,0.14525851240946838
954139,954157,18,13.768564642122954,1.307325815570606
954539,954571,32,13.768983780401758,2.324064034816249
954599,954619,20,13.769046635994197,1.452533390926081
954697,954713,16,13.769149291632806,1.1620180492721384
954857,954869,12,13.769316870031085,0.8715029302664968
954869,954871,2,13.769329437278953,0.14525035580783033
955649,955657,8,13.770145969803993,0.5809669714135843
955967,955987,20,13.770478672609299,1.4523823372808218
956399,956401,2,13.77093046897814,0.14523346875546372
956759,956789,30,13.771306810089799,2.1784424974120795
957403,957409,6,13.771979689422162,0.43566721236224426
957773,957811,38,13.772366076892142,2.7591482674685803
958057,958063,6,13.772662554139163,0.43564561147232866
958921,958931,10,13.773563972995827,0.7260285006557343
959227,959237,10,13.773883030756329,0.7260116829561095
959363,959369,6,13.774024801536148,0.43560252623698265
959467,959471,4,13.774133200925466,0.29039939876080517
959479,959489,10,13.774145707791215,0.7259978376984639
959921,959927,6,13.774606268391206,0.4355841381664962
960521,960523,2,13.775231124564446,0.14518812656678654
960647,960649,2,13.775362294769424,0.14518674407274285
960793,960803,10,13.775514264126034,0.7259257119744585
960977,960983,6,13.775705754263315,0.43554937271675653
960989,960991,2,13.775718241476929,0.14518299263542248
961451,961453,2,13.776198880673881,0.14517792733129933
961733,961739,6,13.776492144347062,0.43552451067610803
961789,961811,22,13.776550370871131,1.5969164564241256
961847,961853,6,13.776610673340016,0.43552076358018715
961853,961861,8,13.77661691131891,0.5806940885049344
962077,962099,22,13.776849768024729,1.5968817523916627
962653,962669,16,13.777448293550071,1.1613180945480608
962791,962807,16,13.777591637111593,1.1613060120683272
963103,963121,18,13.77791564248544,1.3064385402749443
963301,963311,10,13.77812120684338,0.7257883603922104
963379,963397,18,13.778202175141221,1.306411371468753
963901,963913,12,13.77874387122354,0.8709066742333176
964009,964021,12,13.778855909648687,0.8708995927301164
964373,964417,44,13.779233428215363,3.1932110178133994
964463,964499,36,13.77932674874657,2.612609502367358
964609,964637,28,13.77947811686583,2.0320072910256672
964757,964783,26,13.779631535139284,1.8868429053199058
964793,964823,30,13.77966884953902,2.177120533705976
964889,964897,8,13.7797683477984,0.5805612836211549
965101,965113,12,13.779988038056747,0.870828041857447
965197,965201,4,13.780087504564072,0.29027391870154445
966109,966113,4,13.781031943268026,0.2902540257120573
966197,966209,12,13.781123026150407,0.8707563220522281
966353,966373,20,13.78128447087405,1.4512435355549655
966481,966491,10,13.78141691887547,0.7256147941002844
966653,966659,6,13.781594868257617,0.4353632549320882
966661,966677,16,13.781603144202446,1.1609679826494477
967289,967297,8,13.782252592246163,0.5804566377270408
967459,967481,22,13.782428325727151,1.5962354006175683
967693,967699,6,13.782670167196079,0.43532928868025206
967739,967751,12,13.78271770180335,0.8706555745845324
967931,967937,6,13.782916082726368,0.4353215215116621
968101,968111,10,13.78309169965877,0.725526624788223
968173,968197,24,13.78316606929864,1.7412545041780265
968239,968251,12,13.783234236610168,0.870622946254976
968431,968437,6,13.78343251509915,0.4353052110515477
968437,968459,22,13.783438710668491,1.5961183897434699
968479,968501,22,13.783482078579135,1.5961133677672152
968567,968573,6,13.783572938579425,0.4353007762745134
968659,968663,4,13.78366791975361,0.29019851778839884
969403,969407,4,13.784435697086375,0.29018235406223286
969457,969461,4,13.784491399922077,0.29018118144153016
969559,969569,10,13.784596607924582,0.7254474167384145
969721,969743,22,13.78476368024047,1.5959649733811192
969767,969791,24,13.784811115439872,1.741046707061402
970027,970031,4,13.785079185143724,0.2901688083381362
970061,970063,2,13.785114235100224,0.14508403527825092
970213,970217,4,13.785270914002597,0.29016477260065593
970927,970939,12,13.786006564220717,0.8704478663998318
970943,970961,18,13.786023043181718,1.3056702388802714
971029,971039,10,13.786111612944882,0.7253676947320085
971273,971279,6,13.786362861207289,0.4352126852023517
971699,971713,14,13.786801364702786,1.015463966561747
971753,971759,6,13.786856935923494,0.43519708863926776
972533,972557,24,13.787659287060976,1.7406870521178888
972869,972887,18,13.788004716954994,1.3054825821074423
973331,973333,2,13.788479488313207,0.1450486256802393
973597,973631,34,13.788752739303131,2.4657777714069247
973657,973669,12,13.788814364545672,0.8702706181073016
973681,973691,10,13.788839013579379,0.7252242186707601
973789,973801,12,13.788949926712943,0.8702620622874798
973801,973813,12,13.78896224963512,0.870261284551529
973901,973919,18,13.789064934748229,1.3053822057680127
974053,974063,10,13.789220995928636,0.7252041288592423
974063,974089,26,13.789231262257745,1.8855293312227004
974089,974107,18,13.789257954220181,1.305363933270327
974137,974143,6,13.789307229817581,0.43511975619962845
974147,974159,12,13.789317495261429,0.8702388645503077
974401,974411,10,13.789578202209821,0.7251853431164029
974551,974557,6,13.789732131090878,0.43510634890957467
974599,974651,52,13.789781383329043,3.7709082221466286
974773,974803,30,13.78995990236026,2.175495810895379
974849,974861,12,13.790037866191238,0.8701934045750637
974867,974873,6,13.79005633041885,0.4350961197138025
975427,975433,6,13.790630602826383,0.43507800134754554
975551,975553,2,13.790757718560304,0.14502466367807318
975599,975619,20,13.790806920313127,1.450241462705207
975743,975797,54,13.790954511048387,3.9156100440139094
975797,975803,6,13.791009851958655,0.4350660368173006
976109,976117,8,13.791329539487315,0.5800746024590604
976253,976271,18,13.791477053114665,1.3051538954585638
976453,976457,4,13.791681897060144,0.29002989119497063
976559,976561,2,13.791790447340535,0.14501380423639335
976777,976799,22,13.792013655227867,1.5951260309012885
976823,976849,26,13.792060747774968,1.8851425088302705
976883,976909,26,13.792122169503743,1.8851341135513964
976957,976991,34,13.792197917773853,2.465161840244808
977183,977191,8,13.792429221570927,0.5800283526188592
977257,977269,12,13.792504946586826,0.8700377521321527
977411,977413,2,13.792662518103132,0.14500463542662353
977849,977861,12,13.793110540368536,0.8699995526664845
978007,978011,4,13.793272106455552,0.28999645400513147
978049,978053,4,13.793315050011367,0.2899955511417615
978091,978113,22,13.793357991723113,1.5949705657753095
978157,978179,22,13.793425467830462,1.5949627633330978
978209,978217,8,13.79347862761755,0.5799842241377934
978343,978347,4,13.793615603276985,0.2899892323409179
978457,978463,6,13.793732120039177,0.43498017416790014
978599,978611,12,13.793877235968663,0.8699511960791574
979117,979159,42,13.794406424075712,3.04471237897532
979457,979471,14,13.794753615454148,1.0148785828487663
979543,979549,6,13.794841415352112,0.43494519576880913
979969,979987,18,13.79527621749337,1.304794461250058
980299,980321,22,13.795612906153409,1.5947098653505347
980327,980363,36,13.79564146845953,2.609519831484856
980549,980557,8,13.79586789787266,0.5798837781879319
980711,980717,6,13.796033097795533,0.43490762579851594
980831,980851,20,13.796155450516148,1.4496792292414877
981133,981137,4,13.796463305300827,0.28992937620927345
981173,981187,14,13.796504073662138,1.014749818160554
981271,981283,12,13.796603949123636,0.8697792619293274
981287,981289,2,13.796620254374233,0.14496303899977953
981599,981601,2,13.796938153633414,0.14495969886429486
981703,981707,4,13.797044097599342,0.2899171715118307
982301,982321,20,13.797653057681378,1.449521880017535
982603,982613,10,13.797960451836389,0.7247447936168774
982697,982703,6,13.798056111532182,0.4348438614469252
982829,982841,12,13.79819042672333,0.8696792571263021
982981,983063,82,13.798345070356543,5.942741653574341
983069,983083,14,13.79843458995173,1.014607846182425
983153,983173,20,13.798520032999413,1.4494308050551534
983179,983189,10,13.798546478177544,0.7247140135966523
983431,983441,10,13.798802756749685,0.7247005538294617
983533,983557,24,13.798906469883317,1.739268256682585
983597,983617,20,13.79897153929919,1.4493833792642015
983819,983849,30,13.799197216025355,2.174039513339243
984119,984121,2,13.799502103681698,0.14493276532538094
984149,984167,18,13.79953258733535,1.3043920064741663
984457,984461,4,13.799845499114053,0.2898583176352807
985007,985013,6,13.800404026727959,0.43476987980782944
985121,985129,8,13.800519755249281,0.5796883118809386
985351,985379,28,13.800753201856027,2.0288747715765507
985639,985657,18,13.801045440783723,1.3042490206436006
985781,985783,2,13.801189499381328,0.14491504519155068
986533,986543,10,13.801952055481868,0.7245351932684184
987313,987353,40,13.802742390736595,2.897974827585358
987457,987463,6,13.802888230505536,0.4346916311862541
987463,987473,10,13.802894306701027,0.7244857330498576
987587,987593,6,13.803019873142548,0.4346874854302426
987941,987971,30,13.803378258347708,2.173380996920609
989309,989321,12,13.804761998611488,0.8692652579745298
989441,989467,26,13.804895416173277,1.8833898567271588
989507,989533,26,13.804962118279674,1.8833807566608542
989939,989951,12,13.805398604050803,0.8692251737286992
990281,990287,6,13.805744020220118,0.43460171296905853
990293,990307,14,13.80575613791933,1.0140697735162185
990323,990329,6,13.80578643152496,0.43460037787483374
990917,990923,6,13.806386056020525,0.4345815027665108
991129,991147,18,13.80659997638444,1.3037243079967682
991181,991187,6,13.806652440428925,0.4345731179869985
991483,991493,10,13.806957081056218,0.7242725490702409
991741,991751,10,13.807217263467741,0.7242589009197975
992309,992317,8,13.807789829698953,0.5793830945190757
992359,992363,4,13.807840215960042,0.2896904901446156
992659,992689,30,13.808142480223927,2.172631115515075
993247,993253,6,13.808734653284668,0.4345075889029982
993269,993283,14,13.808756802615457,1.0138494145503611
993689,993703,14,13.809179559418826,1.0138183763749398
994141,994163,22,13.809634326685433,1.5930906988237685
994339,994363,24,13.809833473773315,1.7378920640555984
994453,994457,4,13.809948116229766,0.2896462728414677
994457,994471,14,13.80995213853344,1.013761659675581
995051,995053,2,13.810549271108579,0.1448168324618315
995387,995399,12,13.810886885244956,0.8688797540453653
995539,995549,10,13.811039578012338,0.7240584565350426
995549,995551,2,13.811049622771785,0.1448115859856431
995669,995677,8,13.81117015201584,0.579241288894869
996271,996293,22,13.811774587910826,1.5928438347999225
996631,996637,6,13.81213587010525,0.43440059208990967
996703,996739,36,13.812208110883796,2.6063899204959546
996803,996811,8,13.812308436641615,0.5791935531049548
996953,996967,14,13.81245890640851,1.013577676130097
997207,997219,12,13.812713650261935,0.8687648425819962
997739,997741,2,13.813246998044393,0.14478854973657893
997933,997949,16,13.813441418771458,1.1582920949921407
998167,998197,30,13.813675875964055,2.1717608165542903
998201,998213,12,13.81370993782039,0.8687021845699355
998243,998273,30,13.813752012629406,2.17174884655321
998311,998329,18,13.813820129995655,1.3030428824619176
998377,998381,4,13.813886239472973,0.289563699212323
998411,998419,8,13.813920294164811,0.5791259707339783
998617,998623,6,13.81412660073711,0.434337991348642
998687,998689,2,13.814196695224506,0.14477859582608876
998909,998917,8,13.814418962390555,0.5791050656404602
998917,998927,10,13.814426971096017,0.7238809123913024
998927,998941,14,13.814436981887651,1.0134325429516704
