window_index,midpoint,anchor_mod30,z_center,empirical_pdf,exp_pdf,delta
8,6195.053268536115,11,0.03333333333333333,0.0,0.9697991161959337,-0.9697991161959337
8,6195.053268536115,11,0.1,0.0,0.9072538472787854,-0.9072538472787854
8,6195.053268536115,11,0.16666666666666669,0.0,0.8487423113261123,-0.8487423113261123
8,6195.053268536115,11,0.23333333333333334,4.5,0.7940043607374581,3.705995639262542
8,6195.053268536115,11,0.3,0.0,0.7427966256154565,-0.7427966256154565
8,6195.053268536115,11,0.3666666666666667,0.0,0.694891431721175,-0.694891431721175
8,6195.053268536115,11,0.43333333333333335,0.0,0.6500757882137806,-0.6500757882137806
8,6195.053268536115,11,0.5,0.0,0.6081504406739263,-0.6081504406739263
8,6195.053268536115,11,0.5666666666666667,0.0,0.5689289852005146,-0.5689289852005146
8,6195.053268536115,11,0.6333333333333333,0.3,0.5322370396420313,-0.2322370396420313
8,6195.053268536115,11,0.7,5.1000000000000005,0.4979114682776703,4.60208853172233
8,6195.053268536115,11,0.7666666666666666,0.0,0.4657996565011093,-0.4657996565011093
8,6195.053268536115,11,0.8333333333333334,0.0,0.4357588322821159,-0.4357588322821159
8,6195.053268536115,11,0.9,1.2,0.4076554313891406,0.7923445686108593
8,6195.053268536115,11,0.9666666666666667,0.8999999999999999,0.38136450355061846,0.5186354964493815
8,6195.053268536115,11,1.0333333333333332,0.0,0.35676915691471883,-0.35676915691471883
8,6195.053268536115,11,1.1,0.0,0.3337600383375607,-0.3337600383375607
8,6195.053268536115,11,1.1666666666666665,0.0,0.3122348471892086,-0.3122348471892086
8,6195.053268536115,11,1.2333333333333334,0.0,0.29209788051578434,-0.29209788051578434
8,6195.053268536115,11,1.2999999999999998,0.0,0.2732596075354472,-0.2732596075354472
8,6195.053268536115,11,1.3666666666666667,0.8999999999999999,0.2556362715764093,0.6443637284235906
8,6195.053268536115,11,1.4333333333333331,0.3,0.23914951768717055,0.06085048231282944
8,6195.053268536115,11,1.5,0.0,0.2237260442632904,-0.2237260442632904
8,6195.053268536115,11,1.5666666666666667,0.0,0.2092972771418011,-0.2092972771418011
8,6195.053268536115,11,1.6333333333333333,0.0,0.19579906471425323,-0.19579906471425323
8,6195.053268536115,11,1.7000000000000002,0.0,0.18317139270284163,-0.18317139270284163
8,6195.053268536115,11,1.7666666666666666,0.0,0.17135811733147788,-0.17135811733147788
8,6195.053268536115,11,1.8333333333333335,0.0,0.16030671570546504,-0.16030671570546504
8,6195.053268536115,11,1.9,0.0,0.1499680522899403,-0.1499680522899403
8,6195.053268536115,11,1.9666666666666668,0.0,0.14029616044882603,-0.14029616044882603
8,6195.053268536115,11,2.033333333333333,0.300000000000001,0.13124803807299337,0.16875196192700762
8,6195.053268536115,11,2.0999999999999996,0.29999999999999905,0.12278345638898103,0.17721654361101802
8,6195.053268536115,11,2.166666666666667,0.0,0.1148647810982167,-0.1148647810982167
8,6195.053268536115,11,2.2333333333333334,0.0,0.10745680505150948,-0.10745680505150948
8,6195.053268536115,11,2.3,0.0,0.10052659171486797,-0.10052659171486797
8,6195.053268536115,11,2.3666666666666667,0.0,0.09404332873068051,-0.09404332873068051
8,6195.053268536115,11,2.4333333333333336,0.0,0.08797819092317623,-0.08797819092317623
8,6195.053268536115,11,2.5,0.0,0.08230421213907665,-0.08230421213907665
8,6195.053268536115,11,2.5666666666666664,0.0,0.0769961653536303,-0.0769961653536303
8,6195.053268536115,11,2.6333333333333333,0.0,0.07203045050897056,-0.07203045050897056
8,6195.053268536115,11,2.7,0.0,0.06738498958611619,-0.06738498958611619
8,6195.053268536115,11,2.7666666666666666,0.0,0.06303912844409452,-0.06303912844409452
8,6195.053268536115,11,2.833333333333333,0.0,0.05897354498975579,-0.05897354498975579
8,6195.053268536115,11,2.9,0.0,0.05517016326999288,-0.05517016326999288
8,6195.053268536115,11,2.966666666666667,0.0,0.05161207310441313,-0.05161207310441313
8,6195.053268536115,11,3.033333333333333,0.300000000000001,0.04828345490114099,0.25171654509886
8,6195.053268536115,11,3.0999999999999996,0.0,0.0451695093214765,-0.0451695093214765
8,6195.053268536115,11,3.166666666666667,0.0,0.042256391480692004,-0.042256391480692004
8,6195.053268536115,11,3.2333333333333334,0.0,0.039531149392417926,-0.039531149392417926
8,6195.053268536115,11,3.3,0.0,0.036981666382935374,-0.036981666382935374
8,6195.053268536115,11,3.3666666666666667,0.0,0.034596607219344995,-0.034596607219344995
8,6195.053268536115,11,3.4333333333333336,0.29999999999999905,0.03236536771209253,0.2676346322879065
8,6195.053268536115,11,3.5,0.300000000000001,0.030278027567779357,0.2697219724322216
8,6195.053268536115,11,3.5666666666666664,0.0,0.028325306282637477,-0.028325306282637477
8,6195.053268536115,11,3.6333333333333333,0.0,0.02649852188056732,-0.02649852188056732
8,6195.053268536115,11,3.7,0.29999999999999905,0.024789552312283886,0.2752104476877152
8,6195.053268536115,11,3.7666666666666666,0.0,0.02319079934394827,-0.02319079934394827
8,6195.053268536115,11,3.833333333333333,0.0,0.02169515477473027,-0.02169515477473027
8,6195.053268536115,11,3.9,0.0,0.020295968833102217,-0.020295968833102217
8,6195.053268536115,11,3.966666666666667,0.0,0.018987020611351133,-0.018987020611351133
8,6195.053268536115,11,4.033333333333333,0.0,0.017762490406858282,-0.017762490406858282
8,6195.053268536115,11,4.1,0.0,0.016616933847173034,-0.016616933847173034
8,6195.053268536115,11,4.166666666666666,0.0,0.015545257683838685,-0.015545257683838685
8,6195.053268536115,11,4.233333333333333,0.0,0.01454269714734751,-0.01454269714734751
8,6195.053268536115,11,4.3,0.0,0.013604794762542978,-0.013604794762542978
8,6195.053268536115,11,4.366666666666667,0.0,0.012727380530280517,-0.012727380530280517
8,6195.053268536115,11,4.433333333333334,0.0,0.011906553387232842,-0.011906553387232842
8,6195.053268536115,11,4.5,0.0,0.011138663861408195,-0.011138663861408195
8,6195.053268536115,11,4.566666666666666,0.0,0.01042029784626662,-0.01042029784626662
8,6195.053268536115,11,4.633333333333333,0.0,0.009748261421292348,-0.009748261421292348
8,6195.053268536115,11,4.7,0.0,0.009119566651533231,-0.009119566651533231
8,6195.053268536115,11,4.766666666666667,0.0,0.00853141830297074,-0.00853141830297074
8,6195.053268536115,11,4.833333333333333,0.0,0.00798120141465572,-0.00798120141465572
8,6195.053268536115,11,4.9,0.0,0.00746646967235465,-0.00746646967235465
8,6195.053268536115,11,4.966666666666667,0.0,0.0069849345320145105,-0.0069849345320145105
8,6195.053268536115,11,5.033333333333333,0.0,0.006534455044688131,-0.006534455044688131
8,6195.053268536115,11,5.1,0.0,0.006113028337680839,-0.006113028337680839
8,6195.053268536115,11,5.166666666666666,0.0,0.005718780709596645,-0.005718780709596645
8,6195.053268536115,11,5.233333333333333,0.0,0.005349959299691729,-0.005349959299691729
8,6195.053268536115,11,5.3,0.0,0.005004924294496477,-0.005004924294496477
8,6195.053268536115,11,5.366666666666667,0.0,0.004682141637055892,-0.004682141637055892
8,6195.053268536115,11,5.433333333333334,0.0,0.004380176206373162,-0.004380176206373162
8,6195.053268536115,11,5.5,0.0,0.0040976854367313865,-0.0040976854367313865
8,6195.053268536115,11,5.566666666666666,0.0,0.003833413348524548,-0.003833413348524548
8,6195.053268536115,11,5.633333333333333,0.0,0.003586184964058159,-0.003586184964058159
8,6195.053268536115,11,5.7,0.0,0.0033549010834917664,-0.0033549010834917664
8,6195.053268536115,11,5.766666666666667,0.0,0.003138533397696691,-0.003138533397696691
8,6195.053268536115,11,5.833333333333333,0.0,0.0029361199163002714,-0.0029361199163002714
8,6195.053268536115,11,5.9,0.0,0.002746760690589351,-0.002746760690589351
8,6195.053268536115,11,5.966666666666667,0.0,0.0025696138122566084,-0.0025696138122566084
8,6195.053268536115,17,0.03333333333333333,0.0,0.9697991161959337,-0.9697991161959337
8,6195.053268536115,17,0.1,0.0,0.9072538472787854,-0.9072538472787854
8,6195.053268536115,17,0.16666666666666669,0.0,0.8487423113261123,-0.8487423113261123
8,6195.053268536115,17,0.23333333333333334,5.100000000000002,0.7940043607374581,4.3059956392625445
8,6195.053268536115,17,0.3,0.0,0.7427966256154565,-0.7427966256154565
8,6195.053268536115,17,0.3666666666666667,0.0,0.694891431721175,-0.694891431721175
8,6195.053268536115,17,0.43333333333333335,0.0,0.6500757882137806,-0.6500757882137806
8,6195.053268536115,17,0.5,0.0,0.6081504406739263,-0.6081504406739263
8,6195.053268536115,17,0.5666666666666667,0.0,0.5689289852005146,-0.5689289852005146
8,6195.053268536115,17,0.6333333333333333,0.3000000000000001,0.5322370396420313,-0.23223703964203118
8,6195.053268536115,17,0.7,4.800000000000002,0.4979114682776703,4.302088531722331
8,6195.053268536115,17,0.7666666666666666,0.0,0.4657996565011093,-0.4657996565011093
8,6195.053268536115,17,0.8333333333333334,0.0,0.4357588322821159,-0.4357588322821159
8,6195.053268536115,17,0.9,0.0,0.4076554313891406,-0.4076554313891406
8,6195.053268536115,17,0.9666666666666667,0.0,0.38136450355061846,-0.38136450355061846
8,6195.053268536115,17,1.0333333333333332,0.0,0.35676915691471883,-0.35676915691471883
8,6195.053268536115,17,1.1,0.0,0.3337600383375607,-0.3337600383375607
8,6195.053268536115,17,1.1666666666666665,0.0,0.3122348471892086,-0.3122348471892086
8,6195.053268536115,17,1.2333333333333334,0.0,0.29209788051578434,-0.29209788051578434
8,6195.053268536115,17,1.2999999999999998,0.0,0.2732596075354472,-0.2732596075354472
8,6195.053268536115,17,1.3666666666666667,1.5000000000000007,0.2556362715764093,1.2443637284235913
8,6195.053268536115,17,1.4333333333333331,0.6000000000000002,0.23914951768717055,0.3608504823128297
8,6195.053268536115,17,1.5,0.0,0.2237260442632904,-0.2237260442632904
8,6195.053268536115,17,1.5666666666666667,0.8999999999999974,0.2092972771418011,0.6907027228581962
8,6195.053268536115,17,1.6333333333333333,0.3000000000000001,0.19579906471425323,0.10420093528574687
8,6195.053268536115,17,1.7000000000000002,0.0,0.18317139270284163,-0.18317139270284163
8,6195.053268536115,17,1.7666666666666666,0.0,0.17135811733147788,-0.17135811733147788
8,6195.053268536115,17,1.8333333333333335,0.0,0.16030671570546504,-0.16030671570546504
8,6195.053268536115,17,1.9,0.0,0.1499680522899403,-0.1499680522899403
8,6195.053268536115,17,1.9666666666666668,0.0,0.14029616044882603,-0.14029616044882603
8,6195.053268536115,17,2.033333333333333,0.0,0.13124803807299337,-0.13124803807299337
8,6195.053268536115,17,2.0999999999999996,0.0,0.12278345638898103,-0.12278345638898103
8,6195.053268536115,17,2.166666666666667,0.0,0.1148647810982167,-0.1148647810982167
8,6195.053268536115,17,2.2333333333333334,0.0,0.10745680505150948,-0.10745680505150948
8,6195.053268536115,17,2.3,0.5999999999999983,0.10052659171486797,0.4994734082851303
8,6195.053268536115,17,2.3666666666666667,0.0,0.09404332873068051,-0.09404332873068051
8,6195.053268536115,17,2.4333333333333336,0.0,0.08797819092317623,-0.08797819092317623
8,6195.053268536115,17,2.5,0.0,0.08230421213907665,-0.08230421213907665
8,6195.053268536115,17,2.5666666666666664,0.0,0.0769961653536303,-0.0769961653536303
8,6195.053268536115,17,2.6333333333333333,0.0,0.07203045050897056,-0.07203045050897056
8,6195.053268536115,17,2.7,0.29999999999999916,0.06738498958611619,0.23261501041388297
8,6195.053268536115,17,2.7666666666666666,0.0,0.06303912844409452,-0.06303912844409452
8,6195.053268536115,17,2.833333333333333,0.29999999999999916,0.05897354498975579,0.24102645501024336
8,6195.053268536115,17,2.9,0.0,0.05517016326999288,-0.05517016326999288
8,6195.053268536115,17,2.966666666666667,0.0,0.05161207310441313,-0.05161207310441313
8,6195.053268536115,17,3.033333333333333,0.0,0.04828345490114099,-0.04828345490114099
8,6195.053268536115,17,3.0999999999999996,0.0,0.0451695093214765,-0.0451695093214765
8,6195.053268536115,17,3.166666666666667,0.0,0.042256391480692004,-0.042256391480692004
8,6195.053268536115,17,3.2333333333333334,0.0,0.039531149392417926,-0.039531149392417926
8,6195.053268536115,17,3.3,0.0,0.036981666382935374,-0.036981666382935374
8,6195.053268536115,17,3.3666666666666667,0.3000000000000011,0.034596607219344995,0.2654033927806561
8,6195.053268536115,17,3.4333333333333336,0.0,0.03236536771209253,-0.03236536771209253
8,6195.053268536115,17,3.5,0.0,0.030278027567779357,-0.030278027567779357
8,6195.053268536115,17,3.5666666666666664,0.0,0.028325306282637477,-0.028325306282637477
8,6195.053268536115,17,3.6333333333333333,0.0,0.02649852188056732,-0.02649852188056732
8,6195.053268536115,17,3.7,0.0,0.024789552312283886,-0.024789552312283886
8,6195.053268536115,17,3.7666666666666666,0.0,0.02319079934394827,-0.02319079934394827
8,6195.053268536115,17,3.833333333333333,0.0,0.02169515477473027,-0.02169515477473027
8,6195.053268536115,17,3.9,0.0,0.020295968833102217,-0.020295968833102217
8,6195.053268536115,17,3.966666666666667,0.0,0.018987020611351133,-0.018987020611351133
8,6195.053268536115,17,4.033333333333333,0.0,0.017762490406858282,-0.017762490406858282
8,6195.053268536115,17,4.1,0.0,0.016616933847173034,-0.016616933847173034
8,6195.053268536115,17,4.166666666666666,0.0,0.015545257683838685,-0.015545257683838685
8,6195.053268536115,17,4.233333333333333,0.0,0.01454269714734751,-0.01454269714734751
8,6195.053268536115,17,4.3,0.0,0.013604794762542978,-0.013604794762542978
8,6195.053268536115,17,4.366666666666667,0.0,0.012727380530280517,-0.012727380530280517
8,6195.053268536115,17,4.433333333333334,0.0,0.011906553387232842,-0.011906553387232842
8,6195.053268536115,17,4.5,0.0,0.011138663861408195,-0.011138663861408195
8,6195.053268536115,17,4.566666666666666,0.0,0.01042029784626662,-0.01042029784626662
8,6195.053268536115,17,4.633333333333333,0.0,0.009748261421292348,-0.009748261421292348
8,6195.053268536115,17,4.7,0.0,0.009119566651533231,-0.009119566651533231
8,6195.053268536115,17,4.766666666666667,0.0,0.00853141830297074,-0.00853141830297074
8,6195.053268536115,17,4.833333333333333,0.0,0.00798120141465572,-0.00798120141465572
8,6195.053268536115,17,4.9,0.0,0.00746646967235465,-0.00746646967235465
8,6195.053268536115,17,4.966666666666667,0.0,0.0069849345320145105,-0.0069849345320145105
8,6195.053268536115,17,5.033333333333333,0.0,0.006534455044688131,-0.006534455044688131
8,6195.053268536115,17,5.1,0.0,0.006113028337680839,-0.006113028337680839
8,6195.053268536115,17,5.166666666666666,0.0,0.005718780709596645,-0.005718780709596645
8,6195.053268536115,17,5.233333333333333,0.0,0.005349959299691729,-0.005349959299691729
8,6195.053268536115,17,5.3,0.0,0.005004924294496477,-0.005004924294496477
8,6195.053268536115,17,5.366666666666667,0.0,0.004682141637055892,-0.004682141637055892
8,6195.053268536115,17,5.433333333333334,0.0,0.004380176206373162,-0.004380176206373162
8,6195.053268536115,17,5.5,0.0,0.0040976854367313865,-0.0040976854367313865
8,6195.053268536115,17,5.566666666666666,0.0,0.003833413348524548,-0.003833413348524548
8,6195.053268536115,17,5.633333333333333,0.0,0.003586184964058159,-0.003586184964058159
8,6195.053268536115,17,5.7,0.0,0.0033549010834917664,-0.0033549010834917664
8,6195.053268536115,17,5.766666666666667,0.0,0.003138533397696691,-0.003138533397696691
8,6195.053268536115,17,5.833333333333333,0.0,0.0029361199163002714,-0.0029361199163002714
8,6195.053268536115,17,5.9,0.0,0.002746760690589351,-0.002746760690589351
8,6195.053268536115,17,5.966666666666667,0.0,0.0025696138122566084,-0.0025696138122566084
8,6195.053268536115,23,0.03333333333333333,0.0,0.9697991161959337,-0.9697991161959337
8,6195.053268536115,23,0.1,0.0,0.9072538472787854,-0.9072538472787854
8,6195.053268536115,23,0.16666666666666669,0.0,0.8487423113261123,-0.8487423113261123
8,6195.053268536115,23,0.23333333333333334,0.0,0.7940043607374581,-0.7940043607374581
8,6195.053268536115,23,0.3,0.0,0.7427966256154565,-0.7427966256154565
8,6195.053268536115,23,0.3666666666666667,0.0,0.694891431721175,-0.694891431721175
8,6195.053268536115,23,0.43333333333333335,0.0,0.6500757882137806,-0.6500757882137806
8,6195.053268536115,23,0.5,0.0,0.6081504406739263,-0.6081504406739263
8,6195.053268536115,23,0.5666666666666667,0.0,0.5689289852005146,-0.5689289852005146
8,6195.053268536115,23,0.6333333333333333,0.0,0.5322370396420313,-0.5322370396420313
8,6195.053268536115,23,0.7,5.400000000000001,0.4979114682776703,4.902088531722331
8,6195.053268536115,23,0.7666666666666666,0.0,0.4657996565011093,-0.4657996565011093
8,6195.053268536115,23,0.8333333333333334,0.0,0.4357588322821159,-0.4357588322821159
8,6195.053268536115,23,0.9,3.6000000000000005,0.4076554313891406,3.19234456861086
8,6195.053268536115,23,0.9666666666666667,0.30000000000000004,0.38136450355061846,-0.08136450355061842
8,6195.053268536115,23,1.0333333333333332,0.0,0.35676915691471883,-0.35676915691471883
8,6195.053268536115,23,1.1,0.0,0.3337600383375607,-0.3337600383375607
8,6195.053268536115,23,1.1666666666666665,0.0,0.3122348471892086,-0.3122348471892086
8,6195.053268536115,23,1.2333333333333334,0.0,0.29209788051578434,-0.29209788051578434
8,6195.053268536115,23,1.2999999999999998,0.0,0.2732596075354472,-0.2732596075354472
8,6195.053268536115,23,1.3666666666666667,0.0,0.2556362715764093,-0.2556362715764093
8,6195.053268536115,23,1.4333333333333331,0.0,0.23914951768717055,-0.23914951768717055
8,6195.053268536115,23,1.5,0.0,0.2237260442632904,-0.2237260442632904
8,6195.053268536115,23,1.5666666666666667,1.4999999999999956,0.2092972771418011,1.2907027228581944
8,6195.053268536115,23,1.6333333333333333,1.2000000000000002,0.19579906471425323,1.004200935285747
8,6195.053268536115,23,1.7000000000000002,0.0,0.18317139270284163,-0.18317139270284163
8,6195.053268536115,23,1.7666666666666666,0.0,0.17135811733147788,-0.17135811733147788
8,6195.053268536115,23,1.8333333333333335,0.0,0.16030671570546504,-0.16030671570546504
8,6195.053268536115,23,1.9,0.0,0.1499680522899403,-0.1499680522899403
8,6195.053268536115,23,1.9666666666666668,0.0,0.14029616044882603,-0.14029616044882603
8,6195.053268536115,23,2.033333333333333,0.6000000000000021,0.13124803807299337,0.46875196192700874
8,6195.053268536115,23,2.0999999999999996,0.5999999999999982,0.12278345638898103,0.4772165436110172
8,6195.053268536115,23,2.166666666666667,0.0,0.1148647810982167,-0.1148647810982167
8,6195.053268536115,23,2.2333333333333334,0.30000000000000104,0.10745680505150948,0.19254319494849156
8,6195.053268536115,23,2.3,0.2999999999999991,0.10052659171486797,0.19947340828513113
8,6195.053268536115,23,2.3666666666666667,0.0,0.09404332873068051,-0.09404332873068051
8,6195.053268536115,23,2.4333333333333336,0.0,0.08797819092317623,-0.08797819092317623
8,6195.053268536115,23,2.5,0.0,0.08230421213907665,-0.08230421213907665
8,6195.053268536115,23,2.5666666666666664,0.0,0.0769961653536303,-0.0769961653536303
8,6195.053268536115,23,2.6333333333333333,0.30000000000000104,0.07203045050897056,0.2279695494910305
8,6195.053268536115,23,2.7,0.2999999999999991,0.06738498958611619,0.2326150104138829
8,6195.053268536115,23,2.7666666666666666,0.30000000000000104,0.06303912844409452,0.2369608715559065
8,6195.053268536115,23,2.833333333333333,0.0,0.05897354498975579,-0.05897354498975579
8,6195.053268536115,23,2.9,0.0,0.05517016326999288,-0.05517016326999288
8,6195.053268536115,23,2.966666666666667,0.0,0.05161207310441313,-0.05161207310441313
8,6195.053268536115,23,3.033333333333333,0.0,0.04828345490114099,-0.04828345490114099
8,6195.053268536115,23,3.0999999999999996,0.0,0.0451695093214765,-0.0451695093214765
8,6195.053268536115,23,3.166666666666667,0.0,0.042256391480692004,-0.042256391480692004
8,6195.053268536115,23,3.2333333333333334,0.0,0.039531149392417926,-0.039531149392417926
8,6195.053268536115,23,3.3,0.0,0.036981666382935374,-0.036981666382935374
8,6195.053268536115,23,3.3666666666666667,0.30000000000000104,0.034596607219344995,0.26540339278065606
8,6195.053268536115,23,3.4333333333333336,0.0,0.03236536771209253,-0.03236536771209253
8,6195.053268536115,23,3.5,0.0,0.030278027567779357,-0.030278027567779357
8,6195.053268536115,23,3.5666666666666664,0.0,0.028325306282637477,-0.028325306282637477
8,6195.053268536115,23,3.6333333333333333,0.0,0.02649852188056732,-0.02649852188056732
8,6195.053268536115,23,3.7,0.0,0.024789552312283886,-0.024789552312283886
8,6195.053268536115,23,3.7666666666666666,0.0,0.02319079934394827,-0.02319079934394827
8,6195.053268536115,23,3.833333333333333,0.0,0.02169515477473027,-0.02169515477473027
8,6195.053268536115,23,3.9,0.0,0.020295968833102217,-0.020295968833102217
8,6195.053268536115,23,3.966666666666667,0.0,0.018987020611351133,-0.018987020611351133
8,6195.053268536115,23,4.033333333333333,0.0,0.017762490406858282,-0.017762490406858282
8,6195.053268536115,23,4.1,0.0,0.016616933847173034,-0.016616933847173034
8,6195.053268536115,23,4.166666666666666,0.0,0.015545257683838685,-0.015545257683838685
8,6195.053268536115,23,4.233333333333333,0.0,0.01454269714734751,-0.01454269714734751
8,6195.053268536115,23,4.3,0.0,0.013604794762542978,-0.013604794762542978
8,6195.053268536115,23,4.366666666666667,0.0,0.012727380530280517,-0.012727380530280517
8,6195.053268536115,23,4.433333333333334,0.0,0.011906553387232842,-0.011906553387232842
8,6195.053268536115,23,4.5,0.0,0.011138663861408195,-0.011138663861408195
8,6195.053268536115,23,4.566666666666666,0.0,0.01042029784626662,-0.01042029784626662
8,6195.053268536115,23,4.633333333333333,0.0,0.009748261421292348,-0.009748261421292348
8,6195.053268536115,23,4.7,0.0,0.009119566651533231,-0.009119566651533231
8,6195.053268536115,23,4.766666666666667,0.0,0.00853141830297074,-0.00853141830297074
8,6195.053268536115,23,4.833333333333333,0.0,0.00798120141465572,-0.00798120141465572
8,6195.053268536115,23,4.9,0.0,0.00746646967235465,-0.00746646967235465
8,6195.053268536115,23,4.966666666666667,0.0,0.0069849345320145105,-0.0069849345320145105
8,6195.053268536115,23,5.033333333333333,0.0,0.006534455044688131,-0.006534455044688131
8,6195.053268536115,23,5.1,0.0,0.006113028337680839,-0.006113028337680839
8,6195.053268536115,23,5.166666666666666,0.0,0.005718780709596645,-0.005718780709596645
8,6195.053268536115,23,5.233333333333333,0.0,0.005349959299691729,-0.005349959299691729
8,6195.053268536115,23,5.3,0.0,0.005004924294496477,-0.005004924294496477
8,6195.053268536115,23,5.366666666666667,0.0,0.004682141637055892,-0.004682141637055892
8,6195.053268536115,23,5.433333333333334,0.0,0.004380176206373162,-0.004380176206373162
8,6195.053268536115,23,5.5,0.0,0.0040976854367313865,-0.0040976854367313865
8,6195.053268536115,23,5.566666666666666,0.0,0.003833413348524548,-0.003833413348524548
8,6195.053268536115,23,5.633333333333333,0.0,0.003586184964058159,-0.003586184964058159
8,6195.053268536115,23,5.7,0.0,0.0033549010834917664,-0.0033549010834917664
8,6195.053268536115,23,5.766666666666667,0.0,0.003138533397696691,-0.003138533397696691
8,6195.053268536115,23,5.833333333333333,0.0,0.0029361199163002714,-0.0029361199163002714
8,6195.053268536115,23,5.9,0.0,0.002746760690589351,-0.002746760690589351
8,6195.053268536115,23,5.966666666666667,0.0,0.0025696138122566084,-0.0025696138122566084
9,10740.404740976943,1,0.03333333333333333,0.0,0.9697991161959337,-0.9697991161959337
9,10740.404740976943,1,0.1,0.0,0.9072538472787854,-0.9072538472787854
9,10740.404740976943,1,0.16666666666666669,0.0,0.8487423113261123,-0.8487423113261123
9,10740.404740976943,1,0.23333333333333334,0.0,0.7940043607374581,-0.7940043607374581
9,10740.404740976943,1,0.3,0.0,0.7427966256154565,-0.7427966256154565
9,10740.404740976943,1,0.3666666666666667,0.0,0.694891431721175,-0.694891431721175
9,10740.404740976943,1,0.43333333333333335,0.0,0.6500757882137806,-0.6500757882137806
9,10740.404740976943,1,0.5,0.0,0.6081504406739263,-0.6081504406739263
9,10740.404740976943,1,0.5666666666666667,0.0,0.5689289852005146,-0.5689289852005146
9,10740.404740976943,1,0.6333333333333333,5.384615384615385,0.5322370396420313,4.852378344973354
9,10740.404740976943,1,0.7,0.0,0.4979114682776703,-0.4979114682776703
9,10740.404740976943,1,0.7666666666666666,0.0,0.4657996565011093,-0.4657996565011093
9,10740.404740976943,1,0.8333333333333334,0.0,0.4357588322821159,-0.4357588322821159
9,10740.404740976943,1,0.9,0.0,0.4076554313891406,-0.4076554313891406
9,10740.404740976943,1,0.9666666666666667,0.0,0.38136450355061846,-0.38136450355061846
9,10740.404740976943,1,1.0333333333333332,1.923076923076923,0.35676915691471883,1.566307766162204
9,10740.404740976943,1,1.1,1.923076923076923,0.3337600383375607,1.5893168847393622
9,10740.404740976943,1,1.1666666666666665,0.0,0.3122348471892086,-0.3122348471892086
9,10740.404740976943,1,1.2333333333333334,0.0,0.29209788051578434,-0.29209788051578434
9,10740.404740976943,1,1.2999999999999998,2.6923076923076925,0.2732596075354472,2.4190480847722453
9,10740.404740976943,1,1.3666666666666667,0.0,0.2556362715764093,-0.2556362715764093
9,10740.404740976943,1,1.4333333333333331,0.0,0.23914951768717055,-0.23914951768717055
9,10740.404740976943,1,1.5,0.0,0.2237260442632904,-0.2237260442632904
9,10740.404740976943,1,1.5666666666666667,0.0,0.2092972771418011,-0.2092972771418011
9,10740.404740976943,1,1.6333333333333333,0.0,0.19579906471425323,-0.19579906471425323
9,10740.404740976943,1,1.7000000000000002,0.5769230769230769,0.18317139270284163,0.3937516842202352
9,10740.404740976943,1,1.7666666666666666,0.5769230769230769,0.17135811733147788,0.405564959591599
9,10740.404740976943,1,1.8333333333333335,0.0,0.16030671570546504,-0.16030671570546504
9,10740.404740976943,1,1.9,0.5769230769230769,0.1499680522899403,0.42695502463313656
9,10740.404740976943,1,1.9666666666666668,0.3846153846153846,0.14029616044882603,0.24431922416655855
9,10740.404740976943,1,2.033333333333333,0.0,0.13124803807299337,-0.13124803807299337
9,10740.404740976943,1,2.0999999999999996,0.0,0.12278345638898103,-0.12278345638898103
9,10740.404740976943,1,2.166666666666667,0.0,0.1148647810982167,-0.1148647810982167
9,10740.404740976943,1,2.2333333333333334,0.0,0.10745680505150948,-0.10745680505150948
9,10740.404740976943,1,2.3,0.0,0.10052659171486797,-0.10052659171486797
9,10740.404740976943,1,2.3666666666666667,0.38461538461538586,0.09404332873068051,0.29057205588470536
9,10740.404740976943,1,2.4333333333333336,0.0,0.08797819092317623,-0.08797819092317623
9,10740.404740976943,1,2.5,0.0,0.08230421213907665,-0.08230421213907665
9,10740.404740976943,1,2.5666666666666664,0.0,0.0769961653536303,-0.0769961653536303
9,10740.404740976943,1,2.6333333333333333,0.0,0.07203045050897056,-0.07203045050897056
9,10740.404740976943,1,2.7,0.0,0.06738498958611619,-0.06738498958611619
9,10740.404740976943,1,2.7666666666666666,0.0,0.06303912844409452,-0.06303912844409452
9,10740.404740976943,1,2.833333333333333,0.0,0.05897354498975579,-0.05897354498975579
9,10740.404740976943,1,2.9,0.0,0.05517016326999288,-0.05517016326999288
9,10740.404740976943,1,2.966666666666667,0.19230769230769165,0.05161207310441313,0.14069561920327853
9,10740.404740976943,1,3.033333333333333,0.19230769230769293,0.04828345490114099,0.14402423740655193
9,10740.404740976943,1,3.0999999999999996,0.19230769230769165,0.0451695093214765,0.14713818298621514
9,10740.404740976943,1,3.166666666666667,0.0,0.042256391480692004,-0.042256391480692004
9,10740.404740976943,1,3.2333333333333334,0.0,0.039531149392417926,-0.039531149392417926
9,10740.404740976943,1,3.3,0.0,0.036981666382935374,-0.036981666382935374
9,10740.404740976943,1,3.3666666666666667,0.0,0.034596607219344995,-0.034596607219344995
9,10740.404740976943,1,3.4333333333333336,0.0,0.03236536771209253,-0.03236536771209253
9,10740.404740976943,1,3.5,0.0,0.030278027567779357,-0.030278027567779357
9,10740.404740976943,1,3.5666666666666664,0.0,0.028325306282637477,-0.028325306282637477
9,10740.404740976943,1,3.6333333333333333,0.0,0.02649852188056732,-0.02649852188056732
9,10740.404740976943,1,3.7,0.0,0.024789552312283886,-0.024789552312283886
9,10740.404740976943,1,3.7666666666666666,0.0,0.02319079934394827,-0.02319079934394827
9,10740.404740976943,1,3.833333333333333,0.0,0.02169515477473027,-0.02169515477473027
9,10740.404740976943,1,3.9,0.0,0.020295968833102217,-0.020295968833102217
9,10740.404740976943,1,3.966666666666667,0.0,0.018987020611351133,-0.018987020611351133
9,10740.404740976943,1,4.033333333333333,0.0,0.017762490406858282,-0.017762490406858282
9,10740.404740976943,1,4.1,0.0,0.016616933847173034,-0.016616933847173034
9,10740.404740976943,1,4.166666666666666,0.0,0.015545257683838685,-0.015545257683838685
9,10740.404740976943,1,4.233333333333333,0.0,0.01454269714734751,-0.01454269714734751
9,10740.404740976943,1,4.3,0.0,0.013604794762542978,-0.013604794762542978
9,10740.404740976943,1,4.366666666666667,0.0,0.012727380530280517,-0.012727380530280517
9,10740.404740976943,1,4.433333333333334,0.0,0.011906553387232842,-0.011906553387232842
9,10740.404740976943,1,4.5,0.0,0.011138663861408195,-0.011138663861408195
9,10740.404740976943,1,4.566666666666666,0.0,0.01042029784626662,-0.01042029784626662
9,10740.404740976943,1,4.633333333333333,0.0,0.009748261421292348,-0.009748261421292348
9,10740.404740976943,1,4.7,0.0,0.009119566651533231,-0.009119566651533231
9,10740.404740976943,1,4.766666666666667,0.0,0.00853141830297074,-0.00853141830297074
9,10740.404740976943,1,4.833333333333333,0.0,0.00798120141465572,-0.00798120141465572
9,10740.404740976943,1,4.9,0.0,0.00746646967235465,-0.00746646967235465
9,10740.404740976943,1,4.966666666666667,0.0,0.0069849345320145105,-0.0069849345320145105
9,10740.404740976943,1,5.033333333333333,0.0,0.006534455044688131,-0.006534455044688131
9,10740.404740976943,1,5.1,0.0,0.006113028337680839,-0.006113028337680839
9,10740.404740976943,1,5.166666666666666,0.0,0.005718780709596645,-0.005718780709596645
9,10740.404740976943,1,5.233333333333333,0.0,0.005349959299691729,-0.005349959299691729
9,10740.404740976943,1,5.3,0.0,0.005004924294496477,-0.005004924294496477
9,10740.404740976943,1,5.366666666666667,0.0,0.004682141637055892,-0.004682141637055892
9,10740.404740976943,1,5.433333333333334,0.0,0.004380176206373162,-0.004380176206373162
9,10740.404740976943,1,5.5,0.0,0.0040976854367313865,-0.0040976854367313865
9,10740.404740976943,1,5.566666666666666,0.0,0.003833413348524548,-0.003833413348524548
9,10740.404740976943,1,5.633333333333333,0.0,0.003586184964058159,-0.003586184964058159
9,10740.404740976943,1,5.7,0.0,0.0033549010834917664,-0.0033549010834917664
9,10740.404740976943,1,5.766666666666667,0.0,0.003138533397696691,-0.003138533397696691
9,10740.404740976943,1,5.833333333333333,0.0,0.0029361199163002714,-0.0029361199163002714
9,10740.404740976943,1,5.9,0.0,0.002746760690589351,-0.002746760690589351
9,10740.404740976943,1,5.966666666666667,0.0,0.0025696138122566084,-0.0025696138122566084
9,10740.404740976943,7,0.03333333333333333,0.0,0.9697991161959337,-0.9697991161959337
9,10740.404740976943,7,0.1,0.0,0.9072538472787854,-0.9072538472787854
9,10740.404740976943,7,0.16666666666666669,0.0,0.8487423113261123,-0.8487423113261123
9,10740.404740976943,7,0.23333333333333334,0.0,0.7940043607374581,-0.7940043607374581
9,10740.404740976943,7,0.3,0.0,0.7427966256154565,-0.7427966256154565
9,10740.404740976943,7,0.3666666666666667,0.0,0.694891431721175,-0.694891431721175
9,10740.404740976943,7,0.43333333333333335,6.11111111111111,0.6500757882137806,5.461035322897329
9,10740.404740976943,7,0.5,0.0,0.6081504406739263,-0.6081504406739263
9,10740.404740976943,7,0.5666666666666667,0.0,0.5689289852005146,-0.5689289852005146
9,10740.404740976943,7,0.6333333333333333,3.1481481481481475,0.5322370396420313,2.615911108506116
9,10740.404740976943,7,0.7,0.0,0.4979114682776703,-0.4979114682776703
9,10740.404740976943,7,0.7666666666666666,0.0,0.4657996565011093,-0.4657996565011093
9,10740.404740976943,7,0.8333333333333334,0.0,0.4357588322821159,-0.4357588322821159
9,10740.404740976943,7,0.9,0.0,0.4076554313891406,-0.4076554313891406
9,10740.404740976943,7,0.9666666666666667,0.0,0.38136450355061846,-0.38136450355061846
9,10740.404740976943,7,1.0333333333333332,0.7407407407407406,0.35676915691471883,0.38397158382602176
9,10740.404740976943,7,1.1,0.9259259259259257,0.3337600383375607,0.5921658875883651
9,10740.404740976943,7,1.1666666666666665,0.0,0.3122348471892086,-0.3122348471892086
9,10740.404740976943,7,1.2333333333333334,0.18518518518518515,0.29209788051578434,-0.10691269533059919
9,10740.404740976943,7,1.2999999999999998,0.9259259259259257,0.2732596075354472,0.6526663183904785
9,10740.404740976943,7,1.3666666666666667,0.0,0.2556362715764093,-0.2556362715764093
9,10740.404740976943,7,1.4333333333333331,0.0,0.23914951768717055,-0.23914951768717055
9,10740.404740976943,7,1.5,0.0,0.2237260442632904,-0.2237260442632904
9,10740.404740976943,7,1.5666666666666667,0.0,0.2092972771418011,-0.2092972771418011
9,10740.404740976943,7,1.6333333333333333,0.0,0.19579906471425323,-0.19579906471425323
9,10740.404740976943,7,1.7000000000000002,1.111111111111111,0.18317139270284163,0.9279397184082693
9,10740.404740976943,7,1.7666666666666666,0.3703703703703703,0.17135811733147788,0.19901225303889242
9,10740.404740976943,7,1.8333333333333335,0.0,0.16030671570546504,-0.16030671570546504
9,10740.404740976943,7,1.9,0.0,0.1499680522899403,-0.1499680522899403
9,10740.404740976943,7,1.9666666666666668,0.0,0.14029616044882603,-0.14029616044882603
9,10740.404740976943,7,2.033333333333333,0.0,0.13124803807299337,-0.13124803807299337
9,10740.404740976943,7,2.0999999999999996,0.0,0.12278345638898103,-0.12278345638898103
9,10740.404740976943,7,2.166666666666667,0.0,0.1148647810982167,-0.1148647810982167
9,10740.404740976943,7,2.2333333333333334,0.0,0.10745680505150948,-0.10745680505150948
9,10740.404740976943,7,2.3,0.18518518518518454,0.10052659171486797,0.08465859347031657
9,10740.404740976943,7,2.3666666666666667,0.5555555555555574,0.09404332873068051,0.46151222682487686
9,10740.404740976943,7,2.4333333333333336,0.0,0.08797819092317623,-0.08797819092317623
9,10740.404740976943,7,2.5,0.18518518518518576,0.08230421213907665,0.1028809730461091
9,10740.404740976943,7,2.5666666666666664,0.0,0.0769961653536303,-0.0769961653536303
9,10740.404740976943,7,2.6333333333333333,0.18518518518518576,0.07203045050897056,0.1131547346762152
9,10740.404740976943,7,2.7,0.0,0.06738498958611619,-0.06738498958611619
9,10740.404740976943,7,2.7666666666666666,0.0,0.06303912844409452,-0.06303912844409452
9,10740.404740976943,7,2.833333333333333,0.0,0.05897354498975579,-0.05897354498975579
9,10740.404740976943,7,2.9,0.0,0.05517016326999288,-0.05517016326999288
9,10740.404740976943,7,2.966666666666667,0.0,0.05161207310441313,-0.05161207310441313
9,10740.404740976943,7,3.033333333333333,0.0,0.04828345490114099,-0.04828345490114099
9,10740.404740976943,7,3.0999999999999996,0.0,0.0451695093214765,-0.0451695093214765
9,10740.404740976943,7,3.166666666666667,0.0,0.042256391480692004,-0.042256391480692004
9,10740.404740976943,7,3.2333333333333334,0.0,0.039531149392417926,-0.039531149392417926
9,10740.404740976943,7,3.3,0.0,0.036981666382935374,-0.036981666382935374
9,10740.404740976943,7,3.3666666666666667,0.0,0.034596607219344995,-0.034596607219344995
9,10740.404740976943,7,3.4333333333333336,0.0,0.03236536771209253,-0.03236536771209253
9,10740.404740976943,7,3.5,0.0,0.030278027567779357,-0.030278027567779357
9,10740.404740976943,7,3.5666666666666664,0.0,0.028325306282637477,-0.028325306282637477
9,10740.404740976943,7,3.6333333333333333,0.0,0.02649852188056732,-0.02649852188056732
9,10740.404740976943,7,3.7,0.0,0.024789552312283886,-0.024789552312283886
9,10740.404740976943,7,3.7666666666666666,0.3703703703703715,0.02319079934394827,0.3471795710264233
9,10740.404740976943,7,3.833333333333333,0.0,0.02169515477473027,-0.02169515477473027
9,10740.404740976943,7,3.9,0.0,0.020295968833102217,-0.020295968833102217
9,10740.404740976943,7,3.966666666666667,0.0,0.018987020611351133,-0.018987020611351133
9,10740.404740976943,7,4.033333333333333,0.0,0.017762490406858282,-0.017762490406858282
9,10740.404740976943,7,4.1,0.0,0.016616933847173034,-0.016616933847173034
9,10740.404740976943,7,4.166666666666666,0.0,0.015545257683838685,-0.015545257683838685
9,10740.404740976943,7,4.233333333333333,0.0,0.01454269714734751,-0.01454269714734751
9,10740.404740976943,7,4.3,0.0,0.013604794762542978,-0.013604794762542978
9,10740.404740976943,7,4.366666666666667,0.0,0.012727380530280517,-0.012727380530280517
9,10740.404740976943,7,4.433333333333334,0.0,0.011906553387232842,-0.011906553387232842
9,10740.404740976943,7,4.5,0.0,0.011138663861408195,-0.011138663861408195
9,10740.404740976943,7,4.566666666666666,0.0,0.01042029784626662,-0.01042029784626662
9,10740.404740976943,7,4.633333333333333,0.0,0.009748261421292348,-0.009748261421292348
9,10740.404740976943,7,4.7,0.0,0.009119566651533231,-0.009119566651533231
9,10740.404740976943,7,4.766666666666667,0.0,0.00853141830297074,-0.00853141830297074
9,10740.404740976943,7,4.833333333333333,0.0,0.00798120141465572,-0.00798120141465572
9,10740.404740976943,7,4.9,0.0,0.00746646967235465,-0.00746646967235465
9,10740.404740976943,7,4.966666666666667,0.0,0.0069849345320145105,-0.0069849345320145105
9,10740.404740976943,7,5.033333333333333,0.0,0.006534455044688131,-0.006534455044688131
9,10740.404740976943,7,5.1,0.0,0.006113028337680839,-0.006113028337680839
9,10740.404740976943,7,5.166666666666666,0.0,0.005718780709596645,-0.005718780709596645
9,10740.404740976943,7,5.233333333333333,0.0,0.005349959299691729,-0.005349959299691729
9,10740.404740976943,7,5.3,0.0,0.005004924294496477,-0.005004924294496477
9,10740.404740976943,7,5.366666666666667,0.0,0.004682141637055892,-0.004682141637055892
9,10740.404740976943,7,5.433333333333334,0.0,0.004380176206373162,-0.004380176206373162
9,10740.404740976943,7,5.5,0.0,0.0040976854367313865,-0.0040976854367313865
9,10740.404740976943,7,5.566666666666666,0.0,0.003833413348524548,-0.003833413348524548
9,10740.404740976943,7,5.633333333333333,0.0,0.003586184964058159,-0.003586184964058159
9,10740.404740976943,7,5.7,0.0,0.0033549010834917664,-0.0033549010834917664
9,10740.404740976943,7,5.766666666666667,0.0,0.003138533397696691,-0.003138533397696691
9,10740.404740976943,7,5.833333333333333,0.0,0.0029361199163002714,-0.0029361199163002714
9,10740.404740976943,7,5.9,0.0,0.002746760690589351,-0.002746760690589351
9,10740.404740976943,7,5.966666666666667,0.0,0.0025696138122566084,-0.0025696138122566084
9,10740.404740976943,11,0.03333333333333333,0.0,0.9697991161959337,-0.9697991161959337
9,10740.404740976943,11,0.1,0.0,0.9072538472787854,-0.9072538472787854
9,10740.404740976943,11,0.16666666666666669,0.0,0.8487423113261123,-0.8487423113261123
9,10740.404740976943,11,0.23333333333333334,5.185185185185184,0.7940043607374581,4.391180824447726
9,10740.404740976943,11,0.3,0.0,0.7427966256154565,-0.7427966256154565
9,10740.404740976943,11,0.3666666666666667,0.0,0.694891431721175,-0.694891431721175
9,10740.404740976943,11,0.43333333333333335,0.0,0.6500757882137806,-0.6500757882137806
9,10740.404740976943,11,0.5,0.0,0.6081504406739263,-0.6081504406739263
9,10740.404740976943,11,0.5666666666666667,0.0,0.5689289852005146,-0.5689289852005146
9,10740.404740976943,11,0.6333333333333333,3.5185185185185173,0.5322370396420313,2.986281478876486
9,10740.404740976943,11,0.7,0.0,0.4979114682776703,-0.4979114682776703
9,10740.404740976943,11,0.7666666666666666,0.0,0.4657996565011093,-0.4657996565011093
9,10740.404740976943,11,0.8333333333333334,2.0370370370370363,0.4357588322821159,1.6012782047549203
9,10740.404740976943,11,0.9,0.9259259259259257,0.4076554313891406,0.5182704945367851
9,10740.404740976943,11,0.9666666666666667,0.0,0.38136450355061846,-0.38136450355061846
9,10740.404740976943,11,1.0333333333333332,0.0,0.35676915691471883,-0.35676915691471883
9,10740.404740976943,11,1.1,0.0,0.3337600383375607,-0.3337600383375607
9,10740.404740976943,11,1.1666666666666665,0.0,0.3122348471892086,-0.3122348471892086
9,10740.404740976943,11,1.2333333333333334,0.0,0.29209788051578434,-0.29209788051578434
9,10740.404740976943,11,1.2999999999999998,2.222222222222222,0.2732596075354472,1.9489626146867747
9,10740.404740976943,11,1.3666666666666667,0.0,0.2556362715764093,-0.2556362715764093
9,10740.404740976943,11,1.4333333333333331,0.0,0.23914951768717055,-0.23914951768717055
9,10740.404740976943,11,1.5,0.0,0.2237260442632904,-0.2237260442632904
9,10740.404740976943,11,1.5666666666666667,0.0,0.2092972771418011,-0.2092972771418011
9,10740.404740976943,11,1.6333333333333333,0.0,0.19579906471425323,-0.19579906471425323
9,10740.404740976943,11,1.7000000000000002,0.0,0.18317139270284163,-0.18317139270284163
9,10740.404740976943,11,1.7666666666666666,0.0,0.17135811733147788,-0.17135811733147788
9,10740.404740976943,11,1.8333333333333335,0.0,0.16030671570546504,-0.16030671570546504
9,10740.404740976943,11,1.9,0.3703703703703703,0.1499680522899403,0.22040231808042998
9,10740.404740976943,11,1.9666666666666668,0.18518518518518515,0.14029616044882603,0.04488902473635911
9,10740.404740976943,11,2.033333333333333,0.0,0.13124803807299337,-0.13124803807299337
9,10740.404740976943,11,2.0999999999999996,0.18518518518518454,0.12278345638898103,0.06240172879620351
9,10740.404740976943,11,2.166666666666667,0.0,0.1148647810982167,-0.1148647810982167
9,10740.404740976943,11,2.2333333333333334,0.0,0.10745680505150948,-0.10745680505150948
9,10740.404740976943,11,2.3,0.0,0.10052659171486797,-0.10052659171486797
9,10740.404740976943,11,2.3666666666666667,0.0,0.09404332873068051,-0.09404332873068051
9,10740.404740976943,11,2.4333333333333336,0.0,0.08797819092317623,-0.08797819092317623
9,10740.404740976943,11,2.5,0.0,0.08230421213907665,-0.08230421213907665
9,10740.404740976943,11,2.5666666666666664,0.0,0.0769961653536303,-0.0769961653536303
9,10740.404740976943,11,2.6333333333333333,0.0,0.07203045050897056,-0.07203045050897056
9,10740.404740976943,11,2.7,0.0,0.06738498958611619,-0.06738498958611619
9,10740.404740976943,11,2.7666666666666666,0.18518518518518576,0.06303912844409452,0.12214605674109123
9,10740.404740976943,11,2.833333333333333,0.0,0.05897354498975579,-0.05897354498975579
9,10740.404740976943,11,2.9,0.0,0.05517016326999288,-0.05517016326999288
9,10740.404740976943,11,2.966666666666667,0.0,0.05161207310441313,-0.05161207310441313
9,10740.404740976943,11,3.033333333333333,0.0,0.04828345490114099,-0.04828345490114099
9,10740.404740976943,11,3.0999999999999996,0.0,0.0451695093214765,-0.0451695093214765
9,10740.404740976943,11,3.166666666666667,0.0,0.042256391480692004,-0.042256391480692004
9,10740.404740976943,11,3.2333333333333334,0.0,0.039531149392417926,-0.039531149392417926
9,10740.404740976943,11,3.3,0.0,0.036981666382935374,-0.036981666382935374
9,10740.404740976943,11,3.3666666666666667,0.0,0.034596607219344995,-0.034596607219344995
9,10740.404740976943,11,3.4333333333333336,0.0,0.03236536771209253,-0.03236536771209253
9,10740.404740976943,11,3.5,0.0,0.030278027567779357,-0.030278027567779357
9,10740.404740976943,11,3.5666666666666664,0.0,0.028325306282637477,-0.028325306282637477
9,10740.404740976943,11,3.6333333333333333,0.0,0.02649852188056732,-0.02649852188056732
9,10740.404740976943,11,3.7,0.0,0.024789552312283886,-0.024789552312283886
9,10740.404740976943,11,3.7666666666666666,0.0,0.02319079934394827,-0.02319079934394827
9,10740.404740976943,11,3.833333333333333,0.0,0.02169515477473027,-0.02169515477473027
9,10740.404740976943,11,3.9,0.18518518518518576,0.020295968833102217,0.16488921635208353
9,10740.404740976943,11,3.966666666666667,0.0,0.018987020611351133,-0.018987020611351133
9,10740.404740976943,11,4.033333333333333,0.0,0.017762490406858282,-0.017762490406858282
9,10740.404740976943,11,4.1,0.0,0.016616933847173034,-0.016616933847173034
9,10740.404740976943,11,4.166666666666666,0.0,0.015545257683838685,-0.015545257683838685
9,10740.404740976943,11,4.233333333333333,0.0,0.01454269714734751,-0.01454269714734751
9,10740.404740976943,11,4.3,0.0,0.013604794762542978,-0.013604794762542978
9,10740.404740976943,11,4.366666666666667,0.0,0.012727380530280517,-0.012727380530280517
9,10740.404740976943,11,4.433333333333334,0.0,0.011906553387232842,-0.011906553387232842
9,10740.404740976943,11,4.5,0.0,0.011138663861408195,-0.011138663861408195
9,10740.404740976943,11,4.566666666666666,0.0,0.01042029784626662,-0.01042029784626662
9,10740.404740976943,11,4.633333333333333,0.0,0.009748261421292348,-0.009748261421292348
9,10740.404740976943,11,4.7,0.0,0.009119566651533231,-0.009119566651533231
9,10740.404740976943,11,4.766666666666667,0.0,0.00853141830297074,-0.00853141830297074
9,10740.404740976943,11,4.833333333333333,0.0,0.00798120141465572,-0.00798120141465572
9,10740.404740976943,11,4.9,0.0,0.00746646967235465,-0.00746646967235465
9,10740.404740976943,11,4.966666666666667,0.0,0.0069849345320145105,-0.0069849345320145105
9,10740.404740976943,11,5.033333333333333,0.0,0.006534455044688131,-0.006534455044688131
9,10740.404740976943,11,5.1,0.0,0.006113028337680839,-0.006113028337680839
9,10740.404740976943,11,5.166666666666666,0.0,0.005718780709596645,-0.005718780709596645
9,10740.404740976943,11,5.233333333333333,0.0,0.005349959299691729,-0.005349959299691729
9,10740.404740976943,11,5.3,0.0,0.005004924294496477,-0.005004924294496477
9,10740.404740976943,11,5.366666666666667,0.0,0.004682141637055892,-0.004682141637055892
9,10740.404740976943,11,5.433333333333334,0.0,0.004380176206373162,-0.004380176206373162
9,10740.404740976943,11,5.5,0.0,0.0040976854367313865,-0.0040976854367313865
9,10740.404740976943,11,5.566666666666666,0.0,0.003833413348524548,-0.003833413348524548
9,10740.404740976943,11,5.633333333333333,0.0,0.003586184964058159,-0.003586184964058159
9,10740.404740976943,11,5.7,0.0,0.0033549010834917664,-0.0033549010834917664
9,10740.404740976943,11,5.766666666666667,0.0,0.003138533397696691,-0.003138533397696691
9,10740.404740976943,11,5.833333333333333,0.0,0.0029361199163002714,-0.0029361199163002714
9,10740.404740976943,11,5.9,0.0,0.002746760690589351,-0.002746760690589351
9,10740.404740976943,11,5.966666666666667,0.0,0.0025696138122566084,-0.0025696138122566084
9,10740.404740976943,13,0.03333333333333333,0.0,0.9697991161959337,-0.9697991161959337
9,10740.404740976943,13,0.1,0.0,0.9072538472787854,-0.9072538472787854
9,10740.404740976943,13,0.16666666666666669,0.0,0.8487423113261123,-0.8487423113261123
9,10740.404740976943,13,0.23333333333333334,0.0,0.7940043607374581,-0.7940043607374581
9,10740.404740976943,13,0.3,0.0,0.7427966256154565,-0.7427966256154565
9,10740.404740976943,13,0.3666666666666667,0.0,0.694891431721175,-0.694891431721175
9,10740.404740976943,13,0.43333333333333335,6.000000000000002,0.6500757882137806,5.349924211786221
9,10740.404740976943,13,0.5,0.0,0.6081504406739263,-0.6081504406739263
9,10740.404740976943,13,0.5666666666666667,0.0,0.5689289852005146,-0.5689289852005146
9,10740.404740976943,13,0.6333333333333333,3.937500000000001,0.5322370396420313,3.4052629603579696
9,10740.404740976943,13,0.7,0.0,0.4979114682776703,-0.4979114682776703
9,10740.404740976943,13,0.7666666666666666,0.0,0.4657996565011093,-0.4657996565011093
9,10740.404740976943,13,0.8333333333333334,0.0,0.4357588322821159,-0.4357588322821159
9,10740.404740976943,13,0.9,0.0,0.4076554313891406,-0.4076554313891406
9,10740.404740976943,13,0.9666666666666667,0.0,0.38136450355061846,-0.38136450355061846
9,10740.404740976943,13,1.0333333333333332,0.5625000000000001,0.35676915691471883,0.20573084308528128
9,10740.404740976943,13,1.1,1.3125000000000004,0.3337600383375607,0.9787399616624397
9,10740.404740976943,13,1.1666666666666665,0.0,0.3122348471892086,-0.3122348471892086
9,10740.404740976943,13,1.2333333333333334,0.0,0.29209788051578434,-0.29209788051578434
9,10740.404740976943,13,1.2999999999999998,0.0,0.2732596075354472,-0.2732596075354472
9,10740.404740976943,13,1.3666666666666667,0.0,0.2556362715764093,-0.2556362715764093
9,10740.404740976943,13,1.4333333333333331,0.0,0.23914951768717055,-0.23914951768717055
9,10740.404740976943,13,1.5,0.0,0.2237260442632904,-0.2237260442632904
9,10740.404740976943,13,1.5666666666666667,0.0,0.2092972771418011,-0.2092972771418011
9,10740.404740976943,13,1.6333333333333333,0.0,0.19579906471425323,-0.19579906471425323
9,10740.404740976943,13,1.7000000000000002,1.1250000000000002,0.18317139270284163,0.9418286072971586
9,10740.404740976943,13,1.7666666666666666,0.18750000000000006,0.17135811733147788,0.01614188266852218
9,10740.404740976943,13,1.8333333333333335,0.0,0.16030671570546504,-0.16030671570546504
9,10740.404740976943,13,1.9,0.18750000000000006,0.1499680522899403,0.03753194771005974
9,10740.404740976943,13,1.9666666666666668,0.18750000000000006,0.14029616044882603,0.04720383955117402
9,10740.404740976943,13,2.033333333333333,0.0,0.13124803807299337,-0.13124803807299337
9,10740.404740976943,13,2.0999999999999996,0.0,0.12278345638898103,-0.12278345638898103
9,10740.404740976943,13,2.166666666666667,0.0,0.1148647810982167,-0.1148647810982167
9,10740.404740976943,13,2.2333333333333334,0.0,0.10745680505150948,-0.10745680505150948
9,10740.404740976943,13,2.3,0.0,0.10052659171486797,-0.10052659171486797
9,10740.404740976943,13,2.3666666666666667,0.0,0.09404332873068051,-0.09404332873068051
9,10740.404740976943,13,2.4333333333333336,0.0,0.08797819092317623,-0.08797819092317623
9,10740.404740976943,13,2.5,0.0,0.08230421213907665,-0.08230421213907665
9,10740.404740976943,13,2.5666666666666664,0.18749999999999942,0.0769961653536303,0.11050383464636912
9,10740.404740976943,13,2.6333333333333333,0.0,0.07203045050897056,-0.07203045050897056
9,10740.404740976943,13,2.7,0.0,0.06738498958611619,-0.06738498958611619
9,10740.404740976943,13,2.7666666666666666,0.0,0.06303912844409452,-0.06303912844409452
9,10740.404740976943,13,2.833333333333333,0.0,0.05897354498975579,-0.05897354498975579
9,10740.404740976943,13,2.9,0.0,0.05517016326999288,-0.05517016326999288
9,10740.404740976943,13,2.966666666666667,0.0,0.05161207310441313,-0.05161207310441313
9,10740.404740976943,13,3.033333333333333,0.0,0.04828345490114099,-0.04828345490114099
9,10740.404740976943,13,3.0999999999999996,0.0,0.0451695093214765,-0.0451695093214765
9,10740.404740976943,13,3.166666666666667,0.37499999999999883,0.042256391480692004,0.33274360851930684
9,10740.404740976943,13,3.2333333333333334,0.0,0.039531149392417926,-0.039531149392417926
9,10740.404740976943,13,3.3,0.18749999999999942,0.036981666382935374,0.15051833361706404
9,10740.404740976943,13,3.3666666666666667,0.0,0.034596607219344995,-0.034596607219344995
9,10740.404740976943,13,3.4333333333333336,0.0,0.03236536771209253,-0.03236536771209253
9,10740.404740976943,13,3.5,0.0,0.030278027567779357,-0.030278027567779357
9,10740.404740976943,13,3.5666666666666664,0.0,0.028325306282637477,-0.028325306282637477
9,10740.404740976943,13,3.6333333333333333,0.37500000000000133,0.02649852188056732,0.348501478119434
9,10740.404740976943,13,3.7,0.18749999999999942,0.024789552312283886,0.16271044768771553
9,10740.404740976943,13,3.7666666666666666,0.0,0.02319079934394827,-0.02319079934394827
9,10740.404740976943,13,3.833333333333333,0.18749999999999942,0.02169515477473027,0.16580484522526914
9,10740.404740976943,13,3.9,0.0,0.020295968833102217,-0.020295968833102217
9,10740.404740976943,13,3.966666666666667,0.0,0.018987020611351133,-0.018987020611351133
9,10740.404740976943,13,4.033333333333333,0.0,0.017762490406858282,-0.017762490406858282
9,10740.404740976943,13,4.1,0.0,0.016616933847173034,-0.016616933847173034
9,10740.404740976943,13,4.166666666666666,0.0,0.015545257683838685,-0.015545257683838685
9,10740.404740976943,13,4.233333333333333,0.0,0.01454269714734751,-0.01454269714734751
9,10740.404740976943,13,4.3,0.0,0.013604794762542978,-0.013604794762542978
9,10740.404740976943,13,4.366666666666667,0.0,0.012727380530280517,-0.012727380530280517
9,10740.404740976943,13,4.433333333333334,0.0,0.011906553387232842,-0.011906553387232842
9,10740.404740976943,13,4.5,0.0,0.011138663861408195,-0.011138663861408195
9,10740.404740976943,13,4.566666666666666,0.0,0.01042029784626662,-0.01042029784626662
9,10740.404740976943,13,4.633333333333333,0.0,0.009748261421292348,-0.009748261421292348
9,10740.404740976943,13,4.7,0.0,0.009119566651533231,-0.009119566651533231
9,10740.404740976943,13,4.766666666666667,0.0,0.00853141830297074,-0.00853141830297074
9,10740.404740976943,13,4.833333333333333,0.0,0.00798120141465572,-0.00798120141465572
9,10740.404740976943,13,4.9,0.0,0.00746646967235465,-0.00746646967235465
9,10740.404740976943,13,4.966666666666667,0.0,0.0069849345320145105,-0.0069849345320145105
9,10740.404740976943,13,5.033333333333333,0.0,0.006534455044688131,-0.006534455044688131
9,10740.404740976943,13,5.1,0.0,0.006113028337680839,-0.006113028337680839
9,10740.404740976943,13,5.166666666666666,0.0,0.005718780709596645,-0.005718780709596645
9,10740.404740976943,13,5.233333333333333,0.0,0.005349959299691729,-0.005349959299691729
9,10740.404740976943,13,5.3,0.0,0.005004924294496477,-0.005004924294496477
9,10740.404740976943,13,5.366666666666667,0.0,0.004682141637055892,-0.004682141637055892
9,10740.404740976943,13,5.433333333333334,0.0,0.004380176206373162,-0.004380176206373162
9,10740.404740976943,13,5.5,0.0,0.0040976854367313865,-0.0040976854367313865
9,10740.404740976943,13,5.566666666666666,0.0,0.003833413348524548,-0.003833413348524548
9,10740.404740976943,13,5.633333333333333,0.0,0.003586184964058159,-0.003586184964058159
9,10740.404740976943,13,5.7,0.0,0.0033549010834917664,-0.0033549010834917664
9,10740.404740976943,13,5.766666666666667,0.0,0.003138533397696691,-0.003138533397696691
9,10740.404740976943,13,5.833333333333333,0.0,0.0029361199163002714,-0.0029361199163002714
9,10740.404740976943,13,5.9,0.0,0.002746760690589351,-0.002746760690589351
9,10740.404740976943,13,5.966666666666667,0.0,0.0025696138122566084,-0.0025696138122566084
9,10740.404740976943,17,0.03333333333333333,0.0,0.9697991161959337,-0.9697991161959337
9,10740.404740976943,17,0.1,0.0,0.9072538472787854,-0.9072538472787854
9,10740.404740976943,17,0.16666666666666669,0.0,0.8487423113261123,-0.8487423113261123
9,10740.404740976943,17,0.23333333333333334,5.506329113924053,0.7940043607374581,4.7123247531865955
9,10740.404740976943,17,0.3,0.0,0.7427966256154565,-0.7427966256154565
9,10740.404740976943,17,0.3666666666666667,0.0,0.694891431721175,-0.694891431721175
9,10740.404740976943,17,0.43333333333333335,0.0,0.6500757882137806,-0.6500757882137806
9,10740.404740976943,17,0.5,0.0,0.6081504406739263,-0.6081504406739263
9,10740.404740976943,17,0.5666666666666667,0.0,0.5689289852005146,-0.5689289852005146
9,10740.404740976943,17,0.6333333333333333,3.2278481012658244,0.5322370396420313,2.695611061623793
9,10740.404740976943,17,0.7,0.0,0.4979114682776703,-0.4979114682776703
9,10740.404740976943,17,0.7666666666666666,0.0,0.4657996565011093,-0.4657996565011093
9,10740.404740976943,17,0.8333333333333334,0.0,0.4357588322821159,-0.4357588322821159
9,10740.404740976943,17,0.9,0.0,0.4076554313891406,-0.4076554313891406
9,10740.404740976943,17,0.9666666666666667,0.0,0.38136450355061846,-0.38136450355061846
9,10740.404740976943,17,1.0333333333333332,0.0,0.35676915691471883,-0.35676915691471883
9,10740.404740976943,17,1.1,0.0,0.3337600383375607,-0.3337600383375607
9,10740.404740976943,17,1.1666666666666665,0.0,0.3122348471892086,-0.3122348471892086
9,10740.404740976943,17,1.2333333333333334,0.37974683544303817,0.29209788051578434,0.08764895492725383
9,10740.404740976943,17,1.2999999999999998,0.9493670886075953,0.2732596075354472,0.6761074810721481
9,10740.404740976943,17,1.3666666666666667,0.0,0.2556362715764093,-0.2556362715764093
9,10740.404740976943,17,1.4333333333333331,0.18987341772151908,0.23914951768717055,-0.049276099965651465
9,10740.404740976943,17,1.5,1.3291139240506336,0.2237260442632904,1.105387879787343
9,10740.404740976943,17,1.5666666666666667,0.5696202531645552,0.2092972771418011,0.3603229760227541
9,10740.404740976943,17,1.6333333333333333,0.0,0.19579906471425323,-0.19579906471425323
9,10740.404740976943,17,1.7000000000000002,0.0,0.18317139270284163,-0.18317139270284163
9,10740.404740976943,17,1.7666666666666666,0.0,0.17135811733147788,-0.17135811733147788
9,10740.404740976943,17,1.8333333333333335,0.0,0.16030671570546504,-0.16030671570546504
9,10740.404740976943,17,1.9,0.0,0.1499680522899403,-0.1499680522899403
9,10740.404740976943,17,1.9666666666666668,0.0,0.14029616044882603,-0.14029616044882603
9,10740.404740976943,17,2.033333333333333,0.0,0.13124803807299337,-0.13124803807299337
9,10740.404740976943,17,2.0999999999999996,0.7594936708860738,0.12278345638898103,0.6367102144970928
9,10740.404740976943,17,2.166666666666667,1.329113924050629,0.1148647810982167,1.2142491429524123
9,10740.404740976943,17,2.2333333333333334,0.18987341772151972,0.10745680505150948,0.08241661267001024
9,10740.404740976943,17,2.3,0.0,0.10052659171486797,-0.10052659171486797
9,10740.404740976943,17,2.3666666666666667,0.0,0.09404332873068051,-0.09404332873068051
9,10740.404740976943,17,2.4333333333333336,0.0,0.08797819092317623,-0.08797819092317623
9,10740.404740976943,17,2.5,0.0,0.08230421213907665,-0.08230421213907665
9,10740.404740976943,17,2.5666666666666664,0.0,0.0769961653536303,-0.0769961653536303
9,10740.404740976943,17,2.6333333333333333,0.0,0.07203045050897056,-0.07203045050897056
9,10740.404740976943,17,2.7,0.0,0.06738498958611619,-0.06738498958611619
9,10740.404740976943,17,2.7666666666666666,0.18987341772151972,0.06303912844409452,0.12683428927742518
9,10740.404740976943,17,2.833333333333333,0.0,0.05897354498975579,-0.05897354498975579
9,10740.404740976943,17,2.9,0.0,0.05517016326999288,-0.05517016326999288
9,10740.404740976943,17,2.966666666666667,0.0,0.05161207310441313,-0.05161207310441313
9,10740.404740976943,17,3.033333333333333,0.0,0.04828345490114099,-0.04828345490114099
9,10740.404740976943,17,3.0999999999999996,0.0,0.0451695093214765,-0.0451695093214765
9,10740.404740976943,17,3.166666666666667,0.3797468354430369,0.042256391480692004,0.3374904439623449
9,10740.404740976943,17,3.2333333333333334,0.0,0.039531149392417926,-0.039531149392417926
9,10740.404740976943,17,3.3,0.0,0.036981666382935374,-0.036981666382935374
9,10740.404740976943,17,3.3666666666666667,0.0,0.034596607219344995,-0.034596607219344995
9,10740.404740976943,17,3.4333333333333336,0.0,0.03236536771209253,-0.03236536771209253
9,10740.404740976943,17,3.5,0.0,0.030278027567779357,-0.030278027567779357
9,10740.404740976943,17,3.5666666666666664,0.0,0.028325306282637477,-0.028325306282637477
9,10740.404740976943,17,3.6333333333333333,0.0,0.02649852188056732,-0.02649852188056732
9,10740.404740976943,17,3.7,0.0,0.024789552312283886,-0.024789552312283886
9,10740.404740976943,17,3.7666666666666666,0.0,0.02319079934394827,-0.02319079934394827
9,10740.404740976943,17,3.833333333333333,0.0,0.02169515477473027,-0.02169515477473027
9,10740.404740976943,17,3.9,0.0,0.020295968833102217,-0.020295968833102217
9,10740.404740976943,17,3.966666666666667,0.0,0.018987020611351133,-0.018987020611351133
9,10740.404740976943,17,4.033333333333333,0.0,0.017762490406858282,-0.017762490406858282
9,10740.404740976943,17,4.1,0.0,0.016616933847173034,-0.016616933847173034
9,10740.404740976943,17,4.166666666666666,0.0,0.015545257683838685,-0.015545257683838685
9,10740.404740976943,17,4.233333333333333,0.0,0.01454269714734751,-0.01454269714734751
9,10740.404740976943,17,4.3,0.0,0.013604794762542978,-0.013604794762542978
9,10740.404740976943,17,4.366666666666667,0.0,0.012727380530280517,-0.012727380530280517
9,10740.404740976943,17,4.433333333333334,0.0,0.011906553387232842,-0.011906553387232842
9,10740.404740976943,17,4.5,0.0,0.011138663861408195,-0.011138663861408195
9,10740.404740976943,17,4.566666666666666,0.0,0.01042029784626662,-0.01042029784626662
9,10740.404740976943,17,4.633333333333333,0.0,0.009748261421292348,-0.009748261421292348
9,10740.404740976943,17,4.7,0.0,0.009119566651533231,-0.009119566651533231
9,10740.404740976943,17,4.766666666666667,0.0,0.00853141830297074,-0.00853141830297074
9,10740.404740976943,17,4.833333333333333,0.0,0.00798120141465572,-0.00798120141465572
9,10740.404740976943,17,4.9,0.0,0.00746646967235465,-0.00746646967235465
9,10740.404740976943,17,4.966666666666667,0.0,0.0069849345320145105,-0.0069849345320145105
9,10740.404740976943,17,5.033333333333333,0.0,0.006534455044688131,-0.006534455044688131
9,10740.404740976943,17,5.1,0.0,0.006113028337680839,-0.006113028337680839
9,10740.404740976943,17,5.166666666666666,0.0,0.005718780709596645,-0.005718780709596645
9,10740.404740976943,17,5.233333333333333,0.0,0.005349959299691729,-0.005349959299691729
9,10740.404740976943,17,5.3,0.0,0.005004924294496477,-0.005004924294496477
9,10740.404740976943,17,5.366666666666667,0.0,0.004682141637055892,-0.004682141637055892
9,10740.404740976943,17,5.433333333333334,0.0,0.004380176206373162,-0.004380176206373162
9,10740.404740976943,17,5.5,0.0,0.0040976854367313865,-0.0040976854367313865
9,10740.404740976943,17,5.566666666666666,0.0,0.003833413348524548,-0.003833413348524548
9,10740.404740976943,17,5.633333333333333,0.0,0.003586184964058159,-0.003586184964058159
9,10740.404740976943,17,5.7,0.0,0.0033549010834917664,-0.0033549010834917664
9,10740.404740976943,17,5.766666666666667,0.0,0.003138533397696691,-0.003138533397696691
9,10740.404740976943,17,5.833333333333333,0.0,0.0029361199163002714,-0.0029361199163002714
9,10740.404740976943,17,5.9,0.0,0.002746760690589351,-0.002746760690589351
9,10740.404740976943,17,5.966666666666667,0.0,0.0025696138122566084,-0.0025696138122566084
9,10740.404740976943,19,0.03333333333333333,0.0,0.9697991161959337,-0.9697991161959337
9,10740.404740976943,19,0.1,0.0,0.9072538472787854,-0.9072538472787854
9,10740.404740976943,19,0.16666666666666669,0.0,0.8487423113261123,-0.8487423113261123
9,10740.404740976943,19,0.23333333333333334,0.0,0.7940043607374581,-0.7940043607374581
9,10740.404740976943,19,0.3,0.0,0.7427966256154565,-0.7427966256154565
9,10740.404740976943,19,0.3666666666666667,0.0,0.694891431721175,-0.694891431721175
9,10740.404740976943,19,0.43333333333333335,5.555555555555556,0.6500757882137806,4.905479767341776
9,10740.404740976943,19,0.5,0.0,0.6081504406739263,-0.6081504406739263
9,10740.404740976943,19,0.5666666666666667,0.0,0.5689289852005146,-0.5689289852005146
9,10740.404740976943,19,0.6333333333333333,0.0,0.5322370396420313,-0.5322370396420313
9,10740.404740976943,19,0.7,0.0,0.4979114682776703,-0.4979114682776703
9,10740.404740976943,19,0.7666666666666666,0.0,0.4657996565011093,-0.4657996565011093
9,10740.404740976943,19,0.8333333333333334,0.0,0.4357588322821159,-0.4357588322821159
9,10740.404740976943,19,0.9,0.0,0.4076554313891406,-0.4076554313891406
9,10740.404740976943,19,0.9666666666666667,0.0,0.38136450355061846,-0.38136450355061846
9,10740.404740976943,19,1.0333333333333332,1.2962962962962965,0.35676915691471883,0.9395271393815776
9,10740.404740976943,19,1.1,2.0370370370370368,0.3337600383375607,1.703276998699476
9,10740.404740976943,19,1.1666666666666665,0.0,0.3122348471892086,-0.3122348471892086
9,10740.404740976943,19,1.2333333333333334,0.1851851851851852,0.29209788051578434,-0.10691269533059913
9,10740.404740976943,19,1.2999999999999998,2.592592592592593,0.2732596075354472,2.319332985057146
9,10740.404740976943,19,1.3666666666666667,0.0,0.2556362715764093,-0.2556362715764093
9,10740.404740976943,19,1.4333333333333331,0.0,0.23914951768717055,-0.23914951768717055
9,10740.404740976943,19,1.5,0.0,0.2237260442632904,-0.2237260442632904
9,10740.404740976943,19,1.5666666666666667,0.0,0.2092972771418011,-0.2092972771418011
9,10740.404740976943,19,1.6333333333333333,0.0,0.19579906471425323,-0.19579906471425323
9,10740.404740976943,19,1.7000000000000002,0.0,0.18317139270284163,-0.18317139270284163
9,10740.404740976943,19,1.7666666666666666,0.0,0.17135811733147788,-0.17135811733147788
9,10740.404740976943,19,1.8333333333333335,0.0,0.16030671570546504,-0.16030671570546504
9,10740.404740976943,19,1.9,0.1851851851851852,0.1499680522899403,0.03521713289524489
9,10740.404740976943,19,1.9666666666666668,0.3703703703703704,0.14029616044882603,0.23007420992154437
9,10740.404740976943,19,2.033333333333333,0.0,0.13124803807299337,-0.13124803807299337
9,10740.404740976943,19,2.0999999999999996,0.0,0.12278345638898103,-0.12278345638898103
9,10740.404740976943,19,2.166666666666667,0.0,0.1148647810982167,-0.1148647810982167
9,10740.404740976943,19,2.2333333333333334,0.0,0.10745680505150948,-0.10745680505150948
9,10740.404740976943,19,2.3,0.1851851851851846,0.10052659171486797,0.08465859347031662
9,10740.404740976943,19,2.3666666666666667,0.7407407407407433,0.09404332873068051,0.6466974120100627
9,10740.404740976943,19,2.4333333333333336,0.3703703703703692,0.08797819092317623,0.28239217944719297
9,10740.404740976943,19,2.5,0.0,0.08230421213907665,-0.08230421213907665
9,10740.404740976943,19,2.5666666666666664,0.3703703703703692,0.0769961653536303,0.2933742050167389
9,10740.404740976943,19,2.6333333333333333,0.1851851851851858,0.07203045050897056,0.11315473467621526
9,10740.404740976943,19,2.7,0.0,0.06738498958611619,-0.06738498958611619
9,10740.404740976943,19,2.7666666666666666,0.0,0.06303912844409452,-0.06303912844409452
9,10740.404740976943,19,2.833333333333333,0.0,0.05897354498975579,-0.05897354498975579
9,10740.404740976943,19,2.9,0.0,0.05517016326999288,-0.05517016326999288
9,10740.404740976943,19,2.966666666666667,0.1851851851851846,0.05161207310441313,0.13357311208077147
9,10740.404740976943,19,3.033333333333333,0.5555555555555575,0.04828345490114099,0.5072721006544165
9,10740.404740976943,19,3.0999999999999996,0.0,0.0451695093214765,-0.0451695093214765
9,10740.404740976943,19,3.166666666666667,0.0,0.042256391480692004,-0.042256391480692004
9,10740.404740976943,19,3.2333333333333334,0.0,0.039531149392417926,-0.039531149392417926
9,10740.404740976943,19,3.3,0.1851851851851846,0.036981666382935374,0.14820351880224922
9,10740.404740976943,19,3.3666666666666667,0.0,0.034596607219344995,-0.034596607219344995
9,10740.404740976943,19,3.4333333333333336,0.0,0.03236536771209253,-0.03236536771209253
9,10740.404740976943,19,3.5,0.0,0.030278027567779357,-0.030278027567779357
9,10740.404740976943,19,3.5666666666666664,0.0,0.028325306282637477,-0.028325306282637477
9,10740.404740976943,19,3.6333333333333333,0.0,0.02649852188056732,-0.02649852188056732
9,10740.404740976943,19,3.7,0.0,0.024789552312283886,-0.024789552312283886
9,10740.404740976943,19,3.7666666666666666,0.0,0.02319079934394827,-0.02319079934394827
9,10740.404740976943,19,3.833333333333333,0.0,0.02169515477473027,-0.02169515477473027
9,10740.404740976943,19,3.9,0.0,0.020295968833102217,-0.020295968833102217
9,10740.404740976943,19,3.966666666666667,0.0,0.018987020611351133,-0.018987020611351133
9,10740.404740976943,19,4.033333333333333,0.0,0.017762490406858282,-0.017762490406858282
9,10740.404740976943,19,4.1,0.0,0.016616933847173034,-0.016616933847173034
9,10740.404740976943,19,4.166666666666666,0.0,0.015545257683838685,-0.015545257683838685
9,10740.404740976943,19,4.233333333333333,0.0,0.01454269714734751,-0.01454269714734751
9,10740.404740976943,19,4.3,0.0,0.013604794762542978,-0.013604794762542978
9,10740.404740976943,19,4.366666666666667,0.0,0.012727380530280517,-0.012727380530280517
9,10740.404740976943,19,4.433333333333334,0.0,0.011906553387232842,-0.011906553387232842
9,10740.404740976943,19,4.5,0.0,0.011138663861408195,-0.011138663861408195
9,10740.404740976943,19,4.566666666666666,0.0,0.01042029784626662,-0.01042029784626662
9,10740.404740976943,19,4.633333333333333,0.0,0.009748261421292348,-0.009748261421292348
9,10740.404740976943,19,4.7,0.0,0.009119566651533231,-0.009119566651533231
9,10740.404740976943,19,4.766666666666667,0.0,0.00853141830297074,-0.00853141830297074
9,10740.404740976943,19,4.833333333333333,0.0,0.00798120141465572,-0.00798120141465572
9,10740.404740976943,19,4.9,0.0,0.00746646967235465,-0.00746646967235465
9,10740.404740976943,19,4.966666666666667,0.0,0.0069849345320145105,-0.0069849345320145105
9,10740.404740976943,19,5.033333333333333,0.0,0.006534455044688131,-0.006534455044688131
9,10740.404740976943,19,5.1,0.0,0.006113028337680839,-0.006113028337680839
9,10740.404740976943,19,5.166666666666666,0.0,0.005718780709596645,-0.005718780709596645
9,10740.404740976943,19,5.233333333333333,0.0,0.005349959299691729,-0.005349959299691729
9,10740.404740976943,19,5.3,0.0,0.005004924294496477,-0.005004924294496477
9,10740.404740976943,19,5.366666666666667,0.0,0.004682141637055892,-0.004682141637055892
9,10740.404740976943,19,5.433333333333334,0.0,0.004380176206373162,-0.004380176206373162
9,10740.404740976943,19,5.5,0.0,0.0040976854367313865,-0.0040976854367313865
9,10740.404740976943,19,5.566666666666666,0.0,0.003833413348524548,-0.003833413348524548
9,10740.404740976943,19,5.633333333333333,0.0,0.003586184964058159,-0.003586184964058159
9,10740.404740976943,19,5.7,0.0,0.0033549010834917664,-0.0033549010834917664
9,10740.404740976943,19,5.766666666666667,0.0,0.003138533397696691,-0.003138533397696691
9,10740.404740976943,19,5.833333333333333,0.0,0.0029361199163002714,-0.0029361199163002714
9,10740.404740976943,19,5.9,0.0,0.002746760690589351,-0.002746760690589351
9,10740.404740976943,19,5.966666666666667,0.0,0.0025696138122566084,-0.0025696138122566084
9,10740.404740976943,23,0.03333333333333333,0.0,0.9697991161959337,-0.9697991161959337
9,10740.404740976943,23,0.1,0.0,0.9072538472787854,-0.9072538472787854
9,10740.404740976943,23,0.16666666666666669,0.0,0.8487423113261123,-0.8487423113261123
9,10740.404740976943,23,0.23333333333333334,0.0,0.7940043607374581,-0.7940043607374581
9,10740.404740976943,23,0.3,0.0,0.7427966256154565,-0.7427966256154565
9,10740.404740976943,23,0.3666666666666667,0.0,0.694891431721175,-0.694891431721175
9,10740.404740976943,23,0.43333333333333335,0.0,0.6500757882137806,-0.6500757882137806
9,10740.404740976943,23,0.5,0.0,0.6081504406739263,-0.6081504406739263
9,10740.404740976943,23,0.5666666666666667,0.0,0.5689289852005146,-0.5689289852005146
9,10740.404740976943,23,0.6333333333333333,7.125,0.5322370396420313,6.592762960357969
9,10740.404740976943,23,0.7,0.0,0.4979114682776703,-0.4979114682776703
9,10740.404740976943,23,0.7666666666666666,0.0,0.4657996565011093,-0.4657996565011093
9,10740.404740976943,23,0.8333333333333334,1.6875,0.4357588322821159,1.251741167717884
9,10740.404740976943,23,0.9,1.3125000000000002,0.4076554313891406,0.9048445686108596
9,10740.404740976943,23,0.9666666666666667,0.0,0.38136450355061846,-0.38136450355061846
9,10740.404740976943,23,1.0333333333333332,0.0,0.35676915691471883,-0.35676915691471883
9,10740.404740976943,23,1.1,0.0,0.3337600383375607,-0.3337600383375607
9,10740.404740976943,23,1.1666666666666665,0.0,0.3122348471892086,-0.3122348471892086
9,10740.404740976943,23,1.2333333333333334,0.0,0.29209788051578434,-0.29209788051578434
9,10740.404740976943,23,1.2999999999999998,0.0,0.2732596075354472,-0.2732596075354472
9,10740.404740976943,23,1.3666666666666667,0.0,0.2556362715764093,-0.2556362715764093
9,10740.404740976943,23,1.4333333333333331,0.0,0.23914951768717055,-0.23914951768717055
9,10740.404740976943,23,1.5,1.6875,0.2237260442632904,1.4637739557367095
9,10740.404740976943,23,1.5666666666666667,0.1874999999999994,0.2092972771418011,-0.021797277141801713
9,10740.404740976943,23,1.6333333333333333,0.0,0.19579906471425323,-0.19579906471425323
9,10740.404740976943,23,1.7000000000000002,0.0,0.18317139270284163,-0.18317139270284163
9,10740.404740976943,23,1.7666666666666666,0.0,0.17135811733147788,-0.17135811733147788
9,10740.404740976943,23,1.8333333333333335,0.0,0.16030671570546504,-0.16030671570546504
9,10740.404740976943,23,1.9,0.9375,0.1499680522899403,0.7875319477100597
9,10740.404740976943,23,1.9666666666666668,0.375,0.14029616044882603,0.23470383955117397
9,10740.404740976943,23,2.033333333333333,0.0,0.13124803807299337,-0.13124803807299337
9,10740.404740976943,23,2.0999999999999996,0.0,0.12278345638898103,-0.12278345638898103
9,10740.404740976943,23,2.166666666666667,0.5624999999999981,0.1148647810982167,0.44763521890178143
9,10740.404740976943,23,2.2333333333333334,0.5625000000000019,0.10745680505150948,0.45504319494849244
9,10740.404740976943,23,2.3,0.0,0.10052659171486797,-0.10052659171486797
9,10740.404740976943,23,2.3666666666666667,0.0,0.09404332873068051,-0.09404332873068051
9,10740.404740976943,23,2.4333333333333336,0.0,0.08797819092317623,-0.08797819092317623
9,10740.404740976943,23,2.5,0.0,0.08230421213907665,-0.08230421213907665
9,10740.404740976943,23,2.5666666666666664,0.3749999999999988,0.0769961653536303,0.2980038346463685
9,10740.404740976943,23,2.6333333333333333,0.0,0.07203045050897056,-0.07203045050897056
9,10740.404740976943,23,2.7,0.0,0.06738498958611619,-0.06738498958611619
9,10740.404740976943,23,2.7666666666666666,0.1875000000000006,0.06303912844409452,0.12446087155590609
9,10740.404740976943,23,2.833333333333333,0.0,0.05897354498975579,-0.05897354498975579
9,10740.404740976943,23,2.9,0.0,0.05517016326999288,-0.05517016326999288
9,10740.404740976943,23,2.966666666666667,0.0,0.05161207310441313,-0.05161207310441313
9,10740.404740976943,23,3.033333333333333,0.0,0.04828345490114099,-0.04828345490114099
9,10740.404740976943,23,3.0999999999999996,0.0,0.0451695093214765,-0.0451695093214765
9,10740.404740976943,23,3.166666666666667,0.0,0.042256391480692004,-0.042256391480692004
9,10740.404740976943,23,3.2333333333333334,0.0,0.039531149392417926,-0.039531149392417926
9,10740.404740976943,23,3.3,0.0,0.036981666382935374,-0.036981666382935374
9,10740.404740976943,23,3.3666666666666667,0.0,0.034596607219344995,-0.034596607219344995
9,10740.404740976943,23,3.4333333333333336,0.0,0.03236536771209253,-0.03236536771209253
9,10740.404740976943,23,3.5,0.0,0.030278027567779357,-0.030278027567779357
9,10740.404740976943,23,3.5666666666666664,0.0,0.028325306282637477,-0.028325306282637477
9,10740.404740976943,23,3.6333333333333333,0.0,0.02649852188056732,-0.02649852188056732
9,10740.404740976943,23,3.7,0.0,0.024789552312283886,-0.024789552312283886
9,10740.404740976943,23,3.7666666666666666,0.0,0.02319079934394827,-0.02319079934394827
9,10740.404740976943,23,3.833333333333333,0.0,0.02169515477473027,-0.02169515477473027
9,10740.404740976943,23,3.9,0.0,0.020295968833102217,-0.020295968833102217
9,10740.404740976943,23,3.966666666666667,0.0,0.018987020611351133,-0.018987020611351133
9,10740.404740976943,23,4.033333333333333,0.0,0.017762490406858282,-0.017762490406858282
9,10740.404740976943,23,4.1,0.0,0.016616933847173034,-0.016616933847173034
9,10740.404740976943,23,4.166666666666666,0.0,0.015545257683838685,-0.015545257683838685
9,10740.404740976943,23,4.233333333333333,0.0,0.01454269714734751,-0.01454269714734751
9,10740.404740976943,23,4.3,0.0,0.013604794762542978,-0.013604794762542978
9,10740.404740976943,23,4.366666666666667,0.0,0.012727380530280517,-0.012727380530280517
9,10740.404740976943,23,4.433333333333334,0.0,0.011906553387232842,-0.011906553387232842
9,10740.404740976943,23,4.5,0.0,0.011138663861408195,-0.011138663861408195
9,10740.404740976943,23,4.566666666666666,0.0,0.01042029784626662,-0.01042029784626662
9,10740.404740976943,23,4.633333333333333,0.0,0.009748261421292348,-0.009748261421292348
9,10740.404740976943,23,4.7,0.0,0.009119566651533231,-0.009119566651533231
9,10740.404740976943,23,4.766666666666667,0.0,0.00853141830297074,-0.00853141830297074
9,10740.404740976943,23,4.833333333333333,0.0,0.00798120141465572,-0.00798120141465572
9,10740.404740976943,23,4.9,0.0,0.00746646967235465,-0.00746646967235465
9,10740.404740976943,23,4.966666666666667,0.0,0.0069849345320145105,-0.0069849345320145105
9,10740.404740976943,23,5.033333333333333,0.0,0.006534455044688131,-0.006534455044688131
9,10740.404740976943,23,5.1,0.0,0.006113028337680839,-0.006113028337680839
9,10740.404740976943,23,5.166666666666666,0.0,0.005718780709596645,-0.005718780709596645
9,10740.404740976943,23,5.233333333333333,0.0,0.005349959299691729,-0.005349959299691729
9,10740.404740976943,23,5.3,0.0,0.005004924294496477,-0.005004924294496477
9,10740.404740976943,23,5.366666666666667,0.0,0.004682141637055892,-0.004682141637055892
9,10740.404740976943,23,5.433333333333334,0.0,0.004380176206373162,-0.004380176206373162
9,10740.404740976943,23,5.5,0.0,0.0040976854367313865,-0.0040976854367313865
9,10740.404740976943,23,5.566666666666666,0.0,0.003833413348524548,-0.003833413348524548
9,10740.404740976943,23,5.633333333333333,0.0,0.003586184964058159,-0.003586184964058159
9,10740.404740976943,23,5.7,0.0,0.0033549010834917664,-0.0033549010834917664
9,10740.404740976943,23,5.766666666666667,0.0,0.003138533397696691,-0.003138533397696691
9,10740.404740976943,23,5.833333333333333,0.0,0.0029361199163002714,-0.0029361199163002714
9,10740.404740976943,23,5.9,0.0,0.002746760690589351,-0.002746760690589351
9,10740.404740976943,23,5.966666666666667,0.0,0.0025696138122566084,-0.0025696138122566084
9,10740.404740976943,29,0.03333333333333333,0.0,0.9697991161959337,-0.9697991161959337
9,10740.404740976943,29,0.1,0.0,0.9072538472787854,-0.9072538472787854
9,10740.404740976943,29,0.16666666666666669,0.0,0.8487423113261123,-0.8487423113261123
9,10740.404740976943,29,0.23333333333333334,5.437500000000002,0.7940043607374581,4.643495639262544
9,10740.404740976943,29,0.3,0.0,0.7427966256154565,-0.7427966256154565
9,10740.404740976943,29,0.3666666666666667,0.0,0.694891431721175,-0.694891431721175
9,10740.404740976943,29,0.43333333333333335,0.0,0.6500757882137806,-0.6500757882137806
9,10740.404740976943,29,0.5,0.0,0.6081504406739263,-0.6081504406739263
9,10740.404740976943,29,0.5666666666666667,0.0,0.5689289852005146,-0.5689289852005146
9,10740.404740976943,29,0.6333333333333333,0.0,0.5322370396420313,-0.5322370396420313
9,10740.404740976943,29,0.7,0.0,0.4979114682776703,-0.4979114682776703
9,10740.404740976943,29,0.7666666666666666,0.0,0.4657996565011093,-0.4657996565011093
9,10740.404740976943,29,0.8333333333333334,3.562500000000001,0.4357588322821159,3.126741167717885
9,10740.404740976943,29,0.9,1.3125000000000004,0.4076554313891406,0.9048445686108598
9,10740.404740976943,29,0.9666666666666667,0.0,0.38136450355061846,-0.38136450355061846
9,10740.404740976943,29,1.0333333333333332,0.0,0.35676915691471883,-0.35676915691471883
9,10740.404740976943,29,1.1,0.0,0.3337600383375607,-0.3337600383375607
9,10740.404740976943,29,1.1666666666666665,0.0,0.3122348471892086,-0.3122348471892086
9,10740.404740976943,29,1.2333333333333334,0.3750000000000001,0.29209788051578434,0.08290211948421577
9,10740.404740976943,29,1.2999999999999998,2.0625000000000004,0.2732596075354472,1.7892403924645532
9,10740.404740976943,29,1.3666666666666667,0.0,0.2556362715764093,-0.2556362715764093
9,10740.404740976943,29,1.4333333333333331,0.0,0.23914951768717055,-0.23914951768717055
9,10740.404740976943,29,1.5,1.3125000000000004,0.2237260442632904,1.08877395573671
9,10740.404740976943,29,1.5666666666666667,0.18749999999999942,0.2092972771418011,-0.021797277141801685
9,10740.404740976943,29,1.6333333333333333,0.0,0.19579906471425323,-0.19579906471425323
9,10740.404740976943,29,1.7000000000000002,0.0,0.18317139270284163,-0.18317139270284163
9,10740.404740976943,29,1.7666666666666666,0.0,0.17135811733147788,-0.17135811733147788
9,10740.404740976943,29,1.8333333333333335,0.0,0.16030671570546504,-0.16030671570546504
9,10740.404740976943,29,1.9,0.0,0.1499680522899403,-0.1499680522899403
9,10740.404740976943,29,1.9666666666666668,0.18750000000000006,0.14029616044882603,0.04720383955117402
9,10740.404740976943,29,2.033333333333333,0.0,0.13124803807299337,-0.13124803807299337
9,10740.404740976943,29,2.0999999999999996,0.18749999999999942,0.12278345638898103,0.06471654361101839
9,10740.404740976943,29,2.166666666666667,0.0,0.1148647810982167,-0.1148647810982167
9,10740.404740976943,29,2.2333333333333334,0.0,0.10745680505150948,-0.10745680505150948
9,10740.404740976943,29,2.3,0.0,0.10052659171486797,-0.10052659171486797
9,10740.404740976943,29,2.3666666666666667,0.0,0.09404332873068051,-0.09404332873068051
9,10740.404740976943,29,2.4333333333333336,0.0,0.08797819092317623,-0.08797819092317623
9,10740.404740976943,29,2.5,0.0,0.08230421213907665,-0.08230421213907665
9,10740.404740976943,29,2.5666666666666664,0.18749999999999942,0.0769961653536303,0.11050383464636912
9,10740.404740976943,29,2.6333333333333333,0.0,0.07203045050897056,-0.07203045050897056
9,10740.404740976943,29,2.7,0.0,0.06738498958611619,-0.06738498958611619
9,10740.404740976943,29,2.7666666666666666,0.0,0.06303912844409452,-0.06303912844409452
9,10740.404740976943,29,2.833333333333333,0.0,0.05897354498975579,-0.05897354498975579
9,10740.404740976943,29,2.9,0.0,0.05517016326999288,-0.05517016326999288
9,10740.404740976943,29,2.966666666666667,0.0,0.05161207310441313,-0.05161207310441313
9,10740.404740976943,29,3.033333333333333,0.0,0.04828345490114099,-0.04828345490114099
9,10740.404740976943,29,3.0999999999999996,0.0,0.0451695093214765,-0.0451695093214765
9,10740.404740976943,29,3.166666666666667,0.0,0.042256391480692004,-0.042256391480692004
9,10740.404740976943,29,3.2333333333333334,0.0,0.039531149392417926,-0.039531149392417926
9,10740.404740976943,29,3.3,0.0,0.036981666382935374,-0.036981666382935374
9,10740.404740976943,29,3.3666666666666667,0.0,0.034596607219344995,-0.034596607219344995
9,10740.404740976943,29,3.4333333333333336,0.18749999999999942,0.03236536771209253,0.1551346322879069
9,10740.404740976943,29,3.5,0.0,0.030278027567779357,-0.030278027567779357
9,10740.404740976943,29,3.5666666666666664,0.0,0.028325306282637477,-0.028325306282637477
9,10740.404740976943,29,3.6333333333333333,0.0,0.02649852188056732,-0.02649852188056732
9,10740.404740976943,29,3.7,0.0,0.024789552312283886,-0.024789552312283886
9,10740.404740976943,29,3.7666666666666666,0.0,0.02319079934394827,-0.02319079934394827
9,10740.404740976943,29,3.833333333333333,0.0,0.02169515477473027,-0.02169515477473027
9,10740.404740976943,29,3.9,0.0,0.020295968833102217,-0.020295968833102217
9,10740.404740976943,29,3.966666666666667,0.0,0.018987020611351133,-0.018987020611351133
9,10740.404740976943,29,4.033333333333333,0.0,0.017762490406858282,-0.017762490406858282
9,10740.404740976943,29,4.1,0.0,0.016616933847173034,-0.016616933847173034
9,10740.404740976943,29,4.166666666666666,0.0,0.015545257683838685,-0.015545257683838685
9,10740.404740976943,29,4.233333333333333,0.0,0.01454269714734751,-0.01454269714734751
9,10740.404740976943,29,4.3,0.0,0.013604794762542978,-0.013604794762542978
9,10740.404740976943,29,4.366666666666667,0.0,0.012727380530280517,-0.012727380530280517
9,10740.404740976943,29,4.433333333333334,0.0,0.011906553387232842,-0.011906553387232842
9,10740.404740976943,29,4.5,0.0,0.011138663861408195,-0.011138663861408195
9,10740.404740976943,29,4.566666666666666,0.0,0.01042029784626662,-0.01042029784626662
9,10740.404740976943,29,4.633333333333333,0.0,0.009748261421292348,-0.009748261421292348
9,10740.404740976943,29,4.7,0.0,0.009119566651533231,-0.009119566651533231
9,10740.404740976943,29,4.766666666666667,0.0,0.00853141830297074,-0.00853141830297074
9,10740.404740976943,29,4.833333333333333,0.0,0.00798120141465572,-0.00798120141465572
9,10740.404740976943,29,4.9,0.0,0.00746646967235465,-0.00746646967235465
9,10740.404740976943,29,4.966666666666667,0.0,0.0069849345320145105,-0.0069849345320145105
9,10740.404740976943,29,5.033333333333333,0.0,0.006534455044688131,-0.006534455044688131
9,10740.404740976943,29,5.1,0.0,0.006113028337680839,-0.006113028337680839
9,10740.404740976943,29,5.166666666666666,0.0,0.005718780709596645,-0.005718780709596645
9,10740.404740976943,29,5.233333333333333,0.0,0.005349959299691729,-0.005349959299691729
9,10740.404740976943,29,5.3,0.0,0.005004924294496477,-0.005004924294496477
9,10740.404740976943,29,5.366666666666667,0.0,0.004682141637055892,-0.004682141637055892
9,10740.404740976943,29,5.433333333333334,0.0,0.004380176206373162,-0.004380176206373162
9,10740.404740976943,29,5.5,0.0,0.0040976854367313865,-0.0040976854367313865
9,10740.404740976943,29,5.566666666666666,0.0,0.003833413348524548,-0.003833413348524548
9,10740.404740976943,29,5.633333333333333,0.0,0.003586184964058159,-0.003586184964058159
9,10740.404740976943,29,5.7,0.0,0.0033549010834917664,-0.0033549010834917664
9,10740.404740976943,29,5.766666666666667,0.0,0.003138533397696691,-0.003138533397696691
9,10740.404740976943,29,5.833333333333333,0.0,0.0029361199163002714,-0.0029361199163002714
9,10740.404740976943,29,5.9,0.0,0.002746760690589351,-0.002746760690589351
9,10740.404740976943,29,5.966666666666667,0.0,0.0025696138122566084,-0.0025696138122566084
10,18620.02341566734,1,0.03333333333333333,0.0,0.9697991161959337,-0.9697991161959337
10,18620.02341566734,1,0.1,0.0,0.9072538472787854,-0.9072538472787854
10,18620.02341566734,1,0.16666666666666669,0.0,0.8487423113261123,-0.8487423113261123
10,18620.02341566734,1,0.23333333333333334,0.0,0.7940043607374581,-0.7940043607374581
10,18620.02341566734,1,0.3,0.0,0.7427966256154565,-0.7427966256154565
10,18620.02341566734,1,0.3666666666666667,0.0,0.694891431721175,-0.694891431721175
10,18620.02341566734,1,0.43333333333333335,0.0,0.6500757882137806,-0.6500757882137806
10,18620.02341566734,1,0.5,0.0,0.6081504406739263,-0.6081504406739263
10,18620.02341566734,1,0.5666666666666667,0.8823529411764708,0.5689289852005146,0.3134239559759562
10,18620.02341566734,1,0.6333333333333333,4.191176470588236,0.5322370396420313,3.658939430946205
10,18620.02341566734,1,0.7,0.0,0.4979114682776703,-0.4979114682776703
10,18620.02341566734,1,0.7666666666666666,0.0,0.4657996565011093,-0.4657996565011093
10,18620.02341566734,1,0.8333333333333334,0.0,0.4357588322821159,-0.4357588322821159
10,18620.02341566734,1,0.9,0.0,0.4076554313891406,-0.4076554313891406
10,18620.02341566734,1,0.9666666666666667,0.8823529411764708,0.38136450355061846,0.5009884376258523
10,18620.02341566734,1,1.0333333333333332,2.3161764705882355,0.35676915691471883,1.9594073136735166
10,18620.02341566734,1,1.1,0.0,0.3337600383375607,-0.3337600383375607
10,18620.02341566734,1,1.1666666666666665,0.772058823529412,0.3122348471892086,0.45982397634020344
10,18620.02341566734,1,1.2333333333333334,1.6544117647058827,0.29209788051578434,1.3623138841900984
10,18620.02341566734,1,1.2999999999999998,0.0,0.2732596075354472,-0.2732596075354472
10,18620.02341566734,1,1.3666666666666667,0.0,0.2556362715764093,-0.2556362715764093
10,18620.02341566734,1,1.4333333333333331,0.0,0.23914951768717055,-0.23914951768717055
10,18620.02341566734,1,1.5,0.0,0.2237260442632904,-0.2237260442632904
10,18620.02341566734,1,1.5666666666666667,0.5514705882352925,0.2092972771418011,0.34217331109349136
10,18620.02341566734,1,1.6333333333333333,1.1029411764705885,0.19579906471425323,0.9071421117563353
10,18620.02341566734,1,1.7000000000000002,0.0,0.18317139270284163,-0.18317139270284163
10,18620.02341566734,1,1.7666666666666666,0.661764705882353,0.17135811733147788,0.49040658855087516
10,18620.02341566734,1,1.8333333333333335,0.5514705882352943,0.16030671570546504,0.3911638725298292
10,18620.02341566734,1,1.9,0.3308823529411765,0.1499680522899403,0.1809143006512362
10,18620.02341566734,1,1.9666666666666668,0.0,0.14029616044882603,-0.14029616044882603
10,18620.02341566734,1,2.033333333333333,0.0,0.13124803807299337,-0.13124803807299337
10,18620.02341566734,1,2.0999999999999996,0.0,0.12278345638898103,-0.12278345638898103
10,18620.02341566734,1,2.166666666666667,0.0,0.1148647810982167,-0.1148647810982167
10,18620.02341566734,1,2.2333333333333334,0.3308823529411777,0.10745680505150948,0.2234255478896682
10,18620.02341566734,1,2.3,0.22058823529411697,0.10052659171486797,0.120061643579249
10,18620.02341566734,1,2.3666666666666667,0.0,0.09404332873068051,-0.09404332873068051
10,18620.02341566734,1,2.4333333333333336,0.0,0.08797819092317623,-0.08797819092317623
10,18620.02341566734,1,2.5,0.0,0.08230421213907665,-0.08230421213907665
10,18620.02341566734,1,2.5666666666666664,0.0,0.0769961653536303,-0.0769961653536303
10,18620.02341566734,1,2.6333333333333333,0.0,0.07203045050897056,-0.07203045050897056
10,18620.02341566734,1,2.7,0.0,0.06738498958611619,-0.06738498958611619
10,18620.02341566734,1,2.7666666666666666,0.11029411764705921,0.06303912844409452,0.047254989202964684
10,18620.02341566734,1,2.833333333333333,0.11029411764705849,0.05897354498975579,0.0513205726573027
10,18620.02341566734,1,2.9,0.0,0.05517016326999288,-0.05517016326999288
10,18620.02341566734,1,2.966666666666667,0.0,0.05161207310441313,-0.05161207310441313
10,18620.02341566734,1,3.033333333333333,0.0,0.04828345490114099,-0.04828345490114099
10,18620.02341566734,1,3.0999999999999996,0.11029411764705849,0.0451695093214765,0.06512460832558198
10,18620.02341566734,1,3.166666666666667,0.11029411764705849,0.042256391480692004,0.06803772616636648
10,18620.02341566734,1,3.2333333333333334,0.0,0.039531149392417926,-0.039531149392417926
10,18620.02341566734,1,3.3,0.0,0.036981666382935374,-0.036981666382935374
10,18620.02341566734,1,3.3666666666666667,0.0,0.034596607219344995,-0.034596607219344995
10,18620.02341566734,1,3.4333333333333336,0.0,0.03236536771209253,-0.03236536771209253
10,18620.02341566734,1,3.5,0.0,0.030278027567779357,-0.030278027567779357
10,18620.02341566734,1,3.5666666666666664,0.0,0.028325306282637477,-0.028325306282637477
10,18620.02341566734,1,3.6333333333333333,0.0,0.02649852188056732,-0.02649852188056732
10,18620.02341566734,1,3.7,0.0,0.024789552312283886,-0.024789552312283886
10,18620.02341566734,1,3.7666666666666666,0.0,0.02319079934394827,-0.02319079934394827
10,18620.02341566734,1,3.833333333333333,0.0,0.02169515477473027,-0.02169515477473027
10,18620.02341566734,1,3.9,0.0,0.020295968833102217,-0.020295968833102217
10,18620.02341566734,1,3.966666666666667,0.0,0.018987020611351133,-0.018987020611351133
10,18620.02341566734,1,4.033333333333333,0.0,0.017762490406858282,-0.017762490406858282
10,18620.02341566734,1,4.1,0.0,0.016616933847173034,-0.016616933847173034
10,18620.02341566734,1,4.166666666666666,0.0,0.015545257683838685,-0.015545257683838685
10,18620.02341566734,1,4.233333333333333,0.0,0.01454269714734751,-0.01454269714734751
10,18620.02341566734,1,4.3,0.0,0.013604794762542978,-0.013604794762542978
10,18620.02341566734,1,4.366666666666667,0.11029411764705775,0.012727380530280517,0.09756673711677724
10,18620.02341566734,1,4.433333333333334,0.0,0.011906553387232842,-0.011906553387232842
10,18620.02341566734,1,4.5,0.0,0.011138663861408195,-0.011138663861408195
10,18620.02341566734,1,4.566666666666666,0.0,0.01042029784626662,-0.01042029784626662
10,18620.02341566734,1,4.633333333333333,0.0,0.009748261421292348,-0.009748261421292348
10,18620.02341566734,1,4.7,0.0,0.009119566651533231,-0.009119566651533231
10,18620.02341566734,1,4.766666666666667,0.0,0.00853141830297074,-0.00853141830297074
10,18620.02341566734,1,4.833333333333333,0.0,0.00798120141465572,-0.00798120141465572
10,18620.02341566734,1,4.9,0.0,0.00746646967235465,-0.00746646967235465
10,18620.02341566734,1,4.966666666666667,0.0,0.0069849345320145105,-0.0069849345320145105
10,18620.02341566734,1,5.033333333333333,0.0,0.006534455044688131,-0.006534455044688131
10,18620.02341566734,1,5.1,0.0,0.006113028337680839,-0.006113028337680839
10,18620.02341566734,1,5.166666666666666,0.0,0.005718780709596645,-0.005718780709596645
10,18620.02341566734,1,5.233333333333333,0.0,0.005349959299691729,-0.005349959299691729
10,18620.02341566734,1,5.3,0.0,0.005004924294496477,-0.005004924294496477
10,18620.02341566734,1,5.366666666666667,0.0,0.004682141637055892,-0.004682141637055892
10,18620.02341566734,1,5.433333333333334,0.0,0.004380176206373162,-0.004380176206373162
10,18620.02341566734,1,5.5,0.0,0.0040976854367313865,-0.0040976854367313865
10,18620.02341566734,1,5.566666666666666,0.0,0.003833413348524548,-0.003833413348524548
10,18620.02341566734,1,5.633333333333333,0.0,0.003586184964058159,-0.003586184964058159
10,18620.02341566734,1,5.7,0.0,0.0033549010834917664,-0.0033549010834917664
10,18620.02341566734,1,5.766666666666667,0.0,0.003138533397696691,-0.003138533397696691
10,18620.02341566734,1,5.833333333333333,0.0,0.0029361199163002714,-0.0029361199163002714
10,18620.02341566734,1,5.9,0.0,0.002746760690589351,-0.002746760690589351
10,18620.02341566734,1,5.966666666666667,0.0,0.0025696138122566084,-0.0025696138122566084
10,18620.02341566734,7,0.03333333333333333,0.0,0.9697991161959337,-0.9697991161959337
10,18620.02341566734,7,0.1,0.0,0.9072538472787854,-0.9072538472787854
10,18620.02341566734,7,0.16666666666666669,0.0,0.8487423113261123,-0.8487423113261123
10,18620.02341566734,7,0.23333333333333334,0.0,0.7940043607374581,-0.7940043607374581
10,18620.02341566734,7,0.3,0.0,0.7427966256154565,-0.7427966256154565
10,18620.02341566734,7,0.3666666666666667,1.2096774193548379,0.694891431721175,0.5147859876336629
10,18620.02341566734,7,0.43333333333333335,4.475806451612903,0.6500757882137806,3.8257306633991224
10,18620.02341566734,7,0.5,0.0,0.6081504406739263,-0.6081504406739263
10,18620.02341566734,7,0.5666666666666667,0.8467741935483871,0.5689289852005146,0.2778452083478725
10,18620.02341566734,7,0.6333333333333333,2.661290322580645,0.5322370396420313,2.1290532829386137
10,18620.02341566734,7,0.7,0.0,0.4979114682776703,-0.4979114682776703
10,18620.02341566734,7,0.7666666666666666,0.0,0.4657996565011093,-0.4657996565011093
10,18620.02341566734,7,0.8333333333333334,0.0,0.4357588322821159,-0.4357588322821159
10,18620.02341566734,7,0.9,0.0,0.4076554313891406,-0.4076554313891406
10,18620.02341566734,7,0.9666666666666667,0.12096774193548387,0.38136450355061846,-0.2603967616151346
10,18620.02341566734,7,1.0333333333333332,2.056451612903226,0.35676915691471883,1.699682455988507
10,18620.02341566734,7,1.1,0.0,0.3337600383375607,-0.3337600383375607
10,18620.02341566734,7,1.1666666666666665,0.4838709677419355,0.3122348471892086,0.17163612055272692
10,18620.02341566734,7,1.2333333333333334,0.8467741935483871,0.29209788051578434,0.5546763130326028
10,18620.02341566734,7,1.2999999999999998,0.0,0.2732596075354472,-0.2732596075354472
10,18620.02341566734,7,1.3666666666666667,0.0,0.2556362715764093,-0.2556362715764093
10,18620.02341566734,7,1.4333333333333331,0.0,0.23914951768717055,-0.23914951768717055
10,18620.02341566734,7,1.5,0.0,0.2237260442632904,-0.2237260442632904
10,18620.02341566734,7,1.5666666666666667,0.0,0.2092972771418011,-0.2092972771418011
10,18620.02341566734,7,1.6333333333333333,0.7258064516129032,0.19579906471425323,0.53000738689865
10,18620.02341566734,7,1.7000000000000002,0.0,0.18317139270284163,-0.18317139270284163
10,18620.02341566734,7,1.7666666666666666,0.0,0.17135811733147788,-0.17135811733147788
10,18620.02341566734,7,1.8333333333333335,0.0,0.16030671570546504,-0.16030671570546504
10,18620.02341566734,7,1.9,0.0,0.1499680522899403,-0.1499680522899403
10,18620.02341566734,7,1.9666666666666668,0.0,0.14029616044882603,-0.14029616044882603
10,18620.02341566734,7,2.033333333333333,0.0,0.13124803807299337,-0.13124803807299337
10,18620.02341566734,7,2.0999999999999996,0.0,0.12278345638898103,-0.12278345638898103
10,18620.02341566734,7,2.166666666666667,0.12096774193548347,0.1148647810982167,0.006102960837266774
10,18620.02341566734,7,2.2333333333333334,0.6048387096774214,0.10745680505150948,0.4973819046259119
10,18620.02341566734,7,2.3,0.24193548387096694,0.10052659171486797,0.14140889215609898
10,18620.02341566734,7,2.3666666666666667,0.12096774193548428,0.09404332873068051,0.026924413204803765
10,18620.02341566734,7,2.4333333333333336,0.24193548387096694,0.08797819092317623,0.1539572929477907
10,18620.02341566734,7,2.5,0.0,0.08230421213907665,-0.08230421213907665
10,18620.02341566734,7,2.5666666666666664,0.0,0.0769961653536303,-0.0769961653536303
10,18620.02341566734,7,2.6333333333333333,0.0,0.07203045050897056,-0.07203045050897056
10,18620.02341566734,7,2.7,0.0,0.06738498958611619,-0.06738498958611619
10,18620.02341566734,7,2.7666666666666666,0.0,0.06303912844409452,-0.06303912844409452
10,18620.02341566734,7,2.833333333333333,0.0,0.05897354498975579,-0.05897354498975579
10,18620.02341566734,7,2.9,0.0,0.05517016326999288,-0.05517016326999288
10,18620.02341566734,7,2.966666666666667,0.0,0.05161207310441313,-0.05161207310441313
10,18620.02341566734,7,3.033333333333333,0.0,0.04828345490114099,-0.04828345490114099
10,18620.02341566734,7,3.0999999999999996,0.0,0.0451695093214765,-0.0451695093214765
10,18620.02341566734,7,3.166666666666667,0.0,0.042256391480692004,-0.042256391480692004
10,18620.02341566734,7,3.2333333333333334,0.0,0.039531149392417926,-0.039531149392417926
10,18620.02341566734,7,3.3,0.0,0.036981666382935374,-0.036981666382935374
10,18620.02341566734,7,3.3666666666666667,0.0,0.034596607219344995,-0.034596607219344995
10,18620.02341566734,7,3.4333333333333336,0.12096774193548347,0.03236536771209253,0.08860237422339094
10,18620.02341566734,7,3.5,0.12096774193548428,0.030278027567779357,0.09068971436770493
10,18620.02341566734,7,3.5666666666666664,0.0,0.028325306282637477,-0.028325306282637477
10,18620.02341566734,7,3.6333333333333333,0.0,0.02649852188056732,-0.02649852188056732
10,18620.02341566734,7,3.7,0.0,0.024789552312283886,-0.024789552312283886
10,18620.02341566734,7,3.7666666666666666,0.0,0.02319079934394827,-0.02319079934394827
10,18620.02341566734,7,3.833333333333333,0.0,0.02169515477473027,-0.02169515477473027
10,18620.02341566734,7,3.9,0.0,0.020295968833102217,-0.020295968833102217
10,18620.02341566734,7,3.966666666666667,0.0,0.018987020611351133,-0.018987020611351133
10,18620.02341566734,7,4.033333333333333,0.0,0.017762490406858282,-0.017762490406858282
10,18620.02341566734,7,4.1,0.0,0.016616933847173034,-0.016616933847173034
10,18620.02341566734,7,4.166666666666666,0.0,0.015545257683838685,-0.015545257683838685
10,18620.02341566734,7,4.233333333333333,0.0,0.01454269714734751,-0.01454269714734751
10,18620.02341566734,7,4.3,0.0,0.013604794762542978,-0.013604794762542978
10,18620.02341566734,7,4.366666666666667,0.0,0.012727380530280517,-0.012727380530280517
10,18620.02341566734,7,4.433333333333334,0.0,0.011906553387232842,-0.011906553387232842
10,18620.02341566734,7,4.5,0.0,0.011138663861408195,-0.011138663861408195
10,18620.02341566734,7,4.566666666666666,0.0,0.01042029784626662,-0.01042029784626662
10,18620.02341566734,7,4.633333333333333,0.0,0.009748261421292348,-0.009748261421292348
10,18620.02341566734,7,4.7,0.0,0.009119566651533231,-0.009119566651533231
10,18620.02341566734,7,4.766666666666667,0.0,0.00853141830297074,-0.00853141830297074
10,18620.02341566734,7,4.833333333333333,0.0,0.00798120141465572,-0.00798120141465572
10,18620.02341566734,7,4.9,0.0,0.00746646967235465,-0.00746646967235465
10,18620.02341566734,7,4.966666666666667,0.0,0.0069849345320145105,-0.0069849345320145105
10,18620.02341566734,7,5.033333333333333,0.0,0.006534455044688131,-0.006534455044688131
10,18620.02341566734,7,5.1,0.0,0.006113028337680839,-0.006113028337680839
10,18620.02341566734,7,5.166666666666666,0.0,0.005718780709596645,-0.005718780709596645
10,18620.02341566734,7,5.233333333333333,0.0,0.005349959299691729,-0.005349959299691729
10,18620.02341566734,7,5.3,0.0,0.005004924294496477,-0.005004924294496477
10,18620.02341566734,7,5.366666666666667,0.0,0.004682141637055892,-0.004682141637055892
10,18620.02341566734,7,5.433333333333334,0.0,0.004380176206373162,-0.004380176206373162
10,18620.02341566734,7,5.5,0.0,0.0040976854367313865,-0.0040976854367313865
10,18620.02341566734,7,5.566666666666666,0.0,0.003833413348524548,-0.003833413348524548
10,18620.02341566734,7,5.633333333333333,0.0,0.003586184964058159,-0.003586184964058159
10,18620.02341566734,7,5.7,0.0,0.0033549010834917664,-0.0033549010834917664
10,18620.02341566734,7,5.766666666666667,0.0,0.003138533397696691,-0.003138533397696691
10,18620.02341566734,7,5.833333333333333,0.0,0.0029361199163002714,-0.0029361199163002714
10,18620.02341566734,7,5.9,0.0,0.002746760690589351,-0.002746760690589351
10,18620.02341566734,7,5.966666666666667,0.0,0.0025696138122566084,-0.0025696138122566084
10,18620.02341566734,11,0.03333333333333333,0.0,0.9697991161959337,-0.9697991161959337
10,18620.02341566734,11,0.1,0.0,0.9072538472787854,-0.9072538472787854
10,18620.02341566734,11,0.16666666666666669,1.353383458646616,0.8487423113261123,0.5046411473205037
10,18620.02341566734,11,0.23333333333333334,4.511278195488722,0.7940043607374581,3.717273834751264
10,18620.02341566734,11,0.3,0.0,0.7427966256154565,-0.7427966256154565
10,18620.02341566734,11,0.3666666666666667,0.0,0.694891431721175,-0.694891431721175
10,18620.02341566734,11,0.43333333333333335,0.0,0.6500757882137806,-0.6500757882137806
10,18620.02341566734,11,0.5,0.0,0.6081504406739263,-0.6081504406739263
10,18620.02341566734,11,0.5666666666666667,1.3533834586466165,0.5689289852005146,0.7844544734461019
10,18620.02341566734,11,0.6333333333333333,2.819548872180451,0.5322370396420313,2.28731183253842
10,18620.02341566734,11,0.7,0.0,0.4979114682776703,-0.4979114682776703
10,18620.02341566734,11,0.7666666666666666,0.0,0.4657996565011093,-0.4657996565011093
10,18620.02341566734,11,0.8333333333333334,1.6917293233082706,0.4357588322821159,1.2559704910261547
10,18620.02341566734,11,0.9,0.0,0.4076554313891406,-0.4076554313891406
10,18620.02341566734,11,0.9666666666666667,0.0,0.38136450355061846,-0.38136450355061846
10,18620.02341566734,11,1.0333333333333332,0.0,0.35676915691471883,-0.35676915691471883
10,18620.02341566734,11,1.1,0.0,0.3337600383375607,-0.3337600383375607
10,18620.02341566734,11,1.1666666666666665,0.22556390977443608,0.3122348471892086,-0.0866709374147725
10,18620.02341566734,11,1.2333333333333334,1.6917293233082706,0.29209788051578434,1.3996314427924863
10,18620.02341566734,11,1.2999999999999998,0.0,0.2732596075354472,-0.2732596075354472
10,18620.02341566734,11,1.3666666666666667,0.0,0.2556362715764093,-0.2556362715764093
10,18620.02341566734,11,1.4333333333333331,0.0,0.23914951768717055,-0.23914951768717055
10,18620.02341566734,11,1.5,0.0,0.2237260442632904,-0.2237260442632904
10,18620.02341566734,11,1.5666666666666667,0.0,0.2092972771418011,-0.2092972771418011
10,18620.02341566734,11,1.6333333333333333,0.0,0.19579906471425323,-0.19579906471425323
10,18620.02341566734,11,1.7000000000000002,0.0,0.18317139270284163,-0.18317139270284163
10,18620.02341566734,11,1.7666666666666666,0.11278195488721804,0.17135811733147788,-0.05857616244425984
10,18620.02341566734,11,1.8333333333333335,0.5639097744360902,0.16030671570546504,0.4036030587306252
10,18620.02341566734,11,1.9,0.0,0.1499680522899403,-0.1499680522899403
10,18620.02341566734,11,1.9666666666666668,0.11278195488721804,0.14029616044882603,-0.027514205561607996
10,18620.02341566734,11,2.033333333333333,0.3383458646616553,0.13124803807299337,0.2070978265886619
10,18620.02341566734,11,2.0999999999999996,0.0,0.12278345638898103,-0.12278345638898103
10,18620.02341566734,11,2.166666666666667,0.0,0.1148647810982167,-0.1148647810982167
10,18620.02341566734,11,2.2333333333333334,0.0,0.10745680505150948,-0.10745680505150948
10,18620.02341566734,11,2.3,0.0,0.10052659171486797,-0.10052659171486797
10,18620.02341566734,11,2.3666666666666667,0.0,0.09404332873068051,-0.09404332873068051
10,18620.02341566734,11,2.4333333333333336,0.0,0.08797819092317623,-0.08797819092317623
10,18620.02341566734,11,2.5,0.0,0.08230421213907665,-0.08230421213907665
10,18620.02341566734,11,2.5666666666666664,0.0,0.0769961653536303,-0.0769961653536303
10,18620.02341566734,11,2.6333333333333333,0.0,0.07203045050897056,-0.07203045050897056
10,18620.02341566734,11,2.7,0.0,0.06738498958611619,-0.06738498958611619
10,18620.02341566734,11,2.7666666666666666,0.0,0.06303912844409452,-0.06303912844409452
10,18620.02341566734,11,2.833333333333333,0.0,0.05897354498975579,-0.05897354498975579
10,18620.02341566734,11,2.9,0.0,0.05517016326999288,-0.05517016326999288
10,18620.02341566734,11,2.966666666666667,0.11278195488721766,0.05161207310441313,0.06116988178280453
10,18620.02341566734,11,3.033333333333333,0.0,0.04828345490114099,-0.04828345490114099
10,18620.02341566734,11,3.0999999999999996,0.0,0.0451695093214765,-0.0451695093214765
10,18620.02341566734,11,3.166666666666667,0.0,0.042256391480692004,-0.042256391480692004
10,18620.02341566734,11,3.2333333333333334,0.0,0.039531149392417926,-0.039531149392417926
10,18620.02341566734,11,3.3,0.0,0.036981666382935374,-0.036981666382935374
10,18620.02341566734,11,3.3666666666666667,0.0,0.034596607219344995,-0.034596607219344995
10,18620.02341566734,11,3.4333333333333336,0.0,0.03236536771209253,-0.03236536771209253
10,18620.02341566734,11,3.5,0.0,0.030278027567779357,-0.030278027567779357
10,18620.02341566734,11,3.5666666666666664,0.11278195488721766,0.028325306282637477,0.08445664860458019
10,18620.02341566734,11,3.6333333333333333,0.0,0.02649852188056732,-0.02649852188056732
10,18620.02341566734,11,3.7,0.0,0.024789552312283886,-0.024789552312283886
10,18620.02341566734,11,3.7666666666666666,0.0,0.02319079934394827,-0.02319079934394827
10,18620.02341566734,11,3.833333333333333,0.0,0.02169515477473027,-0.02169515477473027
10,18620.02341566734,11,3.9,0.0,0.020295968833102217,-0.020295968833102217
10,18620.02341566734,11,3.966666666666667,0.0,0.018987020611351133,-0.018987020611351133
10,18620.02341566734,11,4.033333333333333,0.0,0.017762490406858282,-0.017762490406858282
10,18620.02341566734,11,4.1,0.0,0.016616933847173034,-0.016616933847173034
10,18620.02341566734,11,4.166666666666666,0.0,0.015545257683838685,-0.015545257683838685
10,18620.02341566734,11,4.233333333333333,0.0,0.01454269714734751,-0.01454269714734751
10,18620.02341566734,11,4.3,0.0,0.013604794762542978,-0.013604794762542978
10,18620.02341566734,11,4.366666666666667,0.0,0.012727380530280517,-0.012727380530280517
10,18620.02341566734,11,4.433333333333334,0.0,0.011906553387232842,-0.011906553387232842
10,18620.02341566734,11,4.5,0.0,0.011138663861408195,-0.011138663861408195
10,18620.02341566734,11,4.566666666666666,0.0,0.01042029784626662,-0.01042029784626662
10,18620.02341566734,11,4.633333333333333,0.0,0.009748261421292348,-0.009748261421292348
10,18620.02341566734,11,4.7,0.0,0.009119566651533231,-0.009119566651533231
10,18620.02341566734,11,4.766666666666667,0.0,0.00853141830297074,-0.00853141830297074
10,18620.02341566734,11,4.833333333333333,0.0,0.00798120141465572,-0.00798120141465572
10,18620.02341566734,11,4.9,0.0,0.00746646967235465,-0.00746646967235465
10,18620.02341566734,11,4.966666666666667,0.0,0.0069849345320145105,-0.0069849345320145105
10,18620.02341566734,11,5.033333333333333,0.0,0.006534455044688131,-0.006534455044688131
10,18620.02341566734,11,5.1,0.0,0.006113028337680839,-0.006113028337680839
10,18620.02341566734,11,5.166666666666666,0.0,0.005718780709596645,-0.005718780709596645
10,18620.02341566734,11,5.233333333333333,0.0,0.005349959299691729,-0.005349959299691729
10,18620.02341566734,11,5.3,0.0,0.005004924294496477,-0.005004924294496477
10,18620.02341566734,11,5.366666666666667,0.0,0.004682141637055892,-0.004682141637055892
10,18620.02341566734,11,5.433333333333334,0.0,0.004380176206373162,-0.004380176206373162
10,18620.02341566734,11,5.5,0.0,0.0040976854367313865,-0.0040976854367313865
10,18620.02341566734,11,5.566666666666666,0.0,0.003833413348524548,-0.003833413348524548
10,18620.02341566734,11,5.633333333333333,0.0,0.003586184964058159,-0.003586184964058159
10,18620.02341566734,11,5.7,0.0,0.0033549010834917664,-0.0033549010834917664
10,18620.02341566734,11,5.766666666666667,0.0,0.003138533397696691,-0.003138533397696691
10,18620.02341566734,11,5.833333333333333,0.0,0.0029361199163002714,-0.0029361199163002714
10,18620.02341566734,11,5.9,0.0,0.002746760690589351,-0.002746760690589351
10,18620.02341566734,11,5.966666666666667,0.0,0.0025696138122566084,-0.0025696138122566084
10,18620.02341566734,13,0.03333333333333333,0.0,0.9697991161959337,-0.9697991161959337
10,18620.02341566734,13,0.1,0.0,0.9072538472787854,-0.9072538472787854
10,18620.02341566734,13,0.16666666666666669,0.0,0.8487423113261123,-0.8487423113261123
10,18620.02341566734,13,0.23333333333333334,0.0,0.7940043607374581,-0.7940043607374581
10,18620.02341566734,13,0.3,0.0,0.7427966256154565,-0.7427966256154565
10,18620.02341566734,13,0.3666666666666667,1.3432835820895515,0.694891431721175,0.6483921503683765
10,18620.02341566734,13,0.43333333333333335,3.6940298507462694,0.6500757882137806,3.043954062532489
10,18620.02341566734,13,0.5,0.0,0.6081504406739263,-0.6081504406739263
10,18620.02341566734,13,0.5666666666666667,0.8955223880597017,0.5689289852005146,0.32659340285918714
10,18620.02341566734,13,0.6333333333333333,2.6865671641791047,0.5322370396420313,2.1543301245370734
10,18620.02341566734,13,0.7,0.0,0.4979114682776703,-0.4979114682776703
10,18620.02341566734,13,0.7666666666666666,0.0,0.4657996565011093,-0.4657996565011093
10,18620.02341566734,13,0.8333333333333334,0.0,0.4357588322821159,-0.4357588322821159
10,18620.02341566734,13,0.9,0.0,0.4076554313891406,-0.4076554313891406
10,18620.02341566734,13,0.9666666666666667,0.22388059701492544,0.38136450355061846,-0.15748390653569302
10,18620.02341566734,13,1.0333333333333332,1.0074626865671643,0.35676915691471883,0.6506935296524454
10,18620.02341566734,13,1.1,0.0,0.3337600383375607,-0.3337600383375607
10,18620.02341566734,13,1.1666666666666665,0.0,0.3122348471892086,-0.3122348471892086
10,18620.02341566734,13,1.2333333333333334,0.0,0.29209788051578434,-0.29209788051578434
10,18620.02341566734,13,1.2999999999999998,0.0,0.2732596075354472,-0.2732596075354472
10,18620.02341566734,13,1.3666666666666667,0.0,0.2556362715764093,-0.2556362715764093
10,18620.02341566734,13,1.4333333333333331,0.0,0.23914951768717055,-0.23914951768717055
10,18620.02341566734,13,1.5,0.0,0.2237260442632904,-0.2237260442632904
10,18620.02341566734,13,1.5666666666666667,0.5597014925373117,0.2092972771418011,0.3504042153955106
10,18620.02341566734,13,1.6333333333333333,0.8955223880597017,0.19579906471425323,0.6997233233454485
10,18620.02341566734,13,1.7000000000000002,0.22388059701492544,0.18317139270284163,0.0407092043120838
10,18620.02341566734,13,1.7666666666666666,0.11194029850746272,0.17135811733147788,-0.05941781882401516
10,18620.02341566734,13,1.8333333333333335,0.8955223880597017,0.16030671570546504,0.7352156723542367
10,18620.02341566734,13,1.9,0.0,0.1499680522899403,-0.1499680522899403
10,18620.02341566734,13,1.9666666666666668,0.0,0.14029616044882603,-0.14029616044882603
10,18620.02341566734,13,2.033333333333333,0.0,0.13124803807299337,-0.13124803807299337
10,18620.02341566734,13,2.0999999999999996,0.0,0.12278345638898103,-0.12278345638898103
10,18620.02341566734,13,2.166666666666667,0.0,0.1148647810982167,-0.1148647810982167
10,18620.02341566734,13,2.2333333333333334,0.0,0.10745680505150948,-0.10745680505150948
10,18620.02341566734,13,2.3,0.0,0.10052659171486797,-0.10052659171486797
10,18620.02341566734,13,2.3666666666666667,0.22388059701492616,0.09404332873068051,0.12983726828424563
10,18620.02341566734,13,2.4333333333333336,0.335820895522387,0.08797819092317623,0.24784270459921076
10,18620.02341566734,13,2.5,0.22388059701492616,0.08230421213907665,0.1415763848758495
10,18620.02341566734,13,2.5666666666666664,0.0,0.0769961653536303,-0.0769961653536303
10,18620.02341566734,13,2.6333333333333333,0.0,0.07203045050897056,-0.07203045050897056
10,18620.02341566734,13,2.7,0.0,0.06738498958611619,-0.06738498958611619
10,18620.02341566734,13,2.7666666666666666,0.0,0.06303912844409452,-0.06303912844409452
10,18620.02341566734,13,2.833333333333333,0.11194029850746234,0.05897354498975579,0.05296675351770656
10,18620.02341566734,13,2.9,0.4477611940298523,0.05517016326999288,0.39259103075985946
10,18620.02341566734,13,2.966666666666667,0.0,0.05161207310441313,-0.05161207310441313
10,18620.02341566734,13,3.033333333333333,0.3358208955223893,0.04828345490114099,0.2875374406212483
10,18620.02341566734,13,3.0999999999999996,0.2238805970149247,0.0451695093214765,0.17871108769344818
10,18620.02341566734,13,3.166666666666667,0.0,0.042256391480692004,-0.042256391480692004
10,18620.02341566734,13,3.2333333333333334,0.0,0.039531149392417926,-0.039531149392417926
10,18620.02341566734,13,3.3,0.0,0.036981666382935374,-0.036981666382935374
10,18620.02341566734,13,3.3666666666666667,0.0,0.034596607219344995,-0.034596607219344995
10,18620.02341566734,13,3.4333333333333336,0.2238805970149247,0.03236536771209253,0.19151522930283216
10,18620.02341566734,13,3.5,0.0,0.030278027567779357,-0.030278027567779357
10,18620.02341566734,13,3.5666666666666664,0.0,0.028325306282637477,-0.028325306282637477
10,18620.02341566734,13,3.6333333333333333,0.0,0.02649852188056732,-0.02649852188056732
10,18620.02341566734,13,3.7,0.11194029850746234,0.024789552312283886,0.08715074619517846
10,18620.02341566734,13,3.7666666666666666,0.0,0.02319079934394827,-0.02319079934394827
10,18620.02341566734,13,3.833333333333333,0.0,0.02169515477473027,-0.02169515477473027
10,18620.02341566734,13,3.9,0.0,0.020295968833102217,-0.020295968833102217
10,18620.02341566734,13,3.966666666666667,0.11194029850746234,0.018987020611351133,0.09295327789611121
10,18620.02341566734,13,4.033333333333333,0.11194029850746308,0.017762490406858282,0.0941778081006048
10,18620.02341566734,13,4.1,0.0,0.016616933847173034,-0.016616933847173034
10,18620.02341566734,13,4.166666666666666,0.0,0.015545257683838685,-0.015545257683838685
10,18620.02341566734,13,4.233333333333333,0.0,0.01454269714734751,-0.01454269714734751
10,18620.02341566734,13,4.3,0.0,0.013604794762542978,-0.013604794762542978
10,18620.02341566734,13,4.366666666666667,0.0,0.012727380530280517,-0.012727380530280517
10,18620.02341566734,13,4.433333333333334,0.0,0.011906553387232842,-0.011906553387232842
10,18620.02341566734,13,4.5,0.0,0.011138663861408195,-0.011138663861408195
10,18620.02341566734,13,4.566666666666666,0.0,0.01042029784626662,-0.01042029784626662
10,18620.02341566734,13,4.633333333333333,0.0,0.009748261421292348,-0.009748261421292348
10,18620.02341566734,13,4.7,0.0,0.009119566651533231,-0.009119566651533231
10,18620.02341566734,13,4.766666666666667,0.0,0.00853141830297074,-0.00853141830297074
10,18620.02341566734,13,4.833333333333333,0.0,0.00798120141465572,-0.00798120141465572
10,18620.02341566734,13,4.9,0.0,0.00746646967235465,-0.00746646967235465
10,18620.02341566734,13,4.966666666666667,0.0,0.0069849345320145105,-0.0069849345320145105
10,18620.02341566734,13,5.033333333333333,0.0,0.006534455044688131,-0.006534455044688131
10,18620.02341566734,13,5.1,0.0,0.006113028337680839,-0.006113028337680839
10,18620.02341566734,13,5.166666666666666,0.0,0.005718780709596645,-0.005718780709596645
10,18620.02341566734,13,5.233333333333333,0.0,0.005349959299691729,-0.005349959299691729
10,18620.02341566734,13,5.3,0.0,0.005004924294496477,-0.005004924294496477
10,18620.02341566734,13,5.366666666666667,0.0,0.004682141637055892,-0.004682141637055892
10,18620.02341566734,13,5.433333333333334,0.0,0.004380176206373162,-0.004380176206373162
10,18620.02341566734,13,5.5,0.0,0.0040976854367313865,-0.0040976854367313865
10,18620.02341566734,13,5.566666666666666,0.0,0.003833413348524548,-0.003833413348524548
10,18620.02341566734,13,5.633333333333333,0.0,0.003586184964058159,-0.003586184964058159
10,18620.02341566734,13,5.7,0.0,0.0033549010834917664,-0.0033549010834917664
10,18620.02341566734,13,5.766666666666667,0.0,0.003138533397696691,-0.003138533397696691
10,18620.02341566734,13,5.833333333333333,0.0,0.0029361199163002714,-0.0029361199163002714
10,18620.02341566734,13,5.9,0.0,0.002746760690589351,-0.002746760690589351
10,18620.02341566734,13,5.966666666666667,0.0,0.0025696138122566084,-0.0025696138122566084
10,18620.02341566734,17,0.03333333333333333,0.0,0.9697991161959337,-0.9697991161959337
10,18620.02341566734,17,0.1,0.0,0.9072538472787854,-0.9072538472787854
10,18620.02341566734,17,0.16666666666666669,1.304347826086956,0.8487423113261123,0.45560551476084377
10,18620.02341566734,17,0.23333333333333334,4.456521739130435,0.7940043607374581,3.6625173783929768
10,18620.02341566734,17,0.3,0.0,0.7427966256154565,-0.7427966256154565
10,18620.02341566734,17,0.3666666666666667,0.0,0.694891431721175,-0.694891431721175
10,18620.02341566734,17,0.43333333333333335,0.0,0.6500757882137806,-0.6500757882137806
10,18620.02341566734,17,0.5,0.0,0.6081504406739263,-0.6081504406739263
10,18620.02341566734,17,0.5666666666666667,0.7608695652173912,0.5689289852005146,0.19194058001687664
10,18620.02341566734,17,0.6333333333333333,2.9347826086956528,0.5322370396420313,2.4025455690536215
10,18620.02341566734,17,0.7,0.0,0.4979114682776703,-0.4979114682776703
10,18620.02341566734,17,0.7666666666666666,0.0,0.4657996565011093,-0.4657996565011093
10,18620.02341566734,17,0.8333333333333334,0.0,0.4357588322821159,-0.4357588322821159
10,18620.02341566734,17,0.9,0.0,0.4076554313891406,-0.4076554313891406
10,18620.02341566734,17,0.9666666666666667,0.0,0.38136450355061846,-0.38136450355061846
10,18620.02341566734,17,1.0333333333333332,0.0,0.35676915691471883,-0.35676915691471883
10,18620.02341566734,17,1.1,0.0,0.3337600383375607,-0.3337600383375607
10,18620.02341566734,17,1.1666666666666665,0.7608695652173912,0.3122348471892086,0.44863471802818267
10,18620.02341566734,17,1.2333333333333334,1.1956521739130435,0.29209788051578434,0.9035542933972591
10,18620.02341566734,17,1.2999999999999998,0.0,0.2732596075354472,-0.2732596075354472
10,18620.02341566734,17,1.3666666666666667,0.7608695652173912,0.2556362715764093,0.505233293640982
10,18620.02341566734,17,1.4333333333333331,1.1956521739130435,0.23914951768717055,0.9565026562258729
10,18620.02341566734,17,1.5,0.0,0.2237260442632904,-0.2237260442632904
10,18620.02341566734,17,1.5666666666666667,0.0,0.2092972771418011,-0.2092972771418011
10,18620.02341566734,17,1.6333333333333333,0.0,0.19579906471425323,-0.19579906471425323
10,18620.02341566734,17,1.7000000000000002,0.0,0.18317139270284163,-0.18317139270284163
10,18620.02341566734,17,1.7666666666666666,0.0,0.17135811733147788,-0.17135811733147788
10,18620.02341566734,17,1.8333333333333335,0.0,0.16030671570546504,-0.16030671570546504
10,18620.02341566734,17,1.9,0.0,0.1499680522899403,-0.1499680522899403
10,18620.02341566734,17,1.9666666666666668,0.10869565217391304,0.14029616044882603,-0.031600508274912995
10,18620.02341566734,17,2.033333333333333,0.32608695652174025,0.13124803807299337,0.19483891844874687
10,18620.02341566734,17,2.0999999999999996,0.10869565217391268,0.12278345638898103,-0.014087804215068347
10,18620.02341566734,17,2.166666666666667,0.0,0.1148647810982167,-0.1148647810982167
10,18620.02341566734,17,2.2333333333333334,0.0,0.10745680505150948,-0.10745680505150948
10,18620.02341566734,17,2.3,0.0,0.10052659171486797,-0.10052659171486797
10,18620.02341566734,17,2.3666666666666667,0.1086956521739134,0.09404332873068051,0.01465232344323289
10,18620.02341566734,17,2.4333333333333336,0.0,0.08797819092317623,-0.08797819092317623
10,18620.02341566734,17,2.5,0.1086956521739134,0.08230421213907665,0.026391440034836747
10,18620.02341566734,17,2.5666666666666664,0.0,0.0769961653536303,-0.0769961653536303
10,18620.02341566734,17,2.6333333333333333,0.1086956521739134,0.07203045050897056,0.036665201664942845
10,18620.02341566734,17,2.7,0.21739130434782536,0.06738498958611619,0.15000631476170917
10,18620.02341566734,17,2.7666666666666666,0.0,0.06303912844409452,-0.06303912844409452
10,18620.02341566734,17,2.833333333333333,0.0,0.05897354498975579,-0.05897354498975579
10,18620.02341566734,17,2.9,0.0,0.05517016326999288,-0.05517016326999288
10,18620.02341566734,17,2.966666666666667,0.0,0.05161207310441313,-0.05161207310441313
10,18620.02341566734,17,3.033333333333333,0.2173913043478268,0.04828345490114099,0.1691078494466858
10,18620.02341566734,17,3.0999999999999996,0.10869565217391268,0.0451695093214765,0.06352614285243618
10,18620.02341566734,17,3.166666666666667,0.0,0.042256391480692004,-0.042256391480692004
10,18620.02341566734,17,3.2333333333333334,0.0,0.039531149392417926,-0.039531149392417926
10,18620.02341566734,17,3.3,0.0,0.036981666382935374,-0.036981666382935374
10,18620.02341566734,17,3.3666666666666667,0.0,0.034596607219344995,-0.034596607219344995
10,18620.02341566734,17,3.4333333333333336,0.0,0.03236536771209253,-0.03236536771209253
10,18620.02341566734,17,3.5,0.0,0.030278027567779357,-0.030278027567779357
10,18620.02341566734,17,3.5666666666666664,0.21739130434782536,0.028325306282637477,0.18906599806518787
10,18620.02341566734,17,3.6333333333333333,0.0,0.02649852188056732,-0.02649852188056732
10,18620.02341566734,17,3.7,0.0,0.024789552312283886,-0.024789552312283886
10,18620.02341566734,17,3.7666666666666666,0.0,0.02319079934394827,-0.02319079934394827
10,18620.02341566734,17,3.833333333333333,0.0,0.02169515477473027,-0.02169515477473027
10,18620.02341566734,17,3.9,0.0,0.020295968833102217,-0.020295968833102217
10,18620.02341566734,17,3.966666666666667,0.0,0.018987020611351133,-0.018987020611351133
10,18620.02341566734,17,4.033333333333333,0.0,0.017762490406858282,-0.017762490406858282
10,18620.02341566734,17,4.1,0.0,0.016616933847173034,-0.016616933847173034
10,18620.02341566734,17,4.166666666666666,0.0,0.015545257683838685,-0.015545257683838685
10,18620.02341566734,17,4.233333333333333,0.0,0.01454269714734751,-0.01454269714734751
10,18620.02341566734,17,4.3,0.0,0.013604794762542978,-0.013604794762542978
10,18620.02341566734,17,4.366666666666667,0.0,0.012727380530280517,-0.012727380530280517
10,18620.02341566734,17,4.433333333333334,0.0,0.011906553387232842,-0.011906553387232842
10,18620.02341566734,17,4.5,0.0,0.011138663861408195,-0.011138663861408195
10,18620.02341566734,17,4.566666666666666,0.0,0.01042029784626662,-0.01042029784626662
10,18620.02341566734,17,4.633333333333333,0.0,0.009748261421292348,-0.009748261421292348
10,18620.02341566734,17,4.7,0.0,0.009119566651533231,-0.009119566651533231
10,18620.02341566734,17,4.766666666666667,0.0,0.00853141830297074,-0.00853141830297074
10,18620.02341566734,17,4.833333333333333,0.0,0.00798120141465572,-0.00798120141465572
10,18620.02341566734,17,4.9,0.0,0.00746646967235465,-0.00746646967235465
10,18620.02341566734,17,4.966666666666667,0.0,0.0069849345320145105,-0.0069849345320145105
10,18620.02341566734,17,5.033333333333333,0.0,0.006534455044688131,-0.006534455044688131
10,18620.02341566734,17,5.1,0.0,0.006113028337680839,-0.006113028337680839
10,18620.02341566734,17,5.166666666666666,0.0,0.005718780709596645,-0.005718780709596645
10,18620.02341566734,17,5.233333333333333,0.0,0.005349959299691729,-0.005349959299691729
10,18620.02341566734,17,5.3,0.0,0.005004924294496477,-0.005004924294496477
10,18620.02341566734,17,5.366666666666667,0.0,0.004682141637055892,-0.004682141637055892
10,18620.02341566734,17,5.433333333333334,0.0,0.004380176206373162,-0.004380176206373162
10,18620.02341566734,17,5.5,0.0,0.0040976854367313865,-0.0040976854367313865
10,18620.02341566734,17,5.566666666666666,0.0,0.003833413348524548,-0.003833413348524548
10,18620.02341566734,17,5.633333333333333,0.0,0.003586184964058159,-0.003586184964058159
10,18620.02341566734,17,5.7,0.0,0.0033549010834917664,-0.0033549010834917664
10,18620.02341566734,17,5.766666666666667,0.0,0.003138533397696691,-0.003138533397696691
10,18620.02341566734,17,5.833333333333333,0.0,0.0029361199163002714,-0.0029361199163002714
10,18620.02341566734,17,5.9,0.0,0.002746760690589351,-0.002746760690589351
10,18620.02341566734,17,5.966666666666667,0.0,0.0025696138122566084,-0.0025696138122566084
10,18620.02341566734,19,0.03333333333333333,0.0,0.9697991161959337,-0.9697991161959337
10,18620.02341566734,19,0.1,0.0,0.9072538472787854,-0.9072538472787854
10,18620.02341566734,19,0.16666666666666669,0.0,0.8487423113261123,-0.8487423113261123
10,18620.02341566734,19,0.23333333333333334,0.0,0.7940043607374581,-0.7940043607374581
10,18620.02341566734,19,0.3,0.0,0.7427966256154565,-0.7427966256154565
10,18620.02341566734,19,0.3666666666666667,1.3432835820895515,0.694891431721175,0.6483921503683765
10,18620.02341566734,19,0.43333333333333335,4.029850746268657,0.6500757882137806,3.3797749580548766
10,18620.02341566734,19,0.5,0.0,0.6081504406739263,-0.6081504406739263
10,18620.02341566734,19,0.5666666666666667,0.0,0.5689289852005146,-0.5689289852005146
10,18620.02341566734,19,0.6333333333333333,0.0,0.5322370396420313,-0.5322370396420313
10,18620.02341566734,19,0.7,0.0,0.4979114682776703,-0.4979114682776703
10,18620.02341566734,19,0.7666666666666666,0.0,0.4657996565011093,-0.4657996565011093
10,18620.02341566734,19,0.8333333333333334,0.0,0.4357588322821159,-0.4357588322821159
10,18620.02341566734,19,0.9,0.0,0.4076554313891406,-0.4076554313891406
10,18620.02341566734,19,0.9666666666666667,1.0074626865671643,0.38136450355061846,0.6260981830165459
10,18620.02341566734,19,1.0333333333333332,2.7985074626865676,0.35676915691471883,2.4417383057718487
10,18620.02341566734,19,1.1,0.0,0.3337600383375607,-0.3337600383375607
10,18620.02341566734,19,1.1666666666666665,0.5597014925373135,0.3122348471892086,0.24746664534810492
10,18620.02341566734,19,1.2333333333333334,2.6865671641791047,0.29209788051578434,2.3944692836633203
10,18620.02341566734,19,1.2999999999999998,0.0,0.2732596075354472,-0.2732596075354472
10,18620.02341566734,19,1.3666666666666667,0.0,0.2556362715764093,-0.2556362715764093
10,18620.02341566734,19,1.4333333333333331,0.0,0.23914951768717055,-0.23914951768717055
10,18620.02341566734,19,1.5,0.0,0.2237260442632904,-0.2237260442632904
10,18620.02341566734,19,1.5666666666666667,0.0,0.2092972771418011,-0.2092972771418011
10,18620.02341566734,19,1.6333333333333333,0.0,0.19579906471425323,-0.19579906471425323
10,18620.02341566734,19,1.7000000000000002,0.0,0.18317139270284163,-0.18317139270284163
10,18620.02341566734,19,1.7666666666666666,0.22388059701492544,0.17135811733147788,0.05252247968344756
10,18620.02341566734,19,1.8333333333333335,0.8955223880597017,0.16030671570546504,0.7352156723542367
10,18620.02341566734,19,1.9,0.11194029850746272,0.1499680522899403,-0.038027753782477594
10,18620.02341566734,19,1.9666666666666668,0.0,0.14029616044882603,-0.14029616044882603
10,18620.02341566734,19,2.033333333333333,0.0,0.13124803807299337,-0.13124803807299337
10,18620.02341566734,19,2.0999999999999996,0.0,0.12278345638898103,-0.12278345638898103
10,18620.02341566734,19,2.166666666666667,0.2238805970149247,0.1148647810982167,0.10901581591670799
10,18620.02341566734,19,2.2333333333333334,0.3358208955223893,0.10745680505150948,0.22836409047087983
10,18620.02341566734,19,2.3,0.0,0.10052659171486797,-0.10052659171486797
10,18620.02341566734,19,2.3666666666666667,0.0,0.09404332873068051,-0.09404332873068051
10,18620.02341566734,19,2.4333333333333336,0.11194029850746234,0.08797819092317623,0.023962107584286116
10,18620.02341566734,19,2.5,0.0,0.08230421213907665,-0.08230421213907665
10,18620.02341566734,19,2.5666666666666664,0.0,0.0769961653536303,-0.0769961653536303
10,18620.02341566734,19,2.6333333333333333,0.0,0.07203045050897056,-0.07203045050897056
10,18620.02341566734,19,2.7,0.0,0.06738498958611619,-0.06738498958611619
10,18620.02341566734,19,2.7666666666666666,0.11194029850746308,0.06303912844409452,0.048901170063368554
10,18620.02341566734,19,2.833333333333333,0.2238805970149247,0.05897354498975579,0.1649070520251689
10,18620.02341566734,19,2.9,0.0,0.05517016326999288,-0.05517016326999288
10,18620.02341566734,19,2.966666666666667,0.11194029850746234,0.05161207310441313,0.06032822540304921
10,18620.02341566734,19,3.033333333333333,0.0,0.04828345490114099,-0.04828345490114099
10,18620.02341566734,19,3.0999999999999996,0.0,0.0451695093214765,-0.0451695093214765
10,18620.02341566734,19,3.166666666666667,0.0,0.042256391480692004,-0.042256391480692004
10,18620.02341566734,19,3.2333333333333334,0.0,0.039531149392417926,-0.039531149392417926
10,18620.02341566734,19,3.3,0.0,0.036981666382935374,-0.036981666382935374
10,18620.02341566734,19,3.3666666666666667,0.0,0.034596607219344995,-0.034596607219344995
10,18620.02341566734,19,3.4333333333333336,0.0,0.03236536771209253,-0.03236536771209253
10,18620.02341566734,19,3.5,0.0,0.030278027567779357,-0.030278027567779357
10,18620.02341566734,19,3.5666666666666664,0.0,0.028325306282637477,-0.028325306282637477
10,18620.02341566734,19,3.6333333333333333,0.0,0.02649852188056732,-0.02649852188056732
10,18620.02341566734,19,3.7,0.0,0.024789552312283886,-0.024789552312283886
10,18620.02341566734,19,3.7666666666666666,0.0,0.02319079934394827,-0.02319079934394827
10,18620.02341566734,19,3.833333333333333,0.0,0.02169515477473027,-0.02169515477473027
10,18620.02341566734,19,3.9,0.0,0.020295968833102217,-0.020295968833102217
10,18620.02341566734,19,3.966666666666667,0.0,0.018987020611351133,-0.018987020611351133
10,18620.02341566734,19,4.033333333333333,0.11194029850746308,0.017762490406858282,0.0941778081006048
10,18620.02341566734,19,4.1,0.0,0.016616933847173034,-0.016616933847173034
10,18620.02341566734,19,4.166666666666666,0.0,0.015545257683838685,-0.015545257683838685
10,18620.02341566734,19,4.233333333333333,0.0,0.01454269714734751,-0.01454269714734751
10,18620.02341566734,19,4.3,0.0,0.013604794762542978,-0.013604794762542978
10,18620.02341566734,19,4.366666666666667,0.0,0.012727380530280517,-0.012727380530280517
10,18620.02341566734,19,4.433333333333334,0.0,0.011906553387232842,-0.011906553387232842
10,18620.02341566734,19,4.5,0.0,0.011138663861408195,-0.011138663861408195
10,18620.02341566734,19,4.566666666666666,0.0,0.01042029784626662,-0.01042029784626662
10,18620.02341566734,19,4.633333333333333,0.0,0.009748261421292348,-0.009748261421292348
10,18620.02341566734,19,4.7,0.0,0.009119566651533231,-0.009119566651533231
10,18620.02341566734,19,4.766666666666667,0.0,0.00853141830297074,-0.00853141830297074
10,18620.02341566734,19,4.833333333333333,0.0,0.00798120141465572,-0.00798120141465572
10,18620.02341566734,19,4.9,0.0,0.00746646967235465,-0.00746646967235465
10,18620.02341566734,19,4.966666666666667,0.0,0.0069849345320145105,-0.0069849345320145105
10,18620.02341566734,19,5.033333333333333,0.0,0.006534455044688131,-0.006534455044688131
10,18620.02341566734,19,5.1,0.0,0.006113028337680839,-0.006113028337680839
10,18620.02341566734,19,5.166666666666666,0.0,0.005718780709596645,-0.005718780709596645
10,18620.02341566734,19,5.233333333333333,0.11194029850746308,0.005349959299691729,0.10659033920777135
10,18620.02341566734,19,5.3,0.0,0.005004924294496477,-0.005004924294496477
10,18620.02341566734,19,5.366666666666667,0.0,0.004682141637055892,-0.004682141637055892
10,18620.02341566734,19,5.433333333333334,0.0,0.004380176206373162,-0.004380176206373162
10,18620.02341566734,19,5.5,0.0,0.0040976854367313865,-0.0040976854367313865
10,18620.02341566734,19,5.566666666666666,0.0,0.003833413348524548,-0.003833413348524548
10,18620.02341566734,19,5.633333333333333,0.0,0.003586184964058159,-0.003586184964058159
10,18620.02341566734,19,5.7,0.0,0.0033549010834917664,-0.0033549010834917664
10,18620.02341566734,19,5.766666666666667,0.0,0.003138533397696691,-0.003138533397696691
10,18620.02341566734,19,5.833333333333333,0.0,0.0029361199163002714,-0.0029361199163002714
10,18620.02341566734,19,5.9,0.0,0.002746760690589351,-0.002746760690589351
10,18620.02341566734,19,5.966666666666667,0.0,0.0025696138122566084,-0.0025696138122566084
10,18620.02341566734,23,0.03333333333333333,0.0,0.9697991161959337,-0.9697991161959337
10,18620.02341566734,23,0.1,0.0,0.9072538472787854,-0.9072538472787854
10,18620.02341566734,23,0.16666666666666669,0.0,0.8487423113261123,-0.8487423113261123
10,18620.02341566734,23,0.23333333333333334,0.0,0.7940043607374581,-0.7940043607374581
10,18620.02341566734,23,0.3,0.0,0.7427966256154565,-0.7427966256154565
10,18620.02341566734,23,0.3666666666666667,0.0,0.694891431721175,-0.694891431721175
10,18620.02341566734,23,0.43333333333333335,0.0,0.6500757882137806,-0.6500757882137806
10,18620.02341566734,23,0.5,0.0,0.6081504406739263,-0.6081504406739263
10,18620.02341566734,23,0.5666666666666667,1.299212598425197,0.5689289852005146,0.7302836132246824
10,18620.02341566734,23,0.6333333333333333,3.779527559055119,0.5322370396420313,3.2472905194130877
10,18620.02341566734,23,0.7,0.0,0.4979114682776703,-0.4979114682776703
10,18620.02341566734,23,0.7666666666666666,1.1811023622047225,0.4657996565011093,0.7153027057036132
10,18620.02341566734,23,0.8333333333333334,2.7165354330708666,0.4357588322821159,2.2807766007887507
10,18620.02341566734,23,0.9,0.0,0.4076554313891406,-0.4076554313891406
10,18620.02341566734,23,0.9666666666666667,0.0,0.38136450355061846,-0.38136450355061846
10,18620.02341566734,23,1.0333333333333332,0.0,0.35676915691471883,-0.35676915691471883
10,18620.02341566734,23,1.1,0.0,0.3337600383375607,-0.3337600383375607
10,18620.02341566734,23,1.1666666666666665,0.0,0.3122348471892086,-0.3122348471892086
10,18620.02341566734,23,1.2333333333333334,0.0,0.29209788051578434,-0.29209788051578434
10,18620.02341566734,23,1.2999999999999998,0.0,0.2732596075354472,-0.2732596075354472
10,18620.02341566734,23,1.3666666666666667,0.11811023622047247,0.2556362715764093,-0.13752603535593683
10,18620.02341566734,23,1.4333333333333331,2.598425196850394,0.23914951768717055,2.3592756791632232
10,18620.02341566734,23,1.5,0.0,0.2237260442632904,-0.2237260442632904
10,18620.02341566734,23,1.5666666666666667,0.0,0.2092972771418011,-0.2092972771418011
10,18620.02341566734,23,1.6333333333333333,0.0,0.19579906471425323,-0.19579906471425323
10,18620.02341566734,23,1.7000000000000002,0.0,0.18317139270284163,-0.18317139270284163
10,18620.02341566734,23,1.7666666666666666,0.11811023622047247,0.17135811733147788,-0.05324788111100541
10,18620.02341566734,23,1.8333333333333335,1.299212598425197,0.16030671570546504,1.138905882719732
10,18620.02341566734,23,1.9,0.11811023622047247,0.1499680522899403,-0.031857816069467845
10,18620.02341566734,23,1.9666666666666668,0.23622047244094493,0.14029616044882603,0.0959243119921189
10,18620.02341566734,23,2.033333333333333,0.11811023622047286,0.13124803807299337,-0.013137801852520517
10,18620.02341566734,23,2.0999999999999996,0.11811023622047208,0.12278345638898103,-0.004673220168508949
10,18620.02341566734,23,2.166666666666667,0.0,0.1148647810982167,-0.1148647810982167
10,18620.02341566734,23,2.2333333333333334,0.0,0.10745680505150948,-0.10745680505150948
10,18620.02341566734,23,2.3,0.0,0.10052659171486797,-0.10052659171486797
10,18620.02341566734,23,2.3666666666666667,0.0,0.09404332873068051,-0.09404332873068051
10,18620.02341566734,23,2.4333333333333336,0.23622047244094416,0.08797819092317623,0.14824228151776792
10,18620.02341566734,23,2.5,0.2362204724409457,0.08230421213907665,0.15391626030186906
10,18620.02341566734,23,2.5666666666666664,0.11811023622047208,0.0769961653536303,0.04111407086684178
10,18620.02341566734,23,2.6333333333333333,0.0,0.07203045050897056,-0.07203045050897056
10,18620.02341566734,23,2.7,0.23622047244094416,0.06738498958611619,0.16883548285482797
10,18620.02341566734,23,2.7666666666666666,0.0,0.06303912844409452,-0.06303912844409452
10,18620.02341566734,23,2.833333333333333,0.0,0.05897354498975579,-0.05897354498975579
10,18620.02341566734,23,2.9,0.0,0.05517016326999288,-0.05517016326999288
10,18620.02341566734,23,2.966666666666667,0.11811023622047208,0.05161207310441313,0.06649816311605894
10,18620.02341566734,23,3.033333333333333,0.0,0.04828345490114099,-0.04828345490114099
10,18620.02341566734,23,3.0999999999999996,0.0,0.0451695093214765,-0.0451695093214765
10,18620.02341566734,23,3.166666666666667,0.0,0.042256391480692004,-0.042256391480692004
10,18620.02341566734,23,3.2333333333333334,0.0,0.039531149392417926,-0.039531149392417926
10,18620.02341566734,23,3.3,0.0,0.036981666382935374,-0.036981666382935374
10,18620.02341566734,23,3.3666666666666667,0.0,0.034596607219344995,-0.034596607219344995
10,18620.02341566734,23,3.4333333333333336,0.0,0.03236536771209253,-0.03236536771209253
10,18620.02341566734,23,3.5,0.0,0.030278027567779357,-0.030278027567779357
10,18620.02341566734,23,3.5666666666666664,0.11811023622047208,0.028325306282637477,0.0897849299378346
10,18620.02341566734,23,3.6333333333333333,0.11811023622047286,0.02649852188056732,0.09161171433990553
10,18620.02341566734,23,3.7,0.0,0.024789552312283886,-0.024789552312283886
10,18620.02341566734,23,3.7666666666666666,0.0,0.02319079934394827,-0.02319079934394827
10,18620.02341566734,23,3.833333333333333,0.0,0.02169515477473027,-0.02169515477473027
10,18620.02341566734,23,3.9,0.0,0.020295968833102217,-0.020295968833102217
10,18620.02341566734,23,3.966666666666667,0.0,0.018987020611351133,-0.018987020611351133
10,18620.02341566734,23,4.033333333333333,0.0,0.017762490406858282,-0.017762490406858282
10,18620.02341566734,23,4.1,0.0,0.016616933847173034,-0.016616933847173034
10,18620.02341566734,23,4.166666666666666,0.0,0.015545257683838685,-0.015545257683838685
10,18620.02341566734,23,4.233333333333333,0.0,0.01454269714734751,-0.01454269714734751
10,18620.02341566734,23,4.3,0.0,0.013604794762542978,-0.013604794762542978
10,18620.02341566734,23,4.366666666666667,0.0,0.012727380530280517,-0.012727380530280517
10,18620.02341566734,23,4.433333333333334,0.0,0.011906553387232842,-0.011906553387232842
10,18620.02341566734,23,4.5,0.0,0.011138663861408195,-0.011138663861408195
10,18620.02341566734,23,4.566666666666666,0.11811023622047286,0.01042029784626662,0.10768993837420623
10,18620.02341566734,23,4.633333333333333,0.0,0.009748261421292348,-0.009748261421292348
10,18620.02341566734,23,4.7,0.0,0.009119566651533231,-0.009119566651533231
10,18620.02341566734,23,4.766666666666667,0.0,0.00853141830297074,-0.00853141830297074
10,18620.02341566734,23,4.833333333333333,0.0,0.00798120141465572,-0.00798120141465572
10,18620.02341566734,23,4.9,0.0,0.00746646967235465,-0.00746646967235465
10,18620.02341566734,23,4.966666666666667,0.0,0.0069849345320145105,-0.0069849345320145105
10,18620.02341566734,23,5.033333333333333,0.0,0.006534455044688131,-0.006534455044688131
10,18620.02341566734,23,5.1,0.0,0.006113028337680839,-0.006113028337680839
10,18620.02341566734,23,5.166666666666666,0.0,0.005718780709596645,-0.005718780709596645
10,18620.02341566734,23,5.233333333333333,0.0,0.005349959299691729,-0.005349959299691729
10,18620.02341566734,23,5.3,0.0,0.005004924294496477,-0.005004924294496477
10,18620.02341566734,23,5.366666666666667,0.0,0.004682141637055892,-0.004682141637055892
10,18620.02341566734,23,5.433333333333334,0.0,0.004380176206373162,-0.004380176206373162
10,18620.02341566734,23,5.5,0.0,0.0040976854367313865,-0.0040976854367313865
10,18620.02341566734,23,5.566666666666666,0.0,0.003833413348524548,-0.003833413348524548
10,18620.02341566734,23,5.633333333333333,0.0,0.003586184964058159,-0.003586184964058159
10,18620.02341566734,23,5.7,0.0,0.0033549010834917664,-0.0033549010834917664
10,18620.02341566734,23,5.766666666666667,0.0,0.003138533397696691,-0.003138533397696691
10,18620.02341566734,23,5.833333333333333,0.0,0.0029361199163002714,-0.0029361199163002714
10,18620.02341566734,23,5.9,0.0,0.002746760690589351,-0.002746760690589351
10,18620.02341566734,23,5.966666666666667,0.0,0.0025696138122566084,-0.0025696138122566084
10,18620.02341566734,29,0.03333333333333333,0.0,0.9697991161959337,-0.9697991161959337
10,18620.02341566734,29,0.1,0.0,0.9072538472787854,-0.9072538472787854
10,18620.02341566734,29,0.16666666666666669,1.1538461538461533,0.8487423113261123,0.30510384252004097
10,18620.02341566734,29,0.23333333333333334,3.230769230769231,0.7940043607374581,2.436764870031773
10,18620.02341566734,29,0.3,0.0,0.7427966256154565,-0.7427966256154565
10,18620.02341566734,29,0.3666666666666667,0.0,0.694891431721175,-0.694891431721175
10,18620.02341566734,29,0.43333333333333335,0.0,0.6500757882137806,-0.6500757882137806
10,18620.02341566734,29,0.5,0.0,0.6081504406739263,-0.6081504406739263
10,18620.02341566734,29,0.5666666666666667,0.0,0.5689289852005146,-0.5689289852005146
10,18620.02341566734,29,0.6333333333333333,0.0,0.5322370396420313,-0.5322370396420313
10,18620.02341566734,29,0.7,0.0,0.4979114682776703,-0.4979114682776703
10,18620.02341566734,29,0.7666666666666666,1.153846153846152,0.4657996565011093,0.6880464973450426
10,18620.02341566734,29,0.8333333333333334,2.5384615384615383,0.4357588322821159,2.1027027061794223
10,18620.02341566734,29,0.9,0.0,0.4076554313891406,-0.4076554313891406
10,18620.02341566734,29,0.9666666666666667,0.0,0.38136450355061846,-0.38136450355061846
10,18620.02341566734,29,1.0333333333333332,0.0,0.35676915691471883,-0.35676915691471883
10,18620.02341566734,29,1.1,0.0,0.3337600383375607,-0.3337600383375607
10,18620.02341566734,29,1.1666666666666665,0.8076923076923077,0.3122348471892086,0.49545746050309913
10,18620.02341566734,29,1.2333333333333334,2.423076923076923,0.29209788051578434,2.1309790425611386
10,18620.02341566734,29,1.2999999999999998,0.0,0.2732596075354472,-0.2732596075354472
10,18620.02341566734,29,1.3666666666666667,0.34615384615384615,0.2556362715764093,0.09051757457743687
10,18620.02341566734,29,1.4333333333333331,1.5,0.23914951768717055,1.2608504823128295
10,18620.02341566734,29,1.5,0.0,0.2237260442632904,-0.2237260442632904
10,18620.02341566734,29,1.5666666666666667,0.0,0.2092972771418011,-0.2092972771418011
10,18620.02341566734,29,1.6333333333333333,0.0,0.19579906471425323,-0.19579906471425323
10,18620.02341566734,29,1.7000000000000002,0.0,0.18317139270284163,-0.18317139270284163
10,18620.02341566734,29,1.7666666666666666,0.5769230769230769,0.17135811733147788,0.405564959591599
10,18620.02341566734,29,1.8333333333333335,0.46153846153846156,0.16030671570546504,0.3012317458329965
10,18620.02341566734,29,1.9,0.11538461538461539,0.1499680522899403,-0.03458343690532492
10,18620.02341566734,29,1.9666666666666668,0.0,0.14029616044882603,-0.14029616044882603
10,18620.02341566734,29,2.033333333333333,0.46153846153846306,0.13124803807299337,0.33029042346546966
10,18620.02341566734,29,2.0999999999999996,0.0,0.12278345638898103,-0.12278345638898103
10,18620.02341566734,29,2.166666666666667,0.0,0.1148647810982167,-0.1148647810982167
10,18620.02341566734,29,2.2333333333333334,0.0,0.10745680505150948,-0.10745680505150948
10,18620.02341566734,29,2.3,0.0,0.10052659171486797,-0.10052659171486797
10,18620.02341566734,29,2.3666666666666667,0.11538461538461577,0.09404332873068051,0.021341286653935254
10,18620.02341566734,29,2.4333333333333336,0.0,0.08797819092317623,-0.08797819092317623
10,18620.02341566734,29,2.5,0.0,0.08230421213907665,-0.08230421213907665
10,18620.02341566734,29,2.5666666666666664,0.0,0.0769961653536303,-0.0769961653536303
10,18620.02341566734,29,2.6333333333333333,0.0,0.07203045050897056,-0.07203045050897056
10,18620.02341566734,29,2.7,0.0,0.06738498958611619,-0.06738498958611619
10,18620.02341566734,29,2.7666666666666666,0.0,0.06303912844409452,-0.06303912844409452
10,18620.02341566734,29,2.833333333333333,0.0,0.05897354498975579,-0.05897354498975579
10,18620.02341566734,29,2.9,0.0,0.05517016326999288,-0.05517016326999288
10,18620.02341566734,29,2.966666666666667,0.0,0.05161207310441313,-0.05161207310441313
10,18620.02341566734,29,3.033333333333333,0.11538461538461577,0.04828345490114099,0.06710116048347478
10,18620.02341566734,29,3.0999999999999996,0.0,0.0451695093214765,-0.0451695093214765
10,18620.02341566734,29,3.166666666666667,0.0,0.042256391480692004,-0.042256391480692004
10,18620.02341566734,29,3.2333333333333334,0.0,0.039531149392417926,-0.039531149392417926
10,18620.02341566734,29,3.3,0.0,0.036981666382935374,-0.036981666382935374
10,18620.02341566734,29,3.3666666666666667,0.0,0.034596607219344995,-0.034596607219344995
10,18620.02341566734,29,3.4333333333333336,0.0,0.03236536771209253,-0.03236536771209253
10,18620.02341566734,29,3.5,0.0,0.030278027567779357,-0.030278027567779357
10,18620.02341566734,29,3.5666666666666664,0.0,0.028325306282637477,-0.028325306282637477
10,18620.02341566734,29,3.6333333333333333,0.0,0.02649852188056732,-0.02649852188056732
10,18620.02341566734,29,3.7,0.0,0.024789552312283886,-0.024789552312283886
10,18620.02341566734,29,3.7666666666666666,0.0,0.02319079934394827,-0.02319079934394827
10,18620.02341566734,29,3.833333333333333,0.0,0.02169515477473027,-0.02169515477473027
10,18620.02341566734,29,3.9,0.0,0.020295968833102217,-0.020295968833102217
10,18620.02341566734,29,3.966666666666667,0.0,0.018987020611351133,-0.018987020611351133
10,18620.02341566734,29,4.033333333333333,0.0,0.017762490406858282,-0.017762490406858282
10,18620.02341566734,29,4.1,0.0,0.016616933847173034,-0.016616933847173034
10,18620.02341566734,29,4.166666666666666,0.0,0.015545257683838685,-0.015545257683838685
10,18620.02341566734,29,4.233333333333333,0.0,0.01454269714734751,-0.01454269714734751
10,18620.02341566734,29,4.3,0.0,0.013604794762542978,-0.013604794762542978
10,18620.02341566734,29,4.366666666666667,0.0,0.012727380530280517,-0.012727380530280517
10,18620.02341566734,29,4.433333333333334,0.0,0.011906553387232842,-0.011906553387232842
10,18620.02341566734,29,4.5,0.0,0.011138663861408195,-0.011138663861408195
10,18620.02341566734,29,4.566666666666666,0.0,0.01042029784626662,-0.01042029784626662
10,18620.02341566734,29,4.633333333333333,0.0,0.009748261421292348,-0.009748261421292348
10,18620.02341566734,29,4.7,0.0,0.009119566651533231,-0.009119566651533231
10,18620.02341566734,29,4.766666666666667,0.0,0.00853141830297074,-0.00853141830297074
10,18620.02341566734,29,4.833333333333333,0.0,0.00798120141465572,-0.00798120141465572
10,18620.02341566734,29,4.9,0.0,0.00746646967235465,-0.00746646967235465
10,18620.02341566734,29,4.966666666666667,0.0,0.0069849345320145105,-0.0069849345320145105
10,18620.02341566734,29,5.033333333333333,0.0,0.006534455044688131,-0.006534455044688131
10,18620.02341566734,29,5.1,0.0,0.006113028337680839,-0.006113028337680839
10,18620.02341566734,29,5.166666666666666,0.0,0.005718780709596645,-0.005718780709596645
10,18620.02341566734,29,5.233333333333333,0.0,0.005349959299691729,-0.005349959299691729
10,18620.02341566734,29,5.3,0.0,0.005004924294496477,-0.005004924294496477
10,18620.02341566734,29,5.366666666666667,0.0,0.004682141637055892,-0.004682141637055892
10,18620.02341566734,29,5.433333333333334,0.0,0.004380176206373162,-0.004380176206373162
10,18620.02341566734,29,5.5,0.0,0.0040976854367313865,-0.0040976854367313865
10,18620.02341566734,29,5.566666666666666,0.0,0.003833413348524548,-0.003833413348524548
10,18620.02341566734,29,5.633333333333333,0.0,0.003586184964058159,-0.003586184964058159
10,18620.02341566734,29,5.7,0.0,0.0033549010834917664,-0.0033549010834917664
10,18620.02341566734,29,5.766666666666667,0.0,0.003138533397696691,-0.003138533397696691
10,18620.02341566734,29,5.833333333333333,0.0,0.0029361199163002714,-0.0029361199163002714
10,18620.02341566734,29,5.9,0.0,0.002746760690589351,-0.002746760690589351
10,18620.02341566734,29,5.966666666666667,0.0,0.0025696138122566084,-0.0025696138122566084
11,32279.32025306605,1,0.03333333333333333,0.0,0.9697991161959337,-0.9697991161959337
11,32279.32025306605,1,0.1,0.0,0.9072538472787854,-0.9072538472787854
11,32279.32025306605,1,0.16666666666666669,0.0,0.8487423113261123,-0.8487423113261123
11,32279.32025306605,1,0.23333333333333334,0.0,0.7940043607374581,-0.7940043607374581
11,32279.32025306605,1,0.3,0.0,0.7427966256154565,-0.7427966256154565
11,32279.32025306605,1,0.3666666666666667,0.0,0.694891431721175,-0.694891431721175
11,32279.32025306605,1,0.43333333333333335,0.0,0.6500757882137806,-0.6500757882137806
11,32279.32025306605,1,0.5,0.0,0.6081504406739263,-0.6081504406739263
11,32279.32025306605,1,0.5666666666666667,4.902439024390245,0.5689289852005146,4.33351003918973
11,32279.32025306605,1,0.6333333333333333,0.0,0.5322370396420313,-0.5322370396420313
11,32279.32025306605,1,0.7,0.0,0.4979114682776703,-0.4979114682776703
11,32279.32025306605,1,0.7666666666666666,0.0,0.4657996565011093,-0.4657996565011093
11,32279.32025306605,1,0.8333333333333334,0.0,0.4357588322821159,-0.4357588322821159
11,32279.32025306605,1,0.9,0.0,0.4076554313891406,-0.4076554313891406
11,32279.32025306605,1,0.9666666666666667,2.8536585365853666,0.38136450355061846,2.472294033034748
11,32279.32025306605,1,1.0333333333333332,0.0,0.35676915691471883,-0.35676915691471883
11,32279.32025306605,1,1.1,0.3658536585365854,0.3337600383375607,0.03209362019902473
11,32279.32025306605,1,1.1666666666666665,2.634146341463415,0.3122348471892086,2.3219114942742065
11,32279.32025306605,1,1.2333333333333334,0.0,0.29209788051578434,-0.29209788051578434
11,32279.32025306605,1,1.2999999999999998,0.0,0.2732596075354472,-0.2732596075354472
11,32279.32025306605,1,1.3666666666666667,0.0,0.2556362715764093,-0.2556362715764093
11,32279.32025306605,1,1.4333333333333331,0.0,0.23914951768717055,-0.23914951768717055
11,32279.32025306605,1,1.5,0.878048780487805,0.2237260442632904,0.6543227362245145
11,32279.32025306605,1,1.5666666666666667,0.7317073170731685,0.2092972771418011,0.5224100399313674
11,32279.32025306605,1,1.6333333333333333,0.0,0.19579906471425323,-0.19579906471425323
11,32279.32025306605,1,1.7000000000000002,0.5121951219512196,0.18317139270284163,0.32902372924837797
11,32279.32025306605,1,1.7666666666666666,0.5121951219512196,0.17135811733147788,0.34083700461974176
11,32279.32025306605,1,1.8333333333333335,0.0,0.16030671570546504,-0.16030671570546504
11,32279.32025306605,1,1.9,0.0,0.1499680522899403,-0.1499680522899403
11,32279.32025306605,1,1.9666666666666668,0.0,0.14029616044882603,-0.14029616044882603
11,32279.32025306605,1,2.033333333333333,0.0,0.13124803807299337,-0.13124803807299337
11,32279.32025306605,1,2.0999999999999996,0.36585365853658425,0.12278345638898103,0.24307020214760322
11,32279.32025306605,1,2.166666666666667,0.2926829268292674,0.1148647810982167,0.1778181457310507
11,32279.32025306605,1,2.2333333333333334,0.0,0.10745680505150948,-0.10745680505150948
11,32279.32025306605,1,2.3,0.0,0.10052659171486797,-0.10052659171486797
11,32279.32025306605,1,2.3666666666666667,0.0,0.09404332873068051,-0.09404332873068051
11,32279.32025306605,1,2.4333333333333336,0.0,0.08797819092317623,-0.08797819092317623
11,32279.32025306605,1,2.5,0.0,0.08230421213907665,-0.08230421213907665
11,32279.32025306605,1,2.5666666666666664,0.0,0.0769961653536303,-0.0769961653536303
11,32279.32025306605,1,2.6333333333333333,0.21951219512195203,0.07203045050897056,0.14748174461298147
11,32279.32025306605,1,2.7,0.07317073170731685,0.06738498958611619,0.005785742121200657
11,32279.32025306605,1,2.7666666666666666,0.14634146341463466,0.06303912844409452,0.08330233497054014
11,32279.32025306605,1,2.833333333333333,0.07317073170731685,0.05897354498975579,0.01419718671756106
11,32279.32025306605,1,2.9,0.0,0.05517016326999288,-0.05517016326999288
11,32279.32025306605,1,2.966666666666667,0.0,0.05161207310441313,-0.05161207310441313
11,32279.32025306605,1,3.033333333333333,0.0,0.04828345490114099,-0.04828345490114099
11,32279.32025306605,1,3.0999999999999996,0.0,0.0451695093214765,-0.0451695093214765
11,32279.32025306605,1,3.166666666666667,0.0,0.042256391480692004,-0.042256391480692004
11,32279.32025306605,1,3.2333333333333334,0.0,0.039531149392417926,-0.039531149392417926
11,32279.32025306605,1,3.3,0.0,0.036981666382935374,-0.036981666382935374
11,32279.32025306605,1,3.3666666666666667,0.0,0.034596607219344995,-0.034596607219344995
11,32279.32025306605,1,3.4333333333333336,0.0,0.03236536771209253,-0.03236536771209253
11,32279.32025306605,1,3.5,0.14634146341463466,0.030278027567779357,0.1160634358468553
11,32279.32025306605,1,3.5666666666666664,0.0,0.028325306282637477,-0.028325306282637477
11,32279.32025306605,1,3.6333333333333333,0.0,0.02649852188056732,-0.02649852188056732
11,32279.32025306605,1,3.7,0.0,0.024789552312283886,-0.024789552312283886
11,32279.32025306605,1,3.7666666666666666,0.07317073170731733,0.02319079934394827,0.04997993236336906
11,32279.32025306605,1,3.833333333333333,0.0,0.02169515477473027,-0.02169515477473027
11,32279.32025306605,1,3.9,0.0,0.020295968833102217,-0.020295968833102217
11,32279.32025306605,1,3.966666666666667,0.07317073170731685,0.018987020611351133,0.05418371109596572
11,32279.32025306605,1,4.033333333333333,0.07317073170731733,0.017762490406858282,0.05540824130045905
11,32279.32025306605,1,4.1,0.0,0.016616933847173034,-0.016616933847173034
11,32279.32025306605,1,4.166666666666666,0.0,0.015545257683838685,-0.015545257683838685
11,32279.32025306605,1,4.233333333333333,0.0,0.01454269714734751,-0.01454269714734751
11,32279.32025306605,1,4.3,0.0,0.013604794762542978,-0.013604794762542978
11,32279.32025306605,1,4.366666666666667,0.0,0.012727380530280517,-0.012727380530280517
11,32279.32025306605,1,4.433333333333334,0.0,0.011906553387232842,-0.011906553387232842
11,32279.32025306605,1,4.5,0.0,0.011138663861408195,-0.011138663861408195
11,32279.32025306605,1,4.566666666666666,0.0,0.01042029784626662,-0.01042029784626662
11,32279.32025306605,1,4.633333333333333,0.0,0.009748261421292348,-0.009748261421292348
11,32279.32025306605,1,4.7,0.0,0.009119566651533231,-0.009119566651533231
11,32279.32025306605,1,4.766666666666667,0.0,0.00853141830297074,-0.00853141830297074
11,32279.32025306605,1,4.833333333333333,0.0,0.00798120141465572,-0.00798120141465572
11,32279.32025306605,1,4.9,0.0,0.00746646967235465,-0.00746646967235465
11,32279.32025306605,1,4.966666666666667,0.0,0.0069849345320145105,-0.0069849345320145105
11,32279.32025306605,1,5.033333333333333,0.0,0.006534455044688131,-0.006534455044688131
11,32279.32025306605,1,5.1,0.07317073170731733,0.006113028337680839,0.0670577033696365
11,32279.32025306605,1,5.166666666666666,0.0,0.005718780709596645,-0.005718780709596645
11,32279.32025306605,1,5.233333333333333,0.0,0.005349959299691729,-0.005349959299691729
11,32279.32025306605,1,5.3,0.0,0.005004924294496477,-0.005004924294496477
11,32279.32025306605,1,5.366666666666667,0.0,0.004682141637055892,-0.004682141637055892
11,32279.32025306605,1,5.433333333333334,0.0,0.004380176206373162,-0.004380176206373162
11,32279.32025306605,1,5.5,0.0,0.0040976854367313865,-0.0040976854367313865
11,32279.32025306605,1,5.566666666666666,0.0,0.003833413348524548,-0.003833413348524548
11,32279.32025306605,1,5.633333333333333,0.0,0.003586184964058159,-0.003586184964058159
11,32279.32025306605,1,5.7,0.0,0.0033549010834917664,-0.0033549010834917664
11,32279.32025306605,1,5.766666666666667,0.0,0.003138533397696691,-0.003138533397696691
11,32279.32025306605,1,5.833333333333333,0.0,0.0029361199163002714,-0.0029361199163002714
11,32279.32025306605,1,5.9,0.0,0.002746760690589351,-0.002746760690589351
11,32279.32025306605,1,5.966666666666667,0.0,0.0025696138122566084,-0.0025696138122566084
11,32279.32025306605,7,0.03333333333333333,0.0,0.9697991161959337,-0.9697991161959337
11,32279.32025306605,7,0.1,0.0,0.9072538472787854,-0.9072538472787854
11,32279.32025306605,7,0.16666666666666669,0.0,0.8487423113261123,-0.8487423113261123
11,32279.32025306605,7,0.23333333333333334,0.0,0.7940043607374581,-0.7940043607374581
11,32279.32025306605,7,0.3,0.0,0.7427966256154565,-0.7427966256154565
11,32279.32025306605,7,0.3666666666666667,4.533333333333331,0.694891431721175,3.8384419016121565
11,32279.32025306605,7,0.43333333333333335,0.0,0.6500757882137806,-0.6500757882137806
11,32279.32025306605,7,0.5,0.0,0.6081504406739263,-0.6081504406739263
11,32279.32025306605,7,0.5666666666666667,3.4666666666666686,0.5689289852005146,2.897737681466154
11,32279.32025306605,7,0.6333333333333333,0.0,0.5322370396420313,-0.5322370396420313
11,32279.32025306605,7,0.7,0.0,0.4979114682776703,-0.4979114682776703
11,32279.32025306605,7,0.7666666666666666,0.0,0.4657996565011093,-0.4657996565011093
11,32279.32025306605,7,0.8333333333333334,0.0,0.4357588322821159,-0.4357588322821159
11,32279.32025306605,7,0.9,0.0,0.4076554313891406,-0.4076554313891406
11,32279.32025306605,7,0.9666666666666667,2.2666666666666675,0.38136450355061846,1.885302163116049
11,32279.32025306605,7,1.0333333333333332,0.0,0.35676915691471883,-0.35676915691471883
11,32279.32025306605,7,1.1,0.4666666666666669,0.3337600383375607,0.1329066283291062
11,32279.32025306605,7,1.1666666666666665,1.266666666666667,0.3122348471892086,0.9544318194774585
11,32279.32025306605,7,1.2333333333333334,0.0,0.29209788051578434,-0.29209788051578434
11,32279.32025306605,7,1.2999999999999998,0.0,0.2732596075354472,-0.2732596075354472
11,32279.32025306605,7,1.3666666666666667,0.0,0.2556362715764093,-0.2556362715764093
11,32279.32025306605,7,1.4333333333333331,0.0,0.23914951768717055,-0.23914951768717055
11,32279.32025306605,7,1.5,0.6000000000000002,0.2237260442632904,0.3762739557367098
11,32279.32025306605,7,1.5666666666666667,0.7999999999999977,0.2092972771418011,0.5907027228581966
11,32279.32025306605,7,1.6333333333333333,0.0,0.19579906471425323,-0.19579906471425323
11,32279.32025306605,7,1.7000000000000002,0.0,0.18317139270284163,-0.18317139270284163
11,32279.32025306605,7,1.7666666666666666,0.0,0.17135811733147788,-0.17135811733147788
11,32279.32025306605,7,1.8333333333333335,0.0,0.16030671570546504,-0.16030671570546504
11,32279.32025306605,7,1.9,0.0,0.1499680522899403,-0.1499680522899403
11,32279.32025306605,7,1.9666666666666668,0.0,0.14029616044882603,-0.14029616044882603
11,32279.32025306605,7,2.033333333333333,0.0,0.13124803807299337,-0.13124803807299337
11,32279.32025306605,7,2.0999999999999996,0.39999999999999886,0.12278345638898103,0.27721654361101783
11,32279.32025306605,7,2.166666666666667,0.2666666666666659,0.1148647810982167,0.1518018855684492
11,32279.32025306605,7,2.2333333333333334,0.0,0.10745680505150948,-0.10745680505150948
11,32279.32025306605,7,2.3,0.13333333333333294,0.10052659171486797,0.032806741618464974
11,32279.32025306605,7,2.3666666666666667,0.13333333333333383,0.09404332873068051,0.03929000460265332
11,32279.32025306605,7,2.4333333333333336,0.0,0.08797819092317623,-0.08797819092317623
11,32279.32025306605,7,2.5,0.0,0.08230421213907665,-0.08230421213907665
11,32279.32025306605,7,2.5666666666666664,0.0,0.0769961653536303,-0.0769961653536303
11,32279.32025306605,7,2.6333333333333333,0.0,0.07203045050897056,-0.07203045050897056
11,32279.32025306605,7,2.7,0.0,0.06738498958611619,-0.06738498958611619
11,32279.32025306605,7,2.7666666666666666,0.0,0.06303912844409452,-0.06303912844409452
11,32279.32025306605,7,2.833333333333333,0.06666666666666647,0.05897354498975579,0.0076931216769106844
11,32279.32025306605,7,2.9,0.2000000000000008,0.05517016326999288,0.1448298367300079
11,32279.32025306605,7,2.966666666666667,0.06666666666666647,0.05161207310441313,0.01505459356225334
11,32279.32025306605,7,3.033333333333333,0.0,0.04828345490114099,-0.04828345490114099
11,32279.32025306605,7,3.0999999999999996,0.0,0.0451695093214765,-0.0451695093214765
11,32279.32025306605,7,3.166666666666667,0.0,0.042256391480692004,-0.042256391480692004
11,32279.32025306605,7,3.2333333333333334,0.06666666666666692,0.039531149392417926,0.02713551727424899
11,32279.32025306605,7,3.3,0.0,0.036981666382935374,-0.036981666382935374
11,32279.32025306605,7,3.3666666666666667,0.06666666666666692,0.034596607219344995,0.03207005944732192
11,32279.32025306605,7,3.4333333333333336,0.0,0.03236536771209253,-0.03236536771209253
11,32279.32025306605,7,3.5,0.0,0.030278027567779357,-0.030278027567779357
11,32279.32025306605,7,3.5666666666666664,0.0,0.028325306282637477,-0.028325306282637477
11,32279.32025306605,7,3.6333333333333333,0.0,0.02649852188056732,-0.02649852188056732
11,32279.32025306605,7,3.7,0.0,0.024789552312283886,-0.024789552312283886
11,32279.32025306605,7,3.7666666666666666,0.0,0.02319079934394827,-0.02319079934394827
11,32279.32025306605,7,3.833333333333333,0.06666666666666647,0.02169515477473027,0.0449715118919362
11,32279.32025306605,7,3.9,0.0,0.020295968833102217,-0.020295968833102217
11,32279.32025306605,7,3.966666666666667,0.0,0.018987020611351133,-0.018987020611351133
11,32279.32025306605,7,4.033333333333333,0.0,0.017762490406858282,-0.017762490406858282
11,32279.32025306605,7,4.1,0.0,0.016616933847173034,-0.016616933847173034
11,32279.32025306605,7,4.166666666666666,0.0,0.015545257683838685,-0.015545257683838685
11,32279.32025306605,7,4.233333333333333,0.0,0.01454269714734751,-0.01454269714734751
11,32279.32025306605,7,4.3,0.0,0.013604794762542978,-0.013604794762542978
11,32279.32025306605,7,4.366666666666667,0.0,0.012727380530280517,-0.012727380530280517
11,32279.32025306605,7,4.433333333333334,0.0,0.011906553387232842,-0.011906553387232842
11,32279.32025306605,7,4.5,0.0,0.011138663861408195,-0.011138663861408195
11,32279.32025306605,7,4.566666666666666,0.0,0.01042029784626662,-0.01042029784626662
11,32279.32025306605,7,4.633333333333333,0.0,0.009748261421292348,-0.009748261421292348
11,32279.32025306605,7,4.7,0.0,0.009119566651533231,-0.009119566651533231
11,32279.32025306605,7,4.766666666666667,0.0,0.00853141830297074,-0.00853141830297074
11,32279.32025306605,7,4.833333333333333,0.0,0.00798120141465572,-0.00798120141465572
11,32279.32025306605,7,4.9,0.0,0.00746646967235465,-0.00746646967235465
11,32279.32025306605,7,4.966666666666667,0.06666666666666692,0.0069849345320145105,0.0596817321346524
11,32279.32025306605,7,5.033333333333333,0.0,0.006534455044688131,-0.006534455044688131
11,32279.32025306605,7,5.1,0.0,0.006113028337680839,-0.006113028337680839
11,32279.32025306605,7,5.166666666666666,0.06666666666666603,0.005718780709596645,0.06094788595706938
11,32279.32025306605,7,5.233333333333333,0.0,0.005349959299691729,-0.005349959299691729
11,32279.32025306605,7,5.3,0.0,0.005004924294496477,-0.005004924294496477
11,32279.32025306605,7,5.366666666666667,0.0,0.004682141637055892,-0.004682141637055892
11,32279.32025306605,7,5.433333333333334,0.0,0.004380176206373162,-0.004380176206373162
11,32279.32025306605,7,5.5,0.0,0.0040976854367313865,-0.0040976854367313865
11,32279.32025306605,7,5.566666666666666,0.0,0.003833413348524548,-0.003833413348524548
11,32279.32025306605,7,5.633333333333333,0.0,0.003586184964058159,-0.003586184964058159
11,32279.32025306605,7,5.7,0.0,0.0033549010834917664,-0.0033549010834917664
11,32279.32025306605,7,5.766666666666667,0.0,0.003138533397696691,-0.003138533397696691
11,32279.32025306605,7,5.833333333333333,0.0,0.0029361199163002714,-0.0029361199163002714
11,32279.32025306605,7,5.9,0.0,0.002746760690589351,-0.002746760690589351
11,32279.32025306605,7,5.966666666666667,0.0,0.0025696138122566084,-0.0025696138122566084
11,32279.32025306605,11,0.03333333333333333,0.0,0.9697991161959337,-0.9697991161959337
11,32279.32025306605,11,0.1,0.0,0.9072538472787854,-0.9072538472787854
11,32279.32025306605,11,0.16666666666666669,5.277777777777778,0.8487423113261123,4.429035466451666
11,32279.32025306605,11,0.23333333333333334,0.0,0.7940043607374581,-0.7940043607374581
11,32279.32025306605,11,0.3,0.0,0.7427966256154565,-0.7427966256154565
11,32279.32025306605,11,0.3666666666666667,0.0,0.694891431721175,-0.694891431721175
11,32279.32025306605,11,0.43333333333333335,0.0,0.6500757882137806,-0.6500757882137806
11,32279.32025306605,11,0.5,0.0,0.6081504406739263,-0.6081504406739263
11,32279.32025306605,11,0.5666666666666667,3.3333333333333344,0.5689289852005146,2.7644043481328198
11,32279.32025306605,11,0.6333333333333333,0.0,0.5322370396420313,-0.5322370396420313
11,32279.32025306605,11,0.7,0.0,0.4979114682776703,-0.4979114682776703
11,32279.32025306605,11,0.7666666666666666,1.9444444444444418,0.4657996565011093,1.4786447879433324
11,32279.32025306605,11,0.8333333333333334,0.0,0.4357588322821159,-0.4357588322821159
11,32279.32025306605,11,0.9,0.0,0.4076554313891406,-0.4076554313891406
11,32279.32025306605,11,0.9666666666666667,0.0,0.38136450355061846,-0.38136450355061846
11,32279.32025306605,11,1.0333333333333332,0.0,0.35676915691471883,-0.35676915691471883
11,32279.32025306605,11,1.1,0.13888888888888895,0.3337600383375607,-0.19487114944867173
11,32279.32025306605,11,1.1666666666666665,1.458333333333334,0.3122348471892086,1.1460984861441252
11,32279.32025306605,11,1.2333333333333334,0.0,0.29209788051578434,-0.29209788051578434
11,32279.32025306605,11,1.2999999999999998,0.0,0.2732596075354472,-0.2732596075354472
11,32279.32025306605,11,1.3666666666666667,0.0,0.2556362715764093,-0.2556362715764093
11,32279.32025306605,11,1.4333333333333331,0.0,0.23914951768717055,-0.23914951768717055
11,32279.32025306605,11,1.5,0.0,0.2237260442632904,-0.2237260442632904
11,32279.32025306605,11,1.5666666666666667,0.0,0.2092972771418011,-0.2092972771418011
11,32279.32025306605,11,1.6333333333333333,0.0,0.19579906471425323,-0.19579906471425323
11,32279.32025306605,11,1.7000000000000002,0.2777777777777779,0.18317139270284163,0.09460638507493627
11,32279.32025306605,11,1.7666666666666666,0.48611111111111127,0.17135811733147788,0.3147529937796334
11,32279.32025306605,11,1.8333333333333335,0.0,0.16030671570546504,-0.16030671570546504
11,32279.32025306605,11,1.9,0.4166666666666668,0.1499680522899403,0.2666986143767265
11,32279.32025306605,11,1.9666666666666668,0.3472222222222223,0.14029616044882603,0.20692606177339629
11,32279.32025306605,11,2.033333333333333,0.0,0.13124803807299337,-0.13124803807299337
11,32279.32025306605,11,2.0999999999999996,0.0,0.12278345638898103,-0.12278345638898103
11,32279.32025306605,11,2.166666666666667,0.0,0.1148647810982167,-0.1148647810982167
11,32279.32025306605,11,2.2333333333333334,0.0,0.10745680505150948,-0.10745680505150948
11,32279.32025306605,11,2.3,0.0,0.10052659171486797,-0.10052659171486797
11,32279.32025306605,11,2.3666666666666667,0.0,0.09404332873068051,-0.09404332873068051
11,32279.32025306605,11,2.4333333333333336,0.13888888888888848,0.08797819092317623,0.05091069796571225
11,32279.32025306605,11,2.5,0.34722222222222354,0.08230421213907665,0.26491801008314686
11,32279.32025306605,11,2.5666666666666664,0.0,0.0769961653536303,-0.0769961653536303
11,32279.32025306605,11,2.6333333333333333,0.0,0.07203045050897056,-0.07203045050897056
11,32279.32025306605,11,2.7,0.0,0.06738498958611619,-0.06738498958611619
11,32279.32025306605,11,2.7666666666666666,0.0,0.06303912844409452,-0.06303912844409452
11,32279.32025306605,11,2.833333333333333,0.13888888888888848,0.05897354498975579,0.07991534389913268
11,32279.32025306605,11,2.9,0.06944444444444471,0.05517016326999288,0.014274281174451828
11,32279.32025306605,11,2.966666666666667,0.06944444444444424,0.05161207310441313,0.017832371340031107
11,32279.32025306605,11,3.033333333333333,0.06944444444444471,0.04828345490114099,0.02116098954330372
11,32279.32025306605,11,3.0999999999999996,0.13888888888888848,0.0451695093214765,0.09371937956741197
11,32279.32025306605,11,3.166666666666667,0.0,0.042256391480692004,-0.042256391480692004
11,32279.32025306605,11,3.2333333333333334,0.0,0.039531149392417926,-0.039531149392417926
11,32279.32025306605,11,3.3,0.0,0.036981666382935374,-0.036981666382935374
11,32279.32025306605,11,3.3666666666666667,0.0,0.034596607219344995,-0.034596607219344995
11,32279.32025306605,11,3.4333333333333336,0.0,0.03236536771209253,-0.03236536771209253
11,32279.32025306605,11,3.5,0.06944444444444471,0.030278027567779357,0.039166416876665354
11,32279.32025306605,11,3.5666666666666664,0.06944444444444424,0.028325306282637477,0.04111913816180676
11,32279.32025306605,11,3.6333333333333333,0.0,0.02649852188056732,-0.02649852188056732
11,32279.32025306605,11,3.7,0.0,0.024789552312283886,-0.024789552312283886
11,32279.32025306605,11,3.7666666666666666,0.0,0.02319079934394827,-0.02319079934394827
11,32279.32025306605,11,3.833333333333333,0.0,0.02169515477473027,-0.02169515477473027
11,32279.32025306605,11,3.9,0.0,0.020295968833102217,-0.020295968833102217
11,32279.32025306605,11,3.966666666666667,0.13888888888888848,0.018987020611351133,0.11990186827753735
11,32279.32025306605,11,4.033333333333333,0.0,0.017762490406858282,-0.017762490406858282
11,32279.32025306605,11,4.1,0.0,0.016616933847173034,-0.016616933847173034
11,32279.32025306605,11,4.166666666666666,0.0,0.015545257683838685,-0.015545257683838685
11,32279.32025306605,11,4.233333333333333,0.0,0.01454269714734751,-0.01454269714734751
11,32279.32025306605,11,4.3,0.0,0.013604794762542978,-0.013604794762542978
11,32279.32025306605,11,4.366666666666667,0.0,0.012727380530280517,-0.012727380530280517
11,32279.32025306605,11,4.433333333333334,0.0,0.011906553387232842,-0.011906553387232842
11,32279.32025306605,11,4.5,0.0,0.011138663861408195,-0.011138663861408195
11,32279.32025306605,11,4.566666666666666,0.0,0.01042029784626662,-0.01042029784626662
11,32279.32025306605,11,4.633333333333333,0.0,0.009748261421292348,-0.009748261421292348
11,32279.32025306605,11,4.7,0.0,0.009119566651533231,-0.009119566651533231
11,32279.32025306605,11,4.766666666666667,0.0,0.00853141830297074,-0.00853141830297074
11,32279.32025306605,11,4.833333333333333,0.0,0.00798120141465572,-0.00798120141465572
11,32279.32025306605,11,4.9,0.0,0.00746646967235465,-0.00746646967235465
11,32279.32025306605,11,4.966666666666667,0.0,0.0069849345320145105,-0.0069849345320145105
11,32279.32025306605,11,5.033333333333333,0.0,0.006534455044688131,-0.006534455044688131
11,32279.32025306605,11,5.1,0.0,0.006113028337680839,-0.006113028337680839
11,32279.32025306605,11,5.166666666666666,0.0,0.005718780709596645,-0.005718780709596645
11,32279.32025306605,11,5.233333333333333,0.0,0.005349959299691729,-0.005349959299691729
11,32279.32025306605,11,5.3,0.0,0.005004924294496477,-0.005004924294496477
11,32279.32025306605,11,5.366666666666667,0.0,0.004682141637055892,-0.004682141637055892
11,32279.32025306605,11,5.433333333333334,0.0,0.004380176206373162,-0.004380176206373162
11,32279.32025306605,11,5.5,0.0,0.0040976854367313865,-0.0040976854367313865
11,32279.32025306605,11,5.566666666666666,0.0,0.003833413348524548,-0.003833413348524548
11,32279.32025306605,11,5.633333333333333,0.0,0.003586184964058159,-0.003586184964058159
11,32279.32025306605,11,5.7,0.0,0.0033549010834917664,-0.0033549010834917664
11,32279.32025306605,11,5.766666666666667,0.0,0.003138533397696691,-0.003138533397696691
11,32279.32025306605,11,5.833333333333333,0.0,0.0029361199163002714,-0.0029361199163002714
11,32279.32025306605,11,5.9,0.0,0.002746760690589351,-0.002746760690589351
11,32279.32025306605,11,5.966666666666667,0.06944444444444471,0.0025696138122566084,0.0668748306321881
11,32279.32025306605,13,0.03333333333333333,0.0,0.9697991161959337,-0.9697991161959337
11,32279.32025306605,13,0.1,0.0,0.9072538472787854,-0.9072538472787854
11,32279.32025306605,13,0.16666666666666669,0.0,0.8487423113261123,-0.8487423113261123
11,32279.32025306605,13,0.23333333333333334,0.0,0.7940043607374581,-0.7940043607374581
11,32279.32025306605,13,0.3,0.0,0.7427966256154565,-0.7427966256154565
11,32279.32025306605,13,0.3666666666666667,4.999999999999999,0.694891431721175,4.305108568278824
11,32279.32025306605,13,0.43333333333333335,0.0,0.6500757882137806,-0.6500757882137806
11,32279.32025306605,13,0.5,0.0,0.6081504406739263,-0.6081504406739263
11,32279.32025306605,13,0.5666666666666667,3.733333333333336,0.5689289852005146,3.1644043481328215
11,32279.32025306605,13,0.6333333333333333,0.0,0.5322370396420313,-0.5322370396420313
11,32279.32025306605,13,0.7,0.0,0.4979114682776703,-0.4979114682776703
11,32279.32025306605,13,0.7666666666666666,0.0,0.4657996565011093,-0.4657996565011093
11,32279.32025306605,13,0.8333333333333334,0.0,0.4357588322821159,-0.4357588322821159
11,32279.32025306605,13,0.9,0.0,0.4076554313891406,-0.4076554313891406
11,32279.32025306605,13,0.9666666666666667,2.8666666666666685,0.38136450355061846,2.48530216311605
11,32279.32025306605,13,1.0333333333333332,0.0,0.35676915691471883,-0.35676915691471883
11,32279.32025306605,13,1.1,0.0,0.3337600383375607,-0.3337600383375607
11,32279.32025306605,13,1.1666666666666665,0.0,0.3122348471892086,-0.3122348471892086
11,32279.32025306605,13,1.2333333333333334,0.0,0.29209788051578434,-0.29209788051578434
11,32279.32025306605,13,1.2999999999999998,0.0,0.2732596075354472,-0.2732596075354472
11,32279.32025306605,13,1.3666666666666667,0.0,0.2556362715764093,-0.2556362715764093
11,32279.32025306605,13,1.4333333333333331,0.0,0.23914951768717055,-0.23914951768717055
11,32279.32025306605,13,1.5,0.7333333333333338,0.2237260442632904,0.5096072890700434
11,32279.32025306605,13,1.5666666666666667,0.9333333333333309,0.2092972771418011,0.7240360561915298
11,32279.32025306605,13,1.6333333333333333,0.0,0.19579906471425323,-0.19579906471425323
11,32279.32025306605,13,1.7000000000000002,0.6000000000000003,0.18317139270284163,0.41682860729715865
11,32279.32025306605,13,1.7666666666666666,0.13333333333333341,0.17135811733147788,-0.03802478399814446
11,32279.32025306605,13,1.8333333333333335,0.0,0.16030671570546504,-0.16030671570546504
11,32279.32025306605,13,1.9,0.0,0.1499680522899403,-0.1499680522899403
11,32279.32025306605,13,1.9666666666666668,0.0,0.14029616044882603,-0.14029616044882603
11,32279.32025306605,13,2.033333333333333,0.0,0.13124803807299337,-0.13124803807299337
11,32279.32025306605,13,2.0999999999999996,0.0,0.12278345638898103,-0.12278345638898103
11,32279.32025306605,13,2.166666666666667,0.0,0.1148647810982167,-0.1148647810982167
11,32279.32025306605,13,2.2333333333333334,0.13333333333333386,0.10745680505150948,0.02587652828182438
11,32279.32025306605,13,2.3,0.19999999999999946,0.10052659171486797,0.09947340828513149
11,32279.32025306605,13,2.3666666666666667,0.0,0.09404332873068051,-0.09404332873068051
11,32279.32025306605,13,2.4333333333333336,0.0,0.08797819092317623,-0.08797819092317623
11,32279.32025306605,13,2.5,0.0,0.08230421213907665,-0.08230421213907665
11,32279.32025306605,13,2.5666666666666664,0.0,0.0769961653536303,-0.0769961653536303
11,32279.32025306605,13,2.6333333333333333,0.06666666666666693,0.07203045050897056,-0.005363783842303627
11,32279.32025306605,13,2.7,0.19999999999999946,0.06738498958611619,0.13261501041388327
11,32279.32025306605,13,2.7666666666666666,0.06666666666666693,0.06303912844409452,0.0036275382225724045
11,32279.32025306605,13,2.833333333333333,0.13333333333333297,0.05897354498975579,0.07435978834357718
11,32279.32025306605,13,2.9,0.0,0.05517016326999288,-0.05517016326999288
11,32279.32025306605,13,2.966666666666667,0.06666666666666649,0.05161207310441313,0.015054593562253353
11,32279.32025306605,13,3.033333333333333,0.0,0.04828345490114099,-0.04828345490114099
11,32279.32025306605,13,3.0999999999999996,0.0,0.0451695093214765,-0.0451695093214765
11,32279.32025306605,13,3.166666666666667,0.0,0.042256391480692004,-0.042256391480692004
11,32279.32025306605,13,3.2333333333333334,0.0,0.039531149392417926,-0.039531149392417926
11,32279.32025306605,13,3.3,0.13333333333333297,0.036981666382935374,0.0963516669503976
11,32279.32025306605,13,3.3666666666666667,0.0,0.034596607219344995,-0.034596607219344995
11,32279.32025306605,13,3.4333333333333336,0.0,0.03236536771209253,-0.03236536771209253
11,32279.32025306605,13,3.5,0.0,0.030278027567779357,-0.030278027567779357
11,32279.32025306605,13,3.5666666666666664,0.0,0.028325306282637477,-0.028325306282637477
11,32279.32025306605,13,3.6333333333333333,0.0,0.02649852188056732,-0.02649852188056732
11,32279.32025306605,13,3.7,0.0,0.024789552312283886,-0.024789552312283886
11,32279.32025306605,13,3.7666666666666666,0.0,0.02319079934394827,-0.02319079934394827
11,32279.32025306605,13,3.833333333333333,0.0,0.02169515477473027,-0.02169515477473027
11,32279.32025306605,13,3.9,0.0,0.020295968833102217,-0.020295968833102217
11,32279.32025306605,13,3.966666666666667,0.0,0.018987020611351133,-0.018987020611351133
11,32279.32025306605,13,4.033333333333333,0.0,0.017762490406858282,-0.017762490406858282
11,32279.32025306605,13,4.1,0.0,0.016616933847173034,-0.016616933847173034
11,32279.32025306605,13,4.166666666666666,0.0,0.015545257683838685,-0.015545257683838685
11,32279.32025306605,13,4.233333333333333,0.0,0.01454269714734751,-0.01454269714734751
11,32279.32025306605,13,4.3,0.0,0.013604794762542978,-0.013604794762542978
11,32279.32025306605,13,4.366666666666667,0.0,0.012727380530280517,-0.012727380530280517
11,32279.32025306605,13,4.433333333333334,0.0,0.011906553387232842,-0.011906553387232842
11,32279.32025306605,13,4.5,0.0,0.011138663861408195,-0.011138663861408195
11,32279.32025306605,13,4.566666666666666,0.0,0.01042029784626662,-0.01042029784626662
11,32279.32025306605,13,4.633333333333333,0.0,0.009748261421292348,-0.009748261421292348
11,32279.32025306605,13,4.7,0.0,0.009119566651533231,-0.009119566651533231
11,32279.32025306605,13,4.766666666666667,0.0,0.00853141830297074,-0.00853141830297074
11,32279.32025306605,13,4.833333333333333,0.0,0.00798120141465572,-0.00798120141465572
11,32279.32025306605,13,4.9,0.0,0.00746646967235465,-0.00746646967235465
11,32279.32025306605,13,4.966666666666667,0.0,0.0069849345320145105,-0.0069849345320145105
11,32279.32025306605,13,5.033333333333333,0.0,0.006534455044688131,-0.006534455044688131
11,32279.32025306605,13,5.1,0.0,0.006113028337680839,-0.006113028337680839
11,32279.32025306605,13,5.166666666666666,0.0,0.005718780709596645,-0.005718780709596645
11,32279.32025306605,13,5.233333333333333,0.0,0.005349959299691729,-0.005349959299691729
11,32279.32025306605,13,5.3,0.0,0.005004924294496477,-0.005004924294496477
11,32279.32025306605,13,5.366666666666667,0.0,0.004682141637055892,-0.004682141637055892
11,32279.32025306605,13,5.433333333333334,0.0,0.004380176206373162,-0.004380176206373162
11,32279.32025306605,13,5.5,0.0,0.0040976854367313865,-0.0040976854367313865
11,32279.32025306605,13,5.566666666666666,0.0,0.003833413348524548,-0.003833413348524548
11,32279.32025306605,13,5.633333333333333,0.0,0.003586184964058159,-0.003586184964058159
11,32279.32025306605,13,5.7,0.0,0.0033549010834917664,-0.0033549010834917664
11,32279.32025306605,13,5.766666666666667,0.0,0.003138533397696691,-0.003138533397696691
11,32279.32025306605,13,5.833333333333333,0.0,0.0029361199163002714,-0.0029361199163002714
11,32279.32025306605,13,5.9,0.0,0.002746760690589351,-0.002746760690589351
11,32279.32025306605,13,5.966666666666667,0.0,0.0025696138122566084,-0.0025696138122566084
11,32279.32025306605,17,0.03333333333333333,0.0,0.9697991161959337,-0.9697991161959337
11,32279.32025306605,17,0.1,0.0,0.9072538472787854,-0.9072538472787854
11,32279.32025306605,17,0.16666666666666669,5.049504950495048,0.8487423113261123,4.200762639168936
11,32279.32025306605,17,0.23333333333333334,0.0,0.7940043607374581,-0.7940043607374581
11,32279.32025306605,17,0.3,0.0,0.7427966256154565,-0.7427966256154565
11,32279.32025306605,17,0.3666666666666667,0.0,0.694891431721175,-0.694891431721175
11,32279.32025306605,17,0.43333333333333335,0.0,0.6500757882137806,-0.6500757882137806
11,32279.32025306605,17,0.5,0.0,0.6081504406739263,-0.6081504406739263
11,32279.32025306605,17,0.5666666666666667,3.935643564356436,0.5689289852005146,3.3667145791559214
11,32279.32025306605,17,0.6333333333333333,0.0,0.5322370396420313,-0.5322370396420313
11,32279.32025306605,17,0.7,0.0,0.4979114682776703,-0.4979114682776703
11,32279.32025306605,17,0.7666666666666666,0.0,0.4657996565011093,-0.4657996565011093
11,32279.32025306605,17,0.8333333333333334,0.0,0.4357588322821159,-0.4357588322821159
11,32279.32025306605,17,0.9,0.0,0.4076554313891406,-0.4076554313891406
11,32279.32025306605,17,0.9666666666666667,0.0,0.38136450355061846,-0.38136450355061846
11,32279.32025306605,17,1.0333333333333332,0.0,0.35676915691471883,-0.35676915691471883
11,32279.32025306605,17,1.1,0.14851485148514854,0.3337600383375607,-0.18524518685241215
11,32279.32025306605,17,1.1666666666666665,1.6336633663366336,0.3122348471892086,1.321428519147425
11,32279.32025306605,17,1.2333333333333334,0.0,0.29209788051578434,-0.29209788051578434
11,32279.32025306605,17,1.2999999999999998,0.5198019801980198,0.2732596075354472,0.24654237266257262
11,32279.32025306605,17,1.3666666666666667,1.113861386138614,0.2556362715764093,0.8582251145622046
11,32279.32025306605,17,1.4333333333333331,0.0,0.23914951768717055,-0.23914951768717055
11,32279.32025306605,17,1.5,0.0,0.2237260442632904,-0.2237260442632904
11,32279.32025306605,17,1.5666666666666667,0.0,0.2092972771418011,-0.2092972771418011
11,32279.32025306605,17,1.6333333333333333,0.0,0.19579906471425323,-0.19579906471425323
11,32279.32025306605,17,1.7000000000000002,0.0,0.18317139270284163,-0.18317139270284163
11,32279.32025306605,17,1.7666666666666666,0.0,0.17135811733147788,-0.17135811733147788
11,32279.32025306605,17,1.8333333333333335,0.0,0.16030671570546504,-0.16030671570546504
11,32279.32025306605,17,1.9,0.5940594059405941,0.1499680522899403,0.44409135365065383
11,32279.32025306605,17,1.9666666666666668,0.5940594059405941,0.14029616044882603,0.4537632454917681
11,32279.32025306605,17,2.033333333333333,0.0,0.13124803807299337,-0.13124803807299337
11,32279.32025306605,17,2.0999999999999996,0.0,0.12278345638898103,-0.12278345638898103
11,32279.32025306605,17,2.166666666666667,0.0,0.1148647810982167,-0.1148647810982167
11,32279.32025306605,17,2.2333333333333334,0.22277227722772353,0.10745680505150948,0.11531547217621405
11,32279.32025306605,17,2.3,0.22277227722772203,0.10052659171486797,0.12224568551285406
11,32279.32025306605,17,2.3666666666666667,0.0,0.09404332873068051,-0.09404332873068051
11,32279.32025306605,17,2.4333333333333336,0.0,0.08797819092317623,-0.08797819092317623
11,32279.32025306605,17,2.5,0.148514851485149,0.08230421213907665,0.06621063934607235
11,32279.32025306605,17,2.5666666666666664,0.07425742574257402,0.0769961653536303,-0.002738739611056279
11,32279.32025306605,17,2.6333333333333333,0.0,0.07203045050897056,-0.07203045050897056
11,32279.32025306605,17,2.7,0.0,0.06738498958611619,-0.06738498958611619
11,32279.32025306605,17,2.7666666666666666,0.0,0.06303912844409452,-0.06303912844409452
11,32279.32025306605,17,2.833333333333333,0.07425742574257402,0.05897354498975579,0.015283880752818231
11,32279.32025306605,17,2.9,0.22277227722772353,0.05517016326999288,0.16760211395773064
11,32279.32025306605,17,2.966666666666667,0.07425742574257402,0.05161207310441313,0.022645352638160886
11,32279.32025306605,17,3.033333333333333,0.148514851485149,0.04828345490114099,0.10023139658400801
11,32279.32025306605,17,3.0999999999999996,0.07425742574257402,0.0451695093214765,0.029087916421097516
11,32279.32025306605,17,3.166666666666667,0.0,0.042256391480692004,-0.042256391480692004
11,32279.32025306605,17,3.2333333333333334,0.0,0.039531149392417926,-0.039531149392417926
11,32279.32025306605,17,3.3,0.0,0.036981666382935374,-0.036981666382935374
11,32279.32025306605,17,3.3666666666666667,0.0,0.034596607219344995,-0.034596607219344995
11,32279.32025306605,17,3.4333333333333336,0.0,0.03236536771209253,-0.03236536771209253
11,32279.32025306605,17,3.5,0.0,0.030278027567779357,-0.030278027567779357
11,32279.32025306605,17,3.5666666666666664,0.0,0.028325306282637477,-0.028325306282637477
11,32279.32025306605,17,3.6333333333333333,0.0,0.02649852188056732,-0.02649852188056732
11,32279.32025306605,17,3.7,0.0,0.024789552312283886,-0.024789552312283886
11,32279.32025306605,17,3.7666666666666666,0.0,0.02319079934394827,-0.02319079934394827
11,32279.32025306605,17,3.833333333333333,0.0,0.02169515477473027,-0.02169515477473027
11,32279.32025306605,17,3.9,0.0,0.020295968833102217,-0.020295968833102217
11,32279.32025306605,17,3.966666666666667,0.0,0.018987020611351133,-0.018987020611351133
11,32279.32025306605,17,4.033333333333333,0.0,0.017762490406858282,-0.017762490406858282
11,32279.32025306605,17,4.1,0.0,0.016616933847173034,-0.016616933847173034
11,32279.32025306605,17,4.166666666666666,0.07425742574257352,0.015545257683838685,0.05871216805873483
11,32279.32025306605,17,4.233333333333333,0.0,0.01454269714734751,-0.01454269714734751
11,32279.32025306605,17,4.3,0.0,0.013604794762542978,-0.013604794762542978
11,32279.32025306605,17,4.366666666666667,0.0,0.012727380530280517,-0.012727380530280517
11,32279.32025306605,17,4.433333333333334,0.0,0.011906553387232842,-0.011906553387232842
11,32279.32025306605,17,4.5,0.0,0.011138663861408195,-0.011138663861408195
11,32279.32025306605,17,4.566666666666666,0.0,0.01042029784626662,-0.01042029784626662
11,32279.32025306605,17,4.633333333333333,0.0,0.009748261421292348,-0.009748261421292348
11,32279.32025306605,17,4.7,0.0,0.009119566651533231,-0.009119566651533231
11,32279.32025306605,17,4.766666666666667,0.0,0.00853141830297074,-0.00853141830297074
11,32279.32025306605,17,4.833333333333333,0.0742574257425745,0.00798120141465572,0.06627622432791878
11,32279.32025306605,17,4.9,0.0,0.00746646967235465,-0.00746646967235465
11,32279.32025306605,17,4.966666666666667,0.0,0.0069849345320145105,-0.0069849345320145105
11,32279.32025306605,17,5.033333333333333,0.0,0.006534455044688131,-0.006534455044688131
11,32279.32025306605,17,5.1,0.0,0.006113028337680839,-0.006113028337680839
11,32279.32025306605,17,5.166666666666666,0.0,0.005718780709596645,-0.005718780709596645
11,32279.32025306605,17,5.233333333333333,0.0,0.005349959299691729,-0.005349959299691729
11,32279.32025306605,17,5.3,0.0,0.005004924294496477,-0.005004924294496477
11,32279.32025306605,17,5.366666666666667,0.0,0.004682141637055892,-0.004682141637055892
11,32279.32025306605,17,5.433333333333334,0.0,0.004380176206373162,-0.004380176206373162
11,32279.32025306605,17,5.5,0.0,0.0040976854367313865,-0.0040976854367313865
11,32279.32025306605,17,5.566666666666666,0.0,0.003833413348524548,-0.003833413348524548
11,32279.32025306605,17,5.633333333333333,0.0,0.003586184964058159,-0.003586184964058159
11,32279.32025306605,17,5.7,0.0,0.0033549010834917664,-0.0033549010834917664
11,32279.32025306605,17,5.766666666666667,0.0,0.003138533397696691,-0.003138533397696691
11,32279.32025306605,17,5.833333333333333,0.0,0.0029361199163002714,-0.0029361199163002714
11,32279.32025306605,17,5.9,0.0,0.002746760690589351,-0.002746760690589351
11,32279.32025306605,17,5.966666666666667,0.0,0.0025696138122566084,-0.0025696138122566084
11,32279.32025306605,19,0.03333333333333333,0.0,0.9697991161959337,-0.9697991161959337
11,32279.32025306605,19,0.1,0.0,0.9072538472787854,-0.9072538472787854
11,32279.32025306605,19,0.16666666666666669,0.0,0.8487423113261123,-0.8487423113261123
11,32279.32025306605,19,0.23333333333333334,0.0,0.7940043607374581,-0.7940043607374581
11,32279.32025306605,19,0.3,0.0,0.7427966256154565,-0.7427966256154565
11,32279.32025306605,19,0.3666666666666667,4.620853080568719,0.694891431721175,3.925961648847544
11,32279.32025306605,19,0.43333333333333335,0.0,0.6500757882137806,-0.6500757882137806
11,32279.32025306605,19,0.5,0.0,0.6081504406739263,-0.6081504406739263
11,32279.32025306605,19,0.5666666666666667,0.0,0.5689289852005146,-0.5689289852005146
11,32279.32025306605,19,0.6333333333333333,0.0,0.5322370396420313,-0.5322370396420313
11,32279.32025306605,19,0.7,0.0,0.4979114682776703,-0.4979114682776703
11,32279.32025306605,19,0.7666666666666666,0.0,0.4657996565011093,-0.4657996565011093
11,32279.32025306605,19,0.8333333333333334,0.0,0.4357588322821159,-0.4357588322821159
11,32279.32025306605,19,0.9,0.0,0.4076554313891406,-0.4076554313891406
11,32279.32025306605,19,0.9666666666666667,3.6255924170616134,0.38136450355061846,3.244227913510995
11,32279.32025306605,19,1.0333333333333332,0.0,0.35676915691471883,-0.35676915691471883
11,32279.32025306605,19,1.1,0.4265402843601898,0.3337600383375607,0.09278024602262913
11,32279.32025306605,19,1.1666666666666665,2.2037914691943143,0.3122348471892086,1.8915566220051057
11,32279.32025306605,19,1.2333333333333334,0.0,0.29209788051578434,-0.29209788051578434
11,32279.32025306605,19,1.2999999999999998,0.0,0.2732596075354472,-0.2732596075354472
11,32279.32025306605,19,1.3666666666666667,0.0,0.2556362715764093,-0.2556362715764093
11,32279.32025306605,19,1.4333333333333331,0.0,0.23914951768717055,-0.23914951768717055
11,32279.32025306605,19,1.5,0.0,0.2237260442632904,-0.2237260442632904
11,32279.32025306605,19,1.5666666666666667,0.0,0.2092972771418011,-0.2092972771418011
11,32279.32025306605,19,1.6333333333333333,0.0,0.19579906471425323,-0.19579906471425323
11,32279.32025306605,19,1.7000000000000002,0.7109004739336496,0.18317139270284163,0.527729081230808
11,32279.32025306605,19,1.7666666666666666,0.7819905213270145,0.17135811733147788,0.6106324039955366
11,32279.32025306605,19,1.8333333333333335,0.0,0.16030671570546504,-0.16030671570546504
11,32279.32025306605,19,1.9,0.0,0.1499680522899403,-0.1499680522899403
11,32279.32025306605,19,1.9666666666666668,0.0,0.14029616044882603,-0.14029616044882603
11,32279.32025306605,19,2.033333333333333,0.0,0.13124803807299337,-0.13124803807299337
11,32279.32025306605,19,2.0999999999999996,1.2085308056872004,0.12278345638898103,1.0857473492982193
11,32279.32025306605,19,2.166666666666667,0.49763033175355315,0.1148647810982167,0.38276555065533646
11,32279.32025306605,19,2.2333333333333334,0.21327014218009566,0.10745680505150948,0.10581333712858618
11,32279.32025306605,19,2.3,0.21327014218009419,0.10052659171486797,0.11274355046522622
11,32279.32025306605,19,2.3666666666666667,0.0710900473933652,0.09404332873068051,-0.022953281337315307
11,32279.32025306605,19,2.4333333333333336,0.0,0.08797819092317623,-0.08797819092317623
11,32279.32025306605,19,2.5,0.0,0.08230421213907665,-0.08230421213907665
11,32279.32025306605,19,2.5666666666666664,0.0,0.0769961653536303,-0.0769961653536303
11,32279.32025306605,19,2.6333333333333333,0.0,0.07203045050897056,-0.07203045050897056
11,32279.32025306605,19,2.7,0.0,0.06738498958611619,-0.06738498958611619
11,32279.32025306605,19,2.7666666666666666,0.0,0.06303912844409452,-0.06303912844409452
11,32279.32025306605,19,2.833333333333333,0.07109004739336473,0.05897354498975579,0.012116502403608946
11,32279.32025306605,19,2.9,0.0710900473933652,0.05517016326999288,0.01591988412337232
11,32279.32025306605,19,2.966666666666667,0.07109004739336473,0.05161207310441313,0.0194779742889516
11,32279.32025306605,19,3.033333333333333,0.0,0.04828345490114099,-0.04828345490114099
11,32279.32025306605,19,3.0999999999999996,0.0,0.0451695093214765,-0.0451695093214765
11,32279.32025306605,19,3.166666666666667,0.07109004739336473,0.042256391480692004,0.02883365591267273
11,32279.32025306605,19,3.2333333333333334,0.0710900473933652,0.039531149392417926,0.03155889800094728
11,32279.32025306605,19,3.3,0.0,0.036981666382935374,-0.036981666382935374
11,32279.32025306605,19,3.3666666666666667,0.0,0.034596607219344995,-0.034596607219344995
11,32279.32025306605,19,3.4333333333333336,0.0,0.03236536771209253,-0.03236536771209253
11,32279.32025306605,19,3.5,0.0,0.030278027567779357,-0.030278027567779357
11,32279.32025306605,19,3.5666666666666664,0.0,0.028325306282637477,-0.028325306282637477
11,32279.32025306605,19,3.6333333333333333,0.0,0.02649852188056732,-0.02649852188056732
11,32279.32025306605,19,3.7,0.0,0.024789552312283886,-0.024789552312283886
11,32279.32025306605,19,3.7666666666666666,0.0,0.02319079934394827,-0.02319079934394827
11,32279.32025306605,19,3.833333333333333,0.0,0.02169515477473027,-0.02169515477473027
11,32279.32025306605,19,3.9,0.0,0.020295968833102217,-0.020295968833102217
11,32279.32025306605,19,3.966666666666667,0.0,0.018987020611351133,-0.018987020611351133
11,32279.32025306605,19,4.033333333333333,0.0,0.017762490406858282,-0.017762490406858282
11,32279.32025306605,19,4.1,0.0,0.016616933847173034,-0.016616933847173034
11,32279.32025306605,19,4.166666666666666,0.0,0.015545257683838685,-0.015545257683838685
11,32279.32025306605,19,4.233333333333333,0.0,0.01454269714734751,-0.01454269714734751
11,32279.32025306605,19,4.3,0.0,0.013604794762542978,-0.013604794762542978
11,32279.32025306605,19,4.366666666666667,0.0,0.012727380530280517,-0.012727380530280517
11,32279.32025306605,19,4.433333333333334,0.0,0.011906553387232842,-0.011906553387232842
11,32279.32025306605,19,4.5,0.0,0.011138663861408195,-0.011138663861408195
11,32279.32025306605,19,4.566666666666666,0.0,0.01042029784626662,-0.01042029784626662
11,32279.32025306605,19,4.633333333333333,0.0,0.009748261421292348,-0.009748261421292348
11,32279.32025306605,19,4.7,0.0,0.009119566651533231,-0.009119566651533231
11,32279.32025306605,19,4.766666666666667,0.0,0.00853141830297074,-0.00853141830297074
11,32279.32025306605,19,4.833333333333333,0.0,0.00798120141465572,-0.00798120141465572
11,32279.32025306605,19,4.9,0.0,0.00746646967235465,-0.00746646967235465
11,32279.32025306605,19,4.966666666666667,0.0,0.0069849345320145105,-0.0069849345320145105
11,32279.32025306605,19,5.033333333333333,0.0,0.006534455044688131,-0.006534455044688131
11,32279.32025306605,19,5.1,0.0710900473933652,0.006113028337680839,0.06497701905568437
11,32279.32025306605,19,5.166666666666666,0.0,0.005718780709596645,-0.005718780709596645
11,32279.32025306605,19,5.233333333333333,0.0,0.005349959299691729,-0.005349959299691729
11,32279.32025306605,19,5.3,0.0,0.005004924294496477,-0.005004924294496477
11,32279.32025306605,19,5.366666666666667,0.0,0.004682141637055892,-0.004682141637055892
11,32279.32025306605,19,5.433333333333334,0.0,0.004380176206373162,-0.004380176206373162
11,32279.32025306605,19,5.5,0.0,0.0040976854367313865,-0.0040976854367313865
11,32279.32025306605,19,5.566666666666666,0.0,0.003833413348524548,-0.003833413348524548
11,32279.32025306605,19,5.633333333333333,0.0,0.003586184964058159,-0.003586184964058159
11,32279.32025306605,19,5.7,0.0,0.0033549010834917664,-0.0033549010834917664
11,32279.32025306605,19,5.766666666666667,0.0,0.003138533397696691,-0.003138533397696691
11,32279.32025306605,19,5.833333333333333,0.0,0.0029361199163002714,-0.0029361199163002714
11,32279.32025306605,19,5.9,0.0,0.002746760690589351,-0.002746760690589351
11,32279.32025306605,19,5.966666666666667,0.0,0.0025696138122566084,-0.0025696138122566084
11,32279.32025306605,23,0.03333333333333333,0.0,0.9697991161959337,-0.9697991161959337
11,32279.32025306605,23,0.1,0.0,0.9072538472787854,-0.9072538472787854
11,32279.32025306605,23,0.16666666666666669,0.0,0.8487423113261123,-0.8487423113261123
11,32279.32025306605,23,0.23333333333333334,0.0,0.7940043607374581,-0.7940043607374581
11,32279.32025306605,23,0.3,0.0,0.7427966256154565,-0.7427966256154565
11,32279.32025306605,23,0.3666666666666667,0.0,0.694891431721175,-0.694891431721175
11,32279.32025306605,23,0.43333333333333335,0.0,0.6500757882137806,-0.6500757882137806
11,32279.32025306605,23,0.5,0.0,0.6081504406739263,-0.6081504406739263
11,32279.32025306605,23,0.5666666666666667,5.71748878923767,0.5689289852005146,5.148559804037156
11,32279.32025306605,23,0.6333333333333333,0.0,0.5322370396420313,-0.5322370396420313
11,32279.32025306605,23,0.7,0.0,0.4979114682776703,-0.4979114682776703
11,32279.32025306605,23,0.7666666666666666,3.1614349775784714,0.4657996565011093,2.6956353210773623
11,32279.32025306605,23,0.8333333333333334,0.0,0.4357588322821159,-0.4357588322821159
11,32279.32025306605,23,0.9,0.0,0.4076554313891406,-0.4076554313891406
11,32279.32025306605,23,0.9666666666666667,0.0,0.38136450355061846,-0.38136450355061846
11,32279.32025306605,23,1.0333333333333332,0.0,0.35676915691471883,-0.35676915691471883
11,32279.32025306605,23,1.1,0.0,0.3337600383375607,-0.3337600383375607
11,32279.32025306605,23,1.1666666666666665,0.0,0.3122348471892086,-0.3122348471892086
11,32279.32025306605,23,1.2333333333333334,0.0,0.29209788051578434,-0.29209788051578434
11,32279.32025306605,23,1.2999999999999998,0.7399103139013455,0.2732596075354472,0.46665070636589834
11,32279.32025306605,23,1.3666666666666667,1.5470852017937224,0.2556362715764093,1.291448930217313
11,32279.32025306605,23,1.4333333333333331,0.0,0.23914951768717055,-0.23914951768717055
11,32279.32025306605,23,1.5,0.0,0.2237260442632904,-0.2237260442632904
11,32279.32025306605,23,1.5666666666666667,0.0,0.2092972771418011,-0.2092972771418011
11,32279.32025306605,23,1.6333333333333333,0.0,0.19579906471425323,-0.19579906471425323
11,32279.32025306605,23,1.7000000000000002,1.2107623318385654,0.18317139270284163,1.0275909391357239
11,32279.32025306605,23,1.7666666666666666,0.8744394618834085,0.17135811733147788,0.7030813445519306
11,32279.32025306605,23,1.8333333333333335,0.0,0.16030671570546504,-0.16030671570546504
11,32279.32025306605,23,1.9,0.6053811659192827,0.1499680522899403,0.4554131136293424
11,32279.32025306605,23,1.9666666666666668,0.26905829596412567,0.14029616044882603,0.12876213551529964
11,32279.32025306605,23,2.033333333333333,0.0,0.13124803807299337,-0.13124803807299337
11,32279.32025306605,23,2.0999999999999996,0.0,0.12278345638898103,-0.12278345638898103
11,32279.32025306605,23,2.166666666666667,0.0,0.1148647810982167,-0.1148647810982167
11,32279.32025306605,23,2.2333333333333334,0.06726457399103164,0.10745680505150948,-0.04019223106047784
11,32279.32025306605,23,2.3,0.0,0.10052659171486797,-0.10052659171486797
11,32279.32025306605,23,2.3666666666666667,0.0,0.09404332873068051,-0.09404332873068051
11,32279.32025306605,23,2.4333333333333336,0.1345291479820624,0.08797819092317623,0.046550957058886164
11,32279.32025306605,23,2.5,0.26905829596412656,0.08230421213907665,0.1867540838250499
11,32279.32025306605,23,2.5666666666666664,0.0672645739910312,0.0769961653536303,-0.009731591362599101
11,32279.32025306605,23,2.6333333333333333,0.0,0.07203045050897056,-0.07203045050897056
11,32279.32025306605,23,2.7,0.0,0.06738498958611619,-0.06738498958611619
11,32279.32025306605,23,2.7666666666666666,0.0,0.06303912844409452,-0.06303912844409452
11,32279.32025306605,23,2.833333333333333,0.0672645739910312,0.05897354498975579,0.008291029001275409
11,32279.32025306605,23,2.9,0.06726457399103164,0.05517016326999288,0.012094410721038756
11,32279.32025306605,23,2.966666666666667,0.0,0.05161207310441313,-0.05161207310441313
11,32279.32025306605,23,3.033333333333333,0.0,0.04828345490114099,-0.04828345490114099
11,32279.32025306605,23,3.0999999999999996,0.0,0.0451695093214765,-0.0451695093214765
11,32279.32025306605,23,3.166666666666667,0.0,0.042256391480692004,-0.042256391480692004
11,32279.32025306605,23,3.2333333333333334,0.0,0.039531149392417926,-0.039531149392417926
11,32279.32025306605,23,3.3,0.0,0.036981666382935374,-0.036981666382935374
11,32279.32025306605,23,3.3666666666666667,0.0,0.034596607219344995,-0.034596607219344995
11,32279.32025306605,23,3.4333333333333336,0.0,0.03236536771209253,-0.03236536771209253
11,32279.32025306605,23,3.5,0.06726457399103164,0.030278027567779357,0.03698654642325228
11,32279.32025306605,23,3.5666666666666664,0.0672645739910312,0.028325306282637477,0.03893926770839372
11,32279.32025306605,23,3.6333333333333333,0.0,0.02649852188056732,-0.02649852188056732
11,32279.32025306605,23,3.7,0.0672645739910312,0.024789552312283886,0.04247502167874731
11,32279.32025306605,23,3.7666666666666666,0.0,0.02319079934394827,-0.02319079934394827
11,32279.32025306605,23,3.833333333333333,0.0,0.02169515477473027,-0.02169515477473027
11,32279.32025306605,23,3.9,0.0,0.020295968833102217,-0.020295968833102217
11,32279.32025306605,23,3.966666666666667,0.0,0.018987020611351133,-0.018987020611351133
11,32279.32025306605,23,4.033333333333333,0.0,0.017762490406858282,-0.017762490406858282
11,32279.32025306605,23,4.1,0.0,0.016616933847173034,-0.016616933847173034
11,32279.32025306605,23,4.166666666666666,0.0,0.015545257683838685,-0.015545257683838685
11,32279.32025306605,23,4.233333333333333,0.0,0.01454269714734751,-0.01454269714734751
11,32279.32025306605,23,4.3,0.0,0.013604794762542978,-0.013604794762542978
11,32279.32025306605,23,4.366666666666667,0.0,0.012727380530280517,-0.012727380530280517
11,32279.32025306605,23,4.433333333333334,0.0,0.011906553387232842,-0.011906553387232842
11,32279.32025306605,23,4.5,0.0,0.011138663861408195,-0.011138663861408195
11,32279.32025306605,23,4.566666666666666,0.0,0.01042029784626662,-0.01042029784626662
11,32279.32025306605,23,4.633333333333333,0.0,0.009748261421292348,-0.009748261421292348
11,32279.32025306605,23,4.7,0.0,0.009119566651533231,-0.009119566651533231
11,32279.32025306605,23,4.766666666666667,0.0,0.00853141830297074,-0.00853141830297074
11,32279.32025306605,23,4.833333333333333,0.0,0.00798120141465572,-0.00798120141465572
11,32279.32025306605,23,4.9,0.0,0.00746646967235465,-0.00746646967235465
11,32279.32025306605,23,4.966666666666667,0.0,0.0069849345320145105,-0.0069849345320145105
11,32279.32025306605,23,5.033333333333333,0.0,0.006534455044688131,-0.006534455044688131
11,32279.32025306605,23,5.1,0.0,0.006113028337680839,-0.006113028337680839
11,32279.32025306605,23,5.166666666666666,0.0,0.005718780709596645,-0.005718780709596645
11,32279.32025306605,23,5.233333333333333,0.0,0.005349959299691729,-0.005349959299691729
11,32279.32025306605,23,5.3,0.0,0.005004924294496477,-0.005004924294496477
11,32279.32025306605,23,5.366666666666667,0.0,0.004682141637055892,-0.004682141637055892
11,32279.32025306605,23,5.433333333333334,0.0,0.004380176206373162,-0.004380176206373162
11,32279.32025306605,23,5.5,0.0,0.0040976854367313865,-0.0040976854367313865
11,32279.32025306605,23,5.566666666666666,0.0,0.003833413348524548,-0.003833413348524548
11,32279.32025306605,23,5.633333333333333,0.0,0.003586184964058159,-0.003586184964058159
11,32279.32025306605,23,5.7,0.0,0.0033549010834917664,-0.0033549010834917664
11,32279.32025306605,23,5.766666666666667,0.0,0.003138533397696691,-0.003138533397696691
11,32279.32025306605,23,5.833333333333333,0.0,0.0029361199163002714,-0.0029361199163002714
11,32279.32025306605,23,5.9,0.0,0.002746760690589351,-0.002746760690589351
11,32279.32025306605,23,5.966666666666667,0.0,0.0025696138122566084,-0.0025696138122566084
11,32279.32025306605,29,0.03333333333333333,0.0,0.9697991161959337,-0.9697991161959337
11,32279.32025306605,29,0.1,0.0,0.9072538472787854,-0.9072538472787854
11,32279.32025306605,29,0.16666666666666669,4.636363636363638,0.8487423113261123,3.7876213250375255
11,32279.32025306605,29,0.23333333333333334,0.0,0.7940043607374581,-0.7940043607374581
11,32279.32025306605,29,0.3,0.0,0.7427966256154565,-0.7427966256154565
11,32279.32025306605,29,0.3666666666666667,0.0,0.694891431721175,-0.694891431721175
11,32279.32025306605,29,0.43333333333333335,0.0,0.6500757882137806,-0.6500757882137806
11,32279.32025306605,29,0.5,0.0,0.6081504406739263,-0.6081504406739263
11,32279.32025306605,29,0.5666666666666667,0.0,0.5689289852005146,-0.5689289852005146
11,32279.32025306605,29,0.6333333333333333,0.0,0.5322370396420313,-0.5322370396420313
11,32279.32025306605,29,0.7,0.0,0.4979114682776703,-0.4979114682776703
11,32279.32025306605,29,0.7666666666666666,4.499999999999996,0.4657996565011093,4.0342003434988865
11,32279.32025306605,29,0.8333333333333334,0.0,0.4357588322821159,-0.4357588322821159
11,32279.32025306605,29,0.9,0.0,0.4076554313891406,-0.4076554313891406
11,32279.32025306605,29,0.9666666666666667,0.0,0.38136450355061846,-0.38136450355061846
11,32279.32025306605,29,1.0333333333333332,0.0,0.35676915691471883,-0.35676915691471883
11,32279.32025306605,29,1.1,0.7500000000000006,0.3337600383375607,0.4162399616624399
11,32279.32025306605,29,1.1666666666666665,1.7045454545454557,0.3122348471892086,1.3923106073562472
11,32279.32025306605,29,1.2333333333333334,0.0,0.29209788051578434,-0.29209788051578434
11,32279.32025306605,29,1.2999999999999998,0.545454545454546,0.2732596075354472,0.27219493791909877
11,32279.32025306605,29,1.3666666666666667,0.9545454545454554,0.2556362715764093,0.6989091829690461
11,32279.32025306605,29,1.4333333333333331,0.0,0.23914951768717055,-0.23914951768717055
11,32279.32025306605,29,1.5,0.0,0.2237260442632904,-0.2237260442632904
11,32279.32025306605,29,1.5666666666666667,0.0,0.2092972771418011,-0.2092972771418011
11,32279.32025306605,29,1.6333333333333333,0.0,0.19579906471425323,-0.19579906471425323
11,32279.32025306605,29,1.7000000000000002,0.4090909090909094,0.18317139270284163,0.22591951638806776
11,32279.32025306605,29,1.7666666666666666,0.4772727272727277,0.17135811733147788,0.3059146099412498
11,32279.32025306605,29,1.8333333333333335,0.0,0.16030671570546504,-0.16030671570546504
11,32279.32025306605,29,1.9,0.272727272727273,0.1499680522899403,0.12275922043733267
11,32279.32025306605,29,1.9666666666666668,0.06818181818181825,0.14029616044882603,-0.07211434226700779
11,32279.32025306605,29,2.033333333333333,0.0,0.13124803807299337,-0.13124803807299337
11,32279.32025306605,29,2.0999999999999996,0.0,0.12278345638898103,-0.12278345638898103
11,32279.32025306605,29,2.166666666666667,0.0,0.1148647810982167,-0.1148647810982167
11,32279.32025306605,29,2.2333333333333334,0.0,0.10745680505150948,-0.10745680505150948
11,32279.32025306605,29,2.3,0.0,0.10052659171486797,-0.10052659171486797
11,32279.32025306605,29,2.3666666666666667,0.06818181818181847,0.09404332873068051,-0.025861510548862043
11,32279.32025306605,29,2.4333333333333336,0.0,0.08797819092317623,-0.08797819092317623
11,32279.32025306605,29,2.5,0.0,0.08230421213907665,-0.08230421213907665
11,32279.32025306605,29,2.5666666666666664,0.0,0.0769961653536303,-0.0769961653536303
11,32279.32025306605,29,2.6333333333333333,0.0,0.07203045050897056,-0.07203045050897056
11,32279.32025306605,29,2.7,0.0,0.06738498958611619,-0.06738498958611619
11,32279.32025306605,29,2.7666666666666666,0.0,0.06303912844409452,-0.06303912844409452
11,32279.32025306605,29,2.833333333333333,0.13636363636363602,0.05897354498975579,0.07739009137388023
11,32279.32025306605,29,2.9,0.2045454545454554,0.05517016326999288,0.1493752912754625
11,32279.32025306605,29,2.966666666666667,0.06818181818181801,0.05161207310441313,0.016569745077404878
11,32279.32025306605,29,3.033333333333333,0.0,0.04828345490114099,-0.04828345490114099
11,32279.32025306605,29,3.0999999999999996,0.0,0.0451695093214765,-0.0451695093214765
11,32279.32025306605,29,3.166666666666667,0.0,0.042256391480692004,-0.042256391480692004
11,32279.32025306605,29,3.2333333333333334,0.0,0.039531149392417926,-0.039531149392417926
11,32279.32025306605,29,3.3,0.0,0.036981666382935374,-0.036981666382935374
11,32279.32025306605,29,3.3666666666666667,0.0,0.034596607219344995,-0.034596607219344995
11,32279.32025306605,29,3.4333333333333336,0.0,0.03236536771209253,-0.03236536771209253
11,32279.32025306605,29,3.5,0.0,0.030278027567779357,-0.030278027567779357
11,32279.32025306605,29,3.5666666666666664,0.0,0.028325306282637477,-0.028325306282637477
11,32279.32025306605,29,3.6333333333333333,0.0,0.02649852188056732,-0.02649852188056732
11,32279.32025306605,29,3.7,0.0,0.024789552312283886,-0.024789552312283886
11,32279.32025306605,29,3.7666666666666666,0.0,0.02319079934394827,-0.02319079934394827
11,32279.32025306605,29,3.833333333333333,0.0,0.02169515477473027,-0.02169515477473027
11,32279.32025306605,29,3.9,0.0,0.020295968833102217,-0.020295968833102217
11,32279.32025306605,29,3.966666666666667,0.0,0.018987020611351133,-0.018987020611351133
11,32279.32025306605,29,4.033333333333333,0.0,0.017762490406858282,-0.017762490406858282
11,32279.32025306605,29,4.1,0.0,0.016616933847173034,-0.016616933847173034
11,32279.32025306605,29,4.166666666666666,0.06818181818181757,0.015545257683838685,0.05263656049797888
11,32279.32025306605,29,4.233333333333333,0.0,0.01454269714734751,-0.01454269714734751
11,32279.32025306605,29,4.3,0.0,0.013604794762542978,-0.013604794762542978
11,32279.32025306605,29,4.366666666666667,0.0,0.012727380530280517,-0.012727380530280517
11,32279.32025306605,29,4.433333333333334,0.0,0.011906553387232842,-0.011906553387232842
11,32279.32025306605,29,4.5,0.0,0.011138663861408195,-0.011138663861408195
11,32279.32025306605,29,4.566666666666666,0.0,0.01042029784626662,-0.01042029784626662
11,32279.32025306605,29,4.633333333333333,0.0,0.009748261421292348,-0.009748261421292348
11,32279.32025306605,29,4.7,0.06818181818181847,0.009119566651533231,0.059062251530285236
11,32279.32025306605,29,4.766666666666667,0.0,0.00853141830297074,-0.00853141830297074
11,32279.32025306605,29,4.833333333333333,0.0,0.00798120141465572,-0.00798120141465572
11,32279.32025306605,29,4.9,0.0,0.00746646967235465,-0.00746646967235465
11,32279.32025306605,29,4.966666666666667,0.0,0.0069849345320145105,-0.0069849345320145105
11,32279.32025306605,29,5.033333333333333,0.0,0.006534455044688131,-0.006534455044688131
11,32279.32025306605,29,5.1,0.06818181818181847,0.006113028337680839,0.06206878984413763
11,32279.32025306605,29,5.166666666666666,0.0,0.005718780709596645,-0.005718780709596645
11,32279.32025306605,29,5.233333333333333,0.0,0.005349959299691729,-0.005349959299691729
11,32279.32025306605,29,5.3,0.0,0.005004924294496477,-0.005004924294496477
11,32279.32025306605,29,5.366666666666667,0.0,0.004682141637055892,-0.004682141637055892
11,32279.32025306605,29,5.433333333333334,0.0,0.004380176206373162,-0.004380176206373162
11,32279.32025306605,29,5.5,0.0,0.0040976854367313865,-0.0040976854367313865
11,32279.32025306605,29,5.566666666666666,0.0,0.003833413348524548,-0.003833413348524548
11,32279.32025306605,29,5.633333333333333,0.0,0.003586184964058159,-0.003586184964058159
11,32279.32025306605,29,5.7,0.0,0.0033549010834917664,-0.0033549010834917664
11,32279.32025306605,29,5.766666666666667,0.0,0.003138533397696691,-0.003138533397696691
11,32279.32025306605,29,5.833333333333333,0.0,0.0029361199163002714,-0.0029361199163002714
11,32279.32025306605,29,5.9,0.0,0.002746760690589351,-0.002746760690589351
11,32279.32025306605,29,5.966666666666667,0.0,0.0025696138122566084,-0.0025696138122566084
12,55959.57183538845,1,0.03333333333333333,0.0,0.9697991161959337,-0.9697991161959337
12,55959.57183538845,1,0.1,0.0,0.9072538472787854,-0.9072538472787854
12,55959.57183538845,1,0.16666666666666669,0.0,0.8487423113261123,-0.8487423113261123
12,55959.57183538845,1,0.23333333333333334,0.0,0.7940043607374581,-0.7940043607374581
12,55959.57183538845,1,0.3,0.0,0.7427966256154565,-0.7427966256154565
12,55959.57183538845,1,0.3666666666666667,0.0,0.694891431721175,-0.694891431721175
12,55959.57183538845,1,0.43333333333333335,0.0,0.6500757882137806,-0.6500757882137806
12,55959.57183538845,1,0.5,0.0,0.6081504406739263,-0.6081504406739263
12,55959.57183538845,1,0.5666666666666667,4.231843575418993,0.5689289852005146,3.6629145902184783
12,55959.57183538845,1,0.6333333333333333,0.0,0.5322370396420313,-0.5322370396420313
12,55959.57183538845,1,0.7,0.0,0.4979114682776703,-0.4979114682776703
12,55959.57183538845,1,0.7666666666666666,0.0,0.4657996565011093,-0.4657996565011093
12,55959.57183538845,1,0.8333333333333334,0.0,0.4357588322821159,-0.4357588322821159
12,55959.57183538845,1,0.9,2.932960893854748,0.4076554313891406,2.5253054624656075
12,55959.57183538845,1,0.9666666666666667,0.3351955307262569,0.38136450355061846,-0.046168972824361554
12,55959.57183538845,1,1.0333333333333332,0.0,0.35676915691471883,-0.35676915691471883
12,55959.57183538845,1,1.1,1.927374301675977,0.3337600383375607,1.5936142633384163
12,55959.57183538845,1,1.1666666666666665,0.0,0.3122348471892086,-0.3122348471892086
12,55959.57183538845,1,1.2333333333333334,0.0,0.29209788051578434,-0.29209788051578434
12,55959.57183538845,1,1.2999999999999998,0.0,0.2732596075354472,-0.2732596075354472
12,55959.57183538845,1,1.3666666666666667,0.0,0.2556362715764093,-0.2556362715764093
12,55959.57183538845,1,1.4333333333333331,1.1312849162011172,0.23914951768717055,0.8921353985139466
12,55959.57183538845,1,1.5,0.6703910614525138,0.2237260442632904,0.4466650171892234
12,55959.57183538845,1,1.5666666666666667,0.0,0.2092972771418011,-0.2092972771418011
12,55959.57183538845,1,1.6333333333333333,0.9636871508379885,0.19579906471425323,0.7678880861237353
12,55959.57183538845,1,1.7000000000000002,0.16759776536312845,0.18317139270284163,-0.01557362733971318
12,55959.57183538845,1,1.7666666666666666,0.0,0.17135811733147788,-0.17135811733147788
12,55959.57183538845,1,1.8333333333333335,0.0,0.16030671570546504,-0.16030671570546504
12,55959.57183538845,1,1.9,0.0,0.1499680522899403,-0.1499680522899403
12,55959.57183538845,1,1.9666666666666668,0.5027932960893853,0.14029616044882603,0.36249713564055924
12,55959.57183538845,1,2.033333333333333,0.7960893854748629,0.13124803807299337,0.6648413474018695
12,55959.57183538845,1,2.0999999999999996,0.0,0.12278345638898103,-0.12278345638898103
12,55959.57183538845,1,2.166666666666667,0.0,0.1148647810982167,-0.1148647810982167
12,55959.57183538845,1,2.2333333333333334,0.0,0.10745680505150948,-0.10745680505150948
12,55959.57183538845,1,2.3,0.0,0.10052659171486797,-0.10052659171486797
12,55959.57183538845,1,2.3666666666666667,0.0,0.09404332873068051,-0.09404332873068051
12,55959.57183538845,1,2.4333333333333336,0.0,0.08797819092317623,-0.08797819092317623
12,55959.57183538845,1,2.5,0.04189944134078225,0.08230421213907665,-0.0404047707982944
12,55959.57183538845,1,2.5666666666666664,0.29329608938547386,0.0769961653536303,0.21629992403184356
12,55959.57183538845,1,2.6333333333333333,0.167597765363129,0.07203045050897056,0.09556731485415845
12,55959.57183538845,1,2.7,0.2094972067039099,0.06738498958611619,0.1421122171177937
12,55959.57183538845,1,2.7666666666666666,0.167597765363129,0.06303912844409452,0.10455863691903448
12,55959.57183538845,1,2.833333333333333,0.0,0.05897354498975579,-0.05897354498975579
12,55959.57183538845,1,2.9,0.0,0.05517016326999288,-0.05517016326999288
12,55959.57183538845,1,2.966666666666667,0.0,0.05161207310441313,-0.05161207310441313
12,55959.57183538845,1,3.033333333333333,0.0,0.04828345490114099,-0.04828345490114099
12,55959.57183538845,1,3.0999999999999996,0.0,0.0451695093214765,-0.0451695093214765
12,55959.57183538845,1,3.166666666666667,0.0,0.042256391480692004,-0.042256391480692004
12,55959.57183538845,1,3.2333333333333334,0.04189944134078225,0.039531149392417926,0.002368291948364326
12,55959.57183538845,1,3.3,0.08379888268156395,0.036981666382935374,0.046817216298628575
12,55959.57183538845,1,3.3666666666666667,0.04189944134078225,0.034596607219344995,0.007302834121437257
12,55959.57183538845,1,3.4333333333333336,0.0,0.03236536771209253,-0.03236536771209253
12,55959.57183538845,1,3.5,0.0,0.030278027567779357,-0.030278027567779357
12,55959.57183538845,1,3.5666666666666664,0.041899441340781975,0.028325306282637477,0.013574135058144497
12,55959.57183538845,1,3.6333333333333333,0.04189944134078225,0.02649852188056732,0.015400919460214931
12,55959.57183538845,1,3.7,0.041899441340781975,0.024789552312283886,0.01710988902849809
12,55959.57183538845,1,3.7666666666666666,0.04189944134078225,0.02319079934394827,0.01870864199683398
12,55959.57183538845,1,3.833333333333333,0.0,0.02169515477473027,-0.02169515477473027
12,55959.57183538845,1,3.9,0.0,0.020295968833102217,-0.020295968833102217
12,55959.57183538845,1,3.966666666666667,0.0,0.018987020611351133,-0.018987020611351133
12,55959.57183538845,1,4.033333333333333,0.0,0.017762490406858282,-0.017762490406858282
12,55959.57183538845,1,4.1,0.0,0.016616933847173034,-0.016616933847173034
12,55959.57183538845,1,4.166666666666666,0.0,0.015545257683838685,-0.015545257683838685
12,55959.57183538845,1,4.233333333333333,0.0,0.01454269714734751,-0.01454269714734751
12,55959.57183538845,1,4.3,0.0,0.013604794762542978,-0.013604794762542978
12,55959.57183538845,1,4.366666666666667,0.0,0.012727380530280517,-0.012727380530280517
12,55959.57183538845,1,4.433333333333334,0.0,0.011906553387232842,-0.011906553387232842
12,55959.57183538845,1,4.5,0.0,0.011138663861408195,-0.011138663861408195
12,55959.57183538845,1,4.566666666666666,0.0,0.01042029784626662,-0.01042029784626662
12,55959.57183538845,1,4.633333333333333,0.0,0.009748261421292348,-0.009748261421292348
12,55959.57183538845,1,4.7,0.04189944134078225,0.009119566651533231,0.03277987468924902
12,55959.57183538845,1,4.766666666666667,0.0,0.00853141830297074,-0.00853141830297074
12,55959.57183538845,1,4.833333333333333,0.04189944134078225,0.00798120141465572,0.03391823992612653
12,55959.57183538845,1,4.9,0.0,0.00746646967235465,-0.00746646967235465
12,55959.57183538845,1,4.966666666666667,0.0,0.0069849345320145105,-0.0069849345320145105
12,55959.57183538845,1,5.033333333333333,0.0,0.006534455044688131,-0.006534455044688131
12,55959.57183538845,1,5.1,0.0,0.006113028337680839,-0.006113028337680839
12,55959.57183538845,1,5.166666666666666,0.0,0.005718780709596645,-0.005718780709596645
12,55959.57183538845,1,5.233333333333333,0.0,0.005349959299691729,-0.005349959299691729
12,55959.57183538845,1,5.3,0.04189944134078225,0.005004924294496477,0.036894517046285775
12,55959.57183538845,1,5.366666666666667,0.0,0.004682141637055892,-0.004682141637055892
12,55959.57183538845,1,5.433333333333334,0.0,0.004380176206373162,-0.004380176206373162
12,55959.57183538845,1,5.5,0.0,0.0040976854367313865,-0.0040976854367313865
12,55959.57183538845,1,5.566666666666666,0.0,0.003833413348524548,-0.003833413348524548
12,55959.57183538845,1,5.633333333333333,0.0,0.003586184964058159,-0.003586184964058159
12,55959.57183538845,1,5.7,0.0,0.0033549010834917664,-0.0033549010834917664
12,55959.57183538845,1,5.766666666666667,0.0,0.003138533397696691,-0.003138533397696691
12,55959.57183538845,1,5.833333333333333,0.0,0.0029361199163002714,-0.0029361199163002714
12,55959.57183538845,1,5.9,0.0,0.002746760690589351,-0.002746760690589351
12,55959.57183538845,1,5.966666666666667,0.0,0.0025696138122566084,-0.0025696138122566084
12,55959.57183538845,7,0.03333333333333333,0.0,0.9697991161959337,-0.9697991161959337
12,55959.57183538845,7,0.1,0.0,0.9072538472787854,-0.9072538472787854
12,55959.57183538845,7,0.16666666666666669,0.0,0.8487423113261123,-0.8487423113261123
12,55959.57183538845,7,0.23333333333333334,0.0,0.7940043607374581,-0.7940043607374581
12,55959.57183538845,7,0.3,0.0,0.7427966256154565,-0.7427966256154565
12,55959.57183538845,7,0.3666666666666667,4.700854700854699,0.694891431721175,4.005963269133524
12,55959.57183538845,7,0.43333333333333335,0.0,0.6500757882137806,-0.6500757882137806
12,55959.57183538845,7,0.5,0.0,0.6081504406739263,-0.6081504406739263
12,55959.57183538845,7,0.5666666666666667,3.6752136752136764,0.5689289852005146,3.1062846900131618
12,55959.57183538845,7,0.6333333333333333,0.0,0.5322370396420313,-0.5322370396420313
12,55959.57183538845,7,0.7,0.0,0.4979114682776703,-0.4979114682776703
12,55959.57183538845,7,0.7666666666666666,0.0,0.4657996565011093,-0.4657996565011093
12,55959.57183538845,7,0.8333333333333334,0.0,0.4357588322821159,-0.4357588322821159
12,55959.57183538845,7,0.9,2.3504273504273514,0.4076554313891406,1.942771919038211
12,55959.57183538845,7,0.9666666666666667,0.170940170940171,0.38136450355061846,-0.21042433261044746
12,55959.57183538845,7,1.0333333333333332,0.0,0.35676915691471883,-0.35676915691471883
12,55959.57183538845,7,1.1,1.5811965811965818,0.3337600383375607,1.247436542859021
12,55959.57183538845,7,1.1666666666666665,0.0,0.3122348471892086,-0.3122348471892086
12,55959.57183538845,7,1.2333333333333334,0.0,0.29209788051578434,-0.29209788051578434
12,55959.57183538845,7,1.2999999999999998,0.0,0.2732596075354472,-0.2732596075354472
12,55959.57183538845,7,1.3666666666666667,0.0,0.2556362715764093,-0.2556362715764093
12,55959.57183538845,7,1.4333333333333331,0.7264957264957268,0.23914951768717055,0.4873462088085563
12,55959.57183538845,7,1.5,0.2564102564102565,0.2237260442632904,0.032684212146966096
12,55959.57183538845,7,1.5666666666666667,0.0,0.2092972771418011,-0.2092972771418011
12,55959.57183538845,7,1.6333333333333333,0.0,0.19579906471425323,-0.19579906471425323
12,55959.57183538845,7,1.7000000000000002,0.0,0.18317139270284163,-0.18317139270284163
12,55959.57183538845,7,1.7666666666666666,0.0,0.17135811733147788,-0.17135811733147788
12,55959.57183538845,7,1.8333333333333335,0.0,0.16030671570546504,-0.16030671570546504
12,55959.57183538845,7,1.9,0.0,0.1499680522899403,-0.1499680522899403
12,55959.57183538845,7,1.9666666666666668,0.21367521367521375,0.14029616044882603,0.07337905322638771
12,55959.57183538845,7,2.033333333333333,0.29914529914530025,0.13124803807299337,0.16789726107230687
12,55959.57183538845,7,2.0999999999999996,0.0,0.12278345638898103,-0.12278345638898103
12,55959.57183538845,7,2.166666666666667,0.17094017094017044,0.1148647810982167,0.056075389841953746
12,55959.57183538845,7,2.2333333333333334,0.17094017094017158,0.10745680505150948,0.0634833658886621
12,55959.57183538845,7,2.3,0.0,0.10052659171486797,-0.10052659171486797
12,55959.57183538845,7,2.3666666666666667,0.0,0.09404332873068051,-0.09404332873068051
12,55959.57183538845,7,2.4333333333333336,0.0,0.08797819092317623,-0.08797819092317623
12,55959.57183538845,7,2.5,0.0,0.08230421213907665,-0.08230421213907665
12,55959.57183538845,7,2.5666666666666664,0.0,0.0769961653536303,-0.0769961653536303
12,55959.57183538845,7,2.6333333333333333,0.0,0.07203045050897056,-0.07203045050897056
12,55959.57183538845,7,2.7,0.12820512820512783,0.06738498958611619,0.06082013861901164
12,55959.57183538845,7,2.7666666666666666,0.08547008547008579,0.06303912844409452,0.022430957025991266
12,55959.57183538845,7,2.833333333333333,0.04273504273504261,0.05897354498975579,-0.016238502254713176
12,55959.57183538845,7,2.9,0.0,0.05517016326999288,-0.05517016326999288
12,55959.57183538845,7,2.966666666666667,0.0,0.05161207310441313,-0.05161207310441313
12,55959.57183538845,7,3.033333333333333,0.0,0.04828345490114099,-0.04828345490114099
12,55959.57183538845,7,3.0999999999999996,0.21367521367521305,0.0451695093214765,0.16850570435373655
12,55959.57183538845,7,3.166666666666667,0.04273504273504261,0.042256391480692004,0.0004786512543506066
12,55959.57183538845,7,3.2333333333333334,0.042735042735042895,0.039531149392417926,0.0032038933426249694
12,55959.57183538845,7,3.3,0.04273504273504261,0.036981666382935374,0.005753376352107237
12,55959.57183538845,7,3.3666666666666667,0.042735042735042895,0.034596607219344995,0.0081384355156979
12,55959.57183538845,7,3.4333333333333336,0.0,0.03236536771209253,-0.03236536771209253
12,55959.57183538845,7,3.5,0.0,0.030278027567779357,-0.030278027567779357
12,55959.57183538845,7,3.5666666666666664,0.0,0.028325306282637477,-0.028325306282637477
12,55959.57183538845,7,3.6333333333333333,0.0,0.02649852188056732,-0.02649852188056732
12,55959.57183538845,7,3.7,0.04273504273504261,0.024789552312283886,0.017945490422758725
12,55959.57183538845,7,3.7666666666666666,0.0,0.02319079934394827,-0.02319079934394827
12,55959.57183538845,7,3.833333333333333,0.0,0.02169515477473027,-0.02169515477473027
12,55959.57183538845,7,3.9,0.0,0.020295968833102217,-0.020295968833102217
12,55959.57183538845,7,3.966666666666667,0.0,0.018987020611351133,-0.018987020611351133
12,55959.57183538845,7,4.033333333333333,0.0,0.017762490406858282,-0.017762490406858282
12,55959.57183538845,7,4.1,0.0,0.016616933847173034,-0.016616933847173034
12,55959.57183538845,7,4.166666666666666,0.0,0.015545257683838685,-0.015545257683838685
12,55959.57183538845,7,4.233333333333333,0.0,0.01454269714734751,-0.01454269714734751
12,55959.57183538845,7,4.3,0.0,0.013604794762542978,-0.013604794762542978
12,55959.57183538845,7,4.366666666666667,0.0,0.012727380530280517,-0.012727380530280517
12,55959.57183538845,7,4.433333333333334,0.0,0.011906553387232842,-0.011906553387232842
12,55959.57183538845,7,4.5,0.0,0.011138663861408195,-0.011138663861408195
12,55959.57183538845,7,4.566666666666666,0.0,0.01042029784626662,-0.01042029784626662
12,55959.57183538845,7,4.633333333333333,0.0,0.009748261421292348,-0.009748261421292348
12,55959.57183538845,7,4.7,0.0,0.009119566651533231,-0.009119566651533231
12,55959.57183538845,7,4.766666666666667,0.0,0.00853141830297074,-0.00853141830297074
12,55959.57183538845,7,4.833333333333333,0.0,0.00798120141465572,-0.00798120141465572
12,55959.57183538845,7,4.9,0.0,0.00746646967235465,-0.00746646967235465
12,55959.57183538845,7,4.966666666666667,0.0,0.0069849345320145105,-0.0069849345320145105
12,55959.57183538845,7,5.033333333333333,0.0,0.006534455044688131,-0.006534455044688131
12,55959.57183538845,7,5.1,0.0,0.006113028337680839,-0.006113028337680839
12,55959.57183538845,7,5.166666666666666,0.0,0.005718780709596645,-0.005718780709596645
12,55959.57183538845,7,5.233333333333333,0.0,0.005349959299691729,-0.005349959299691729
12,55959.57183538845,7,5.3,0.0,0.005004924294496477,-0.005004924294496477
12,55959.57183538845,7,5.366666666666667,0.0,0.004682141637055892,-0.004682141637055892
12,55959.57183538845,7,5.433333333333334,0.0,0.004380176206373162,-0.004380176206373162
12,55959.57183538845,7,5.5,0.0,0.0040976854367313865,-0.0040976854367313865
12,55959.57183538845,7,5.566666666666666,0.0,0.003833413348524548,-0.003833413348524548
12,55959.57183538845,7,5.633333333333333,0.0,0.003586184964058159,-0.003586184964058159
12,55959.57183538845,7,5.7,0.0,0.0033549010834917664,-0.0033549010834917664
12,55959.57183538845,7,5.766666666666667,0.0,0.003138533397696691,-0.003138533397696691
12,55959.57183538845,7,5.833333333333333,0.0,0.0029361199163002714,-0.0029361199163002714
12,55959.57183538845,7,5.9,0.0,0.002746760690589351,-0.002746760690589351
12,55959.57183538845,7,5.966666666666667,0.0,0.0025696138122566084,-0.0025696138122566084
12,55959.57183538845,11,0.03333333333333333,0.0,0.9697991161959337,-0.9697991161959337
12,55959.57183538845,11,0.1,0.0,0.9072538472787854,-0.9072538472787854
12,55959.57183538845,11,0.16666666666666669,4.469914040114612,0.8487423113261123,3.6211717287885
12,55959.57183538845,11,0.23333333333333334,0.0,0.7940043607374581,-0.7940043607374581
12,55959.57183538845,11,0.3,0.0,0.7427966256154565,-0.7427966256154565
12,55959.57183538845,11,0.3666666666666667,0.0,0.694891431721175,-0.694891431721175
12,55959.57183538845,11,0.43333333333333335,0.0,0.6500757882137806,-0.6500757882137806
12,55959.57183538845,11,0.5,0.0,0.6081504406739263,-0.6081504406739263
12,55959.57183538845,11,0.5666666666666667,3.7822349570200577,0.5689289852005146,3.213305971819543
12,55959.57183538845,11,0.6333333333333333,0.0,0.5322370396420313,-0.5322370396420313
12,55959.57183538845,11,0.7,1.3323782234957022,0.4979114682776703,0.8344667552180319
12,55959.57183538845,11,0.7666666666666666,0.8166189111747839,0.4657996565011093,0.3508192546736746
12,55959.57183538845,11,0.8333333333333334,0.0,0.4357588322821159,-0.4357588322821159
12,55959.57183538845,11,0.9,0.0,0.4076554313891406,-0.4076554313891406
12,55959.57183538845,11,0.9666666666666667,0.0,0.38136450355061846,-0.38136450355061846
12,55959.57183538845,11,1.0333333333333332,0.0,0.35676915691471883,-0.35676915691471883
12,55959.57183538845,11,1.1,1.5042979942693413,0.3337600383375607,1.1705379559317806
12,55959.57183538845,11,1.1666666666666665,0.0,0.3122348471892086,-0.3122348471892086
12,55959.57183538845,11,1.2333333333333334,0.0,0.29209788051578434,-0.29209788051578434
12,55959.57183538845,11,1.2999999999999998,0.0,0.2732596075354472,-0.2732596075354472
12,55959.57183538845,11,1.3666666666666667,0.0,0.2556362715764093,-0.2556362715764093
12,55959.57183538845,11,1.4333333333333331,0.0,0.23914951768717055,-0.23914951768717055
12,55959.57183538845,11,1.5,0.0,0.2237260442632904,-0.2237260442632904
12,55959.57183538845,11,1.5666666666666667,0.0,0.2092972771418011,-0.2092972771418011
12,55959.57183538845,11,1.6333333333333333,1.1604584527220634,0.19579906471425323,0.9646593880078101
12,55959.57183538845,11,1.7000000000000002,0.38681948424068774,0.18317139270284163,0.2036480915378461
12,55959.57183538845,11,1.7666666666666666,0.21489971346704875,0.17135811733147788,0.043541596135570876
12,55959.57183538845,11,1.8333333333333335,0.2578796561604585,0.16030671570546504,0.09757294045499346
12,55959.57183538845,11,1.9,0.04297994269340975,0.1499680522899403,-0.10698810959653056
12,55959.57183538845,11,1.9666666666666668,0.0,0.14029616044882603,-0.14029616044882603
12,55959.57183538845,11,2.033333333333333,0.0,0.13124803807299337,-0.13124803807299337
12,55959.57183538845,11,2.0999999999999996,0.0,0.12278345638898103,-0.12278345638898103
12,55959.57183538845,11,2.166666666666667,0.0,0.1148647810982167,-0.1148647810982167
12,55959.57183538845,11,2.2333333333333334,0.0,0.10745680505150948,-0.10745680505150948
12,55959.57183538845,11,2.3,0.0,0.10052659171486797,-0.10052659171486797
12,55959.57183538845,11,2.3666666666666667,0.17191977077363957,0.09404332873068051,0.07787644204295906
12,55959.57183538845,11,2.4333333333333336,0.04297994269340961,0.08797819092317623,-0.04499824822976662
12,55959.57183538845,11,2.5,0.0,0.08230421213907665,-0.08230421213907665
12,55959.57183538845,11,2.5666666666666664,0.0,0.0769961653536303,-0.0769961653536303
12,55959.57183538845,11,2.6333333333333333,0.0,0.07203045050897056,-0.07203045050897056
12,55959.57183538845,11,2.7,0.21489971346704806,0.06738498958611619,0.14751472388093187
12,55959.57183538845,11,2.7666666666666666,0.08595988538681978,0.06303912844409452,0.02292075694272526
12,55959.57183538845,11,2.833333333333333,0.04297994269340961,0.05897354498975579,-0.01599360229634618
12,55959.57183538845,11,2.9,0.08595988538681978,0.05517016326999288,0.0307897221168269
12,55959.57183538845,11,2.966666666666667,0.04297994269340961,0.05161207310441313,-0.008632130411003525
12,55959.57183538845,11,3.033333333333333,0.0,0.04828345490114099,-0.04828345490114099
12,55959.57183538845,11,3.0999999999999996,0.0,0.0451695093214765,-0.0451695093214765
12,55959.57183538845,11,3.166666666666667,0.0,0.042256391480692004,-0.042256391480692004
12,55959.57183538845,11,3.2333333333333334,0.04297994269340989,0.039531149392417926,0.003448793300991966
12,55959.57183538845,11,3.3,0.04297994269340961,0.036981666382935374,0.005998276310474233
12,55959.57183538845,11,3.3666666666666667,0.04297994269340989,0.034596607219344995,0.008383335474064897
12,55959.57183538845,11,3.4333333333333336,0.08595988538681922,0.03236536771209253,0.053594517674726685
12,55959.57183538845,11,3.5,0.04297994269340989,0.030278027567779357,0.012701915125630535
12,55959.57183538845,11,3.5666666666666664,0.0,0.028325306282637477,-0.028325306282637477
12,55959.57183538845,11,3.6333333333333333,0.0,0.02649852188056732,-0.02649852188056732
12,55959.57183538845,11,3.7,0.0,0.024789552312283886,-0.024789552312283886
12,55959.57183538845,11,3.7666666666666666,0.0,0.02319079934394827,-0.02319079934394827
12,55959.57183538845,11,3.833333333333333,0.04297994269340961,0.02169515477473027,0.021284787918679337
12,55959.57183538845,11,3.9,0.0,0.020295968833102217,-0.020295968833102217
12,55959.57183538845,11,3.966666666666667,0.0,0.018987020611351133,-0.018987020611351133
12,55959.57183538845,11,4.033333333333333,0.0,0.017762490406858282,-0.017762490406858282
12,55959.57183538845,11,4.1,0.0,0.016616933847173034,-0.016616933847173034
12,55959.57183538845,11,4.166666666666666,0.0,0.015545257683838685,-0.015545257683838685
12,55959.57183538845,11,4.233333333333333,0.0,0.01454269714734751,-0.01454269714734751
12,55959.57183538845,11,4.3,0.0,0.013604794762542978,-0.013604794762542978
12,55959.57183538845,11,4.366666666666667,0.0,0.012727380530280517,-0.012727380530280517
12,55959.57183538845,11,4.433333333333334,0.0,0.011906553387232842,-0.011906553387232842
12,55959.57183538845,11,4.5,0.0,0.011138663861408195,-0.011138663861408195
12,55959.57183538845,11,4.566666666666666,0.0,0.01042029784626662,-0.01042029784626662
12,55959.57183538845,11,4.633333333333333,0.0,0.009748261421292348,-0.009748261421292348
12,55959.57183538845,11,4.7,0.0,0.009119566651533231,-0.009119566651533231
12,55959.57183538845,11,4.766666666666667,0.0,0.00853141830297074,-0.00853141830297074
12,55959.57183538845,11,4.833333333333333,0.0,0.00798120141465572,-0.00798120141465572
12,55959.57183538845,11,4.9,0.0,0.00746646967235465,-0.00746646967235465
12,55959.57183538845,11,4.966666666666667,0.0,0.0069849345320145105,-0.0069849345320145105
12,55959.57183538845,11,5.033333333333333,0.0,0.006534455044688131,-0.006534455044688131
12,55959.57183538845,11,5.1,0.0,0.006113028337680839,-0.006113028337680839
12,55959.57183538845,11,5.166666666666666,0.0,0.005718780709596645,-0.005718780709596645
12,55959.57183538845,11,5.233333333333333,0.0,0.005349959299691729,-0.005349959299691729
12,55959.57183538845,11,5.3,0.0,0.005004924294496477,-0.005004924294496477
12,55959.57183538845,11,5.366666666666667,0.0,0.004682141637055892,-0.004682141637055892
12,55959.57183538845,11,5.433333333333334,0.0,0.004380176206373162,-0.004380176206373162
12,55959.57183538845,11,5.5,0.0,0.0040976854367313865,-0.0040976854367313865
12,55959.57183538845,11,5.566666666666666,0.0,0.003833413348524548,-0.003833413348524548
12,55959.57183538845,11,5.633333333333333,0.04297994269340932,0.003586184964058159,0.039393757729351164
12,55959.57183538845,11,5.7,0.0,0.0033549010834917664,-0.0033549010834917664
12,55959.57183538845,11,5.766666666666667,0.0,0.003138533397696691,-0.003138533397696691
12,55959.57183538845,11,5.833333333333333,0.0,0.0029361199163002714,-0.0029361199163002714
12,55959.57183538845,11,5.9,0.0,0.002746760690589351,-0.002746760690589351
12,55959.57183538845,11,5.966666666666667,0.0,0.0025696138122566084,-0.0025696138122566084
12,55959.57183538845,13,0.03333333333333333,0.0,0.9697991161959337,-0.9697991161959337
12,55959.57183538845,13,0.1,0.0,0.9072538472787854,-0.9072538472787854
12,55959.57183538845,13,0.16666666666666669,0.0,0.8487423113261123,-0.8487423113261123
12,55959.57183538845,13,0.23333333333333334,0.0,0.7940043607374581,-0.7940043607374581
12,55959.57183538845,13,0.3,0.0,0.7427966256154565,-0.7427966256154565
12,55959.57183538845,13,0.3666666666666667,4.985422740524778,0.694891431721175,4.290531308803603
12,55959.57183538845,13,0.43333333333333335,0.0,0.6500757882137806,-0.6500757882137806
12,55959.57183538845,13,0.5,0.0,0.6081504406739263,-0.6081504406739263
12,55959.57183538845,13,0.5666666666666667,3.760932944606415,0.5689289852005146,3.1920039594059
12,55959.57183538845,13,0.6333333333333333,0.0,0.5322370396420313,-0.5322370396420313
12,55959.57183538845,13,0.7,0.0,0.4979114682776703,-0.4979114682776703
12,55959.57183538845,13,0.7666666666666666,0.0,0.4657996565011093,-0.4657996565011093
12,55959.57183538845,13,0.8333333333333334,0.0,0.4357588322821159,-0.4357588322821159
12,55959.57183538845,13,0.9,2.0116618075801753,0.4076554313891406,1.6040063761910348
12,55959.57183538845,13,0.9666666666666667,0.21865889212827994,0.38136450355061846,-0.16270561142233853
12,55959.57183538845,13,1.0333333333333332,0.0,0.35676915691471883,-0.35676915691471883
12,55959.57183538845,13,1.1,0.0,0.3337600383375607,-0.3337600383375607
12,55959.57183538845,13,1.1666666666666665,0.0,0.3122348471892086,-0.3122348471892086
12,55959.57183538845,13,1.2333333333333334,0.0,0.29209788051578434,-0.29209788051578434
12,55959.57183538845,13,1.2999999999999998,0.0,0.2732596075354472,-0.2732596075354472
12,55959.57183538845,13,1.3666666666666667,0.0,0.2556362715764093,-0.2556362715764093
12,55959.57183538845,13,1.4333333333333331,1.0495626822157436,0.23914951768717055,0.810413164528573
12,55959.57183538845,13,1.5,0.6122448979591838,0.2237260442632904,0.3885188536958934
12,55959.57183538845,13,1.5666666666666667,0.0,0.2092972771418011,-0.2092972771418011
12,55959.57183538845,13,1.6333333333333333,0.5247813411078718,0.19579906471425323,0.32898227639361854
12,55959.57183538845,13,1.7000000000000002,0.17492711370262395,0.18317139270284163,-0.00824427900021768
12,55959.57183538845,13,1.7666666666666666,0.0,0.17135811733147788,-0.17135811733147788
12,55959.57183538845,13,1.8333333333333335,0.0,0.16030671570546504,-0.16030671570546504
12,55959.57183538845,13,1.9,0.0,0.1499680522899403,-0.1499680522899403
12,55959.57183538845,13,1.9666666666666668,0.0,0.14029616044882603,-0.14029616044882603
12,55959.57183538845,13,2.033333333333333,0.0,0.13124803807299337,-0.13124803807299337
12,55959.57183538845,13,2.0999999999999996,0.0,0.12278345638898103,-0.12278345638898103
12,55959.57183538845,13,2.166666666666667,0.34985422740524674,0.1148647810982167,0.23498944630703006
12,55959.57183538845,13,2.2333333333333334,0.3061224489795929,0.10745680505150948,0.19866564392808342
12,55959.57183538845,13,2.3,0.0,0.10052659171486797,-0.10052659171486797
12,55959.57183538845,13,2.3666666666666667,0.0,0.09404332873068051,-0.09404332873068051
12,55959.57183538845,13,2.4333333333333336,0.0,0.08797819092317623,-0.08797819092317623
12,55959.57183538845,13,2.5,0.21865889212828066,0.08230421213907665,0.136354679989204
12,55959.57183538845,13,2.5666666666666664,0.17492711370262337,0.0769961653536303,0.09793094834899307
12,55959.57183538845,13,2.6333333333333333,0.0,0.07203045050897056,-0.07203045050897056
12,55959.57183538845,13,2.7,0.17492711370262337,0.06738498958611619,0.10754212411650718
12,55959.57183538845,13,2.7666666666666666,0.0,0.06303912844409452,-0.06303912844409452
12,55959.57183538845,13,2.833333333333333,0.04373177842565584,0.05897354498975579,-0.015241766564099944
12,55959.57183538845,13,2.9,0.0,0.05517016326999288,-0.05517016326999288
12,55959.57183538845,13,2.966666666666667,0.0,0.05161207310441313,-0.05161207310441313
12,55959.57183538845,13,3.033333333333333,0.043731778425656134,0.04828345490114099,-0.004551676475484857
12,55959.57183538845,13,3.0999999999999996,0.0,0.0451695093214765,-0.0451695093214765
12,55959.57183538845,13,3.166666666666667,0.04373177842565584,0.042256391480692004,0.0014753869449638385
12,55959.57183538845,13,3.2333333333333334,0.08746355685131227,0.039531149392417926,0.04793240745889434
12,55959.57183538845,13,3.3,0.0,0.036981666382935374,-0.036981666382935374
12,55959.57183538845,13,3.3666666666666667,0.0,0.034596607219344995,-0.034596607219344995
12,55959.57183538845,13,3.4333333333333336,0.0,0.03236536771209253,-0.03236536771209253
12,55959.57183538845,13,3.5,0.0,0.030278027567779357,-0.030278027567779357
12,55959.57183538845,13,3.5666666666666664,0.0,0.028325306282637477,-0.028325306282637477
12,55959.57183538845,13,3.6333333333333333,0.13119533527696842,0.02649852188056732,0.10469681339640109
12,55959.57183538845,13,3.7,0.04373177842565584,0.024789552312283886,0.018942226113371957
12,55959.57183538845,13,3.7666666666666666,0.0,0.02319079934394827,-0.02319079934394827
12,55959.57183538845,13,3.833333333333333,0.0,0.02169515477473027,-0.02169515477473027
12,55959.57183538845,13,3.9,0.0,0.020295968833102217,-0.020295968833102217
12,55959.57183538845,13,3.966666666666667,0.0,0.018987020611351133,-0.018987020611351133
12,55959.57183538845,13,4.033333333333333,0.0,0.017762490406858282,-0.017762490406858282
12,55959.57183538845,13,4.1,0.0,0.016616933847173034,-0.016616933847173034
12,55959.57183538845,13,4.166666666666666,0.0,0.015545257683838685,-0.015545257683838685
12,55959.57183538845,13,4.233333333333333,0.0,0.01454269714734751,-0.01454269714734751
12,55959.57183538845,13,4.3,0.0,0.013604794762542978,-0.013604794762542978
12,55959.57183538845,13,4.366666666666667,0.0,0.012727380530280517,-0.012727380530280517
12,55959.57183538845,13,4.433333333333334,0.0,0.011906553387232842,-0.011906553387232842
12,55959.57183538845,13,4.5,0.0,0.011138663861408195,-0.011138663861408195
12,55959.57183538845,13,4.566666666666666,0.0,0.01042029784626662,-0.01042029784626662
12,55959.57183538845,13,4.633333333333333,0.0,0.009748261421292348,-0.009748261421292348
12,55959.57183538845,13,4.7,0.0,0.009119566651533231,-0.009119566651533231
12,55959.57183538845,13,4.766666666666667,0.0,0.00853141830297074,-0.00853141830297074
12,55959.57183538845,13,4.833333333333333,0.0,0.00798120141465572,-0.00798120141465572
12,55959.57183538845,13,4.9,0.0,0.00746646967235465,-0.00746646967235465
12,55959.57183538845,13,4.966666666666667,0.0,0.0069849345320145105,-0.0069849345320145105
12,55959.57183538845,13,5.033333333333333,0.0,0.006534455044688131,-0.006534455044688131
12,55959.57183538845,13,5.1,0.0,0.006113028337680839,-0.006113028337680839
12,55959.57183538845,13,5.166666666666666,0.0,0.005718780709596645,-0.005718780709596645
12,55959.57183538845,13,5.233333333333333,0.0,0.005349959299691729,-0.005349959299691729
12,55959.57183538845,13,5.3,0.0,0.005004924294496477,-0.005004924294496477
12,55959.57183538845,13,5.366666666666667,0.0,0.004682141637055892,-0.004682141637055892
12,55959.57183538845,13,5.433333333333334,0.043731778425656134,0.004380176206373162,0.03935160221928297
12,55959.57183538845,13,5.5,0.0,0.0040976854367313865,-0.0040976854367313865
12,55959.57183538845,13,5.566666666666666,0.0,0.003833413348524548,-0.003833413348524548
12,55959.57183538845,13,5.633333333333333,0.0,0.003586184964058159,-0.003586184964058159
12,55959.57183538845,13,5.7,0.0,0.0033549010834917664,-0.0033549010834917664
12,55959.57183538845,13,5.766666666666667,0.0,0.003138533397696691,-0.003138533397696691
12,55959.57183538845,13,5.833333333333333,0.0,0.0029361199163002714,-0.0029361199163002714
12,55959.57183538845,13,5.9,0.0,0.002746760690589351,-0.002746760690589351
12,55959.57183538845,13,5.966666666666667,0.0,0.0025696138122566084,-0.0025696138122566084
12,55959.57183538845,17,0.03333333333333333,0.0,0.9697991161959337,-0.9697991161959337
12,55959.57183538845,17,0.1,0.0,0.9072538472787854,-0.9072538472787854
12,55959.57183538845,17,0.16666666666666669,4.545454545454544,0.8487423113261123,3.696712234128432
12,55959.57183538845,17,0.23333333333333334,0.0,0.7940043607374581,-0.7940043607374581
12,55959.57183538845,17,0.3,0.0,0.7427966256154565,-0.7427966256154565
12,55959.57183538845,17,0.3666666666666667,0.0,0.694891431721175,-0.694891431721175
12,55959.57183538845,17,0.43333333333333335,0.0,0.6500757882137806,-0.6500757882137806
12,55959.57183538845,17,0.5,0.0,0.6081504406739263,-0.6081504406739263
12,55959.57183538845,17,0.5666666666666667,3.4297520661157024,0.5689289852005146,2.8608230809151878
12,55959.57183538845,17,0.6333333333333333,0.0,0.5322370396420313,-0.5322370396420313
12,55959.57183538845,17,0.7,0.0,0.4979114682776703,-0.4979114682776703
12,55959.57183538845,17,0.7666666666666666,0.0,0.4657996565011093,-0.4657996565011093
12,55959.57183538845,17,0.8333333333333334,0.0,0.4357588322821159,-0.4357588322821159
12,55959.57183538845,17,0.9,0.0,0.4076554313891406,-0.4076554313891406
12,55959.57183538845,17,0.9666666666666667,0.0,0.38136450355061846,-0.38136450355061846
12,55959.57183538845,17,1.0333333333333332,0.0,0.35676915691471883,-0.35676915691471883
12,55959.57183538845,17,1.1,2.7272727272727275,0.3337600383375607,2.393512688935167
12,55959.57183538845,17,1.1666666666666665,0.0,0.3122348471892086,-0.3122348471892086
12,55959.57183538845,17,1.2333333333333334,0.578512396694215,0.29209788051578434,0.2864145161784306
12,55959.57183538845,17,1.2999999999999998,1.15702479338843,0.2732596075354472,0.8837651858529827
12,55959.57183538845,17,1.3666666666666667,0.0,0.2556362715764093,-0.2556362715764093
12,55959.57183538845,17,1.4333333333333331,0.0,0.23914951768717055,-0.23914951768717055
12,55959.57183538845,17,1.5,0.0,0.2237260442632904,-0.2237260442632904
12,55959.57183538845,17,1.5666666666666667,0.0,0.2092972771418011,-0.2092972771418011
12,55959.57183538845,17,1.6333333333333333,0.0,0.19579906471425323,-0.19579906471425323
12,55959.57183538845,17,1.7000000000000002,0.0,0.18317139270284163,-0.18317139270284163
12,55959.57183538845,17,1.7666666666666666,0.24793388429752064,0.17135811733147788,0.07657576696604276
12,55959.57183538845,17,1.8333333333333335,0.8677685950413222,0.16030671570546504,0.7074618793358571
12,55959.57183538845,17,1.9,0.08264462809917356,0.1499680522899403,-0.06732342419076676
12,55959.57183538845,17,1.9666666666666668,0.0,0.14029616044882603,-0.14029616044882603
12,55959.57183538845,17,2.033333333333333,0.0,0.13124803807299337,-0.13124803807299337
12,55959.57183538845,17,2.0999999999999996,0.0,0.12278345638898103,-0.12278345638898103
12,55959.57183538845,17,2.166666666666667,0.12396694214875992,0.1148647810982167,0.00910216105054322
12,55959.57183538845,17,2.2333333333333334,0.33057851239669533,0.10745680505150948,0.22312170734518585
12,55959.57183538845,17,2.3,0.0,0.10052659171486797,-0.10052659171486797
12,55959.57183538845,17,2.3666666666666667,0.2892561983471084,0.09404332873068051,0.19521286961642792
12,55959.57183538845,17,2.4333333333333336,0.16528925619834656,0.08797819092317623,0.07731106527517033
12,55959.57183538845,17,2.5,0.0,0.08230421213907665,-0.08230421213907665
12,55959.57183538845,17,2.5666666666666664,0.0,0.0769961653536303,-0.0769961653536303
12,55959.57183538845,17,2.6333333333333333,0.0,0.07203045050897056,-0.07203045050897056
12,55959.57183538845,17,2.7,0.04132231404958664,0.06738498958611619,-0.02606267553652955
12,55959.57183538845,17,2.7666666666666666,0.08264462809917383,0.06303912844409452,0.01960549965507931
12,55959.57183538845,17,2.833333333333333,0.0,0.05897354498975579,-0.05897354498975579
12,55959.57183538845,17,2.9,0.12396694214876075,0.05517016326999288,0.06879677887876787
12,55959.57183538845,17,2.966666666666667,0.08264462809917328,0.05161207310441313,0.031032554994760146
12,55959.57183538845,17,3.033333333333333,0.0,0.04828345490114099,-0.04828345490114099
12,55959.57183538845,17,3.0999999999999996,0.0,0.0451695093214765,-0.0451695093214765
12,55959.57183538845,17,3.166666666666667,0.0,0.042256391480692004,-0.042256391480692004
12,55959.57183538845,17,3.2333333333333334,0.08264462809917383,0.039531149392417926,0.04311347870675591
12,55959.57183538845,17,3.3,0.0,0.036981666382935374,-0.036981666382935374
12,55959.57183538845,17,3.3666666666666667,0.04132231404958692,0.034596607219344995,0.006725706830241922
12,55959.57183538845,17,3.4333333333333336,0.0,0.03236536771209253,-0.03236536771209253
12,55959.57183538845,17,3.5,0.0,0.030278027567779357,-0.030278027567779357
12,55959.57183538845,17,3.5666666666666664,0.0,0.028325306282637477,-0.028325306282637477
12,55959.57183538845,17,3.6333333333333333,0.0,0.02649852188056732,-0.02649852188056732
12,55959.57183538845,17,3.7,0.0,0.024789552312283886,-0.024789552312283886
12,55959.57183538845,17,3.7666666666666666,0.0,0.02319079934394827,-0.02319079934394827
12,55959.57183538845,17,3.833333333333333,0.0,0.02169515477473027,-0.02169515477473027
12,55959.57183538845,17,3.9,0.0,0.020295968833102217,-0.020295968833102217
12,55959.57183538845,17,3.966666666666667,0.0,0.018987020611351133,-0.018987020611351133
12,55959.57183538845,17,4.033333333333333,0.0,0.017762490406858282,-0.017762490406858282
12,55959.57183538845,17,4.1,0.0,0.016616933847173034,-0.016616933847173034
12,55959.57183538845,17,4.166666666666666,0.0,0.015545257683838685,-0.015545257683838685
12,55959.57183538845,17,4.233333333333333,0.0,0.01454269714734751,-0.01454269714734751
12,55959.57183538845,17,4.3,0.0,0.013604794762542978,-0.013604794762542978
12,55959.57183538845,17,4.366666666666667,0.0,0.012727380530280517,-0.012727380530280517
12,55959.57183538845,17,4.433333333333334,0.0,0.011906553387232842,-0.011906553387232842
12,55959.57183538845,17,4.5,0.0,0.011138663861408195,-0.011138663861408195
12,55959.57183538845,17,4.566666666666666,0.0,0.01042029784626662,-0.01042029784626662
12,55959.57183538845,17,4.633333333333333,0.0,0.009748261421292348,-0.009748261421292348
12,55959.57183538845,17,4.7,0.0,0.009119566651533231,-0.009119566651533231
12,55959.57183538845,17,4.766666666666667,0.0,0.00853141830297074,-0.00853141830297074
12,55959.57183538845,17,4.833333333333333,0.0,0.00798120141465572,-0.00798120141465572
12,55959.57183538845,17,4.9,0.0,0.00746646967235465,-0.00746646967235465
12,55959.57183538845,17,4.966666666666667,0.0,0.0069849345320145105,-0.0069849345320145105
12,55959.57183538845,17,5.033333333333333,0.0,0.006534455044688131,-0.006534455044688131
12,55959.57183538845,17,5.1,0.0,0.006113028337680839,-0.006113028337680839
12,55959.57183538845,17,5.166666666666666,0.0,0.005718780709596645,-0.005718780709596645
12,55959.57183538845,17,5.233333333333333,0.0,0.005349959299691729,-0.005349959299691729
12,55959.57183538845,17,5.3,0.0,0.005004924294496477,-0.005004924294496477
12,55959.57183538845,17,5.366666666666667,0.0,0.004682141637055892,-0.004682141637055892
12,55959.57183538845,17,5.433333333333334,0.0,0.004380176206373162,-0.004380176206373162
12,55959.57183538845,17,5.5,0.0,0.0040976854367313865,-0.0040976854367313865
12,55959.57183538845,17,5.566666666666666,0.0,0.003833413348524548,-0.003833413348524548
12,55959.57183538845,17,5.633333333333333,0.0,0.003586184964058159,-0.003586184964058159
12,55959.57183538845,17,5.7,0.0,0.0033549010834917664,-0.0033549010834917664
12,55959.57183538845,17,5.766666666666667,0.0,0.003138533397696691,-0.003138533397696691
12,55959.57183538845,17,5.833333333333333,0.0,0.0029361199163002714,-0.0029361199163002714
12,55959.57183538845,17,5.9,0.0,0.002746760690589351,-0.002746760690589351
12,55959.57183538845,17,5.966666666666667,0.0,0.0025696138122566084,-0.0025696138122566084
12,55959.57183538845,19,0.03333333333333333,0.0,0.9697991161959337,-0.9697991161959337
12,55959.57183538845,19,0.1,0.0,0.9072538472787854,-0.9072538472787854
12,55959.57183538845,19,0.16666666666666669,0.0,0.8487423113261123,-0.8487423113261123
12,55959.57183538845,19,0.23333333333333334,0.0,0.7940043607374581,-0.7940043607374581
12,55959.57183538845,19,0.3,0.0,0.7427966256154565,-0.7427966256154565
12,55959.57183538845,19,0.3666666666666667,4.419263456090648,0.694891431721175,3.724372024369473
12,55959.57183538845,19,0.43333333333333335,0.0,0.6500757882137806,-0.6500757882137806
12,55959.57183538845,19,0.5,0.0,0.6081504406739263,-0.6081504406739263
12,55959.57183538845,19,0.5666666666666667,0.0,0.5689289852005146,-0.5689289852005146
12,55959.57183538845,19,0.6333333333333333,0.0,0.5322370396420313,-0.5322370396420313
12,55959.57183538845,19,0.7,0.0,0.4979114682776703,-0.4979114682776703
12,55959.57183538845,19,0.7666666666666666,0.0,0.4657996565011093,-0.4657996565011093
12,55959.57183538845,19,0.8333333333333334,0.0,0.4357588322821159,-0.4357588322821159
12,55959.57183538845,19,0.9,3.441926345609065,0.4076554313891406,3.0342709142199245
12,55959.57183538845,19,0.9666666666666667,0.21246458923512745,0.38136450355061846,-0.168899914315491
12,55959.57183538845,19,1.0333333333333332,0.0,0.35676915691471883,-0.35676915691471883
12,55959.57183538845,19,1.1,2.209631728045326,0.3337600383375607,1.8758716897077654
12,55959.57183538845,19,1.1666666666666665,0.0,0.3122348471892086,-0.3122348471892086
12,55959.57183538845,19,1.2333333333333334,0.0,0.29209788051578434,-0.29209788051578434
12,55959.57183538845,19,1.2999999999999998,0.0,0.2732596075354472,-0.2732596075354472
12,55959.57183538845,19,1.3666666666666667,0.0,0.2556362715764093,-0.2556362715764093
12,55959.57183538845,19,1.4333333333333331,0.0,0.23914951768717055,-0.23914951768717055
12,55959.57183538845,19,1.5,0.0,0.2237260442632904,-0.2237260442632904
12,55959.57183538845,19,1.5666666666666667,0.0,0.2092972771418011,-0.2092972771418011
12,55959.57183538845,19,1.6333333333333333,1.104815864022663,0.19579906471425323,0.9090167993084098
12,55959.57183538845,19,1.7000000000000002,0.254957507082153,0.18317139270284163,0.07178611437931134
12,55959.57183538845,19,1.7666666666666666,0.0,0.17135811733147788,-0.17135811733147788
12,55959.57183538845,19,1.8333333333333335,0.0,0.16030671570546504,-0.16030671570546504
12,55959.57183538845,19,1.9,0.0,0.1499680522899403,-0.1499680522899403
12,55959.57183538845,19,1.9666666666666668,0.7223796033994335,0.14029616044882603,0.5820834429506074
12,55959.57183538845,19,2.033333333333333,0.8498583569405127,0.13124803807299337,0.7186103188675194
12,55959.57183538845,19,2.0999999999999996,0.0,0.12278345638898103,-0.12278345638898103
12,55959.57183538845,19,2.166666666666667,0.33994334277620286,0.1148647810982167,0.22507856167798618
12,55959.57183538845,19,2.2333333333333334,0.25495750708215387,0.10745680505150948,0.1475007020306444
12,55959.57183538845,19,2.3,0.0,0.10052659171486797,-0.10052659171486797
12,55959.57183538845,19,2.3666666666666667,0.0,0.09404332873068051,-0.09404332873068051
12,55959.57183538845,19,2.4333333333333336,0.0,0.08797819092317623,-0.08797819092317623
12,55959.57183538845,19,2.5,0.21246458923512818,0.08230421213907665,0.13016037709605152
12,55959.57183538845,19,2.5666666666666664,0.2549575070821521,0.0769961653536303,0.1779613417285218
12,55959.57183538845,19,2.6333333333333333,0.08498583569405128,0.07203045050897056,0.012955385185080728
12,55959.57183538845,19,2.7,0.2124645892351268,0.06738498958611619,0.1450795996490106
12,55959.57183538845,19,2.7666666666666666,0.12747875354107693,0.06303912844409452,0.06443962509698241
12,55959.57183538845,19,2.833333333333333,0.0,0.05897354498975579,-0.05897354498975579
12,55959.57183538845,19,2.9,0.0,0.05517016326999288,-0.05517016326999288
12,55959.57183538845,19,2.966666666666667,0.0,0.05161207310441313,-0.05161207310441313
12,55959.57183538845,19,3.033333333333333,0.0,0.04828345490114099,-0.04828345490114099
12,55959.57183538845,19,3.0999999999999996,0.0,0.0451695093214765,-0.0451695093214765
12,55959.57183538845,19,3.166666666666667,0.0,0.042256391480692004,-0.042256391480692004
12,55959.57183538845,19,3.2333333333333334,0.0,0.039531149392417926,-0.039531149392417926
12,55959.57183538845,19,3.3,0.0,0.036981666382935374,-0.036981666382935374
12,55959.57183538845,19,3.3666666666666667,0.0,0.034596607219344995,-0.034596607219344995
12,55959.57183538845,19,3.4333333333333336,0.0,0.03236536771209253,-0.03236536771209253
12,55959.57183538845,19,3.5,0.0,0.030278027567779357,-0.030278027567779357
12,55959.57183538845,19,3.5666666666666664,0.04249291784702536,0.028325306282637477,0.01416761156438788
12,55959.57183538845,19,3.6333333333333333,0.08498583569405128,0.02649852188056732,0.05848731381348396
12,55959.57183538845,19,3.7,0.0,0.024789552312283886,-0.024789552312283886
12,55959.57183538845,19,3.7666666666666666,0.0,0.02319079934394827,-0.02319079934394827
12,55959.57183538845,19,3.833333333333333,0.04249291784702536,0.02169515477473027,0.020797763072295087
12,55959.57183538845,19,3.9,0.04249291784702564,0.020295968833102217,0.022196949013923425
12,55959.57183538845,19,3.966666666666667,0.0,0.018987020611351133,-0.018987020611351133
12,55959.57183538845,19,4.033333333333333,0.0,0.017762490406858282,-0.017762490406858282
12,55959.57183538845,19,4.1,0.0,0.016616933847173034,-0.016616933847173034
12,55959.57183538845,19,4.166666666666666,0.0,0.015545257683838685,-0.015545257683838685
12,55959.57183538845,19,4.233333333333333,0.0,0.01454269714734751,-0.01454269714734751
12,55959.57183538845,19,4.3,0.04249291784702564,0.013604794762542978,0.028888123084482666
12,55959.57183538845,19,4.366666666666667,0.0,0.012727380530280517,-0.012727380530280517
12,55959.57183538845,19,4.433333333333334,0.0,0.011906553387232842,-0.011906553387232842
12,55959.57183538845,19,4.5,0.0,0.011138663861408195,-0.011138663861408195
12,55959.57183538845,19,4.566666666666666,0.0,0.01042029784626662,-0.01042029784626662
12,55959.57183538845,19,4.633333333333333,0.0,0.009748261421292348,-0.009748261421292348
12,55959.57183538845,19,4.7,0.0,0.009119566651533231,-0.009119566651533231
12,55959.57183538845,19,4.766666666666667,0.0,0.00853141830297074,-0.00853141830297074
12,55959.57183538845,19,4.833333333333333,0.04249291784702564,0.00798120141465572,0.03451171643236992
12,55959.57183538845,19,4.9,0.0,0.00746646967235465,-0.00746646967235465
12,55959.57183538845,19,4.966666666666667,0.0,0.0069849345320145105,-0.0069849345320145105
12,55959.57183538845,19,5.033333333333333,0.0,0.006534455044688131,-0.006534455044688131
12,55959.57183538845,19,5.1,0.0,0.006113028337680839,-0.006113028337680839
12,55959.57183538845,19,5.166666666666666,0.0,0.005718780709596645,-0.005718780709596645
12,55959.57183538845,19,5.233333333333333,0.0,0.005349959299691729,-0.005349959299691729
12,55959.57183538845,19,5.3,0.0,0.005004924294496477,-0.005004924294496477
12,55959.57183538845,19,5.366666666666667,0.0,0.004682141637055892,-0.004682141637055892
12,55959.57183538845,19,5.433333333333334,0.0,0.004380176206373162,-0.004380176206373162
12,55959.57183538845,19,5.5,0.0,0.0040976854367313865,-0.0040976854367313865
12,55959.57183538845,19,5.566666666666666,0.0,0.003833413348524548,-0.003833413348524548
12,55959.57183538845,19,5.633333333333333,0.0,0.003586184964058159,-0.003586184964058159
12,55959.57183538845,19,5.7,0.0,0.0033549010834917664,-0.0033549010834917664
12,55959.57183538845,19,5.766666666666667,0.0,0.003138533397696691,-0.003138533397696691
12,55959.57183538845,19,5.833333333333333,0.0,0.0029361199163002714,-0.0029361199163002714
12,55959.57183538845,19,5.9,0.0,0.002746760690589351,-0.002746760690589351
12,55959.57183538845,19,5.966666666666667,0.0,0.0025696138122566084,-0.0025696138122566084
12,55959.57183538845,23,0.03333333333333333,0.0,0.9697991161959337,-0.9697991161959337
12,55959.57183538845,23,0.1,0.0,0.9072538472787854,-0.9072538472787854
12,55959.57183538845,23,0.16666666666666669,0.0,0.8487423113261123,-0.8487423113261123
12,55959.57183538845,23,0.23333333333333334,0.0,0.7940043607374581,-0.7940043607374581
12,55959.57183538845,23,0.3,0.0,0.7427966256154565,-0.7427966256154565
12,55959.57183538845,23,0.3666666666666667,0.0,0.694891431721175,-0.694891431721175
12,55959.57183538845,23,0.43333333333333335,0.0,0.6500757882137806,-0.6500757882137806
12,55959.57183538845,23,0.5,0.0,0.6081504406739263,-0.6081504406739263
12,55959.57183538845,23,0.5666666666666667,4.036827195467422,0.5689289852005146,3.467898210266908
12,55959.57183538845,23,0.6333333333333333,0.0,0.5322370396420313,-0.5322370396420313
12,55959.57183538845,23,0.7,2.592067988668556,0.4979114682776703,2.094156520390886
12,55959.57183538845,23,0.7666666666666666,1.4022662889518394,0.4657996565011093,0.93646663245073
12,55959.57183538845,23,0.8333333333333334,0.0,0.4357588322821159,-0.4357588322821159
12,55959.57183538845,23,0.9,0.0,0.4076554313891406,-0.4076554313891406
12,55959.57183538845,23,0.9666666666666667,0.0,0.38136450355061846,-0.38136450355061846
12,55959.57183538845,23,1.0333333333333332,0.0,0.35676915691471883,-0.35676915691471883
12,55959.57183538845,23,1.1,0.0,0.3337600383375607,-0.3337600383375607
12,55959.57183538845,23,1.1666666666666665,0.0,0.3122348471892086,-0.3122348471892086
12,55959.57183538845,23,1.2333333333333334,0.7648725212464591,0.29209788051578434,0.47277464073067477
12,55959.57183538845,23,1.2999999999999998,1.9546742209631731,0.2732596075354472,1.681414613427726
12,55959.57183538845,23,1.3666666666666667,0.0,0.2556362715764093,-0.2556362715764093
12,55959.57183538845,23,1.4333333333333331,0.0,0.23914951768717055,-0.23914951768717055
12,55959.57183538845,23,1.5,0.0,0.2237260442632904,-0.2237260442632904
12,55959.57183538845,23,1.5666666666666667,0.0,0.2092972771418011,-0.2092972771418011
12,55959.57183538845,23,1.6333333333333333,1.2322946175637397,0.19579906471425323,1.0364955528494866
12,55959.57183538845,23,1.7000000000000002,0.339943342776204,0.18317139270284163,0.1567719500733624
12,55959.57183538845,23,1.7666666666666666,0.169971671388102,0.17135811733147788,-0.0013864459433758636
12,55959.57183538845,23,1.8333333333333335,0.679886685552408,0.16030671570546504,0.519579969846943
12,55959.57183538845,23,1.9,0.0424929178470255,0.1499680522899403,-0.10747513444291482
12,55959.57183538845,23,1.9666666666666668,0.0,0.14029616044882603,-0.14029616044882603
12,55959.57183538845,23,2.033333333333333,0.0,0.13124803807299337,-0.13124803807299337
12,55959.57183538845,23,2.0999999999999996,0.0,0.12278345638898103,-0.12278345638898103
12,55959.57183538845,23,2.166666666666667,0.3824362606232283,0.1148647810982167,0.2675714795250116
12,55959.57183538845,23,2.2333333333333334,0.1699716713881026,0.10745680505150948,0.06251486633659312
12,55959.57183538845,23,2.3,0.0,0.10052659171486797,-0.10052659171486797
12,55959.57183538845,23,2.3666666666666667,0.3399433427762052,0.09404332873068051,0.2459000140455247
12,55959.57183538845,23,2.4333333333333336,0.042492917847025365,0.08797819092317623,-0.04548527307615086
12,55959.57183538845,23,2.5,0.0,0.08230421213907665,-0.08230421213907665
12,55959.57183538845,23,2.5666666666666664,0.0,0.0769961653536303,-0.0769961653536303
12,55959.57183538845,23,2.6333333333333333,0.0,0.07203045050897056,-0.07203045050897056
12,55959.57183538845,23,2.7,0.29745042492917756,0.06738498958611619,0.23006543534306137
12,55959.57183538845,23,2.7666666666666666,0.12747875354107696,0.06303912844409452,0.06443962509698244
12,55959.57183538845,23,2.833333333333333,0.042492917847025365,0.05897354498975579,-0.016480627142730422
12,55959.57183538845,23,2.9,0.0,0.05517016326999288,-0.05517016326999288
12,55959.57183538845,23,2.966666666666667,0.0,0.05161207310441313,-0.05161207310441313
12,55959.57183538845,23,3.033333333333333,0.0,0.04828345490114099,-0.04828345490114099
12,55959.57183538845,23,3.0999999999999996,0.0,0.0451695093214765,-0.0451695093214765
12,55959.57183538845,23,3.166666666666667,0.0,0.042256391480692004,-0.042256391480692004
12,55959.57183538845,23,3.2333333333333334,0.0849858356940513,0.039531149392417926,0.04545468630163337
12,55959.57183538845,23,3.3,0.0,0.036981666382935374,-0.036981666382935374
12,55959.57183538845,23,3.3666666666666667,0.1699716713881026,0.034596607219344995,0.1353750641687576
12,55959.57183538845,23,3.4333333333333336,0.042492917847025365,0.03236536771209253,0.010127550134932835
12,55959.57183538845,23,3.5,0.0,0.030278027567779357,-0.030278027567779357
12,55959.57183538845,23,3.5666666666666664,0.0,0.028325306282637477,-0.028325306282637477
12,55959.57183538845,23,3.6333333333333333,0.0,0.02649852188056732,-0.02649852188056732
12,55959.57183538845,23,3.7,0.0,0.024789552312283886,-0.024789552312283886
12,55959.57183538845,23,3.7666666666666666,0.0,0.02319079934394827,-0.02319079934394827
12,55959.57183538845,23,3.833333333333333,0.0,0.02169515477473027,-0.02169515477473027
12,55959.57183538845,23,3.9,0.0,0.020295968833102217,-0.020295968833102217
12,55959.57183538845,23,3.966666666666667,0.0,0.018987020611351133,-0.018987020611351133
12,55959.57183538845,23,4.033333333333333,0.0,0.017762490406858282,-0.017762490406858282
12,55959.57183538845,23,4.1,0.0,0.016616933847173034,-0.016616933847173034
12,55959.57183538845,23,4.166666666666666,0.0,0.015545257683838685,-0.015545257683838685
12,55959.57183538845,23,4.233333333333333,0.0,0.01454269714734751,-0.01454269714734751
12,55959.57183538845,23,4.3,0.0,0.013604794762542978,-0.013604794762542978
12,55959.57183538845,23,4.366666666666667,0.0,0.012727380530280517,-0.012727380530280517
12,55959.57183538845,23,4.433333333333334,0.0,0.011906553387232842,-0.011906553387232842
12,55959.57183538845,23,4.5,0.04249291784702565,0.011138663861408195,0.031354253985617454
12,55959.57183538845,23,4.566666666666666,0.0,0.01042029784626662,-0.01042029784626662
12,55959.57183538845,23,4.633333333333333,0.04249291784702508,0.009748261421292348,0.03274465642573273
12,55959.57183538845,23,4.7,0.0,0.009119566651533231,-0.009119566651533231
12,55959.57183538845,23,4.766666666666667,0.0,0.00853141830297074,-0.00853141830297074
12,55959.57183538845,23,4.833333333333333,0.0,0.00798120141465572,-0.00798120141465572
12,55959.57183538845,23,4.9,0.0,0.00746646967235465,-0.00746646967235465
12,55959.57183538845,23,4.966666666666667,0.0,0.0069849345320145105,-0.0069849345320145105
12,55959.57183538845,23,5.033333333333333,0.0,0.006534455044688131,-0.006534455044688131
12,55959.57183538845,23,5.1,0.0,0.006113028337680839,-0.006113028337680839
12,55959.57183538845,23,5.166666666666666,0.0,0.005718780709596645,-0.005718780709596645
12,55959.57183538845,23,5.233333333333333,0.0,0.005349959299691729,-0.005349959299691729
12,55959.57183538845,23,5.3,0.0,0.005004924294496477,-0.005004924294496477
12,55959.57183538845,23,5.366666666666667,0.0,0.004682141637055892,-0.004682141637055892
12,55959.57183538845,23,5.433333333333334,0.0,0.004380176206373162,-0.004380176206373162
12,55959.57183538845,23,5.5,0.0,0.0040976854367313865,-0.0040976854367313865
12,55959.57183538845,23,5.566666666666666,0.0,0.003833413348524548,-0.003833413348524548
12,55959.57183538845,23,5.633333333333333,0.0,0.003586184964058159,-0.003586184964058159
12,55959.57183538845,23,5.7,0.0,0.0033549010834917664,-0.0033549010834917664
12,55959.57183538845,23,5.766666666666667,0.0,0.003138533397696691,-0.003138533397696691
12,55959.57183538845,23,5.833333333333333,0.0,0.0029361199163002714,-0.0029361199163002714
12,55959.57183538845,23,5.9,0.0,0.002746760690589351,-0.002746760690589351
12,55959.57183538845,23,5.966666666666667,0.0,0.0025696138122566084,-0.0025696138122566084
12,55959.57183538845,29,0.03333333333333333,0.0,0.9697991161959337,-0.9697991161959337
12,55959.57183538845,29,0.1,0.0,0.9072538472787854,-0.9072538472787854
12,55959.57183538845,29,0.16666666666666669,4.818435754189943,0.8487423113261123,3.9696934428638313
12,55959.57183538845,29,0.23333333333333334,0.0,0.7940043607374581,-0.7940043607374581
12,55959.57183538845,29,0.3,0.0,0.7427966256154565,-0.7427966256154565
12,55959.57183538845,29,0.3666666666666667,0.0,0.694891431721175,-0.694891431721175
12,55959.57183538845,29,0.43333333333333335,0.0,0.6500757882137806,-0.6500757882137806
12,55959.57183538845,29,0.5,0.0,0.6081504406739263,-0.6081504406739263
12,55959.57183538845,29,0.5666666666666667,0.0,0.5689289852005146,-0.5689289852005146
12,55959.57183538845,29,0.6333333333333333,0.0,0.5322370396420313,-0.5322370396420313
12,55959.57183538845,29,0.7,2.430167597765364,0.4979114682776703,1.9322561294876937
12,55959.57183538845,29,0.7666666666666666,1.340782122905026,0.4657996565011093,0.8749824664039167
12,55959.57183538845,29,0.8333333333333334,0.0,0.4357588322821159,-0.4357588322821159
12,55959.57183538845,29,0.9,0.0,0.4076554313891406,-0.4076554313891406
12,55959.57183538845,29,0.9666666666666667,0.0,0.38136450355061846,-0.38136450355061846
12,55959.57183538845,29,1.0333333333333332,0.0,0.35676915691471883,-0.35676915691471883
12,55959.57183538845,29,1.1,1.927374301675978,0.3337600383375607,1.5936142633384172
12,55959.57183538845,29,1.1666666666666665,0.0,0.3122348471892086,-0.3122348471892086
12,55959.57183538845,29,1.2333333333333334,0.6703910614525141,0.29209788051578434,0.3782931809367298
12,55959.57183538845,29,1.2999999999999998,1.298882681564246,0.2732596075354472,1.0256230740287988
12,55959.57183538845,29,1.3666666666666667,0.0,0.2556362715764093,-0.2556362715764093
12,55959.57183538845,29,1.4333333333333331,0.0,0.23914951768717055,-0.23914951768717055
12,55959.57183538845,29,1.5,0.0,0.2237260442632904,-0.2237260442632904
12,55959.57183538845,29,1.5666666666666667,0.0,0.2092972771418011,-0.2092972771418011
12,55959.57183538845,29,1.6333333333333333,0.7541899441340784,0.19579906471425323,0.5583908794198251
12,55959.57183538845,29,1.7000000000000002,0.25139664804469275,0.18317139270284163,0.06822525534185112
12,55959.57183538845,29,1.7666666666666666,0.29329608938547497,0.17135811733147788,0.12193797205399709
12,55959.57183538845,29,1.8333333333333335,0.29329608938547497,0.16030671570546504,0.13298937368000993
12,55959.57183538845,29,1.9,0.041899441340782134,0.1499680522899403,-0.10806861094915818
12,55959.57183538845,29,1.9666666666666668,0.0,0.14029616044882603,-0.14029616044882603
12,55959.57183538845,29,2.033333333333333,0.0,0.13124803807299337,-0.13124803807299337
12,55959.57183538845,29,2.0999999999999996,0.0,0.12278345638898103,-0.12278345638898103
12,55959.57183538845,29,2.166666666666667,0.08379888268156399,0.1148647810982167,-0.031065898416652707
12,55959.57183538845,29,2.2333333333333334,0.12569832402234682,0.10745680505150948,0.01824151897083734
12,55959.57183538845,29,2.3,0.0,0.10052659171486797,-0.10052659171486797
12,55959.57183538845,29,2.3666666666666667,0.0,0.09404332873068051,-0.09404332873068051
12,55959.57183538845,29,2.4333333333333336,0.0,0.08797819092317623,-0.08797819092317623
12,55959.57183538845,29,2.5,0.0,0.08230421213907665,-0.08230421213907665
12,55959.57183538845,29,2.5666666666666664,0.0,0.0769961653536303,-0.0769961653536303
12,55959.57183538845,29,2.6333333333333333,0.0,0.07203045050897056,-0.07203045050897056
12,55959.57183538845,29,2.7,0.12569832402234596,0.06738498958611619,0.05831333443622977
12,55959.57183538845,29,2.7666666666666666,0.04189944134078227,0.06303912844409452,-0.021139687103312252
12,55959.57183538845,29,2.833333333333333,0.0,0.05897354498975579,-0.05897354498975579
12,55959.57183538845,29,2.9,0.12569832402234682,0.05517016326999288,0.07052816075235394
12,55959.57183538845,29,2.966666666666667,0.12569832402234596,0.05161207310441313,0.07408625091793283
12,55959.57183538845,29,3.033333333333333,0.0,0.04828345490114099,-0.04828345490114099
12,55959.57183538845,29,3.0999999999999996,0.0,0.0451695093214765,-0.0451695093214765
12,55959.57183538845,29,3.166666666666667,0.0,0.042256391480692004,-0.042256391480692004
12,55959.57183538845,29,3.2333333333333334,0.0,0.039531149392417926,-0.039531149392417926
12,55959.57183538845,29,3.3,0.0,0.036981666382935374,-0.036981666382935374
12,55959.57183538845,29,3.3666666666666667,0.0,0.034596607219344995,-0.034596607219344995
12,55959.57183538845,29,3.4333333333333336,0.041899441340781995,0.03236536771209253,0.009534073628689466
12,55959.57183538845,29,3.5,0.08379888268156455,0.030278027567779357,0.05352085511378519
12,55959.57183538845,29,3.5666666666666664,0.041899441340781995,0.028325306282637477,0.013574135058144518
12,55959.57183538845,29,3.6333333333333333,0.0,0.02649852188056732,-0.02649852188056732
12,55959.57183538845,29,3.7,0.0,0.024789552312283886,-0.024789552312283886
12,55959.57183538845,29,3.7666666666666666,0.0,0.02319079934394827,-0.02319079934394827
12,55959.57183538845,29,3.833333333333333,0.041899441340781995,0.02169515477473027,0.020204286566051725
12,55959.57183538845,29,3.9,0.0,0.020295968833102217,-0.020295968833102217
12,55959.57183538845,29,3.966666666666667,0.0,0.018987020611351133,-0.018987020611351133
12,55959.57183538845,29,4.033333333333333,0.0,0.017762490406858282,-0.017762490406858282
12,55959.57183538845,29,4.1,0.0,0.016616933847173034,-0.016616933847173034
12,55959.57183538845,29,4.166666666666666,0.0,0.015545257683838685,-0.015545257683838685
12,55959.57183538845,29,4.233333333333333,0.0,0.01454269714734751,-0.01454269714734751
12,55959.57183538845,29,4.3,0.0,0.013604794762542978,-0.013604794762542978
12,55959.57183538845,29,4.366666666666667,0.0,0.012727380530280517,-0.012727380530280517
12,55959.57183538845,29,4.433333333333334,0.0,0.011906553387232842,-0.011906553387232842
12,55959.57183538845,29,4.5,0.0,0.011138663861408195,-0.011138663861408195
12,55959.57183538845,29,4.566666666666666,0.04189944134078227,0.01042029784626662,0.03147914349451565
12,55959.57183538845,29,4.633333333333333,0.0,0.009748261421292348,-0.009748261421292348
12,55959.57183538845,29,4.7,0.0,0.009119566651533231,-0.009119566651533231
12,55959.57183538845,29,4.766666666666667,0.0,0.00853141830297074,-0.00853141830297074
12,55959.57183538845,29,4.833333333333333,0.0,0.00798120141465572,-0.00798120141465572
12,55959.57183538845,29,4.9,0.0,0.00746646967235465,-0.00746646967235465
12,55959.57183538845,29,4.966666666666667,0.0,0.0069849345320145105,-0.0069849345320145105
12,55959.57183538845,29,5.033333333333333,0.0,0.006534455044688131,-0.006534455044688131
12,55959.57183538845,29,5.1,0.0,0.006113028337680839,-0.006113028337680839
12,55959.57183538845,29,5.166666666666666,0.0,0.005718780709596645,-0.005718780709596645
12,55959.57183538845,29,5.233333333333333,0.0,0.005349959299691729,-0.005349959299691729
12,55959.57183538845,29,5.3,0.0,0.005004924294496477,-0.005004924294496477
12,55959.57183538845,29,5.366666666666667,0.0,0.004682141637055892,-0.004682141637055892
12,55959.57183538845,29,5.433333333333334,0.0,0.004380176206373162,-0.004380176206373162
12,55959.57183538845,29,5.5,0.0,0.0040976854367313865,-0.0040976854367313865
12,55959.57183538845,29,5.566666666666666,0.0,0.003833413348524548,-0.003833413348524548
12,55959.57183538845,29,5.633333333333333,0.0,0.003586184964058159,-0.003586184964058159
12,55959.57183538845,29,5.7,0.0,0.0033549010834917664,-0.0033549010834917664
12,55959.57183538845,29,5.766666666666667,0.0,0.003138533397696691,-0.003138533397696691
12,55959.57183538845,29,5.833333333333333,0.0,0.0029361199163002714,-0.0029361199163002714
12,55959.57183538845,29,5.9,0.0,0.002746760690589351,-0.002746760690589351
12,55959.57183538845,29,5.966666666666667,0.0,0.0025696138122566084,-0.0025696138122566084
13,97011.44303637587,1,0.03333333333333333,0.0,0.9697991161959337,-0.9697991161959337
13,97011.44303637587,1,0.1,0.0,0.9072538472787854,-0.9072538472787854
13,97011.44303637587,1,0.16666666666666669,0.0,0.8487423113261123,-0.8487423113261123
13,97011.44303637587,1,0.23333333333333334,0.0,0.7940043607374581,-0.7940043607374581
13,97011.44303637587,1,0.3,0.0,0.7427966256154565,-0.7427966256154565
13,97011.44303637587,1,0.3666666666666667,0.0,0.694891431721175,-0.694891431721175
13,97011.44303637587,1,0.43333333333333335,0.0,0.6500757882137806,-0.6500757882137806
13,97011.44303637587,1,0.5,4.617346938775513,0.6081504406739263,4.009196498101587
13,97011.44303637587,1,0.5666666666666667,0.306122448979592,0.5689289852005146,-0.2628065362209226
13,97011.44303637587,1,0.6333333333333333,0.0,0.5322370396420313,-0.5322370396420313
13,97011.44303637587,1,0.7,0.0,0.4979114682776703,-0.4979114682776703
13,97011.44303637587,1,0.7666666666666666,0.0,0.4657996565011093,-0.4657996565011093
13,97011.44303637587,1,0.8333333333333334,1.6071428571428579,0.4357588322821159,1.171384024860742
13,97011.44303637587,1,0.9,1.6836734693877562,0.4076554313891406,1.2760180379986155
13,97011.44303637587,1,0.9666666666666667,0.0,0.38136450355061846,-0.38136450355061846
13,97011.44303637587,1,1.0333333333333332,1.91326530612245,0.35676915691471883,1.5564961492077312
13,97011.44303637587,1,1.1,0.1785714285714287,0.3337600383375607,-0.155188609766132
13,97011.44303637587,1,1.1666666666666665,0.0,0.3122348471892086,-0.3122348471892086
13,97011.44303637587,1,1.2333333333333334,0.0,0.29209788051578434,-0.29209788051578434
13,97011.44303637587,1,1.2999999999999998,0.0,0.2732596075354472,-0.2732596075354472
13,97011.44303637587,1,1.3666666666666667,0.9183673469387761,0.2556362715764093,0.6627310753623668
13,97011.44303637587,1,1.4333333333333331,0.5102040816326534,0.23914951768717055,0.2710545639454829
13,97011.44303637587,1,1.5,0.025510204081632668,0.2237260442632904,-0.19821584018165772
13,97011.44303637587,1,1.5666666666666667,1.2499999999999967,0.2092972771418011,1.0407027228581955
13,97011.44303637587,1,1.6333333333333333,0.076530612244898,0.19579906471425323,-0.11926845246935523
13,97011.44303637587,1,1.7000000000000002,0.0,0.18317139270284163,-0.18317139270284163
13,97011.44303637587,1,1.7666666666666666,0.0,0.17135811733147788,-0.17135811733147788
13,97011.44303637587,1,1.8333333333333335,0.0,0.16030671570546504,-0.16030671570546504
13,97011.44303637587,1,1.9,0.6632653061224494,0.1499680522899403,0.5132972538325091
13,97011.44303637587,1,1.9666666666666668,0.12755102040816335,0.14029616044882603,-0.012745140040662684
13,97011.44303637587,1,2.033333333333333,0.0,0.13124803807299337,-0.13124803807299337
13,97011.44303637587,1,2.0999999999999996,0.0,0.12278345638898103,-0.12278345638898103
13,97011.44303637587,1,2.166666666666667,0.0,0.1148647810982167,-0.1148647810982167
13,97011.44303637587,1,2.2333333333333334,0.0,0.10745680505150948,-0.10745680505150948
13,97011.44303637587,1,2.3,0.0,0.10052659171486797,-0.10052659171486797
13,97011.44303637587,1,2.3666666666666667,0.102040816326531,0.09404332873068051,0.007997487595850492
13,97011.44303637587,1,2.4333333333333336,0.25510204081632587,0.08797819092317623,0.16712384989314966
13,97011.44303637587,1,2.5,0.0510204081632655,0.08230421213907665,-0.03128380397581115
13,97011.44303637587,1,2.5666666666666664,0.10204081632653032,0.0769961653536303,0.025044650972900026
13,97011.44303637587,1,2.6333333333333333,0.0510204081632655,0.07203045050897056,-0.021010042345705054
13,97011.44303637587,1,2.7,0.02551020408163258,0.06738498958611619,-0.041874785504483605
13,97011.44303637587,1,2.7666666666666666,0.0,0.06303912844409452,-0.06303912844409452
13,97011.44303637587,1,2.833333333333333,0.0,0.05897354498975579,-0.05897354498975579
13,97011.44303637587,1,2.9,0.0,0.05517016326999288,-0.05517016326999288
13,97011.44303637587,1,2.966666666666667,0.0,0.05161207310441313,-0.05161207310441313
13,97011.44303637587,1,3.033333333333333,0.02551020408163275,0.04828345490114099,-0.02277325081950824
13,97011.44303637587,1,3.0999999999999996,0.10204081632653032,0.0451695093214765,0.05687130700505382
13,97011.44303637587,1,3.166666666666667,0.05102040816326516,0.042256391480692004,0.008764016682573157
13,97011.44303637587,1,3.2333333333333334,0.0,0.039531149392417926,-0.039531149392417926
13,97011.44303637587,1,3.3,0.0,0.036981666382935374,-0.036981666382935374
13,97011.44303637587,1,3.3666666666666667,0.0,0.034596607219344995,-0.034596607219344995
13,97011.44303637587,1,3.4333333333333336,0.05102040816326516,0.03236536771209253,0.01865504045117263
13,97011.44303637587,1,3.5,0.02551020408163275,0.030278027567779357,-0.0047678234861466065
13,97011.44303637587,1,3.5666666666666664,0.12755102040816294,0.028325306282637477,0.09922571412552546
13,97011.44303637587,1,3.6333333333333333,0.0510204081632655,0.02649852188056732,0.02452188628269818
13,97011.44303637587,1,3.7,0.02551020408163258,0.024789552312283886,0.0007206517693486951
13,97011.44303637587,1,3.7666666666666666,0.0,0.02319079934394827,-0.02319079934394827
13,97011.44303637587,1,3.833333333333333,0.0,0.02169515477473027,-0.02169515477473027
13,97011.44303637587,1,3.9,0.02551020408163275,0.020295968833102217,0.005214235248530534
13,97011.44303637587,1,3.966666666666667,0.02551020408163258,0.018987020611351133,0.006523183470281448
13,97011.44303637587,1,4.033333333333333,0.02551020408163275,0.017762490406858282,0.007747713674774469
13,97011.44303637587,1,4.1,0.0,0.016616933847173034,-0.016616933847173034
13,97011.44303637587,1,4.166666666666666,0.0,0.015545257683838685,-0.015545257683838685
13,97011.44303637587,1,4.233333333333333,0.0,0.01454269714734751,-0.01454269714734751
13,97011.44303637587,1,4.3,0.0,0.013604794762542978,-0.013604794762542978
13,97011.44303637587,1,4.366666666666667,0.0,0.012727380530280517,-0.012727380530280517
13,97011.44303637587,1,4.433333333333334,0.0,0.011906553387232842,-0.011906553387232842
13,97011.44303637587,1,4.5,0.0,0.011138663861408195,-0.011138663861408195
13,97011.44303637587,1,4.566666666666666,0.0,0.01042029784626662,-0.01042029784626662
13,97011.44303637587,1,4.633333333333333,0.0,0.009748261421292348,-0.009748261421292348
13,97011.44303637587,1,4.7,0.0,0.009119566651533231,-0.009119566651533231
13,97011.44303637587,1,4.766666666666667,0.0,0.00853141830297074,-0.00853141830297074
13,97011.44303637587,1,4.833333333333333,0.0,0.00798120141465572,-0.00798120141465572
13,97011.44303637587,1,4.9,0.0,0.00746646967235465,-0.00746646967235465
13,97011.44303637587,1,4.966666666666667,0.0,0.0069849345320145105,-0.0069849345320145105
13,97011.44303637587,1,5.033333333333333,0.0,0.006534455044688131,-0.006534455044688131
13,97011.44303637587,1,5.1,0.0,0.006113028337680839,-0.006113028337680839
13,97011.44303637587,1,5.166666666666666,0.0,0.005718780709596645,-0.005718780709596645
13,97011.44303637587,1,5.233333333333333,0.0,0.005349959299691729,-0.005349959299691729
13,97011.44303637587,1,5.3,0.0,0.005004924294496477,-0.005004924294496477
13,97011.44303637587,1,5.366666666666667,0.0,0.004682141637055892,-0.004682141637055892
13,97011.44303637587,1,5.433333333333334,0.0,0.004380176206373162,-0.004380176206373162
13,97011.44303637587,1,5.5,0.0,0.0040976854367313865,-0.0040976854367313865
13,97011.44303637587,1,5.566666666666666,0.0,0.003833413348524548,-0.003833413348524548
13,97011.44303637587,1,5.633333333333333,0.0,0.003586184964058159,-0.003586184964058159
13,97011.44303637587,1,5.7,0.0,0.0033549010834917664,-0.0033549010834917664
13,97011.44303637587,1,5.766666666666667,0.0,0.003138533397696691,-0.003138533397696691
13,97011.44303637587,1,5.833333333333333,0.0,0.0029361199163002714,-0.0029361199163002714
13,97011.44303637587,1,5.9,0.0,0.002746760690589351,-0.002746760690589351
13,97011.44303637587,1,5.966666666666667,0.0,0.0025696138122566084,-0.0025696138122566084
13,97011.44303637587,7,0.03333333333333333,0.0,0.9697991161959337,-0.9697991161959337
13,97011.44303637587,7,0.1,0.0,0.9072538472787854,-0.9072538472787854
13,97011.44303637587,7,0.16666666666666669,0.0,0.8487423113261123,-0.8487423113261123
13,97011.44303637587,7,0.23333333333333334,0.0,0.7940043607374581,-0.7940043607374581
13,97011.44303637587,7,0.3,0.0,0.7427966256154565,-0.7427966256154565
13,97011.44303637587,7,0.3666666666666667,4.9660441426145985,0.694891431721175,4.271152710893423
13,97011.44303637587,7,0.43333333333333335,0.0,0.6500757882137806,-0.6500757882137806
13,97011.44303637587,7,0.5,3.0305602716468605,0.6081504406739263,2.422409830972934
13,97011.44303637587,7,0.5666666666666667,0.20373514431239395,0.5689289852005146,-0.3651938408881207
13,97011.44303637587,7,0.6333333333333333,0.0,0.5322370396420313,-0.5322370396420313
13,97011.44303637587,7,0.7,0.0,0.4979114682776703,-0.4979114682776703
13,97011.44303637587,7,0.7666666666666666,0.0,0.4657996565011093,-0.4657996565011093
13,97011.44303637587,7,0.8333333333333334,0.9932088285229205,0.4357588322821159,0.5574499962408046
13,97011.44303637587,7,0.9,1.3497453310696101,0.4076554313891406,0.9420898996804695
13,97011.44303637587,7,0.9666666666666667,0.0,0.38136450355061846,-0.38136450355061846
13,97011.44303637587,7,1.0333333333333332,1.6044142614601025,0.35676915691471883,1.2476451045453836
13,97011.44303637587,7,1.1,0.05093378607809849,0.3337600383375607,-0.2828262522594622
13,97011.44303637587,7,1.1666666666666665,0.0,0.3122348471892086,-0.3122348471892086
13,97011.44303637587,7,1.2333333333333334,0.0,0.29209788051578434,-0.29209788051578434
13,97011.44303637587,7,1.2999999999999998,0.0,0.2732596075354472,-0.2732596075354472
13,97011.44303637587,7,1.3666666666666667,0.5602716468590834,0.2556362715764093,0.3046353752826741
13,97011.44303637587,7,1.4333333333333331,0.3310696095076402,0.23914951768717055,0.09192009182046965
13,97011.44303637587,7,1.5,0.0,0.2237260442632904,-0.2237260442632904
13,97011.44303637587,7,1.5666666666666667,0.0,0.2092972771418011,-0.2092972771418011
13,97011.44303637587,7,1.6333333333333333,0.0,0.19579906471425323,-0.19579906471425323
13,97011.44303637587,7,1.7000000000000002,0.0,0.18317139270284163,-0.18317139270284163
13,97011.44303637587,7,1.7666666666666666,0.0,0.17135811733147788,-0.17135811733147788
13,97011.44303637587,7,1.8333333333333335,0.0,0.16030671570546504,-0.16030671570546504
13,97011.44303637587,7,1.9,0.4584040747028864,0.1499680522899403,0.3084360224129461
13,97011.44303637587,7,1.9666666666666668,0.2292020373514432,0.14029616044882603,0.08890587690261717
13,97011.44303637587,7,2.033333333333333,0.10186757215619732,0.13124803807299337,-0.02938046591679605
13,97011.44303637587,7,2.0999999999999996,0.30560271646858994,0.12278345638898103,0.18281926007960891
13,97011.44303637587,7,2.166666666666667,0.02546689303904916,0.1148647810982167,-0.08939788805916754
13,97011.44303637587,7,2.2333333333333334,0.0,0.10745680505150948,-0.10745680505150948
13,97011.44303637587,7,2.3,0.0,0.10052659171486797,-0.10052659171486797
13,97011.44303637587,7,2.3666666666666667,0.0,0.09404332873068051,-0.09404332873068051
13,97011.44303637587,7,2.4333333333333336,0.0,0.08797819092317623,-0.08797819092317623
13,97011.44303637587,7,2.5,0.0,0.08230421213907665,-0.08230421213907665
13,97011.44303637587,7,2.5666666666666664,0.12733446519524583,0.0769961653536303,0.05033829984161553
13,97011.44303637587,7,2.6333333333333333,0.10186757215619732,0.07203045050897056,0.029837121647226766
13,97011.44303637587,7,2.7,0.0,0.06738498958611619,-0.06738498958611619
13,97011.44303637587,7,2.7666666666666666,0.0,0.06303912844409452,-0.06303912844409452
13,97011.44303637587,7,2.833333333333333,0.0,0.05897354498975579,-0.05897354498975579
13,97011.44303637587,7,2.9,0.0,0.05517016326999288,-0.05517016326999288
13,97011.44303637587,7,2.966666666666667,0.10186757215619664,0.05161207310441313,0.05025549905178351
13,97011.44303637587,7,3.033333333333333,0.02546689303904933,0.04828345490114099,-0.02281656186209166
13,97011.44303637587,7,3.0999999999999996,0.05093378607809832,0.0451695093214765,0.0057642767566218195
13,97011.44303637587,7,3.166666666666667,0.05093378607809832,0.042256391480692004,0.008677394597406317
13,97011.44303637587,7,3.2333333333333334,0.0,0.039531149392417926,-0.039531149392417926
13,97011.44303637587,7,3.3,0.0,0.036981666382935374,-0.036981666382935374
13,97011.44303637587,7,3.3666666666666667,0.0,0.034596607219344995,-0.034596607219344995
13,97011.44303637587,7,3.4333333333333336,0.05093378607809832,0.03236536771209253,0.01856841836600579
13,97011.44303637587,7,3.5,0.10186757215619732,0.030278027567779357,0.07158954458841796
13,97011.44303637587,7,3.5666666666666664,0.0,0.028325306282637477,-0.028325306282637477
13,97011.44303637587,7,3.6333333333333333,0.05093378607809866,0.02649852188056732,0.02443526419753134
13,97011.44303637587,7,3.7,0.02546689303904916,0.024789552312283886,0.0006773407267652749
13,97011.44303637587,7,3.7666666666666666,0.0,0.02319079934394827,-0.02319079934394827
13,97011.44303637587,7,3.833333333333333,0.0,0.02169515477473027,-0.02169515477473027
13,97011.44303637587,7,3.9,0.0,0.020295968833102217,-0.020295968833102217
13,97011.44303637587,7,3.966666666666667,0.02546689303904916,0.018987020611351133,0.006479872427698027
13,97011.44303637587,7,4.033333333333333,0.02546689303904933,0.017762490406858282,0.007704402632191049
13,97011.44303637587,7,4.1,0.0,0.016616933847173034,-0.016616933847173034
13,97011.44303637587,7,4.166666666666666,0.0,0.015545257683838685,-0.015545257683838685
13,97011.44303637587,7,4.233333333333333,0.0,0.01454269714734751,-0.01454269714734751
13,97011.44303637587,7,4.3,0.0,0.013604794762542978,-0.013604794762542978
13,97011.44303637587,7,4.366666666666667,0.0,0.012727380530280517,-0.012727380530280517
13,97011.44303637587,7,4.433333333333334,0.0,0.011906553387232842,-0.011906553387232842
13,97011.44303637587,7,4.5,0.02546689303904933,0.011138663861408195,0.014328229177641136
13,97011.44303637587,7,4.566666666666666,0.0,0.01042029784626662,-0.01042029784626662
13,97011.44303637587,7,4.633333333333333,0.0,0.009748261421292348,-0.009748261421292348
13,97011.44303637587,7,4.7,0.0,0.009119566651533231,-0.009119566651533231
13,97011.44303637587,7,4.766666666666667,0.0,0.00853141830297074,-0.00853141830297074
13,97011.44303637587,7,4.833333333333333,0.0,0.00798120141465572,-0.00798120141465572
13,97011.44303637587,7,4.9,0.0,0.00746646967235465,-0.00746646967235465
13,97011.44303637587,7,4.966666666666667,0.0,0.0069849345320145105,-0.0069849345320145105
13,97011.44303637587,7,5.033333333333333,0.0,0.006534455044688131,-0.006534455044688131
13,97011.44303637587,7,5.1,0.0,0.006113028337680839,-0.006113028337680839
13,97011.44303637587,7,5.166666666666666,0.0,0.005718780709596645,-0.005718780709596645
13,97011.44303637587,7,5.233333333333333,0.0,0.005349959299691729,-0.005349959299691729
13,97011.44303637587,7,5.3,0.0,0.005004924294496477,-0.005004924294496477
13,97011.44303637587,7,5.366666666666667,0.0,0.004682141637055892,-0.004682141637055892
13,97011.44303637587,7,5.433333333333334,0.0,0.004380176206373162,-0.004380176206373162
13,97011.44303637587,7,5.5,0.02546689303904933,0.0040976854367313865,0.021369207602317943
13,97011.44303637587,7,5.566666666666666,0.0,0.003833413348524548,-0.003833413348524548
13,97011.44303637587,7,5.633333333333333,0.0,0.003586184964058159,-0.003586184964058159
13,97011.44303637587,7,5.7,0.0,0.0033549010834917664,-0.0033549010834917664
13,97011.44303637587,7,5.766666666666667,0.0,0.003138533397696691,-0.003138533397696691
13,97011.44303637587,7,5.833333333333333,0.0,0.0029361199163002714,-0.0029361199163002714
13,97011.44303637587,7,5.9,0.0,0.002746760690589351,-0.002746760690589351
13,97011.44303637587,7,5.966666666666667,0.0,0.0025696138122566084,-0.0025696138122566084
13,97011.44303637587,11,0.03333333333333333,0.0,0.9697991161959337,-0.9697991161959337
13,97011.44303637587,11,0.1,0.0,0.9072538472787854,-0.9072538472787854
13,97011.44303637587,11,0.16666666666666669,4.45,0.8487423113261123,3.601257688673888
13,97011.44303637587,11,0.23333333333333334,0.0,0.7940043607374581,-0.7940043607374581
13,97011.44303637587,11,0.3,0.0,0.7427966256154565,-0.7427966256154565
13,97011.44303637587,11,0.3666666666666667,0.0,0.694891431721175,-0.694891431721175
13,97011.44303637587,11,0.43333333333333335,0.0,0.6500757882137806,-0.6500757882137806
13,97011.44303637587,11,0.5,3.075000000000001,0.6081504406739263,2.4668495593260746
13,97011.44303637587,11,0.5666666666666667,0.2500000000000001,0.5689289852005146,-0.3189289852005145
13,97011.44303637587,11,0.6333333333333333,0.0,0.5322370396420313,-0.5322370396420313
13,97011.44303637587,11,0.7,2.2000000000000006,0.4979114682776703,1.7020885317223304
13,97011.44303637587,11,0.7666666666666666,0.0,0.4657996565011093,-0.4657996565011093
13,97011.44303637587,11,0.8333333333333334,0.0,0.4357588322821159,-0.4357588322821159
13,97011.44303637587,11,0.9,0.0,0.4076554313891406,-0.4076554313891406
13,97011.44303637587,11,0.9666666666666667,0.0,0.38136450355061846,-0.38136450355061846
13,97011.44303637587,11,1.0333333333333332,1.7250000000000005,0.35676915691471883,1.3682308430852816
13,97011.44303637587,11,1.1,0.12500000000000006,0.3337600383375607,-0.20876003833756063
13,97011.44303637587,11,1.1666666666666665,0.0,0.3122348471892086,-0.3122348471892086
13,97011.44303637587,11,1.2333333333333334,0.0,0.29209788051578434,-0.29209788051578434
13,97011.44303637587,11,1.2999999999999998,0.0,0.2732596075354472,-0.2732596075354472
13,97011.44303637587,11,1.3666666666666667,0.0,0.2556362715764093,-0.2556362715764093
13,97011.44303637587,11,1.4333333333333331,0.0,0.23914951768717055,-0.23914951768717055
13,97011.44303637587,11,1.5,0.0,0.2237260442632904,-0.2237260442632904
13,97011.44303637587,11,1.5666666666666667,0.8499999999999974,0.2092972771418011,0.6407027228581963
13,97011.44303637587,11,1.6333333333333333,0.05000000000000002,0.19579906471425323,-0.14579906471425322
13,97011.44303637587,11,1.7000000000000002,0.40000000000000013,0.18317139270284163,0.2168286072971585
13,97011.44303637587,11,1.7666666666666666,0.5750000000000002,0.17135811733147788,0.4036418826685223
13,97011.44303637587,11,1.8333333333333335,0.0,0.16030671570546504,-0.16030671570546504
13,97011.44303637587,11,1.9,0.0,0.1499680522899403,-0.1499680522899403
13,97011.44303637587,11,1.9666666666666668,0.0,0.14029616044882603,-0.14029616044882603
13,97011.44303637587,11,2.033333333333333,0.0,0.13124803807299337,-0.13124803807299337
13,97011.44303637587,11,2.0999999999999996,0.0,0.12278345638898103,-0.12278345638898103
13,97011.44303637587,11,2.166666666666667,0.0,0.1148647810982167,-0.1148647810982167
13,97011.44303637587,11,2.2333333333333334,0.3250000000000012,0.10745680505150948,0.2175431949484917
13,97011.44303637587,11,2.3,0.1999999999999994,0.10052659171486797,0.09947340828513143
13,97011.44303637587,11,2.3666666666666667,0.0,0.09404332873068051,-0.09404332873068051
13,97011.44303637587,11,2.4333333333333336,0.0,0.08797819092317623,-0.08797819092317623
13,97011.44303637587,11,2.5,0.0,0.08230421213907665,-0.08230421213907665
13,97011.44303637587,11,2.5666666666666664,0.1999999999999994,0.0769961653536303,0.1230038346463691
13,97011.44303637587,11,2.6333333333333333,0.12500000000000047,0.07203045050897056,0.052969549491029916
13,97011.44303637587,11,2.7,0.07499999999999978,0.06738498958611619,0.007615010413883586
13,97011.44303637587,11,2.7666666666666666,0.07500000000000029,0.06303912844409452,0.011960871555905764
13,97011.44303637587,11,2.833333333333333,0.0,0.05897354498975579,-0.05897354498975579
13,97011.44303637587,11,2.9,0.0,0.05517016326999288,-0.05517016326999288
13,97011.44303637587,11,2.966666666666667,0.0,0.05161207310441313,-0.05161207310441313
13,97011.44303637587,11,3.033333333333333,0.0,0.04828345490114099,-0.04828345490114099
13,97011.44303637587,11,3.0999999999999996,0.024999999999999925,0.0451695093214765,-0.020169509321476577
13,97011.44303637587,11,3.166666666666667,0.07499999999999978,0.042256391480692004,0.03274360851930777
13,97011.44303637587,11,3.2333333333333334,0.05000000000000018,0.039531149392417926,0.010468850607582257
13,97011.44303637587,11,3.3,0.024999999999999925,0.036981666382935374,-0.01198166638293545
13,97011.44303637587,11,3.3666666666666667,0.02500000000000009,0.034596607219344995,-0.009596607219344903
13,97011.44303637587,11,3.4333333333333336,0.0,0.03236536771209253,-0.03236536771209253
13,97011.44303637587,11,3.5,0.0,0.030278027567779357,-0.030278027567779357
13,97011.44303637587,11,3.5666666666666664,0.024999999999999925,0.028325306282637477,-0.0033253062826375523
13,97011.44303637587,11,3.6333333333333333,0.0,0.02649852188056732,-0.02649852188056732
13,97011.44303637587,11,3.7,0.0,0.024789552312283886,-0.024789552312283886
13,97011.44303637587,11,3.7666666666666666,0.0,0.02319079934394827,-0.02319079934394827
13,97011.44303637587,11,3.833333333333333,0.0,0.02169515477473027,-0.02169515477473027
13,97011.44303637587,11,3.9,0.0,0.020295968833102217,-0.020295968833102217
13,97011.44303637587,11,3.966666666666667,0.0,0.018987020611351133,-0.018987020611351133
13,97011.44303637587,11,4.033333333333333,0.0,0.017762490406858282,-0.017762490406858282
13,97011.44303637587,11,4.1,0.0,0.016616933847173034,-0.016616933847173034
13,97011.44303637587,11,4.166666666666666,0.0,0.015545257683838685,-0.015545257683838685
13,97011.44303637587,11,4.233333333333333,0.0,0.01454269714734751,-0.01454269714734751
13,97011.44303637587,11,4.3,0.02500000000000009,0.013604794762542978,0.011395205237457113
13,97011.44303637587,11,4.366666666666667,0.024999999999999762,0.012727380530280517,0.012272619469719245
13,97011.44303637587,11,4.433333333333334,0.0,0.011906553387232842,-0.011906553387232842
13,97011.44303637587,11,4.5,0.0,0.011138663861408195,-0.011138663861408195
13,97011.44303637587,11,4.566666666666666,0.0,0.01042029784626662,-0.01042029784626662
13,97011.44303637587,11,4.633333333333333,0.0,0.009748261421292348,-0.009748261421292348
13,97011.44303637587,11,4.7,0.0,0.009119566651533231,-0.009119566651533231
13,97011.44303637587,11,4.766666666666667,0.0,0.00853141830297074,-0.00853141830297074
13,97011.44303637587,11,4.833333333333333,0.0,0.00798120141465572,-0.00798120141465572
13,97011.44303637587,11,4.9,0.0,0.00746646967235465,-0.00746646967235465
13,97011.44303637587,11,4.966666666666667,0.0,0.0069849345320145105,-0.0069849345320145105
13,97011.44303637587,11,5.033333333333333,0.0,0.006534455044688131,-0.006534455044688131
13,97011.44303637587,11,5.1,0.0,0.006113028337680839,-0.006113028337680839
13,97011.44303637587,11,5.166666666666666,0.024999999999999762,0.005718780709596645,0.019281219290403117
13,97011.44303637587,11,5.233333333333333,0.0,0.005349959299691729,-0.005349959299691729
13,97011.44303637587,11,5.3,0.0,0.005004924294496477,-0.005004924294496477
13,97011.44303637587,11,5.366666666666667,0.0,0.004682141637055892,-0.004682141637055892
13,97011.44303637587,11,5.433333333333334,0.0,0.004380176206373162,-0.004380176206373162
13,97011.44303637587,11,5.5,0.0,0.0040976854367313865,-0.0040976854367313865
13,97011.44303637587,11,5.566666666666666,0.0,0.003833413348524548,-0.003833413348524548
13,97011.44303637587,11,5.633333333333333,0.0,0.003586184964058159,-0.003586184964058159
13,97011.44303637587,11,5.7,0.0,0.0033549010834917664,-0.0033549010834917664
13,97011.44303637587,11,5.766666666666667,0.0,0.003138533397696691,-0.003138533397696691
13,97011.44303637587,11,5.833333333333333,0.0,0.0029361199163002714,-0.0029361199163002714
13,97011.44303637587,11,5.9,0.0,0.002746760690589351,-0.002746760690589351
13,97011.44303637587,11,5.966666666666667,0.0,0.0025696138122566084,-0.0025696138122566084
13,97011.44303637587,13,0.03333333333333333,0.0,0.9697991161959337,-0.9697991161959337
13,97011.44303637587,13,0.1,0.0,0.9072538472787854,-0.9072538472787854
13,97011.44303637587,13,0.16666666666666669,0.0,0.8487423113261123,-0.8487423113261123
13,97011.44303637587,13,0.23333333333333334,0.0,0.7940043607374581,-0.7940043607374581
13,97011.44303637587,13,0.3,0.0,0.7427966256154565,-0.7427966256154565
13,97011.44303637587,13,0.3666666666666667,4.407216494845359,0.694891431721175,3.7123250631241844
13,97011.44303637587,13,0.43333333333333335,0.0,0.6500757882137806,-0.6500757882137806
13,97011.44303637587,13,0.5,2.7319587628865993,0.6081504406739263,2.123808322212673
13,97011.44303637587,13,0.5666666666666667,0.1804123711340207,0.5689289852005146,-0.3885166140664939
13,97011.44303637587,13,0.6333333333333333,0.0,0.5322370396420313,-0.5322370396420313
13,97011.44303637587,13,0.7,0.0,0.4979114682776703,-0.4979114682776703
13,97011.44303637587,13,0.7666666666666666,0.0,0.4657996565011093,-0.4657996565011093
13,97011.44303637587,13,0.8333333333333334,1.2886597938144333,0.4357588322821159,0.8529009615323173
13,97011.44303637587,13,0.9,1.5463917525773203,0.4076554313891406,1.1387363211881798
13,97011.44303637587,13,0.9666666666666667,0.0,0.38136450355061846,-0.38136450355061846
13,97011.44303637587,13,1.0333333333333332,0.0,0.35676915691471883,-0.35676915691471883
13,97011.44303637587,13,1.1,0.0,0.3337600383375607,-0.3337600383375607
13,97011.44303637587,13,1.1666666666666665,0.0,0.3122348471892086,-0.3122348471892086
13,97011.44303637587,13,1.2333333333333334,0.0,0.29209788051578434,-0.29209788051578434
13,97011.44303637587,13,1.2999999999999998,0.0,0.2732596075354472,-0.2732596075354472
13,97011.44303637587,13,1.3666666666666667,1.1340206185567014,0.2556362715764093,0.8783843469802921
13,97011.44303637587,13,1.4333333333333331,0.6701030927835054,0.23914951768717055,0.4309535750963349
13,97011.44303637587,13,1.5,0.05154639175257734,0.2237260442632904,-0.17217965251071307
13,97011.44303637587,13,1.5666666666666667,0.7216494845360804,0.2092972771418011,0.5123522073942792
13,97011.44303637587,13,1.6333333333333333,0.10309278350515468,0.19579906471425323,-0.09270628120909856
13,97011.44303637587,13,1.7000000000000002,0.0,0.18317139270284163,-0.18317139270284163
13,97011.44303637587,13,1.7666666666666666,0.0,0.17135811733147788,-0.17135811733147788
13,97011.44303637587,13,1.8333333333333335,0.0,0.16030671570546504,-0.16030671570546504
13,97011.44303637587,13,1.9,0.0,0.1499680522899403,-0.1499680522899403
13,97011.44303637587,13,1.9666666666666668,0.0,0.14029616044882603,-0.14029616044882603
13,97011.44303637587,13,2.033333333333333,0.20618556701031004,0.13124803807299337,0.07493752893731667
13,97011.44303637587,13,2.0999999999999996,0.38659793814432875,0.12278345638898103,0.2638144817553477
13,97011.44303637587,13,2.166666666666667,0.0,0.1148647810982167,-0.1148647810982167
13,97011.44303637587,13,2.2333333333333334,0.0,0.10745680505150948,-0.10745680505150948
13,97011.44303637587,13,2.3,0.0,0.10052659171486797,-0.10052659171486797
13,97011.44303637587,13,2.3666666666666667,0.10309278350515502,0.09404332873068051,0.00904945477447451
13,97011.44303637587,13,2.4333333333333336,0.309278350515463,0.08797819092317623,0.22130015959228677
13,97011.44303637587,13,2.5,0.15463917525773255,0.08230421213907665,0.07233496311865589
13,97011.44303637587,13,2.5666666666666664,0.05154639175257717,0.0769961653536303,-0.025449773601053126
13,97011.44303637587,13,2.6333333333333333,0.10309278350515502,0.07203045050897056,0.031062332996184466
13,97011.44303637587,13,2.7,0.10309278350515434,0.06738498958611619,0.03570779391903815
13,97011.44303637587,13,2.7666666666666666,0.0,0.06303912844409452,-0.06303912844409452
13,97011.44303637587,13,2.833333333333333,0.0,0.05897354498975579,-0.05897354498975579
13,97011.44303637587,13,2.9,0.15463917525773255,0.05517016326999288,0.09946901198773966
13,97011.44303637587,13,2.966666666666667,0.07731958762886575,0.05161207310441313,0.025707514524452614
13,97011.44303637587,13,3.033333333333333,0.07731958762886627,0.04828345490114099,0.029036132727725282
13,97011.44303637587,13,3.0999999999999996,0.12886597938144292,0.0451695093214765,0.08369647005996642
13,97011.44303637587,13,3.166666666666667,0.025773195876288586,0.042256391480692004,-0.01648319560440342
13,97011.44303637587,13,3.2333333333333334,0.025773195876288756,0.039531149392417926,-0.01375795351612917
13,97011.44303637587,13,3.3,0.0,0.036981666382935374,-0.036981666382935374
13,97011.44303637587,13,3.3666666666666667,0.0,0.034596607219344995,-0.034596607219344995
13,97011.44303637587,13,3.4333333333333336,0.0,0.03236536771209253,-0.03236536771209253
13,97011.44303637587,13,3.5,0.025773195876288756,0.030278027567779357,-0.004504831691490602
13,97011.44303637587,13,3.5666666666666664,0.0,0.028325306282637477,-0.028325306282637477
13,97011.44303637587,13,3.6333333333333333,0.0,0.02649852188056732,-0.02649852188056732
13,97011.44303637587,13,3.7,0.0,0.024789552312283886,-0.024789552312283886
13,97011.44303637587,13,3.7666666666666666,0.0,0.02319079934394827,-0.02319079934394827
13,97011.44303637587,13,3.833333333333333,0.0,0.02169515477473027,-0.02169515477473027
13,97011.44303637587,13,3.9,0.0,0.020295968833102217,-0.020295968833102217
13,97011.44303637587,13,3.966666666666667,0.07731958762886575,0.018987020611351133,0.05833256701751462
13,97011.44303637587,13,4.033333333333333,0.025773195876288756,0.017762490406858282,0.008010705469430474
13,97011.44303637587,13,4.1,0.025773195876288756,0.016616933847173034,0.009156262029115722
13,97011.44303637587,13,4.166666666666666,0.025773195876288412,0.015545257683838685,0.010227938192449727
13,97011.44303637587,13,4.233333333333333,0.0,0.01454269714734751,-0.01454269714734751
13,97011.44303637587,13,4.3,0.0,0.013604794762542978,-0.013604794762542978
13,97011.44303637587,13,4.366666666666667,0.0,0.012727380530280517,-0.012727380530280517
13,97011.44303637587,13,4.433333333333334,0.0,0.011906553387232842,-0.011906553387232842
13,97011.44303637587,13,4.5,0.0,0.011138663861408195,-0.011138663861408195
13,97011.44303637587,13,4.566666666666666,0.0,0.01042029784626662,-0.01042029784626662
13,97011.44303637587,13,4.633333333333333,0.051546391752576824,0.009748261421292348,0.041798130331284475
13,97011.44303637587,13,4.7,0.0,0.009119566651533231,-0.009119566651533231
13,97011.44303637587,13,4.766666666666667,0.0,0.00853141830297074,-0.00853141830297074
13,97011.44303637587,13,4.833333333333333,0.0,0.00798120141465572,-0.00798120141465572
13,97011.44303637587,13,4.9,0.0,0.00746646967235465,-0.00746646967235465
13,97011.44303637587,13,4.966666666666667,0.0,0.0069849345320145105,-0.0069849345320145105
13,97011.44303637587,13,5.033333333333333,0.0,0.006534455044688131,-0.006534455044688131
13,97011.44303637587,13,5.1,0.025773195876288756,0.006113028337680839,0.019660167538607914
13,97011.44303637587,13,5.166666666666666,0.0,0.005718780709596645,-0.005718780709596645
13,97011.44303637587,13,5.233333333333333,0.0,0.005349959299691729,-0.005349959299691729
13,97011.44303637587,13,5.3,0.0,0.005004924294496477,-0.005004924294496477
13,97011.44303637587,13,5.366666666666667,0.0,0.004682141637055892,-0.004682141637055892
13,97011.44303637587,13,5.433333333333334,0.0,0.004380176206373162,-0.004380176206373162
13,97011.44303637587,13,5.5,0.0,0.0040976854367313865,-0.0040976854367313865
13,97011.44303637587,13,5.566666666666666,0.0,0.003833413348524548,-0.003833413348524548
13,97011.44303637587,13,5.633333333333333,0.0,0.003586184964058159,-0.003586184964058159
13,97011.44303637587,13,5.7,0.0,0.0033549010834917664,-0.0033549010834917664
13,97011.44303637587,13,5.766666666666667,0.0,0.003138533397696691,-0.003138533397696691
13,97011.44303637587,13,5.833333333333333,0.0,0.0029361199163002714,-0.0029361199163002714
13,97011.44303637587,13,5.9,0.0,0.002746760690589351,-0.002746760690589351
13,97011.44303637587,13,5.966666666666667,0.0,0.0025696138122566084,-0.0025696138122566084
13,97011.44303637587,17,0.03333333333333333,0.0,0.9697991161959337,-0.9697991161959337
13,97011.44303637587,17,0.1,0.0,0.9072538472787854,-0.9072538472787854
13,97011.44303637587,17,0.16666666666666669,4.804088586030664,0.8487423113261123,3.955346274704552
13,97011.44303637587,17,0.23333333333333334,0.0,0.7940043607374581,-0.7940043607374581
13,97011.44303637587,17,0.3,0.0,0.7427966256154565,-0.7427966256154565
13,97011.44303637587,17,0.3666666666666667,0.0,0.694891431721175,-0.694891431721175
13,97011.44303637587,17,0.43333333333333335,0.0,0.6500757882137806,-0.6500757882137806
13,97011.44303637587,17,0.5,2.9131175468483828,0.6081504406739263,2.3049671061744563
13,97011.44303637587,17,0.5666666666666667,0.2299829642248723,0.5689289852005146,-0.3389460209756423
13,97011.44303637587,17,0.6333333333333333,0.0,0.5322370396420313,-0.5322370396420313
13,97011.44303637587,17,0.7,0.0,0.4979114682776703,-0.4979114682776703
13,97011.44303637587,17,0.7666666666666666,0.0,0.4657996565011093,-0.4657996565011093
13,97011.44303637587,17,0.8333333333333334,0.0,0.4357588322821159,-0.4357588322821159
13,97011.44303637587,17,0.9,0.0,0.4076554313891406,-0.4076554313891406
13,97011.44303637587,17,0.9666666666666667,0.0,0.38136450355061846,-0.38136450355061846
13,97011.44303637587,17,1.0333333333333332,1.9420783645655884,0.35676915691471883,1.5853092076508695
13,97011.44303637587,17,1.1,0.17887563884156737,0.3337600383375607,-0.1548843994959933
13,97011.44303637587,17,1.1666666666666665,0.30664395229982977,0.3122348471892086,-0.005590894889378806
13,97011.44303637587,17,1.2333333333333334,1.379897785349234,0.29209788051578434,1.0877999048334497
13,97011.44303637587,17,1.2999999999999998,0.0,0.2732596075354472,-0.2732596075354472
13,97011.44303637587,17,1.3666666666666667,0.0,0.2556362715764093,-0.2556362715764093
13,97011.44303637587,17,1.4333333333333331,0.0,0.23914951768717055,-0.23914951768717055
13,97011.44303637587,17,1.5,0.0,0.2237260442632904,-0.2237260442632904
13,97011.44303637587,17,1.5666666666666667,0.0,0.2092972771418011,-0.2092972771418011
13,97011.44303637587,17,1.6333333333333333,0.0,0.19579906471425323,-0.19579906471425323
13,97011.44303637587,17,1.7000000000000002,0.4855195911413971,0.18317139270284163,0.3023481984385554
13,97011.44303637587,17,1.7666666666666666,0.4855195911413971,0.17135811733147788,0.3141614738099192
13,97011.44303637587,17,1.8333333333333335,0.0,0.16030671570546504,-0.16030671570546504
13,97011.44303637587,17,1.9,0.0,0.1499680522899403,-0.1499680522899403
13,97011.44303637587,17,1.9666666666666668,0.0,0.14029616044882603,-0.14029616044882603
13,97011.44303637587,17,2.033333333333333,0.3321976149914833,0.13124803807299337,0.20094957691848994
13,97011.44303637587,17,2.0999999999999996,0.45996592844974304,0.12278345638898103,0.337182472060762
13,97011.44303637587,17,2.166666666666667,0.12776831345826198,0.1148647810982167,0.01290353236004528
13,97011.44303637587,17,2.2333333333333334,0.3321976149914833,0.10745680505150948,0.22474080993997383
13,97011.44303637587,17,2.3,0.20442930153321917,0.10052659171486797,0.1039027098183512
13,97011.44303637587,17,2.3666666666666667,0.0,0.09404332873068051,-0.09404332873068051
13,97011.44303637587,17,2.4333333333333336,0.0,0.08797819092317623,-0.08797819092317623
13,97011.44303637587,17,2.5,0.0,0.08230421213907665,-0.08230421213907665
13,97011.44303637587,17,2.5666666666666664,0.17887563884156676,0.0769961653536303,0.10187947348793647
13,97011.44303637587,17,2.6333333333333333,0.10221465076661025,0.07203045050897056,0.030184200257639696
13,97011.44303637587,17,2.7,0.0,0.06738498958611619,-0.06738498958611619
13,97011.44303637587,17,2.7666666666666666,0.0,0.06303912844409452,-0.06303912844409452
13,97011.44303637587,17,2.833333333333333,0.12776831345826198,0.05897354498975579,0.06879476846850618
13,97011.44303637587,17,2.9,0.0,0.05517016326999288,-0.05517016326999288
13,97011.44303637587,17,2.966666666666667,0.0,0.05161207310441313,-0.05161207310441313
13,97011.44303637587,17,3.033333333333333,0.0,0.04828345490114099,-0.04828345490114099
13,97011.44303637587,17,3.0999999999999996,0.07666098807495718,0.0451695093214765,0.03149147875348068
13,97011.44303637587,17,3.166666666666667,0.10221465076660959,0.042256391480692004,0.05995825928591758
13,97011.44303637587,17,3.2333333333333334,0.0,0.039531149392417926,-0.039531149392417926
13,97011.44303637587,17,3.3,0.0,0.036981666382935374,-0.036981666382935374
13,97011.44303637587,17,3.3666666666666667,0.0,0.034596607219344995,-0.034596607219344995
13,97011.44303637587,17,3.4333333333333336,0.0,0.03236536771209253,-0.03236536771209253
13,97011.44303637587,17,3.5,0.0,0.030278027567779357,-0.030278027567779357
13,97011.44303637587,17,3.5666666666666664,0.05110732538330479,0.028325306282637477,0.022782019100667315
13,97011.44303637587,17,3.6333333333333333,0.025553662691652563,0.02649852188056732,-0.0009448591889147581
13,97011.44303637587,17,3.7,0.05110732538330479,0.024789552312283886,0.026317773071020907
13,97011.44303637587,17,3.7666666666666666,0.051107325383305126,0.02319079934394827,0.027916526039356855
13,97011.44303637587,17,3.833333333333333,0.025553662691652396,0.02169515477473027,0.0038585079169221256
13,97011.44303637587,17,3.9,0.0,0.020295968833102217,-0.020295968833102217
13,97011.44303637587,17,3.966666666666667,0.0,0.018987020611351133,-0.018987020611351133
13,97011.44303637587,17,4.033333333333333,0.0,0.017762490406858282,-0.017762490406858282
13,97011.44303637587,17,4.1,0.0,0.016616933847173034,-0.016616933847173034
13,97011.44303637587,17,4.166666666666666,0.0,0.015545257683838685,-0.015545257683838685
13,97011.44303637587,17,4.233333333333333,0.0,0.01454269714734751,-0.01454269714734751
13,97011.44303637587,17,4.3,0.0,0.013604794762542978,-0.013604794762542978
13,97011.44303637587,17,4.366666666666667,0.0,0.012727380530280517,-0.012727380530280517
13,97011.44303637587,17,4.433333333333334,0.0,0.011906553387232842,-0.011906553387232842
13,97011.44303637587,17,4.5,0.0,0.011138663861408195,-0.011138663861408195
13,97011.44303637587,17,4.566666666666666,0.0,0.01042029784626662,-0.01042029784626662
13,97011.44303637587,17,4.633333333333333,0.0,0.009748261421292348,-0.009748261421292348
13,97011.44303637587,17,4.7,0.0,0.009119566651533231,-0.009119566651533231
13,97011.44303637587,17,4.766666666666667,0.0,0.00853141830297074,-0.00853141830297074
13,97011.44303637587,17,4.833333333333333,0.0,0.00798120141465572,-0.00798120141465572
13,97011.44303637587,17,4.9,0.0,0.00746646967235465,-0.00746646967235465
13,97011.44303637587,17,4.966666666666667,0.0,0.0069849345320145105,-0.0069849345320145105
13,97011.44303637587,17,5.033333333333333,0.0,0.006534455044688131,-0.006534455044688131
13,97011.44303637587,17,5.1,0.025553662691652563,0.006113028337680839,0.019440634353971725
13,97011.44303637587,17,5.166666666666666,0.0,0.005718780709596645,-0.005718780709596645
13,97011.44303637587,17,5.233333333333333,0.0,0.005349959299691729,-0.005349959299691729
13,97011.44303637587,17,5.3,0.0,0.005004924294496477,-0.005004924294496477
13,97011.44303637587,17,5.366666666666667,0.0,0.004682141637055892,-0.004682141637055892
13,97011.44303637587,17,5.433333333333334,0.0,0.004380176206373162,-0.004380176206373162
13,97011.44303637587,17,5.5,0.0,0.0040976854367313865,-0.0040976854367313865
13,97011.44303637587,17,5.566666666666666,0.0,0.003833413348524548,-0.003833413348524548
13,97011.44303637587,17,5.633333333333333,0.0,0.003586184964058159,-0.003586184964058159
13,97011.44303637587,17,5.7,0.0,0.0033549010834917664,-0.0033549010834917664
13,97011.44303637587,17,5.766666666666667,0.0,0.003138533397696691,-0.003138533397696691
13,97011.44303637587,17,5.833333333333333,0.0,0.0029361199163002714,-0.0029361199163002714
13,97011.44303637587,17,5.9,0.0,0.002746760690589351,-0.002746760690589351
13,97011.44303637587,17,5.966666666666667,0.0,0.0025696138122566084,-0.0025696138122566084
13,97011.44303637587,19,0.03333333333333333,0.0,0.9697991161959337,-0.9697991161959337
13,97011.44303637587,19,0.1,0.0,0.9072538472787854,-0.9072538472787854
13,97011.44303637587,19,0.16666666666666669,0.0,0.8487423113261123,-0.8487423113261123
13,97011.44303637587,19,0.23333333333333334,0.0,0.7940043607374581,-0.7940043607374581
13,97011.44303637587,19,0.3,0.0,0.7427966256154565,-0.7427966256154565
13,97011.44303637587,19,0.3666666666666667,4.664948453608246,0.694891431721175,3.970057021887071
13,97011.44303637587,19,0.43333333333333335,0.0,0.6500757882137806,-0.6500757882137806
13,97011.44303637587,19,0.5,0.0,0.6081504406739263,-0.6081504406739263
13,97011.44303637587,19,0.5666666666666667,0.0,0.5689289852005146,-0.5689289852005146
13,97011.44303637587,19,0.6333333333333333,0.0,0.5322370396420313,-0.5322370396420313
13,97011.44303637587,19,0.7,0.0,0.4979114682776703,-0.4979114682776703
13,97011.44303637587,19,0.7666666666666666,0.0,0.4657996565011093,-0.4657996565011093
13,97011.44303637587,19,0.8333333333333334,1.6237113402061867,0.4357588322821159,1.1879525079240707
13,97011.44303637587,19,0.9,1.8298969072164961,0.4076554313891406,1.4222414758273554
13,97011.44303637587,19,0.9666666666666667,0.0,0.38136450355061846,-0.38136450355061846
13,97011.44303637587,19,1.0333333333333332,1.9329896907216508,0.35676915691471883,1.576220533806932
13,97011.44303637587,19,1.1,0.07731958762886602,0.3337600383375607,-0.25644045070869464
13,97011.44303637587,19,1.1666666666666665,0.0,0.3122348471892086,-0.3122348471892086
13,97011.44303637587,19,1.2333333333333334,0.0,0.29209788051578434,-0.29209788051578434
13,97011.44303637587,19,1.2999999999999998,0.0,0.2732596075354472,-0.2732596075354472
13,97011.44303637587,19,1.3666666666666667,0.0,0.2556362715764093,-0.2556362715764093
13,97011.44303637587,19,1.4333333333333331,0.0,0.23914951768717055,-0.23914951768717055
13,97011.44303637587,19,1.5,0.1030927835051547,0.2237260442632904,-0.1206332607581357
13,97011.44303637587,19,1.5666666666666667,1.0824742268041208,0.2092972771418011,0.8731769496623196
13,97011.44303637587,19,1.6333333333333333,0.15463917525773205,0.19579906471425323,-0.04115988945652119
13,97011.44303637587,19,1.7000000000000002,0.0,0.18317139270284163,-0.18317139270284163
13,97011.44303637587,19,1.7666666666666666,0.0,0.17135811733147788,-0.17135811733147788
13,97011.44303637587,19,1.8333333333333335,0.0,0.16030671570546504,-0.16030671570546504
13,97011.44303637587,19,1.9,0.9793814432989697,0.1499680522899403,0.8294133910090293
13,97011.44303637587,19,1.9666666666666668,0.4123711340206188,0.14029616044882603,0.2720749735717928
13,97011.44303637587,19,2.033333333333333,0.15463917525773258,0.13124803807299337,0.023391137184739202
13,97011.44303637587,19,2.0999999999999996,0.4123711340206175,0.12278345638898103,0.28958767763163645
13,97011.44303637587,19,2.166666666666667,0.025773195876288593,0.1148647810982167,-0.0890915852219281
13,97011.44303637587,19,2.2333333333333334,0.0,0.10745680505150948,-0.10745680505150948
13,97011.44303637587,19,2.3,0.0,0.10052659171486797,-0.10052659171486797
13,97011.44303637587,19,2.3666666666666667,0.1288659793814438,0.09404332873068051,0.0348226506507633
13,97011.44303637587,19,2.4333333333333336,0.2577319587628859,0.08797819092317623,0.1697537678397097
13,97011.44303637587,19,2.5,0.1288659793814438,0.08230421213907665,0.04656176724236716
13,97011.44303637587,19,2.5666666666666664,0.15463917525773152,0.0769961653536303,0.07764300990410122
13,97011.44303637587,19,2.6333333333333333,0.15463917525773258,0.07203045050897056,0.08260872474876202
13,97011.44303637587,19,2.7,0.0,0.06738498958611619,-0.06738498958611619
13,97011.44303637587,19,2.7666666666666666,0.0,0.06303912844409452,-0.06303912844409452
13,97011.44303637587,19,2.833333333333333,0.0,0.05897354498975579,-0.05897354498975579
13,97011.44303637587,19,2.9,0.025773195876288763,0.05517016326999288,-0.02939696739370412
13,97011.44303637587,19,2.966666666666667,0.2319587628865973,0.05161207310441313,0.18034668978218418
13,97011.44303637587,19,3.033333333333333,0.0,0.04828345490114099,-0.04828345490114099
13,97011.44303637587,19,3.0999999999999996,0.0,0.0451695093214765,-0.0451695093214765
13,97011.44303637587,19,3.166666666666667,0.0,0.042256391480692004,-0.042256391480692004
13,97011.44303637587,19,3.2333333333333334,0.0,0.039531149392417926,-0.039531149392417926
13,97011.44303637587,19,3.3,0.0,0.036981666382935374,-0.036981666382935374
13,97011.44303637587,19,3.3666666666666667,0.0,0.034596607219344995,-0.034596607219344995
13,97011.44303637587,19,3.4333333333333336,0.051546391752577185,0.03236536771209253,0.019181024040484655
13,97011.44303637587,19,3.5,0.10309278350515505,0.030278027567779357,0.07281475593737569
13,97011.44303637587,19,3.5666666666666664,0.025773195876288593,0.028325306282637477,-0.002552110406348885
13,97011.44303637587,19,3.6333333333333333,0.025773195876288763,0.02649852188056732,-0.0007253260042785585
13,97011.44303637587,19,3.7,0.0,0.024789552312283886,-0.024789552312283886
13,97011.44303637587,19,3.7666666666666666,0.0,0.02319079934394827,-0.02319079934394827
13,97011.44303637587,19,3.833333333333333,0.0,0.02169515477473027,-0.02169515477473027
13,97011.44303637587,19,3.9,0.0,0.020295968833102217,-0.020295968833102217
13,97011.44303637587,19,3.966666666666667,0.0,0.018987020611351133,-0.018987020611351133
13,97011.44303637587,19,4.033333333333333,0.0,0.017762490406858282,-0.017762490406858282
13,97011.44303637587,19,4.1,0.0,0.016616933847173034,-0.016616933847173034
13,97011.44303637587,19,4.166666666666666,0.02577319587628842,0.015545257683838685,0.010227938192449734
13,97011.44303637587,19,4.233333333333333,0.025773195876288763,0.01454269714734751,0.011230498728941253
13,97011.44303637587,19,4.3,0.0,0.013604794762542978,-0.013604794762542978
13,97011.44303637587,19,4.366666666666667,0.0,0.012727380530280517,-0.012727380530280517
13,97011.44303637587,19,4.433333333333334,0.0,0.011906553387232842,-0.011906553387232842
13,97011.44303637587,19,4.5,0.0,0.011138663861408195,-0.011138663861408195
13,97011.44303637587,19,4.566666666666666,0.025773195876288763,0.01042029784626662,0.015352898030022143
13,97011.44303637587,19,4.633333333333333,0.07731958762886525,0.009748261421292348,0.0675713262075729
13,97011.44303637587,19,4.7,0.0,0.009119566651533231,-0.009119566651533231
13,97011.44303637587,19,4.766666666666667,0.025773195876288763,0.00853141830297074,0.017241777573318025
13,97011.44303637587,19,4.833333333333333,0.0,0.00798120141465572,-0.00798120141465572
13,97011.44303637587,19,4.9,0.0,0.00746646967235465,-0.00746646967235465
13,97011.44303637587,19,4.966666666666667,0.0,0.0069849345320145105,-0.0069849345320145105
13,97011.44303637587,19,5.033333333333333,0.0,0.006534455044688131,-0.006534455044688131
13,97011.44303637587,19,5.1,0.0,0.006113028337680839,-0.006113028337680839
13,97011.44303637587,19,5.166666666666666,0.05154639175257684,0.005718780709596645,0.04582761104298019
13,97011.44303637587,19,5.233333333333333,0.0,0.005349959299691729,-0.005349959299691729
13,97011.44303637587,19,5.3,0.0,0.005004924294496477,-0.005004924294496477
13,97011.44303637587,19,5.366666666666667,0.0,0.004682141637055892,-0.004682141637055892
13,97011.44303637587,19,5.433333333333334,0.0,0.004380176206373162,-0.004380176206373162
13,97011.44303637587,19,5.5,0.0,0.0040976854367313865,-0.0040976854367313865
13,97011.44303637587,19,5.566666666666666,0.0,0.003833413348524548,-0.003833413348524548
13,97011.44303637587,19,5.633333333333333,0.02577319587628842,0.003586184964058159,0.02218701091223026
13,97011.44303637587,19,5.7,0.0,0.0033549010834917664,-0.0033549010834917664
13,97011.44303637587,19,5.766666666666667,0.0,0.003138533397696691,-0.003138533397696691
13,97011.44303637587,19,5.833333333333333,0.0,0.0029361199163002714,-0.0029361199163002714
13,97011.44303637587,19,5.9,0.0,0.002746760690589351,-0.002746760690589351
13,97011.44303637587,19,5.966666666666667,0.0,0.0025696138122566084,-0.0025696138122566084
13,97011.44303637587,23,0.03333333333333333,0.0,0.9697991161959337,-0.9697991161959337
13,97011.44303637587,23,0.1,0.0,0.9072538472787854,-0.9072538472787854
13,97011.44303637587,23,0.16666666666666669,0.0,0.8487423113261123,-0.8487423113261123
13,97011.44303637587,23,0.23333333333333334,0.0,0.7940043607374581,-0.7940043607374581
13,97011.44303637587,23,0.3,0.0,0.7427966256154565,-0.7427966256154565
13,97011.44303637587,23,0.3666666666666667,0.0,0.694891431721175,-0.694891431721175
13,97011.44303637587,23,0.43333333333333335,0.0,0.6500757882137806,-0.6500757882137806
13,97011.44303637587,23,0.5,3.8186356073211325,0.6081504406739263,3.210485166647206
13,97011.44303637587,23,0.5666666666666667,0.22462562396006663,0.5689289852005146,-0.34430336124044797
13,97011.44303637587,23,0.6333333333333333,0.0,0.5322370396420313,-0.5322370396420313
13,97011.44303637587,23,0.7,3.594009983361066,0.4979114682776703,3.096098515083396
13,97011.44303637587,23,0.7666666666666666,0.0,0.4657996565011093,-0.4657996565011093
13,97011.44303637587,23,0.8333333333333334,0.0,0.4357588322821159,-0.4357588322821159
13,97011.44303637587,23,0.9,0.0,0.4076554313891406,-0.4076554313891406
13,97011.44303637587,23,0.9666666666666667,0.0,0.38136450355061846,-0.38136450355061846
13,97011.44303637587,23,1.0333333333333332,0.0,0.35676915691471883,-0.35676915691471883
13,97011.44303637587,23,1.1,0.0,0.3337600383375607,-0.3337600383375607
13,97011.44303637587,23,1.1666666666666665,0.5241264559068222,0.3122348471892086,0.2118916087176136
13,97011.44303637587,23,1.2333333333333334,2.3960066555740442,0.29209788051578434,2.10390877505826
13,97011.44303637587,23,1.2999999999999998,0.0,0.2732596075354472,-0.2732596075354472
13,97011.44303637587,23,1.3666666666666667,0.0,0.2556362715764093,-0.2556362715764093
13,97011.44303637587,23,1.4333333333333331,0.0,0.23914951768717055,-0.23914951768717055
13,97011.44303637587,23,1.5,0.024958402662229626,0.2237260442632904,-0.19876764160106078
13,97011.44303637587,23,1.5666666666666667,1.2229617304492477,0.2092972771418011,1.0136644533074466
13,97011.44303637587,23,1.6333333333333333,0.04991680532445925,0.19579906471425323,-0.145882259389794
13,97011.44303637587,23,1.7000000000000002,0.3743760399334444,0.18317139270284163,0.1912046472306028
13,97011.44303637587,23,1.7666666666666666,0.5990016638935111,0.17135811733147788,0.4276435465620332
13,97011.44303637587,23,1.8333333333333335,0.0,0.16030671570546504,-0.16030671570546504
13,97011.44303637587,23,1.9,0.0,0.1499680522899403,-0.1499680522899403
13,97011.44303637587,23,1.9666666666666668,0.0,0.14029616044882603,-0.14029616044882603
13,97011.44303637587,23,2.033333333333333,0.2495840266222971,0.13124803807299337,0.11833598854930372
13,97011.44303637587,23,2.0999999999999996,0.4991680532445909,0.12278345638898103,0.3763845968556099
13,97011.44303637587,23,2.166666666666667,0.07487520798668863,0.1148647810982167,-0.039989573111528065
13,97011.44303637587,23,2.2333333333333334,0.2495840266222971,0.10745680505150948,0.1421272215707876
13,97011.44303637587,23,2.3,0.22462562396006588,0.10052659171486797,0.12409903224519792
13,97011.44303637587,23,2.3666666666666667,0.0,0.09404332873068051,-0.09404332873068051
13,97011.44303637587,23,2.4333333333333336,0.0,0.08797819092317623,-0.08797819092317623
13,97011.44303637587,23,2.5,0.0,0.08230421213907665,-0.08230421213907665
13,97011.44303637587,23,2.5666666666666664,0.1747088186356068,0.0769961653536303,0.09771265328197651
13,97011.44303637587,23,2.6333333333333333,0.14975041597337826,0.07203045050897056,0.07771996546440771
13,97011.44303637587,23,2.7,0.0,0.06738498958611619,-0.06738498958611619
13,97011.44303637587,23,2.7666666666666666,0.0,0.06303912844409452,-0.06303912844409452
13,97011.44303637587,23,2.833333333333333,0.0,0.05897354498975579,-0.05897354498975579
13,97011.44303637587,23,2.9,0.0,0.05517016326999288,-0.05517016326999288
13,97011.44303637587,23,2.966666666666667,0.0,0.05161207310441313,-0.05161207310441313
13,97011.44303637587,23,3.033333333333333,0.0,0.04828345490114099,-0.04828345490114099
13,97011.44303637587,23,3.0999999999999996,0.049916805324459086,0.0451695093214765,0.0047472960029825845
13,97011.44303637587,23,3.166666666666667,0.12479201331114773,0.042256391480692004,0.08253562183045572
13,97011.44303637587,23,3.2333333333333334,0.02495840266222971,0.039531149392417926,-0.014572746730188216
13,97011.44303637587,23,3.3,0.09983361064891817,0.036981666382935374,0.0628519442659828
13,97011.44303637587,23,3.3666666666666667,0.04991680532445942,0.034596607219344995,0.015320198105114424
13,97011.44303637587,23,3.4333333333333336,0.0,0.03236536771209253,-0.03236536771209253
13,97011.44303637587,23,3.5,0.0,0.030278027567779357,-0.030278027567779357
13,97011.44303637587,23,3.5666666666666664,0.0,0.028325306282637477,-0.028325306282637477
13,97011.44303637587,23,3.6333333333333333,0.0,0.02649852188056732,-0.02649852188056732
13,97011.44303637587,23,3.7,0.0,0.024789552312283886,-0.024789552312283886
13,97011.44303637587,23,3.7666666666666666,0.04991680532445942,0.02319079934394827,0.02672600598051115
13,97011.44303637587,23,3.833333333333333,0.0,0.02169515477473027,-0.02169515477473027
13,97011.44303637587,23,3.9,0.02495840266222971,0.020295968833102217,0.004662433829127493
13,97011.44303637587,23,3.966666666666667,0.0,0.018987020611351133,-0.018987020611351133
13,97011.44303637587,23,4.033333333333333,0.0,0.017762490406858282,-0.017762490406858282
13,97011.44303637587,23,4.1,0.02495840266222971,0.016616933847173034,0.008341468815056676
13,97011.44303637587,23,4.166666666666666,0.0,0.015545257683838685,-0.015545257683838685
13,97011.44303637587,23,4.233333333333333,0.0,0.01454269714734751,-0.01454269714734751
13,97011.44303637587,23,4.3,0.0,0.013604794762542978,-0.013604794762542978
13,97011.44303637587,23,4.366666666666667,0.0,0.012727380530280517,-0.012727380530280517
13,97011.44303637587,23,4.433333333333334,0.0,0.011906553387232842,-0.011906553387232842
13,97011.44303637587,23,4.5,0.0,0.011138663861408195,-0.011138663861408195
13,97011.44303637587,23,4.566666666666666,0.0,0.01042029784626662,-0.01042029784626662
13,97011.44303637587,23,4.633333333333333,0.04991680532445876,0.009748261421292348,0.04016854390316641
13,97011.44303637587,23,4.7,0.02495840266222971,0.009119566651533231,0.01583883601069648
13,97011.44303637587,23,4.766666666666667,0.0,0.00853141830297074,-0.00853141830297074
13,97011.44303637587,23,4.833333333333333,0.0,0.00798120141465572,-0.00798120141465572
13,97011.44303637587,23,4.9,0.0,0.00746646967235465,-0.00746646967235465
13,97011.44303637587,23,4.966666666666667,0.02495840266222971,0.0069849345320145105,0.0179734681302152
13,97011.44303637587,23,5.033333333333333,0.0,0.006534455044688131,-0.006534455044688131
13,97011.44303637587,23,5.1,0.0,0.006113028337680839,-0.006113028337680839
13,97011.44303637587,23,5.166666666666666,0.0,0.005718780709596645,-0.005718780709596645
13,97011.44303637587,23,5.233333333333333,0.0,0.005349959299691729,-0.005349959299691729
13,97011.44303637587,23,5.3,0.0,0.005004924294496477,-0.005004924294496477
13,97011.44303637587,23,5.366666666666667,0.0,0.004682141637055892,-0.004682141637055892
13,97011.44303637587,23,5.433333333333334,0.0,0.004380176206373162,-0.004380176206373162
13,97011.44303637587,23,5.5,0.0,0.0040976854367313865,-0.0040976854367313865
13,97011.44303637587,23,5.566666666666666,0.0,0.003833413348524548,-0.003833413348524548
13,97011.44303637587,23,5.633333333333333,0.0,0.003586184964058159,-0.003586184964058159
13,97011.44303637587,23,5.7,0.0,0.0033549010834917664,-0.0033549010834917664
13,97011.44303637587,23,5.766666666666667,0.0,0.003138533397696691,-0.003138533397696691
13,97011.44303637587,23,5.833333333333333,0.0,0.0029361199163002714,-0.0029361199163002714
13,97011.44303637587,23,5.9,0.0,0.002746760690589351,-0.002746760690589351
13,97011.44303637587,23,5.966666666666667,0.0,0.0025696138122566084,-0.0025696138122566084
13,97011.44303637587,29,0.03333333333333333,0.0,0.9697991161959337,-0.9697991161959337
13,97011.44303637587,29,0.1,0.0,0.9072538472787854,-0.9072538472787854
13,97011.44303637587,29,0.16666666666666669,4.812834224598929,0.8487423113261123,3.964091913272817
13,97011.44303637587,29,0.23333333333333334,0.0,0.7940043607374581,-0.7940043607374581
13,97011.44303637587,29,0.3,0.0,0.7427966256154565,-0.7427966256154565
13,97011.44303637587,29,0.3666666666666667,0.0,0.694891431721175,-0.694891431721175
13,97011.44303637587,29,0.43333333333333335,0.0,0.6500757882137806,-0.6500757882137806
13,97011.44303637587,29,0.5,0.0,0.6081504406739263,-0.6081504406739263
13,97011.44303637587,29,0.5666666666666667,0.0,0.5689289852005146,-0.5689289852005146
13,97011.44303637587,29,0.6333333333333333,0.0,0.5322370396420313,-0.5322370396420313
13,97011.44303637587,29,0.7,3.101604278074867,0.4979114682776703,2.603692809797197
13,97011.44303637587,29,0.7666666666666666,0.0,0.4657996565011093,-0.4657996565011093
13,97011.44303637587,29,0.8333333333333334,0.0,0.4357588322821159,-0.4357588322821159
13,97011.44303637587,29,0.9,0.0,0.4076554313891406,-0.4076554313891406
13,97011.44303637587,29,0.9666666666666667,0.0,0.38136450355061846,-0.38136450355061846
13,97011.44303637587,29,1.0333333333333332,2.0855614973262036,0.35676915691471883,1.7287923404114847
13,97011.44303637587,29,1.1,0.10695187165775404,0.3337600383375607,-0.22680816667980663
13,97011.44303637587,29,1.1666666666666665,0.45454545454545464,0.3122348471892086,0.14231060735624607
13,97011.44303637587,29,1.2333333333333334,1.6844919786096262,0.29209788051578434,1.3923940980938418
13,97011.44303637587,29,1.2999999999999998,0.0,0.2732596075354472,-0.2732596075354472
13,97011.44303637587,29,1.3666666666666667,0.0,0.2556362715764093,-0.2556362715764093
13,97011.44303637587,29,1.4333333333333331,0.0,0.23914951768717055,-0.23914951768717055
13,97011.44303637587,29,1.5,0.02673796791443851,0.2237260442632904,-0.1969880763488519
13,97011.44303637587,29,1.5666666666666667,1.0160427807486598,0.2092972771418011,0.8067455036068587
13,97011.44303637587,29,1.6333333333333333,0.05347593582887702,0.19579906471425323,-0.1423231288853762
13,97011.44303637587,29,1.7000000000000002,0.3208556149732621,0.18317139270284163,0.13768422227042046
13,97011.44303637587,29,1.7666666666666666,0.2941176470588236,0.17135811733147788,0.12275952972734572
13,97011.44303637587,29,1.8333333333333335,0.0,0.16030671570546504,-0.16030671570546504
13,97011.44303637587,29,1.9,0.0,0.1499680522899403,-0.1499680522899403
13,97011.44303637587,29,1.9666666666666668,0.0,0.14029616044882603,-0.14029616044882603
13,97011.44303637587,29,2.033333333333333,0.0802139037433158,0.13124803807299337,-0.05103413432967757
13,97011.44303637587,29,2.0999999999999996,0.24064171122994577,0.12278345638898103,0.11785825484096474
13,97011.44303637587,29,2.166666666666667,0.02673796791443842,0.1148647810982167,-0.08812681318377828
13,97011.44303637587,29,2.2333333333333334,0.0,0.10745680505150948,-0.10745680505150948
13,97011.44303637587,29,2.3,0.0,0.10052659171486797,-0.10052659171486797
13,97011.44303637587,29,2.3666666666666667,0.0,0.09404332873068051,-0.09404332873068051
13,97011.44303637587,29,2.4333333333333336,0.0,0.08797819092317623,-0.08797819092317623
13,97011.44303637587,29,2.5,0.0,0.08230421213907665,-0.08230421213907665
13,97011.44303637587,29,2.5666666666666664,0.10695187165775367,0.0769961653536303,0.029955706304123378
13,97011.44303637587,29,2.6333333333333333,0.0802139037433158,0.07203045050897056,0.008183453234345245
13,97011.44303637587,29,2.7,0.02673796791443842,0.06738498958611619,-0.040647021671677774
13,97011.44303637587,29,2.7666666666666666,0.18716577540107018,0.06303912844409452,0.12412664695697566
13,97011.44303637587,29,2.833333333333333,0.02673796791443842,0.05897354498975579,-0.032235577075317365
13,97011.44303637587,29,2.9,0.0,0.05517016326999288,-0.05517016326999288
13,97011.44303637587,29,2.966666666666667,0.0,0.05161207310441313,-0.05161207310441313
13,97011.44303637587,29,3.033333333333333,0.0,0.04828345490114099,-0.04828345490114099
13,97011.44303637587,29,3.0999999999999996,0.0,0.0451695093214765,-0.0451695093214765
13,97011.44303637587,29,3.166666666666667,0.0,0.042256391480692004,-0.042256391480692004
13,97011.44303637587,29,3.2333333333333334,0.0267379679144386,0.039531149392417926,-0.012793181477979327
13,97011.44303637587,29,3.3,0.10695187165775367,0.036981666382935374,0.0699702052748183
13,97011.44303637587,29,3.3666666666666667,0.0267379679144386,0.034596607219344995,-0.007858639304906396
13,97011.44303637587,29,3.4333333333333336,0.0,0.03236536771209253,-0.03236536771209253
13,97011.44303637587,29,3.5,0.0,0.030278027567779357,-0.030278027567779357
13,97011.44303637587,29,3.5666666666666664,0.02673796791443842,0.028325306282637477,-0.0015873383681990587
13,97011.44303637587,29,3.6333333333333333,0.0,0.02649852188056732,-0.02649852188056732
13,97011.44303637587,29,3.7,0.08021390374331526,0.024789552312283886,0.055424351431031374
13,97011.44303637587,29,3.7666666666666666,0.0,0.02319079934394827,-0.02319079934394827
13,97011.44303637587,29,3.833333333333333,0.0,0.02169515477473027,-0.02169515477473027
13,97011.44303637587,29,3.9,0.0,0.020295968833102217,-0.020295968833102217
13,97011.44303637587,29,3.966666666666667,0.0,0.018987020611351133,-0.018987020611351133
13,97011.44303637587,29,4.033333333333333,0.0,0.017762490406858282,-0.017762490406858282
13,97011.44303637587,29,4.1,0.0,0.016616933847173034,-0.016616933847173034
13,97011.44303637587,29,4.166666666666666,0.0,0.015545257683838685,-0.015545257683838685
13,97011.44303637587,29,4.233333333333333,0.0,0.01454269714734751,-0.01454269714734751
13,97011.44303637587,29,4.3,0.0,0.013604794762542978,-0.013604794762542978
13,97011.44303637587,29,4.366666666666667,0.0,0.012727380530280517,-0.012727380530280517
13,97011.44303637587,29,4.433333333333334,0.0,0.011906553387232842,-0.011906553387232842
13,97011.44303637587,29,4.5,0.0,0.011138663861408195,-0.011138663861408195
13,97011.44303637587,29,4.566666666666666,0.0,0.01042029784626662,-0.01042029784626662
13,97011.44303637587,29,4.633333333333333,0.0,0.009748261421292348,-0.009748261421292348
13,97011.44303637587,29,4.7,0.0,0.009119566651533231,-0.009119566651533231
13,97011.44303637587,29,4.766666666666667,0.0,0.00853141830297074,-0.00853141830297074
13,97011.44303637587,29,4.833333333333333,0.0,0.00798120141465572,-0.00798120141465572
13,97011.44303637587,29,4.9,0.0,0.00746646967235465,-0.00746646967235465
13,97011.44303637587,29,4.966666666666667,0.0,0.0069849345320145105,-0.0069849345320145105
13,97011.44303637587,29,5.033333333333333,0.0,0.006534455044688131,-0.006534455044688131
13,97011.44303637587,29,5.1,0.0,0.006113028337680839,-0.006113028337680839
13,97011.44303637587,29,5.166666666666666,0.0,0.005718780709596645,-0.005718780709596645
13,97011.44303637587,29,5.233333333333333,0.0,0.005349959299691729,-0.005349959299691729
13,97011.44303637587,29,5.3,0.0,0.005004924294496477,-0.005004924294496477
13,97011.44303637587,29,5.366666666666667,0.0,0.004682141637055892,-0.004682141637055892
13,97011.44303637587,29,5.433333333333334,0.0,0.004380176206373162,-0.004380176206373162
13,97011.44303637587,29,5.5,0.0,0.0040976854367313865,-0.0040976854367313865
13,97011.44303637587,29,5.566666666666666,0.0,0.003833413348524548,-0.003833413348524548
13,97011.44303637587,29,5.633333333333333,0.0,0.003586184964058159,-0.003586184964058159
13,97011.44303637587,29,5.7,0.0,0.0033549010834917664,-0.0033549010834917664
13,97011.44303637587,29,5.766666666666667,0.0,0.003138533397696691,-0.003138533397696691
13,97011.44303637587,29,5.833333333333333,0.0,0.0029361199163002714,-0.0029361199163002714
13,97011.44303637587,29,5.9,0.0,0.002746760690589351,-0.002746760690589351
13,97011.44303637587,29,5.966666666666667,0.0,0.0025696138122566084,-0.0025696138122566084
14,168178.43575797701,1,0.03333333333333333,0.0,0.9697991161959337,-0.9697991161959337
14,168178.43575797701,1,0.1,0.0,0.9072538472787854,-0.9072538472787854
14,168178.43575797701,1,0.16666666666666669,0.0,0.8487423113261123,-0.8487423113261123
14,168178.43575797701,1,0.23333333333333334,0.0,0.7940043607374581,-0.7940043607374581
14,168178.43575797701,1,0.3,0.0,0.7427966256154565,-0.7427966256154565
14,168178.43575797701,1,0.3666666666666667,0.0,0.694891431721175,-0.694891431721175
14,168178.43575797701,1,0.43333333333333335,0.0,0.6500757882137806,-0.6500757882137806
14,168178.43575797701,1,0.5,4.79559748427673,0.6081504406739263,4.187447043602804
14,168178.43575797701,1,0.5666666666666667,0.0,0.5689289852005146,-0.5689289852005146
14,168178.43575797701,1,0.6333333333333333,0.0,0.5322370396420313,-0.5322370396420313
14,168178.43575797701,1,0.7,0.0,0.4979114682776703,-0.4979114682776703
14,168178.43575797701,1,0.7666666666666666,0.0,0.4657996565011093,-0.4657996565011093
14,168178.43575797701,1,0.8333333333333334,3.144654088050314,0.4357588322821159,2.7088952557681982
14,168178.43575797701,1,0.9,0.0,0.4076554313891406,-0.4076554313891406
14,168178.43575797701,1,0.9666666666666667,1.2578616352201257,0.38136450355061846,0.8764971316695073
14,168178.43575797701,1,1.0333333333333332,0.9591194968553459,0.35676915691471883,0.6023503399406271
14,168178.43575797701,1,1.1,0.0,0.3337600383375607,-0.3337600383375607
14,168178.43575797701,1,1.1666666666666665,0.0,0.3122348471892086,-0.3122348471892086
14,168178.43575797701,1,1.2333333333333334,0.0,0.29209788051578434,-0.29209788051578434
14,168178.43575797701,1,1.2999999999999998,0.7861635220125786,0.2732596075354472,0.5129039144771314
14,168178.43575797701,1,1.3666666666666667,0.5817610062893082,0.2556362715764093,0.3261247347128989
14,168178.43575797701,1,1.4333333333333331,0.09433962264150943,0.23914951768717055,-0.1448098950456611
14,168178.43575797701,1,1.5,1.0377358490566038,0.2237260442632904,0.8140098047933133
14,168178.43575797701,1,1.5666666666666667,0.0,0.2092972771418011,-0.2092972771418011
14,168178.43575797701,1,1.6333333333333333,0.0,0.19579906471425323,-0.19579906471425323
14,168178.43575797701,1,1.7000000000000002,0.0,0.18317139270284163,-0.18317139270284163
14,168178.43575797701,1,1.7666666666666666,0.15723270440251572,0.17135811733147788,-0.014125412928962161
14,168178.43575797701,1,1.8333333333333335,0.8490566037735849,0.16030671570546504,0.6887498880681199
14,168178.43575797701,1,1.9,0.031446540880503145,0.1499680522899403,-0.11852151140943717
14,168178.43575797701,1,1.9666666666666668,0.0,0.14029616044882603,-0.14029616044882603
14,168178.43575797701,1,2.033333333333333,0.0,0.13124803807299337,-0.13124803807299337
14,168178.43575797701,1,2.0999999999999996,0.0,0.12278345638898103,-0.12278345638898103
14,168178.43575797701,1,2.166666666666667,0.0,0.1148647810982167,-0.1148647810982167
14,168178.43575797701,1,2.2333333333333334,0.0,0.10745680505150948,-0.10745680505150948
14,168178.43575797701,1,2.3,0.20440251572326976,0.10052659171486797,0.10387592400840179
14,168178.43575797701,1,2.3666666666666667,0.1886792452830195,0.09404332873068051,0.09463591655233898
14,168178.43575797701,1,2.4333333333333336,0.09433962264150911,0.08797819092317623,0.00636143171833288
14,168178.43575797701,1,2.5,0.11006289308176137,0.08230421213907665,0.027758680942684716
14,168178.43575797701,1,2.5666666666666664,0.03144654088050304,0.0769961653536303,-0.045549624473127256
14,168178.43575797701,1,2.6333333333333333,0.0,0.07203045050897056,-0.07203045050897056
14,168178.43575797701,1,2.7,0.0,0.06738498958611619,-0.06738498958611619
14,168178.43575797701,1,2.7666666666666666,0.0,0.06303912844409452,-0.06303912844409452
14,168178.43575797701,1,2.833333333333333,0.0,0.05897354498975579,-0.05897354498975579
14,168178.43575797701,1,2.9,0.015723270440251624,0.05517016326999288,-0.03944689282974126
14,168178.43575797701,1,2.966666666666667,0.12578616352201216,0.05161207310441313,0.07417409041759904
14,168178.43575797701,1,3.033333333333333,0.03144654088050325,0.04828345490114099,-0.016836914020637743
14,168178.43575797701,1,3.0999999999999996,0.0,0.0451695093214765,-0.0451695093214765
14,168178.43575797701,1,3.166666666666667,0.0,0.042256391480692004,-0.042256391480692004
14,168178.43575797701,1,3.2333333333333334,0.03144654088050325,0.039531149392417926,-0.008084608511914677
14,168178.43575797701,1,3.3,0.06289308176100608,0.036981666382935374,0.025911415378070707
14,168178.43575797701,1,3.3666666666666667,0.09433962264150975,0.034596607219344995,0.05974301542216475
14,168178.43575797701,1,3.4333333333333336,0.06289308176100608,0.03236536771209253,0.03052771404891355
14,168178.43575797701,1,3.5,0.0628930817610065,0.030278027567779357,0.03261505419322714
14,168178.43575797701,1,3.5666666666666664,0.0,0.028325306282637477,-0.028325306282637477
14,168178.43575797701,1,3.6333333333333333,0.0,0.02649852188056732,-0.02649852188056732
14,168178.43575797701,1,3.7,0.0,0.024789552312283886,-0.024789552312283886
14,168178.43575797701,1,3.7666666666666666,0.03144654088050325,0.02319079934394827,0.008255741536554978
14,168178.43575797701,1,3.833333333333333,0.01572327044025152,0.02169515477473027,-0.0059718843344787505
14,168178.43575797701,1,3.9,0.0,0.020295968833102217,-0.020295968833102217
14,168178.43575797701,1,3.966666666666667,0.03144654088050304,0.018987020611351133,0.012459520269151907
14,168178.43575797701,1,4.033333333333333,0.0,0.017762490406858282,-0.017762490406858282
14,168178.43575797701,1,4.1,0.0,0.016616933847173034,-0.016616933847173034
14,168178.43575797701,1,4.166666666666666,0.0,0.015545257683838685,-0.015545257683838685
14,168178.43575797701,1,4.233333333333333,0.0,0.01454269714734751,-0.01454269714734751
14,168178.43575797701,1,4.3,0.0,0.013604794762542978,-0.013604794762542978
14,168178.43575797701,1,4.366666666666667,0.015723270440251416,0.012727380530280517,0.002995889909970899
14,168178.43575797701,1,4.433333333333334,0.0,0.011906553387232842,-0.011906553387232842
14,168178.43575797701,1,4.5,0.0,0.011138663861408195,-0.011138663861408195
14,168178.43575797701,1,4.566666666666666,0.0,0.01042029784626662,-0.01042029784626662
14,168178.43575797701,1,4.633333333333333,0.0,0.009748261421292348,-0.009748261421292348
14,168178.43575797701,1,4.7,0.015723270440251624,0.009119566651533231,0.006603703788718393
14,168178.43575797701,1,4.766666666666667,0.015723270440251624,0.00853141830297074,0.007191852137280885
14,168178.43575797701,1,4.833333333333333,0.015723270440251624,0.00798120141465572,0.007742069025595905
14,168178.43575797701,1,4.9,0.0,0.00746646967235465,-0.00746646967235465
14,168178.43575797701,1,4.966666666666667,0.0,0.0069849345320145105,-0.0069849345320145105
14,168178.43575797701,1,5.033333333333333,0.0,0.006534455044688131,-0.006534455044688131
14,168178.43575797701,1,5.1,0.0,0.006113028337680839,-0.006113028337680839
14,168178.43575797701,1,5.166666666666666,0.0,0.005718780709596645,-0.005718780709596645
14,168178.43575797701,1,5.233333333333333,0.0,0.005349959299691729,-0.005349959299691729
14,168178.43575797701,1,5.3,0.0,0.005004924294496477,-0.005004924294496477
14,168178.43575797701,1,5.366666666666667,0.0,0.004682141637055892,-0.004682141637055892
14,168178.43575797701,1,5.433333333333334,0.0,0.004380176206373162,-0.004380176206373162
14,168178.43575797701,1,5.5,0.0,0.0040976854367313865,-0.0040976854367313865
14,168178.43575797701,1,5.566666666666666,0.0,0.003833413348524548,-0.003833413348524548
14,168178.43575797701,1,5.633333333333333,0.0,0.003586184964058159,-0.003586184964058159
14,168178.43575797701,1,5.7,0.015723270440251624,0.0033549010834917664,0.012368369356759858
14,168178.43575797701,1,5.766666666666667,0.03144654088050325,0.003138533397696691,0.028308007482806558
14,168178.43575797701,1,5.833333333333333,0.0,0.0029361199163002714,-0.0029361199163002714
14,168178.43575797701,1,5.9,0.0,0.002746760690589351,-0.002746760690589351
14,168178.43575797701,1,5.966666666666667,0.0,0.0025696138122566084,-0.0025696138122566084
14,168178.43575797701,7,0.03333333333333333,0.0,0.9697991161959337,-0.9697991161959337
14,168178.43575797701,7,0.1,0.0,0.9072538472787854,-0.9072538472787854
14,168178.43575797701,7,0.16666666666666669,0.0,0.8487423113261123,-0.8487423113261123
14,168178.43575797701,7,0.23333333333333334,0.0,0.7940043607374581,-0.7940043607374581
14,168178.43575797701,7,0.3,2.700915564598169,0.7427966256154565,1.9581189389827123
14,168178.43575797701,7,0.3666666666666667,1.632756866734485,0.694891431721175,0.93786543501331
14,168178.43575797701,7,0.43333333333333335,0.0,0.6500757882137806,-0.6500757882137806
14,168178.43575797701,7,0.5,3.128179043743642,0.6081504406739263,2.5200286030697154
14,168178.43575797701,7,0.5666666666666667,0.0,0.5689289852005146,-0.5689289852005146
14,168178.43575797701,7,0.6333333333333333,0.0,0.5322370396420313,-0.5322370396420313
14,168178.43575797701,7,0.7,0.0,0.4979114682776703,-0.4979114682776703
14,168178.43575797701,7,0.7666666666666666,0.0,0.4657996565011093,-0.4657996565011093
14,168178.43575797701,7,0.8333333333333334,2.441505595116989,0.4357588322821159,2.005746762834873
14,168178.43575797701,7,0.9,0.0,0.4076554313891406,-0.4076554313891406
14,168178.43575797701,7,0.9666666666666667,1.113936927772126,0.38136450355061846,0.7325724242215076
14,168178.43575797701,7,1.0333333333333332,0.6408952187182095,0.35676915691471883,0.2841260618034907
14,168178.43575797701,7,1.1,0.0,0.3337600383375607,-0.3337600383375607
14,168178.43575797701,7,1.1666666666666665,0.0,0.3122348471892086,-0.3122348471892086
14,168178.43575797701,7,1.2333333333333334,0.0,0.29209788051578434,-0.29209788051578434
14,168178.43575797701,7,1.2999999999999998,0.6561546286876907,0.2732596075354472,0.3828950211522435
14,168178.43575797701,7,1.3666666666666667,0.3662258392675483,0.2556362715764093,0.11058956769113903
14,168178.43575797701,7,1.4333333333333331,0.0,0.23914951768717055,-0.23914951768717055
14,168178.43575797701,7,1.5,0.0,0.2237260442632904,-0.2237260442632904
14,168178.43575797701,7,1.5666666666666667,0.0,0.2092972771418011,-0.2092972771418011
14,168178.43575797701,7,1.6333333333333333,0.0,0.19579906471425323,-0.19579906471425323
14,168178.43575797701,7,1.7000000000000002,0.0,0.18317139270284163,-0.18317139270284163
14,168178.43575797701,7,1.7666666666666666,0.1373346897253306,0.17135811733147788,-0.034023427606147266
14,168178.43575797701,7,1.8333333333333335,0.6256358087487284,0.16030671570546504,0.4653290930432633
14,168178.43575797701,7,1.9,0.030518819938962362,0.1499680522899403,-0.11944923235097796
14,168178.43575797701,7,1.9666666666666668,0.1373346897253306,0.14029616044882603,-0.002961470723495424
14,168178.43575797701,7,2.033333333333333,0.16785350966429355,0.13124803807299337,0.036605471591300176
14,168178.43575797701,7,2.0999999999999996,0.0,0.12278345638898103,-0.12278345638898103
14,168178.43575797701,7,2.166666666666667,0.0,0.1148647810982167,-0.1148647810982167
14,168178.43575797701,7,2.2333333333333334,0.0,0.10745680505150948,-0.10745680505150948
14,168178.43575797701,7,2.3,0.0,0.10052659171486797,-0.10052659171486797
14,168178.43575797701,7,2.3666666666666667,0.0,0.09404332873068051,-0.09404332873068051
14,168178.43575797701,7,2.4333333333333336,0.18311291963377355,0.08797819092317623,0.09513472871059732
14,168178.43575797701,7,2.5,0.13733468972533108,0.08230421213907665,0.05503047758625443
14,168178.43575797701,7,2.5666666666666664,0.030518819938962258,0.0769961653536303,-0.04647734541466804
14,168178.43575797701,7,2.6333333333333333,0.0,0.07203045050897056,-0.07203045050897056
14,168178.43575797701,7,2.7,0.0,0.06738498958611619,-0.06738498958611619
14,168178.43575797701,7,2.7666666666666666,0.061037639877924925,0.06303912844409452,-0.0020014885661696
14,168178.43575797701,7,2.833333333333333,0.13733468972533017,0.05897354498975579,0.07836114473557437
14,168178.43575797701,7,2.9,0.1068158697863686,0.05517016326999288,0.05164570651637572
14,168178.43575797701,7,2.966666666666667,0.1068158697863679,0.05161207310441313,0.05520379668195476
14,168178.43575797701,7,3.033333333333333,0.030518819938962462,0.04828345490114099,-0.01776463496217853
14,168178.43575797701,7,3.0999999999999996,0.0,0.0451695093214765,-0.0451695093214765
14,168178.43575797701,7,3.166666666666667,0.0,0.042256391480692004,-0.042256391480692004
14,168178.43575797701,7,3.2333333333333334,0.015259409969481231,0.039531149392417926,-0.024271739422936693
14,168178.43575797701,7,3.3,0.07629704984740565,0.036981666382935374,0.03931538346447028
14,168178.43575797701,7,3.3666666666666667,0.061037639877924925,0.034596607219344995,0.02644103265857993
14,168178.43575797701,7,3.4333333333333336,0.04577822990844339,0.03236536771209253,0.013412862196350857
14,168178.43575797701,7,3.5,0.015259409969481231,0.030278027567779357,-0.015018617598298126
14,168178.43575797701,7,3.5666666666666664,0.04577822990844339,0.028325306282637477,0.01745292362580591
14,168178.43575797701,7,3.6333333333333333,0.0,0.02649852188056732,-0.02649852188056732
14,168178.43575797701,7,3.7,0.0,0.024789552312283886,-0.024789552312283886
14,168178.43575797701,7,3.7666666666666666,0.0457782299084437,0.02319079934394827,0.022587430564495428
14,168178.43575797701,7,3.833333333333333,0.015259409969481129,0.02169515477473027,-0.006435744805249142
14,168178.43575797701,7,3.9,0.030518819938962462,0.020295968833102217,0.010222851105860246
14,168178.43575797701,7,3.966666666666667,0.0,0.018987020611351133,-0.018987020611351133
14,168178.43575797701,7,4.033333333333333,0.0,0.017762490406858282,-0.017762490406858282
14,168178.43575797701,7,4.1,0.0,0.016616933847173034,-0.016616933847173034
14,168178.43575797701,7,4.166666666666666,0.0,0.015545257683838685,-0.015545257683838685
14,168178.43575797701,7,4.233333333333333,0.015259409969481231,0.01454269714734751,0.0007167128221337218
14,168178.43575797701,7,4.3,0.015259409969481231,0.013604794762542978,0.001654615206938253
14,168178.43575797701,7,4.366666666666667,0.0,0.012727380530280517,-0.012727380530280517
14,168178.43575797701,7,4.433333333333334,0.0,0.011906553387232842,-0.011906553387232842
14,168178.43575797701,7,4.5,0.0,0.011138663861408195,-0.011138663861408195
14,168178.43575797701,7,4.566666666666666,0.0,0.01042029784626662,-0.01042029784626662
14,168178.43575797701,7,4.633333333333333,0.0,0.009748261421292348,-0.009748261421292348
14,168178.43575797701,7,4.7,0.0,0.009119566651533231,-0.009119566651533231
14,168178.43575797701,7,4.766666666666667,0.0,0.00853141830297074,-0.00853141830297074
14,168178.43575797701,7,4.833333333333333,0.0,0.00798120141465572,-0.00798120141465572
14,168178.43575797701,7,4.9,0.0,0.00746646967235465,-0.00746646967235465
14,168178.43575797701,7,4.966666666666667,0.015259409969481231,0.0069849345320145105,0.00827447543746672
14,168178.43575797701,7,5.033333333333333,0.015259409969481231,0.006534455044688131,0.0087249549247931
14,168178.43575797701,7,5.1,0.0,0.006113028337680839,-0.006113028337680839
14,168178.43575797701,7,5.166666666666666,0.0,0.005718780709596645,-0.005718780709596645
14,168178.43575797701,7,5.233333333333333,0.0,0.005349959299691729,-0.005349959299691729
14,168178.43575797701,7,5.3,0.0,0.005004924294496477,-0.005004924294496477
14,168178.43575797701,7,5.366666666666667,0.0,0.004682141637055892,-0.004682141637055892
14,168178.43575797701,7,5.433333333333334,0.0,0.004380176206373162,-0.004380176206373162
14,168178.43575797701,7,5.5,0.0,0.0040976854367313865,-0.0040976854367313865
14,168178.43575797701,7,5.566666666666666,0.0,0.003833413348524548,-0.003833413348524548
14,168178.43575797701,7,5.633333333333333,0.0,0.003586184964058159,-0.003586184964058159
14,168178.43575797701,7,5.7,0.015259409969481231,0.0033549010834917664,0.011904508885989465
14,168178.43575797701,7,5.766666666666667,0.0,0.003138533397696691,-0.003138533397696691
14,168178.43575797701,7,5.833333333333333,0.0,0.0029361199163002714,-0.0029361199163002714
14,168178.43575797701,7,5.9,0.0,0.002746760690589351,-0.002746760690589351
14,168178.43575797701,7,5.966666666666667,0.0,0.0025696138122566084,-0.0025696138122566084
14,168178.43575797701,11,0.03333333333333333,0.0,0.9697991161959337,-0.9697991161959337
14,168178.43575797701,11,0.1,0.0,0.9072538472787854,-0.9072538472787854
14,168178.43575797701,11,0.16666666666666669,4.343329886246122,0.8487423113261123,3.4945875749200095
14,168178.43575797701,11,0.23333333333333334,0.0,0.7940043607374581,-0.7940043607374581
14,168178.43575797701,11,0.3,0.0,0.7427966256154565,-0.7427966256154565
14,168178.43575797701,11,0.3666666666666667,0.0,0.694891431721175,-0.694891431721175
14,168178.43575797701,11,0.43333333333333335,0.0,0.6500757882137806,-0.6500757882137806
14,168178.43575797701,11,0.5,3.0713547052740444,0.6081504406739263,2.463204264600118
14,168178.43575797701,11,0.5666666666666667,0.0,0.5689289852005146,-0.5689289852005146
14,168178.43575797701,11,0.6333333333333333,1.473629782833506,0.5322370396420313,0.9413927431914748
14,168178.43575797701,11,0.7,0.9152016546018618,0.4979114682776703,0.41729018632419146
14,168178.43575797701,11,0.7666666666666666,0.0,0.4657996565011093,-0.4657996565011093
14,168178.43575797701,11,0.8333333333333334,0.0,0.4357588322821159,-0.4357588322821159
14,168178.43575797701,11,0.9,0.0,0.4076554313891406,-0.4076554313891406
14,168178.43575797701,11,0.9666666666666667,1.054808686659773,0.38136450355061846,0.6734441831091545
14,168178.43575797701,11,1.0333333333333332,0.5274043433298865,0.35676915691471883,0.17063518641516767
14,168178.43575797701,11,1.1,0.0,0.3337600383375607,-0.3337600383375607
14,168178.43575797701,11,1.1666666666666665,0.0,0.3122348471892086,-0.3122348471892086
14,168178.43575797701,11,1.2333333333333334,0.0,0.29209788051578434,-0.29209788051578434
14,168178.43575797701,11,1.2999999999999998,0.0,0.2732596075354472,-0.2732596075354472
14,168178.43575797701,11,1.3666666666666667,0.0,0.2556362715764093,-0.2556362715764093
14,168178.43575797701,11,1.4333333333333331,0.07755946225439507,0.23914951768717055,-0.1615900554327755
14,168178.43575797701,11,1.5,1.023784901758015,0.2237260442632904,0.8000588574947245
14,168178.43575797701,11,1.5666666666666667,0.0,0.2092972771418011,-0.2092972771418011
14,168178.43575797701,11,1.6333333333333333,0.4808686659772494,0.19579906471425323,0.2850696012629962
14,168178.43575797701,11,1.7000000000000002,0.3877973112719753,0.18317139270284163,0.20462591856913367
14,168178.43575797701,11,1.7666666666666666,0.0,0.17135811733147788,-0.17135811733147788
14,168178.43575797701,11,1.8333333333333335,0.0,0.16030671570546504,-0.16030671570546504
14,168178.43575797701,11,1.9,0.0,0.1499680522899403,-0.1499680522899403
14,168178.43575797701,11,1.9666666666666668,0.0,0.14029616044882603,-0.14029616044882603
14,168178.43575797701,11,2.033333333333333,0.0,0.13124803807299337,-0.13124803807299337
14,168178.43575797701,11,2.0999999999999996,0.2481902792140634,0.12278345638898103,0.12540682282508236
14,168178.43575797701,11,2.166666666666667,0.403309203722853,0.1148647810982167,0.2884444226246363
14,168178.43575797701,11,2.2333333333333334,0.046535677352637195,0.10745680505150948,-0.060921127698872285
14,168178.43575797701,11,2.3,0.0,0.10052659171486797,-0.10052659171486797
14,168178.43575797701,11,2.3666666666666667,0.0,0.09404332873068051,-0.09404332873068051
14,168178.43575797701,11,2.4333333333333336,0.09307135470527376,0.08797819092317623,0.005093163782097537
14,168178.43575797701,11,2.5,0.18614270941054878,0.08230421213907665,0.10383849727147212
14,168178.43575797701,11,2.5666666666666664,0.031023784901757924,0.0769961653536303,-0.04597238045187237
14,168178.43575797701,11,2.6333333333333333,0.07755946225439533,0.07203045050897056,0.005529011745424778
14,168178.43575797701,11,2.7,0.1240951396070317,0.06738498958611619,0.056710150020915506
14,168178.43575797701,11,2.7666666666666666,0.0,0.06303912844409452,-0.06303912844409452
14,168178.43575797701,11,2.833333333333333,0.0,0.05897354498975579,-0.05897354498975579
14,168178.43575797701,11,2.9,0.03102378490175813,0.05517016326999288,-0.024146378368234755
14,168178.43575797701,11,2.966666666666667,0.07755946225439482,0.05161207310441313,0.025947389149981688
14,168178.43575797701,11,3.033333333333333,0.06204756980351626,0.04828345490114099,0.013764114902375266
14,168178.43575797701,11,3.0999999999999996,0.07755946225439482,0.0451695093214765,0.03238995293291832
14,168178.43575797701,11,3.166666666666667,0.06204756980351585,0.042256391480692004,0.019791178322823844
14,168178.43575797701,11,3.2333333333333334,0.03102378490175813,0.039531149392417926,-0.008507364490659797
14,168178.43575797701,11,3.3,0.0,0.036981666382935374,-0.036981666382935374
14,168178.43575797701,11,3.3666666666666667,0.0,0.034596607219344995,-0.034596607219344995
14,168178.43575797701,11,3.4333333333333336,0.0,0.03236536771209253,-0.03236536771209253
14,168178.43575797701,11,3.5,0.03102378490175813,0.030278027567779357,0.0007457573339787714
14,168178.43575797701,11,3.5666666666666664,0.0,0.028325306282637477,-0.028325306282637477
14,168178.43575797701,11,3.6333333333333333,0.0,0.02649852188056732,-0.02649852188056732
14,168178.43575797701,11,3.7,0.0,0.024789552312283886,-0.024789552312283886
14,168178.43575797701,11,3.7666666666666666,0.0,0.02319079934394827,-0.02319079934394827
14,168178.43575797701,11,3.833333333333333,0.0,0.02169515477473027,-0.02169515477473027
14,168178.43575797701,11,3.9,0.03102378490175813,0.020295968833102217,0.010727816068655912
14,168178.43575797701,11,3.966666666666667,0.0,0.018987020611351133,-0.018987020611351133
14,168178.43575797701,11,4.033333333333333,0.015511892450879064,0.017762490406858282,-0.0022505979559792177
14,168178.43575797701,11,4.1,0.0,0.016616933847173034,-0.016616933847173034
14,168178.43575797701,11,4.166666666666666,0.0,0.015545257683838685,-0.015545257683838685
14,168178.43575797701,11,4.233333333333333,0.0,0.01454269714734751,-0.01454269714734751
14,168178.43575797701,11,4.3,0.0,0.013604794762542978,-0.013604794762542978
14,168178.43575797701,11,4.366666666666667,0.0,0.012727380530280517,-0.012727380530280517
14,168178.43575797701,11,4.433333333333334,0.0,0.011906553387232842,-0.011906553387232842
14,168178.43575797701,11,4.5,0.0,0.011138663861408195,-0.011138663861408195
14,168178.43575797701,11,4.566666666666666,0.0,0.01042029784626662,-0.01042029784626662
14,168178.43575797701,11,4.633333333333333,0.0,0.009748261421292348,-0.009748261421292348
14,168178.43575797701,11,4.7,0.015511892450879064,0.009119566651533231,0.006392325799345833
14,168178.43575797701,11,4.766666666666667,0.0,0.00853141830297074,-0.00853141830297074
14,168178.43575797701,11,4.833333333333333,0.0,0.00798120141465572,-0.00798120141465572
14,168178.43575797701,11,4.9,0.0,0.00746646967235465,-0.00746646967235465
14,168178.43575797701,11,4.966666666666667,0.0,0.0069849345320145105,-0.0069849345320145105
14,168178.43575797701,11,5.033333333333333,0.0,0.006534455044688131,-0.006534455044688131
14,168178.43575797701,11,5.1,0.0,0.006113028337680839,-0.006113028337680839
14,168178.43575797701,11,5.166666666666666,0.0,0.005718780709596645,-0.005718780709596645
14,168178.43575797701,11,5.233333333333333,0.0,0.005349959299691729,-0.005349959299691729
14,168178.43575797701,11,5.3,0.0,0.005004924294496477,-0.005004924294496477
14,168178.43575797701,11,5.366666666666667,0.0,0.004682141637055892,-0.004682141637055892
14,168178.43575797701,11,5.433333333333334,0.0,0.004380176206373162,-0.004380176206373162
14,168178.43575797701,11,5.5,0.0,0.0040976854367313865,-0.0040976854367313865
14,168178.43575797701,11,5.566666666666666,0.0,0.003833413348524548,-0.003833413348524548
14,168178.43575797701,11,5.633333333333333,0.0,0.003586184964058159,-0.003586184964058159
14,168178.43575797701,11,5.7,0.0,0.0033549010834917664,-0.0033549010834917664
14,168178.43575797701,11,5.766666666666667,0.0,0.003138533397696691,-0.003138533397696691
14,168178.43575797701,11,5.833333333333333,0.0,0.0029361199163002714,-0.0029361199163002714
14,168178.43575797701,11,5.9,0.0,0.002746760690589351,-0.002746760690589351
14,168178.43575797701,11,5.966666666666667,0.0,0.0025696138122566084,-0.0025696138122566084
14,168178.43575797701,13,0.03333333333333333,0.0,0.9697991161959337,-0.9697991161959337
14,168178.43575797701,13,0.1,0.0,0.9072538472787854,-0.9072538472787854
14,168178.43575797701,13,0.16666666666666669,0.0,0.8487423113261123,-0.8487423113261123
14,168178.43575797701,13,0.23333333333333334,0.0,0.7940043607374581,-0.7940043607374581
14,168178.43575797701,13,0.3,2.828746177370031,0.7427966256154565,2.0859495517545743
14,168178.43575797701,13,0.3666666666666667,1.544342507645259,0.694891431721175,0.8494510759240841
14,168178.43575797701,13,0.43333333333333335,0.0,0.6500757882137806,-0.6500757882137806
14,168178.43575797701,13,0.5,3.0733944954128445,0.6081504406739263,2.465244054738918
14,168178.43575797701,13,0.5666666666666667,0.0,0.5689289852005146,-0.5689289852005146
14,168178.43575797701,13,0.6333333333333333,0.0,0.5322370396420313,-0.5322370396420313
14,168178.43575797701,13,0.7,0.0,0.4979114682776703,-0.4979114682776703
14,168178.43575797701,13,0.7666666666666666,0.0,0.4657996565011093,-0.4657996565011093
14,168178.43575797701,13,0.8333333333333334,2.262996941896025,0.4357588322821159,1.827238109613909
14,168178.43575797701,13,0.9,0.0,0.4076554313891406,-0.4076554313891406
14,168178.43575797701,13,0.9666666666666667,0.0,0.38136450355061846,-0.38136450355061846
14,168178.43575797701,13,1.0333333333333332,0.0,0.35676915691471883,-0.35676915691471883
14,168178.43575797701,13,1.1,0.0,0.3337600383375607,-0.3337600383375607
14,168178.43575797701,13,1.1666666666666665,0.0,0.3122348471892086,-0.3122348471892086
14,168178.43575797701,13,1.2333333333333334,0.0,0.29209788051578434,-0.29209788051578434
14,168178.43575797701,13,1.2999999999999998,1.1314984709480125,0.2732596075354472,0.8582388634125653
14,168178.43575797701,13,1.3666666666666667,0.7645259938837922,0.2556362715764093,0.5088897223073829
14,168178.43575797701,13,1.4333333333333331,0.06116207951070338,0.23914951768717055,-0.17798743817646717
14,168178.43575797701,13,1.5,1.0091743119266057,0.2237260442632904,0.7854482676633152
14,168178.43575797701,13,1.5666666666666667,0.0,0.2092972771418011,-0.2092972771418011
14,168178.43575797701,13,1.6333333333333333,0.0,0.19579906471425323,-0.19579906471425323
14,168178.43575797701,13,1.7000000000000002,0.0,0.18317139270284163,-0.18317139270284163
14,168178.43575797701,13,1.7666666666666666,0.0,0.17135811733147788,-0.17135811733147788
14,168178.43575797701,13,1.8333333333333335,0.0,0.16030671570546504,-0.16030671570546504
14,168178.43575797701,13,1.9,0.0,0.1499680522899403,-0.1499680522899403
14,168178.43575797701,13,1.9666666666666668,0.3822629969418961,0.14029616044882603,0.24196683649307005
14,168178.43575797701,13,2.033333333333333,0.22935779816513843,0.13124803807299337,0.09810976009214506
14,168178.43575797701,13,2.0999999999999996,0.0,0.12278345638898103,-0.12278345638898103
14,168178.43575797701,13,2.166666666666667,0.0,0.1148647810982167,-0.1148647810982167
14,168178.43575797701,13,2.2333333333333334,0.0,0.10745680505150948,-0.10745680505150948
14,168178.43575797701,13,2.3,0.3822629969418948,0.10052659171486797,0.2817364052270268
14,168178.43575797701,13,2.3666666666666667,0.2752293577981661,0.09404332873068051,0.1811860290674856
14,168178.43575797701,13,2.4333333333333336,0.07645259938837898,0.08797819092317623,-0.01152559153479725
14,168178.43575797701,13,2.5,0.22935779816513843,0.08230421213907665,0.14705358602606178
14,168178.43575797701,13,2.5666666666666664,0.015290519877675794,0.0769961653536303,-0.0617056454759545
14,168178.43575797701,13,2.6333333333333333,0.0,0.07203045050897056,-0.07203045050897056
14,168178.43575797701,13,2.7,0.0,0.06738498958611619,-0.06738498958611619
14,168178.43575797701,13,2.7666666666666666,0.09174311926605538,0.06303912844409452,0.02870399082196086
14,168178.43575797701,13,2.833333333333333,0.16819571865443372,0.05897354498975579,0.10922217366467793
14,168178.43575797701,13,2.9,0.06116207951070358,0.05517016326999288,0.005991916240710694
14,168178.43575797701,13,2.966666666666667,0.061162079510703175,0.05161207310441313,0.009550006406290043
14,168178.43575797701,13,3.033333333333333,0.03058103975535179,0.04828345490114099,-0.017702415145789203
14,168178.43575797701,13,3.0999999999999996,0.0,0.0451695093214765,-0.0451695093214765
14,168178.43575797701,13,3.166666666666667,0.0,0.042256391480692004,-0.042256391480692004
14,168178.43575797701,13,3.2333333333333334,0.03058103975535179,0.039531149392417926,-0.008950109637066137
14,168178.43575797701,13,3.3,0.061162079510703175,0.036981666382935374,0.0241804131277678
14,168178.43575797701,13,3.3666666666666667,0.03058103975535179,0.034596607219344995,-0.004015567463993206
14,168178.43575797701,13,3.4333333333333336,0.0,0.03236536771209253,-0.03236536771209253
14,168178.43575797701,13,3.5,0.0,0.030278027567779357,-0.030278027567779357
14,168178.43575797701,13,3.5666666666666664,0.0,0.028325306282637477,-0.028325306282637477
14,168178.43575797701,13,3.6333333333333333,0.0,0.02649852188056732,-0.02649852188056732
14,168178.43575797701,13,3.7,0.0,0.024789552312283886,-0.024789552312283886
14,168178.43575797701,13,3.7666666666666666,0.015290519877675894,0.02319079934394827,-0.007900279466272376
14,168178.43575797701,13,3.833333333333333,0.015290519877675794,0.02169515477473027,-0.006404634897054477
14,168178.43575797701,13,3.9,0.03058103975535179,0.020295968833102217,0.010285070922249572
14,168178.43575797701,13,3.966666666666667,0.015290519877675794,0.018987020611351133,-0.0036965007336753394
14,168178.43575797701,13,4.033333333333333,0.0,0.017762490406858282,-0.017762490406858282
14,168178.43575797701,13,4.1,0.0,0.016616933847173034,-0.016616933847173034
14,168178.43575797701,13,4.166666666666666,0.0,0.015545257683838685,-0.015545257683838685
14,168178.43575797701,13,4.233333333333333,0.0,0.01454269714734751,-0.01454269714734751
14,168178.43575797701,13,4.3,0.0,0.013604794762542978,-0.013604794762542978
14,168178.43575797701,13,4.366666666666667,0.0,0.012727380530280517,-0.012727380530280517
14,168178.43575797701,13,4.433333333333334,0.0,0.011906553387232842,-0.011906553387232842
14,168178.43575797701,13,4.5,0.015290519877675894,0.011138663861408195,0.0041518560162677
14,168178.43575797701,13,4.566666666666666,0.03058103975535179,0.01042029784626662,0.02016074190908517
14,168178.43575797701,13,4.633333333333333,0.0,0.009748261421292348,-0.009748261421292348
14,168178.43575797701,13,4.7,0.015290519877675894,0.009119566651533231,0.0061709532261426635
14,168178.43575797701,13,4.766666666666667,0.015290519877675894,0.00853141830297074,0.006759101574705155
14,168178.43575797701,13,4.833333333333333,0.0,0.00798120141465572,-0.00798120141465572
14,168178.43575797701,13,4.9,0.015290519877675693,0.00746646967235465,0.007824050205321044
14,168178.43575797701,13,4.966666666666667,0.015290519877675894,0.0069849345320145105,0.008305585345661384
14,168178.43575797701,13,5.033333333333333,0.015290519877675894,0.006534455044688131,0.008756064832987763
14,168178.43575797701,13,5.1,0.0,0.006113028337680839,-0.006113028337680839
14,168178.43575797701,13,5.166666666666666,0.0,0.005718780709596645,-0.005718780709596645
14,168178.43575797701,13,5.233333333333333,0.0,0.005349959299691729,-0.005349959299691729
14,168178.43575797701,13,5.3,0.0,0.005004924294496477,-0.005004924294496477
14,168178.43575797701,13,5.366666666666667,0.0,0.004682141637055892,-0.004682141637055892
14,168178.43575797701,13,5.433333333333334,0.0,0.004380176206373162,-0.004380176206373162
14,168178.43575797701,13,5.5,0.0,0.0040976854367313865,-0.0040976854367313865
14,168178.43575797701,13,5.566666666666666,0.0,0.003833413348524548,-0.003833413348524548
14,168178.43575797701,13,5.633333333333333,0.0,0.003586184964058159,-0.003586184964058159
14,168178.43575797701,13,5.7,0.0,0.0033549010834917664,-0.0033549010834917664
14,168178.43575797701,13,5.766666666666667,0.0,0.003138533397696691,-0.003138533397696691
14,168178.43575797701,13,5.833333333333333,0.0,0.0029361199163002714,-0.0029361199163002714
14,168178.43575797701,13,5.9,0.0,0.002746760690589351,-0.002746760690589351
14,168178.43575797701,13,5.966666666666667,0.0,0.0025696138122566084,-0.0025696138122566084
14,168178.43575797701,17,0.03333333333333333,0.0,0.9697991161959337,-0.9697991161959337
14,168178.43575797701,17,0.1,0.0,0.9072538472787854,-0.9072538472787854
14,168178.43575797701,17,0.16666666666666669,4.560496380558427,0.8487423113261123,3.711754069232315
14,168178.43575797701,17,0.23333333333333334,0.0,0.7940043607374581,-0.7940043607374581
14,168178.43575797701,17,0.3,0.0,0.7427966256154565,-0.7427966256154565
14,168178.43575797701,17,0.3666666666666667,0.0,0.694891431721175,-0.694891431721175
14,168178.43575797701,17,0.43333333333333335,0.0,0.6500757882137806,-0.6500757882137806
14,168178.43575797701,17,0.5,3.2574974146845923,0.6081504406739263,2.649346974010666
14,168178.43575797701,17,0.5666666666666667,0.0,0.5689289852005146,-0.5689289852005146
14,168178.43575797701,17,0.6333333333333333,0.0,0.5322370396420313,-0.5322370396420313
14,168178.43575797701,17,0.7,0.0,0.4979114682776703,-0.4979114682776703
14,168178.43575797701,17,0.7666666666666666,0.0,0.4657996565011093,-0.4657996565011093
14,168178.43575797701,17,0.8333333333333334,0.0,0.4357588322821159,-0.4357588322821159
14,168178.43575797701,17,0.9,0.0,0.4076554313891406,-0.4076554313891406
14,168178.43575797701,17,0.9666666666666667,1.380558428128232,0.38136450355061846,0.9991939245776135
14,168178.43575797701,17,1.0333333333333332,0.8686659772492247,0.35676915691471883,0.5118968203345058
14,168178.43575797701,17,1.1,0.0,0.3337600383375607,-0.3337600383375607
14,168178.43575797701,17,1.1666666666666665,1.9700103412616343,0.3122348471892086,1.6577754940724256
14,168178.43575797701,17,1.2333333333333334,0.0,0.29209788051578434,-0.29209788051578434
14,168178.43575797701,17,1.2999999999999998,0.0,0.2732596075354472,-0.2732596075354472
14,168178.43575797701,17,1.3666666666666667,0.0,0.2556362715764093,-0.2556362715764093
14,168178.43575797701,17,1.4333333333333331,0.0,0.23914951768717055,-0.23914951768717055
14,168178.43575797701,17,1.5,0.0,0.2237260442632904,-0.2237260442632904
14,168178.43575797701,17,1.5666666666666667,0.0,0.2092972771418011,-0.2092972771418011
14,168178.43575797701,17,1.6333333333333333,0.5274043433298864,0.19579906471425323,0.33160527861563316
14,168178.43575797701,17,1.7000000000000002,0.24819027921406417,0.18317139270284163,0.06501888651122253
14,168178.43575797701,17,1.7666666666666666,0.0,0.17135811733147788,-0.17135811733147788
14,168178.43575797701,17,1.8333333333333335,0.0,0.16030671570546504,-0.16030671570546504
14,168178.43575797701,17,1.9,0.0,0.1499680522899403,-0.1499680522899403
14,168178.43575797701,17,1.9666666666666668,0.5118924508790074,0.14029616044882603,0.37159629043018133
14,168178.43575797701,17,2.033333333333333,0.13960703205791156,0.13124803807299337,0.008358993984918184
14,168178.43575797701,17,2.0999999999999996,0.1396070320579106,0.12278345638898103,0.016823575668929586
14,168178.43575797701,17,2.166666666666667,0.4498448810754898,0.1148647810982167,0.3349800999772731
14,168178.43575797701,17,2.2333333333333334,0.015511892450879063,0.10745680505150948,-0.09194491260063042
14,168178.43575797701,17,2.3,0.0,0.10052659171486797,-0.10052659171486797
14,168178.43575797701,17,2.3666666666666667,0.0,0.09404332873068051,-0.09404332873068051
14,168178.43575797701,17,2.4333333333333336,0.0775594622543948,0.08797819092317623,-0.010418728668781421
14,168178.43575797701,17,2.5,0.21716649431230686,0.08230421213907665,0.1348622821732302
14,168178.43575797701,17,2.5666666666666664,0.06204756980351584,0.0769961653536303,-0.014948595550114456
14,168178.43575797701,17,2.6333333333333333,0.15511892450879064,0.07203045050897056,0.08308847399982008
14,168178.43575797701,17,2.7,0.046535677352636876,0.06738498958611619,-0.020849312233479314
14,168178.43575797701,17,2.7666666666666666,0.0,0.06303912844409452,-0.06303912844409452
14,168178.43575797701,17,2.833333333333333,0.0,0.05897354498975579,-0.05897354498975579
14,168178.43575797701,17,2.9,0.015511892450879063,0.05517016326999288,-0.03965827081911382
14,168178.43575797701,17,2.966666666666667,0.03102378490175792,0.05161207310441313,-0.020588288202655212
14,168178.43575797701,17,3.033333333333333,0.06204756980351625,0.04828345490114099,0.013764114902375259
14,168178.43575797701,17,3.0999999999999996,0.0,0.0451695093214765,-0.0451695093214765
14,168178.43575797701,17,3.166666666666667,0.0,0.042256391480692004,-0.042256391480692004
14,168178.43575797701,17,3.2333333333333334,0.0,0.039531149392417926,-0.039531149392417926
14,168178.43575797701,17,3.3,0.0,0.036981666382935374,-0.036981666382935374
14,168178.43575797701,17,3.3666666666666667,0.0,0.034596607219344995,-0.034596607219344995
14,168178.43575797701,17,3.4333333333333336,0.0775594622543948,0.03236536771209253,0.04519409454230228
14,168178.43575797701,17,3.5,0.0,0.030278027567779357,-0.030278027567779357
14,168178.43575797701,17,3.5666666666666664,0.03102378490175792,0.028325306282637477,0.002698478619120443
14,168178.43575797701,17,3.6333333333333333,0.0,0.02649852188056732,-0.02649852188056732
14,168178.43575797701,17,3.7,0.03102378490175792,0.024789552312283886,0.006234232589474035
14,168178.43575797701,17,3.7666666666666666,0.0,0.02319079934394827,-0.02319079934394827
14,168178.43575797701,17,3.833333333333333,0.0,0.02169515477473027,-0.02169515477473027
14,168178.43575797701,17,3.9,0.0,0.020295968833102217,-0.020295968833102217
14,168178.43575797701,17,3.966666666666667,0.0,0.018987020611351133,-0.018987020611351133
14,168178.43575797701,17,4.033333333333333,0.0,0.017762490406858282,-0.017762490406858282
14,168178.43575797701,17,4.1,0.031023784901758125,0.016616933847173034,0.014406851054585092
14,168178.43575797701,17,4.166666666666666,0.0,0.015545257683838685,-0.015545257683838685
14,168178.43575797701,17,4.233333333333333,0.0,0.01454269714734751,-0.01454269714734751
14,168178.43575797701,17,4.3,0.0,0.013604794762542978,-0.013604794762542978
14,168178.43575797701,17,4.366666666666667,0.0,0.012727380530280517,-0.012727380530280517
14,168178.43575797701,17,4.433333333333334,0.0,0.011906553387232842,-0.011906553387232842
14,168178.43575797701,17,4.5,0.031023784901758125,0.011138663861408195,0.01988512104034993
14,168178.43575797701,17,4.566666666666666,0.015511892450879063,0.01042029784626662,0.005091594604612443
14,168178.43575797701,17,4.633333333333333,0.015511892450878856,0.009748261421292348,0.0057636310295865086
14,168178.43575797701,17,4.7,0.0,0.009119566651533231,-0.009119566651533231
14,168178.43575797701,17,4.766666666666667,0.0,0.00853141830297074,-0.00853141830297074
14,168178.43575797701,17,4.833333333333333,0.0,0.00798120141465572,-0.00798120141465572
14,168178.43575797701,17,4.9,0.015511892450878856,0.00746646967235465,0.008045422778524207
14,168178.43575797701,17,4.966666666666667,0.0,0.0069849345320145105,-0.0069849345320145105
14,168178.43575797701,17,5.033333333333333,0.0,0.006534455044688131,-0.006534455044688131
14,168178.43575797701,17,5.1,0.0,0.006113028337680839,-0.006113028337680839
14,168178.43575797701,17,5.166666666666666,0.0,0.005718780709596645,-0.005718780709596645
14,168178.43575797701,17,5.233333333333333,0.0,0.005349959299691729,-0.005349959299691729
14,168178.43575797701,17,5.3,0.0,0.005004924294496477,-0.005004924294496477
14,168178.43575797701,17,5.366666666666667,0.015511892450878856,0.004682141637055892,0.010829750813822963
14,168178.43575797701,17,5.433333333333334,0.0,0.004380176206373162,-0.004380176206373162
14,168178.43575797701,17,5.5,0.0,0.0040976854367313865,-0.0040976854367313865
14,168178.43575797701,17,5.566666666666666,0.0,0.003833413348524548,-0.003833413348524548
14,168178.43575797701,17,5.633333333333333,0.0,0.003586184964058159,-0.003586184964058159
14,168178.43575797701,17,5.7,0.0,0.0033549010834917664,-0.0033549010834917664
14,168178.43575797701,17,5.766666666666667,0.0,0.003138533397696691,-0.003138533397696691
14,168178.43575797701,17,5.833333333333333,0.0,0.0029361199163002714,-0.0029361199163002714
14,168178.43575797701,17,5.9,0.0,0.002746760690589351,-0.002746760690589351
14,168178.43575797701,17,5.966666666666667,0.0,0.0025696138122566084,-0.0025696138122566084
14,168178.43575797701,19,0.03333333333333333,0.0,0.9697991161959337,-0.9697991161959337
14,168178.43575797701,19,0.1,0.0,0.9072538472787854,-0.9072538472787854
14,168178.43575797701,19,0.16666666666666669,0.0,0.8487423113261123,-0.8487423113261123
14,168178.43575797701,19,0.23333333333333334,0.0,0.7940043607374581,-0.7940043607374581
14,168178.43575797701,19,0.3,2.5360824742268044,0.7427966256154565,1.7932858486113479
14,168178.43575797701,19,0.3666666666666667,1.6237113402061847,0.694891431721175,0.9288199084850097
14,168178.43575797701,19,0.43333333333333335,0.0,0.6500757882137806,-0.6500757882137806
14,168178.43575797701,19,0.5,0.0,0.6081504406739263,-0.6081504406739263
14,168178.43575797701,19,0.5666666666666667,0.0,0.5689289852005146,-0.5689289852005146
14,168178.43575797701,19,0.6333333333333333,0.0,0.5322370396420313,-0.5322370396420313
14,168178.43575797701,19,0.7,0.0,0.4979114682776703,-0.4979114682776703
14,168178.43575797701,19,0.7666666666666666,0.0,0.4657996565011093,-0.4657996565011093
14,168178.43575797701,19,0.8333333333333334,3.3402061855670113,0.4357588322821159,2.9044473532848953
14,168178.43575797701,19,0.9,0.0,0.4076554313891406,-0.4076554313891406
14,168178.43575797701,19,0.9666666666666667,1.5463917525773199,0.38136450355061846,1.1650272490267013
14,168178.43575797701,19,1.0333333333333332,0.7577319587628867,0.35676915691471883,0.40096280184816785
14,168178.43575797701,19,1.1,0.0,0.3337600383375607,-0.3337600383375607
14,168178.43575797701,19,1.1666666666666665,0.0,0.3122348471892086,-0.3122348471892086
14,168178.43575797701,19,1.2333333333333334,0.0,0.29209788051578434,-0.29209788051578434
14,168178.43575797701,19,1.2999999999999998,0.0,0.2732596075354472,-0.2732596075354472
14,168178.43575797701,19,1.3666666666666667,0.0,0.2556362715764093,-0.2556362715764093
14,168178.43575797701,19,1.4333333333333331,0.1082474226804124,0.23914951768717055,-0.13090209500675815
14,168178.43575797701,19,1.5,1.329896907216495,0.2237260442632904,1.1061708629532045
14,168178.43575797701,19,1.5666666666666667,0.0,0.2092972771418011,-0.2092972771418011
14,168178.43575797701,19,1.6333333333333333,0.0,0.19579906471425323,-0.19579906471425323
14,168178.43575797701,19,1.7000000000000002,0.0,0.18317139270284163,-0.18317139270284163
14,168178.43575797701,19,1.7666666666666666,0.2010309278350516,0.17135811733147788,0.029672810503573732
14,168178.43575797701,19,1.8333333333333335,1.0979381443298972,0.16030671570546504,0.9376314286244322
14,168178.43575797701,19,1.9,0.0618556701030928,0.1499680522899403,-0.08811238218684751
14,168178.43575797701,19,1.9666666666666668,0.4484536082474228,0.14029616044882603,0.3081574477985968
14,168178.43575797701,19,2.033333333333333,0.34020618556701154,0.13124803807299337,0.20895814749401817
14,168178.43575797701,19,2.0999999999999996,0.0,0.12278345638898103,-0.12278345638898103
14,168178.43575797701,19,2.166666666666667,0.0,0.1148647810982167,-0.1148647810982167
14,168178.43575797701,19,2.2333333333333334,0.0,0.10745680505150948,-0.10745680505150948
14,168178.43575797701,19,2.3,0.4020618556701019,0.10052659171486797,0.3015352639552339
14,168178.43575797701,19,2.3666666666666667,0.2628865979381453,0.09404332873068051,0.16884326920746479
14,168178.43575797701,19,2.4333333333333336,0.10824742268041203,0.08797819092317623,0.0202692317572358
14,168178.43575797701,19,2.5,0.123711340206186,0.08230421213907665,0.04140712806710935
14,168178.43575797701,19,2.5666666666666664,0.07731958762886575,0.0769961653536303,0.0003234222752354493
14,168178.43575797701,19,2.6333333333333333,0.0,0.07203045050897056,-0.07203045050897056
14,168178.43575797701,19,2.7,0.0,0.06738498958611619,-0.06738498958611619
14,168178.43575797701,19,2.7666666666666666,0.09278350515463951,0.06303912844409452,0.029744376710544987
14,168178.43575797701,19,2.833333333333333,0.06185567010309259,0.05897354498975579,0.0028821251133368045
14,168178.43575797701,19,2.9,0.07731958762886626,0.05517016326999288,0.022149424358873376
14,168178.43575797701,19,2.966666666666667,0.0,0.05161207310441313,-0.05161207310441313
14,168178.43575797701,19,3.033333333333333,0.0,0.04828345490114099,-0.04828345490114099
14,168178.43575797701,19,3.0999999999999996,0.0,0.0451695093214765,-0.0451695093214765
14,168178.43575797701,19,3.166666666666667,0.0,0.042256391480692004,-0.042256391480692004
14,168178.43575797701,19,3.2333333333333334,0.0309278350515465,0.039531149392417926,-0.008603314340871426
14,168178.43575797701,19,3.3,0.10824742268041203,0.036981666382935374,0.07126575629747665
14,168178.43575797701,19,3.3666666666666667,0.061855670103093,0.034596607219344995,0.027259062883748006
14,168178.43575797701,19,3.4333333333333336,0.07731958762886575,0.03236536771209253,0.044954219916773216
14,168178.43575797701,19,3.5,0.01546391752577325,0.030278027567779357,-0.014814110042006107
14,168178.43575797701,19,3.5666666666666664,0.0,0.028325306282637477,-0.028325306282637477
14,168178.43575797701,19,3.6333333333333333,0.0,0.02649852188056732,-0.02649852188056732
14,168178.43575797701,19,3.7,0.0,0.024789552312283886,-0.024789552312283886
14,168178.43575797701,19,3.7666666666666666,0.0,0.02319079934394827,-0.02319079934394827
14,168178.43575797701,19,3.833333333333333,0.0,0.02169515477473027,-0.02169515477473027
14,168178.43575797701,19,3.9,0.0,0.020295968833102217,-0.020295968833102217
14,168178.43575797701,19,3.966666666666667,0.015463917525773148,0.018987020611351133,-0.0035231030855779853
14,168178.43575797701,19,4.033333333333333,0.0309278350515465,0.017762490406858282,0.013165344644688218
14,168178.43575797701,19,4.1,0.0,0.016616933847173034,-0.016616933847173034
14,168178.43575797701,19,4.166666666666666,0.0,0.015545257683838685,-0.015545257683838685
14,168178.43575797701,19,4.233333333333333,0.0,0.01454269714734751,-0.01454269714734751
14,168178.43575797701,19,4.3,0.01546391752577325,0.013604794762542978,0.001859122763230272
14,168178.43575797701,19,4.366666666666667,0.0,0.012727380530280517,-0.012727380530280517
14,168178.43575797701,19,4.433333333333334,0.01546391752577325,0.011906553387232842,0.0035573641385404087
14,168178.43575797701,19,4.5,0.0,0.011138663861408195,-0.011138663861408195
14,168178.43575797701,19,4.566666666666666,0.0,0.01042029784626662,-0.01042029784626662
14,168178.43575797701,19,4.633333333333333,0.0,0.009748261421292348,-0.009748261421292348
14,168178.43575797701,19,4.7,0.0,0.009119566651533231,-0.009119566651533231
14,168178.43575797701,19,4.766666666666667,0.0,0.00853141830297074,-0.00853141830297074
14,168178.43575797701,19,4.833333333333333,0.0,0.00798120141465572,-0.00798120141465572
14,168178.43575797701,19,4.9,0.0,0.00746646967235465,-0.00746646967235465
14,168178.43575797701,19,4.966666666666667,0.0,0.0069849345320145105,-0.0069849345320145105
14,168178.43575797701,19,5.033333333333333,0.01546391752577325,0.006534455044688131,0.008929462481085119
14,168178.43575797701,19,5.1,0.0,0.006113028337680839,-0.006113028337680839
14,168178.43575797701,19,5.166666666666666,0.0,0.005718780709596645,-0.005718780709596645
14,168178.43575797701,19,5.233333333333333,0.0,0.005349959299691729,-0.005349959299691729
14,168178.43575797701,19,5.3,0.0,0.005004924294496477,-0.005004924294496477
14,168178.43575797701,19,5.366666666666667,0.0,0.004682141637055892,-0.004682141637055892
14,168178.43575797701,19,5.433333333333334,0.0,0.004380176206373162,-0.004380176206373162
14,168178.43575797701,19,5.5,0.0,0.0040976854367313865,-0.0040976854367313865
14,168178.43575797701,19,5.566666666666666,0.0,0.003833413348524548,-0.003833413348524548
14,168178.43575797701,19,5.633333333333333,0.0,0.003586184964058159,-0.003586184964058159
14,168178.43575797701,19,5.7,0.0,0.0033549010834917664,-0.0033549010834917664
14,168178.43575797701,19,5.766666666666667,0.0,0.003138533397696691,-0.003138533397696691
14,168178.43575797701,19,5.833333333333333,0.01546391752577325,0.0029361199163002714,0.01252779760947298
14,168178.43575797701,19,5.9,0.0,0.002746760690589351,-0.002746760690589351
14,168178.43575797701,19,5.966666666666667,0.0,0.0025696138122566084,-0.0025696138122566084
14,168178.43575797701,23,0.03333333333333333,0.0,0.9697991161959337,-0.9697991161959337
14,168178.43575797701,23,0.1,0.0,0.9072538472787854,-0.9072538472787854
14,168178.43575797701,23,0.16666666666666669,0.0,0.8487423113261123,-0.8487423113261123
14,168178.43575797701,23,0.23333333333333334,0.0,0.7940043607374581,-0.7940043607374581
14,168178.43575797701,23,0.3,0.0,0.7427966256154565,-0.7427966256154565
14,168178.43575797701,23,0.3666666666666667,0.0,0.694891431721175,-0.694891431721175
14,168178.43575797701,23,0.43333333333333335,0.0,0.6500757882137806,-0.6500757882137806
14,168178.43575797701,23,0.5,4.294670846394985,0.6081504406739263,3.6865204057210588
14,168178.43575797701,23,0.5666666666666667,0.0,0.5689289852005146,-0.5689289852005146
14,168178.43575797701,23,0.6333333333333333,2.1943573667711602,0.5322370396420313,1.662120327129129
14,168178.43575797701,23,0.7,1.0971786833855801,0.4979114682776703,0.5992672151079098
14,168178.43575797701,23,0.7666666666666666,0.0,0.4657996565011093,-0.4657996565011093
14,168178.43575797701,23,0.8333333333333334,0.0,0.4357588322821159,-0.4357588322821159
14,168178.43575797701,23,0.9,0.0,0.4076554313891406,-0.4076554313891406
14,168178.43575797701,23,0.9666666666666667,0.0,0.38136450355061846,-0.38136450355061846
14,168178.43575797701,23,1.0333333333333332,0.0,0.35676915691471883,-0.35676915691471883
14,168178.43575797701,23,1.1,0.0,0.3337600383375607,-0.3337600383375607
14,168178.43575797701,23,1.1666666666666665,2.758620689655173,0.3122348471892086,2.4463858424659644
14,168178.43575797701,23,1.2333333333333334,0.0,0.29209788051578434,-0.29209788051578434
14,168178.43575797701,23,1.2999999999999998,0.0,0.2732596075354472,-0.2732596075354472
14,168178.43575797701,23,1.3666666666666667,0.0,0.2556362715764093,-0.2556362715764093
14,168178.43575797701,23,1.4333333333333331,0.09404388714733544,0.23914951768717055,-0.1451056305398351
14,168178.43575797701,23,1.5,1.4420062695924767,0.2237260442632904,1.2182802253291862
14,168178.43575797701,23,1.5666666666666667,0.0,0.2092972771418011,-0.2092972771418011
14,168178.43575797701,23,1.6333333333333333,0.5642633228840127,0.19579906471425323,0.3684642581697595
14,168178.43575797701,23,1.7000000000000002,0.45454545454545464,0.18317139270284163,0.27137406184261303
14,168178.43575797701,23,1.7666666666666666,0.0,0.17135811733147788,-0.17135811733147788
14,168178.43575797701,23,1.8333333333333335,0.0,0.16030671570546504,-0.16030671570546504
14,168178.43575797701,23,1.9,0.0,0.1499680522899403,-0.1499680522899403
14,168178.43575797701,23,1.9666666666666668,0.40752351097178696,0.14029616044882603,0.2672273505229609
14,168178.43575797701,23,2.033333333333333,0.32915360501567514,0.13124803807299337,0.19790556694268177
14,168178.43575797701,23,2.0999999999999996,0.2037617554858928,0.12278345638898103,0.08097829909691176
14,168178.43575797701,23,2.166666666666667,0.23510971786833781,0.1148647810982167,0.12024493677012112
14,168178.43575797701,23,2.2333333333333334,0.04702194357366788,0.10745680505150948,-0.0604348614778416
14,168178.43575797701,23,2.3,0.0,0.10052659171486797,-0.10052659171486797
14,168178.43575797701,23,2.3666666666666667,0.0,0.09404332873068051,-0.09404332873068051
14,168178.43575797701,23,2.4333333333333336,0.14106583072100268,0.08797819092317623,0.05308763979782645
14,168178.43575797701,23,2.5,0.125391849529781,0.08230421213907665,0.04308763739070434
14,168178.43575797701,23,2.5666666666666664,0.0,0.0769961653536303,-0.0769961653536303
14,168178.43575797701,23,2.6333333333333333,0.0,0.07203045050897056,-0.07203045050897056
14,168178.43575797701,23,2.7,0.0,0.06738498958611619,-0.06738498958611619
14,168178.43575797701,23,2.7666666666666666,0.0,0.06303912844409452,-0.06303912844409452
14,168178.43575797701,23,2.833333333333333,0.0,0.05897354498975579,-0.05897354498975579
14,168178.43575797701,23,2.9,0.0,0.05517016326999288,-0.05517016326999288
14,168178.43575797701,23,2.966666666666667,0.10971786833855765,0.05161207310441313,0.05810579523414452
14,168178.43575797701,23,3.033333333333333,0.10971786833855839,0.04828345490114099,0.061434413437417394
14,168178.43575797701,23,3.0999999999999996,0.04702194357366756,0.0451695093214765,0.0018524342521910597
14,168178.43575797701,23,3.166666666666667,0.07836990595611261,0.042256391480692004,0.036113514475420605
14,168178.43575797701,23,3.2333333333333334,0.015673981191222625,0.039531149392417926,-0.0238571682011953
14,168178.43575797701,23,3.3,0.0,0.036981666382935374,-0.036981666382935374
14,168178.43575797701,23,3.3666666666666667,0.0,0.034596607219344995,-0.034596607219344995
14,168178.43575797701,23,3.4333333333333336,0.0,0.03236536771209253,-0.03236536771209253
14,168178.43575797701,23,3.5,0.0,0.030278027567779357,-0.030278027567779357
14,168178.43575797701,23,3.5666666666666664,0.0,0.028325306282637477,-0.028325306282637477
14,168178.43575797701,23,3.6333333333333333,0.015673981191222625,0.02649852188056732,-0.010824540689344696
14,168178.43575797701,23,3.7,0.015673981191222524,0.024789552312283886,-0.009115571121061362
14,168178.43575797701,23,3.7666666666666666,0.0,0.02319079934394827,-0.02319079934394827
14,168178.43575797701,23,3.833333333333333,0.0,0.02169515477473027,-0.02169515477473027
14,168178.43575797701,23,3.9,0.015673981191222625,0.020295968833102217,-0.004621987641879592
14,168178.43575797701,23,3.966666666666667,0.03134796238244505,0.018987020611351133,0.012360941771093915
14,168178.43575797701,23,4.033333333333333,0.015673981191222625,0.017762490406858282,-0.0020885092156356574
14,168178.43575797701,23,4.1,0.015673981191222625,0.016616933847173034,-0.000942952655950409
14,168178.43575797701,23,4.166666666666666,0.04702194357366725,0.015545257683838685,0.03147668588982856
14,168178.43575797701,23,4.233333333333333,0.0,0.01454269714734751,-0.01454269714734751
14,168178.43575797701,23,4.3,0.0,0.013604794762542978,-0.013604794762542978
14,168178.43575797701,23,4.366666666666667,0.0,0.012727380530280517,-0.012727380530280517
14,168178.43575797701,23,4.433333333333334,0.0,0.011906553387232842,-0.011906553387232842
14,168178.43575797701,23,4.5,0.015673981191222625,0.011138663861408195,0.00453531732981443
14,168178.43575797701,23,4.566666666666666,0.015673981191222625,0.01042029784626662,0.005253683344956005
14,168178.43575797701,23,4.633333333333333,0.0,0.009748261421292348,-0.009748261421292348
14,168178.43575797701,23,4.7,0.015673981191222625,0.009119566651533231,0.006554414539689394
14,168178.43575797701,23,4.766666666666667,0.0,0.00853141830297074,-0.00853141830297074
14,168178.43575797701,23,4.833333333333333,0.0,0.00798120141465572,-0.00798120141465572
14,168178.43575797701,23,4.9,0.01567398119122242,0.00746646967235465,0.008207511518867769
14,168178.43575797701,23,4.966666666666667,0.0,0.0069849345320145105,-0.0069849345320145105
14,168178.43575797701,23,5.033333333333333,0.0,0.006534455044688131,-0.006534455044688131
14,168178.43575797701,23,5.1,0.0,0.006113028337680839,-0.006113028337680839
14,168178.43575797701,23,5.166666666666666,0.0,0.005718780709596645,-0.005718780709596645
14,168178.43575797701,23,5.233333333333333,0.0,0.005349959299691729,-0.005349959299691729
14,168178.43575797701,23,5.3,0.0,0.005004924294496477,-0.005004924294496477
14,168178.43575797701,23,5.366666666666667,0.0,0.004682141637055892,-0.004682141637055892
14,168178.43575797701,23,5.433333333333334,0.0,0.004380176206373162,-0.004380176206373162
14,168178.43575797701,23,5.5,0.015673981191222625,0.0040976854367313865,0.011576295754491237
14,168178.43575797701,23,5.566666666666666,0.0,0.003833413348524548,-0.003833413348524548
14,168178.43575797701,23,5.633333333333333,0.0,0.003586184964058159,-0.003586184964058159
14,168178.43575797701,23,5.7,0.0,0.0033549010834917664,-0.0033549010834917664
14,168178.43575797701,23,5.766666666666667,0.015673981191222625,0.003138533397696691,0.012535447793525934
14,168178.43575797701,23,5.833333333333333,0.0,0.0029361199163002714,-0.0029361199163002714
14,168178.43575797701,23,5.9,0.0,0.002746760690589351,-0.002746760690589351
14,168178.43575797701,23,5.966666666666667,0.0,0.0025696138122566084,-0.0025696138122566084
14,168178.43575797701,29,0.03333333333333333,0.0,0.9697991161959337,-0.9697991161959337
14,168178.43575797701,29,0.1,0.0,0.9072538472787854,-0.9072538472787854
14,168178.43575797701,29,0.16666666666666669,4.185336048879836,0.8487423113261123,3.3365937375537236
14,168178.43575797701,29,0.23333333333333334,0.0,0.7940043607374581,-0.7940043607374581
14,168178.43575797701,29,0.3,0.0,0.7427966256154565,-0.7427966256154565
14,168178.43575797701,29,0.3666666666666667,0.0,0.694891431721175,-0.694891431721175
14,168178.43575797701,29,0.43333333333333335,0.0,0.6500757882137806,-0.6500757882137806
14,168178.43575797701,29,0.5,0.0,0.6081504406739263,-0.6081504406739263
14,168178.43575797701,29,0.5666666666666667,0.0,0.5689289852005146,-0.5689289852005146
14,168178.43575797701,29,0.6333333333333333,1.924643584521385,0.5322370396420313,1.3924065448793537
14,168178.43575797701,29,0.7,1.3289205702647657,0.4979114682776703,0.8310091019870954
14,168178.43575797701,29,0.7666666666666666,0.0,0.4657996565011093,-0.4657996565011093
14,168178.43575797701,29,0.8333333333333334,0.0,0.4357588322821159,-0.4357588322821159
14,168178.43575797701,29,0.9,0.0,0.4076554313891406,-0.4076554313891406
14,168178.43575797701,29,0.9666666666666667,1.3136456211812628,0.38136450355061846,0.9322811176306444
14,168178.43575797701,29,1.0333333333333332,0.9470468431771895,0.35676915691471883,0.5902776862624706
14,168178.43575797701,29,1.1,0.0,0.3337600383375607,-0.3337600383375607
14,168178.43575797701,29,1.1666666666666665,2.031568228105906,0.3122348471892086,1.7193333809166975
14,168178.43575797701,29,1.2333333333333334,0.0,0.29209788051578434,-0.29209788051578434
14,168178.43575797701,29,1.2999999999999998,0.0,0.2732596075354472,-0.2732596075354472
14,168178.43575797701,29,1.3666666666666667,0.0,0.2556362715764093,-0.2556362715764093
14,168178.43575797701,29,1.4333333333333331,0.12219959266802444,0.23914951768717055,-0.11694992501914611
14,168178.43575797701,29,1.5,0.9928716904276986,0.2237260442632904,0.7691456461644082
14,168178.43575797701,29,1.5666666666666667,0.0,0.2092972771418011,-0.2092972771418011
14,168178.43575797701,29,1.6333333333333333,0.4429735234215886,0.19579906471425323,0.24717445870733534
14,168178.43575797701,29,1.7000000000000002,0.1680244399185336,0.18317139270284163,-0.015146952784308026
14,168178.43575797701,29,1.7666666666666666,0.0,0.17135811733147788,-0.17135811733147788
14,168178.43575797701,29,1.8333333333333335,0.0,0.16030671570546504,-0.16030671570546504
14,168178.43575797701,29,1.9,0.0,0.1499680522899403,-0.1499680522899403
14,168178.43575797701,29,1.9666666666666668,0.3360488798370672,0.14029616044882603,0.19575271938824118
14,168178.43575797701,29,2.033333333333333,0.19857433808554034,0.13124803807299337,0.06732630001254697
14,168178.43575797701,29,2.0999999999999996,0.0,0.12278345638898103,-0.12278345638898103
14,168178.43575797701,29,2.166666666666667,0.0,0.1148647810982167,-0.1148647810982167
14,168178.43575797701,29,2.2333333333333334,0.0,0.10745680505150948,-0.10745680505150948
14,168178.43575797701,29,2.3,0.0,0.10052659171486797,-0.10052659171486797
14,168178.43575797701,29,2.3666666666666667,0.0,0.09404332873068051,-0.09404332873068051
14,168178.43575797701,29,2.4333333333333336,0.12219959266802403,0.08797819092317623,0.03422140174484781
14,168178.43575797701,29,2.5,0.21384928716904347,0.08230421213907665,0.13154507502996682
14,168178.43575797701,29,2.5666666666666664,0.07637474541751503,0.0769961653536303,-0.0006214199361152667
14,168178.43575797701,29,2.6333333333333333,0.12219959266802484,0.07203045050897056,0.050169142159054284
14,168178.43575797701,29,2.7,0.07637474541751503,0.06738498958611619,0.00898975583139884
14,168178.43575797701,29,2.7666666666666666,0.0,0.06303912844409452,-0.06303912844409452
14,168178.43575797701,29,2.833333333333333,0.0,0.05897354498975579,-0.05897354498975579
14,168178.43575797701,29,2.9,0.0,0.05517016326999288,-0.05517016326999288
14,168178.43575797701,29,2.966666666666667,0.0,0.05161207310441313,-0.05161207310441313
14,168178.43575797701,29,3.033333333333333,0.0,0.04828345490114099,-0.04828345490114099
14,168178.43575797701,29,3.0999999999999996,0.03054989816700601,0.0451695093214765,-0.014619611154470493
14,168178.43575797701,29,3.166666666666667,0.12219959266802403,0.042256391480692004,0.07994320118733203
14,168178.43575797701,29,3.2333333333333334,0.03054989816700621,0.039531149392417926,-0.008981251225411716
14,168178.43575797701,29,3.3,0.0,0.036981666382935374,-0.036981666382935374
14,168178.43575797701,29,3.3666666666666667,0.0,0.034596607219344995,-0.034596607219344995
14,168178.43575797701,29,3.4333333333333336,0.03054989816700601,0.03236536771209253,-0.0018154695450865212
14,168178.43575797701,29,3.5,0.03054989816700621,0.030278027567779357,0.0002718705992268526
14,168178.43575797701,29,3.5666666666666664,0.015274949083503004,0.028325306282637477,-0.013050357199134473
14,168178.43575797701,29,3.6333333333333333,0.015274949083503105,0.02649852188056732,-0.011223572797064216
14,168178.43575797701,29,3.7,0.015274949083503004,0.024789552312283886,-0.009514603228780881
14,168178.43575797701,29,3.7666666666666666,0.0,0.02319079934394827,-0.02319079934394827
14,168178.43575797701,29,3.833333333333333,0.0,0.02169515477473027,-0.02169515477473027
14,168178.43575797701,29,3.9,0.0,0.020295968833102217,-0.020295968833102217
14,168178.43575797701,29,3.966666666666667,0.04582484725050901,0.018987020611351133,0.026837826639157878
14,168178.43575797701,29,4.033333333333333,0.0,0.017762490406858282,-0.017762490406858282
14,168178.43575797701,29,4.1,0.015274949083503105,0.016616933847173034,-0.0013419847636699286
14,168178.43575797701,29,4.166666666666666,0.0,0.015545257683838685,-0.015545257683838685
14,168178.43575797701,29,4.233333333333333,0.0,0.01454269714734751,-0.01454269714734751
14,168178.43575797701,29,4.3,0.0,0.013604794762542978,-0.013604794762542978
14,168178.43575797701,29,4.366666666666667,0.0,0.012727380530280517,-0.012727380530280517
14,168178.43575797701,29,4.433333333333334,0.015274949083503105,0.011906553387232842,0.0033683956962702634
14,168178.43575797701,29,4.5,0.0,0.011138663861408195,-0.011138663861408195
14,168178.43575797701,29,4.566666666666666,0.0,0.01042029784626662,-0.01042029784626662
14,168178.43575797701,29,4.633333333333333,0.0,0.009748261421292348,-0.009748261421292348
14,168178.43575797701,29,4.7,0.0,0.009119566651533231,-0.009119566651533231
14,168178.43575797701,29,4.766666666666667,0.0,0.00853141830297074,-0.00853141830297074
14,168178.43575797701,29,4.833333333333333,0.0,0.00798120141465572,-0.00798120141465572
14,168178.43575797701,29,4.9,0.015274949083502904,0.00746646967235465,0.007808479411148254
14,168178.43575797701,29,4.966666666666667,0.0,0.0069849345320145105,-0.0069849345320145105
14,168178.43575797701,29,5.033333333333333,0.0,0.006534455044688131,-0.006534455044688131
14,168178.43575797701,29,5.1,0.015274949083503105,0.006113028337680839,0.009161920745822266
14,168178.43575797701,29,5.166666666666666,0.0,0.005718780709596645,-0.005718780709596645
14,168178.43575797701,29,5.233333333333333,0.0,0.005349959299691729,-0.005349959299691729
14,168178.43575797701,29,5.3,0.0,0.005004924294496477,-0.005004924294496477
14,168178.43575797701,29,5.366666666666667,0.0,0.004682141637055892,-0.004682141637055892
14,168178.43575797701,29,5.433333333333334,0.0,0.004380176206373162,-0.004380176206373162
14,168178.43575797701,29,5.5,0.0,0.0040976854367313865,-0.0040976854367313865
14,168178.43575797701,29,5.566666666666666,0.0,0.003833413348524548,-0.003833413348524548
14,168178.43575797701,29,5.633333333333333,0.0,0.003586184964058159,-0.003586184964058159
14,168178.43575797701,29,5.7,0.0,0.0033549010834917664,-0.0033549010834917664
14,168178.43575797701,29,5.766666666666667,0.0,0.003138533397696691,-0.003138533397696691
14,168178.43575797701,29,5.833333333333333,0.0,0.0029361199163002714,-0.0029361199163002714
14,168178.43575797701,29,5.9,0.0,0.002746760690589351,-0.002746760690589351
14,168178.43575797701,29,5.966666666666667,0.0,0.0025696138122566084,-0.0025696138122566084
15,291553.0795309835,1,0.03333333333333333,0.0,0.9697991161959337,-0.9697991161959337
15,291553.0795309835,1,0.1,0.0,0.9072538472787854,-0.9072538472787854
15,291553.0795309835,1,0.16666666666666669,0.0,0.8487423113261123,-0.8487423113261123
15,291553.0795309835,1,0.23333333333333334,0.0,0.7940043607374581,-0.7940043607374581
15,291553.0795309835,1,0.3,0.0,0.7427966256154565,-0.7427966256154565
15,291553.0795309835,1,0.3666666666666667,0.0,0.694891431721175,-0.694891431721175
15,291553.0795309835,1,0.43333333333333335,0.01870324189526185,0.6500757882137806,-0.6313725463185188
15,291553.0795309835,1,0.5,4.096009975062345,0.6081504406739263,3.4878595343884187
15,291553.0795309835,1,0.5666666666666667,0.0,0.5689289852005146,-0.5689289852005146
15,291553.0795309835,1,0.6333333333333333,0.0,0.5322370396420313,-0.5322370396420313
15,291553.0795309835,1,0.7,0.0,0.4979114682776703,-0.4979114682776703
15,291553.0795309835,1,0.7666666666666666,2.16022443890274,0.4657996565011093,1.6944247824016305
15,291553.0795309835,1,0.8333333333333334,1.1502493765586037,0.4357588322821159,0.7144905442764877
15,291553.0795309835,1,0.9,0.01870324189526185,0.4076554313891406,-0.3889521894938788
15,291553.0795309835,1,0.9666666666666667,2.22568578553616,0.38136450355061846,1.8443212819855415
15,291553.0795309835,1,1.0333333333333332,0.0,0.35676915691471883,-0.35676915691471883
15,291553.0795309835,1,1.1,0.0,0.3337600383375607,-0.3337600383375607
15,291553.0795309835,1,1.1666666666666665,0.0,0.3122348471892086,-0.3122348471892086
15,291553.0795309835,1,1.2333333333333334,0.748129675810474,0.29209788051578434,0.4560317952946896
15,291553.0795309835,1,1.2999999999999998,0.8697007481296759,0.2732596075354472,0.5964411405942287
15,291553.0795309835,1,1.3666666666666667,0.0,0.2556362715764093,-0.2556362715764093
15,291553.0795309835,1,1.4333333333333331,1.253117206982544,0.23914951768717055,1.0139676892953735
15,291553.0795309835,1,1.5,0.0,0.2237260442632904,-0.2237260442632904
15,291553.0795309835,1,1.5666666666666667,0.0,0.2092972771418011,-0.2092972771418011
15,291553.0795309835,1,1.6333333333333333,0.0,0.19579906471425323,-0.19579906471425323
15,291553.0795309835,1,1.7000000000000002,0.2711970074812968,0.18317139270284163,0.08802561477845519
15,291553.0795309835,1,1.7666666666666666,0.6546134663341647,0.17135811733147788,0.48325534900268685
15,291553.0795309835,1,1.8333333333333335,0.0,0.16030671570546504,-0.16030671570546504
15,291553.0795309835,1,1.9,0.0,0.1499680522899403,-0.1499680522899403
15,291553.0795309835,1,1.9666666666666668,0.0,0.14029616044882603,-0.14029616044882603
15,291553.0795309835,1,2.033333333333333,0.0,0.13124803807299337,-0.13124803807299337
15,291553.0795309835,1,2.0999999999999996,0.0,0.12278345638898103,-0.12278345638898103
15,291553.0795309835,1,2.166666666666667,0.22443890274314143,0.1148647810982167,0.10957412164492474
15,291553.0795309835,1,2.2333333333333334,0.41147132169576206,0.10745680505150948,0.3040145166442526
15,291553.0795309835,1,2.3,0.02805486284289268,0.10052659171486797,-0.07247172887197528
15,291553.0795309835,1,2.3666666666666667,0.17768079800498818,0.09404332873068051,0.08363746927430767
15,291553.0795309835,1,2.4333333333333336,0.08416458852867804,0.08797819092317623,-0.0038136023944981834
15,291553.0795309835,1,2.5,0.0,0.08230421213907665,-0.08230421213907665
15,291553.0795309835,1,2.5666666666666664,0.0,0.0769961653536303,-0.0769961653536303
15,291553.0795309835,1,2.6333333333333333,0.0,0.07203045050897056,-0.07203045050897056
15,291553.0795309835,1,2.7,0.0,0.06738498958611619,-0.06738498958611619
15,291553.0795309835,1,2.7666666666666666,0.0,0.06303912844409452,-0.06303912844409452
15,291553.0795309835,1,2.833333333333333,0.1309226932668325,0.05897354498975579,0.07194914827707671
15,291553.0795309835,1,2.9,0.07481296758104765,0.05517016326999288,0.019642804311054765
15,291553.0795309835,1,2.966666666666667,0.0,0.05161207310441313,-0.05161207310441313
15,291553.0795309835,1,3.033333333333333,0.0,0.04828345490114099,-0.04828345490114099
15,291553.0795309835,1,3.0999999999999996,0.02805486284289268,0.0451695093214765,-0.017114646478583823
15,291553.0795309835,1,3.166666666666667,0.04675810473815447,0.042256391480692004,0.0045017132574624655
15,291553.0795309835,1,3.2333333333333334,0.02805486284289287,0.039531149392417926,-0.011476286549525056
15,291553.0795309835,1,3.3,0.05610972568578536,0.036981666382935374,0.019128059302849984
15,291553.0795309835,1,3.3666666666666667,0.07481296758104765,0.034596607219344995,0.040216360361702654
15,291553.0795309835,1,3.4333333333333336,0.0,0.03236536771209253,-0.03236536771209253
15,291553.0795309835,1,3.5,0.0,0.030278027567779357,-0.030278027567779357
15,291553.0795309835,1,3.5666666666666664,0.02805486284289268,0.028325306282637477,-0.0002704434397447983
15,291553.0795309835,1,3.6333333333333333,0.04675810473815478,0.02649852188056732,0.02025958285758746
15,291553.0795309835,1,3.7,0.009351620947630894,0.024789552312283886,-0.015437931364652992
15,291553.0795309835,1,3.7666666666666666,0.009351620947630956,0.02319079934394827,-0.013839178396317315
15,291553.0795309835,1,3.833333333333333,0.0,0.02169515477473027,-0.02169515477473027
15,291553.0795309835,1,3.9,0.0,0.020295968833102217,-0.020295968833102217
15,291553.0795309835,1,3.966666666666667,0.0,0.018987020611351133,-0.018987020611351133
15,291553.0795309835,1,4.033333333333333,0.018703241895261912,0.017762490406858282,0.0009407514884036301
15,291553.0795309835,1,4.1,0.0,0.016616933847173034,-0.016616933847173034
15,291553.0795309835,1,4.166666666666666,0.009351620947630831,0.015545257683838685,-0.006193636736207854
15,291553.0795309835,1,4.233333333333333,0.0,0.01454269714734751,-0.01454269714734751
15,291553.0795309835,1,4.3,0.0,0.013604794762542978,-0.013604794762542978
15,291553.0795309835,1,4.366666666666667,0.0,0.012727380530280517,-0.012727380530280517
15,291553.0795309835,1,4.433333333333334,0.0,0.011906553387232842,-0.011906553387232842
15,291553.0795309835,1,4.5,0.0,0.011138663861408195,-0.011138663861408195
15,291553.0795309835,1,4.566666666666666,0.009351620947630956,0.01042029784626662,-0.0010686768986356635
15,291553.0795309835,1,4.633333333333333,0.0,0.009748261421292348,-0.009748261421292348
15,291553.0795309835,1,4.7,0.009351620947630956,0.009119566651533231,0.0002320542960977251
15,291553.0795309835,1,4.766666666666667,0.009351620947630956,0.00853141830297074,0.0008202026446602166
15,291553.0795309835,1,4.833333333333333,0.0,0.00798120141465572,-0.00798120141465572
15,291553.0795309835,1,4.9,0.0,0.00746646967235465,-0.00746646967235465
15,291553.0795309835,1,4.966666666666667,0.0,0.0069849345320145105,-0.0069849345320145105
15,291553.0795309835,1,5.033333333333333,0.0,0.006534455044688131,-0.006534455044688131
15,291553.0795309835,1,5.1,0.0,0.006113028337680839,-0.006113028337680839
15,291553.0795309835,1,5.166666666666666,0.0,0.005718780709596645,-0.005718780709596645
15,291553.0795309835,1,5.233333333333333,0.009351620947630956,0.005349959299691729,0.004001661647939227
15,291553.0795309835,1,5.3,0.0,0.005004924294496477,-0.005004924294496477
15,291553.0795309835,1,5.366666666666667,0.0,0.004682141637055892,-0.004682141637055892
15,291553.0795309835,1,5.433333333333334,0.0,0.004380176206373162,-0.004380176206373162
15,291553.0795309835,1,5.5,0.0,0.0040976854367313865,-0.0040976854367313865
15,291553.0795309835,1,5.566666666666666,0.0,0.003833413348524548,-0.003833413348524548
15,291553.0795309835,1,5.633333333333333,0.009351620947630831,0.003586184964058159,0.005765435983572672
15,291553.0795309835,1,5.7,0.0,0.0033549010834917664,-0.0033549010834917664
15,291553.0795309835,1,5.766666666666667,0.0,0.003138533397696691,-0.003138533397696691
15,291553.0795309835,1,5.833333333333333,0.0,0.0029361199163002714,-0.0029361199163002714
15,291553.0795309835,1,5.9,0.0,0.002746760690589351,-0.002746760690589351
15,291553.0795309835,1,5.966666666666667,0.0,0.0025696138122566084,-0.0025696138122566084
15,291553.0795309835,7,0.03333333333333333,0.0,0.9697991161959337,-0.9697991161959337
15,291553.0795309835,7,0.1,0.0,0.9072538472787854,-0.9072538472787854
15,291553.0795309835,7,0.16666666666666669,0.0,0.8487423113261123,-0.8487423113261123
15,291553.0795309835,7,0.23333333333333334,0.0,0.7940043607374581,-0.7940043607374581
15,291553.0795309835,7,0.3,4.2937853107344655,0.7427966256154565,3.550988685119009
15,291553.0795309835,7,0.3666666666666667,0.0,0.694891431721175,-0.694891431721175
15,291553.0795309835,7,0.43333333333333335,0.009416195856873828,0.6500757882137806,-0.6406595923569068
15,291553.0795309835,7,0.5,2.975517890772129,0.6081504406739263,2.3673674500982025
15,291553.0795309835,7,0.5666666666666667,0.0,0.5689289852005146,-0.5689289852005146
15,291553.0795309835,7,0.6333333333333333,0.0,0.5322370396420313,-0.5322370396420313
15,291553.0795309835,7,0.7,0.0,0.4979114682776703,-0.4979114682776703
15,291553.0795309835,7,0.7666666666666666,1.5819209039548001,0.4657996565011093,1.1161212474536908
15,291553.0795309835,7,0.8333333333333334,0.5838041431261772,0.4357588322821159,0.1480453108440613
15,291553.0795309835,7,0.9,0.0,0.4076554313891406,-0.4076554313891406
15,291553.0795309835,7,0.9666666666666667,1.732580037664784,0.38136450355061846,1.3512155341141656
15,291553.0795309835,7,1.0333333333333332,0.0,0.35676915691471883,-0.35676915691471883
15,291553.0795309835,7,1.1,0.0,0.3337600383375607,-0.3337600383375607
15,291553.0795309835,7,1.1666666666666665,0.0,0.3122348471892086,-0.3122348471892086
15,291553.0795309835,7,1.2333333333333334,0.5367231638418082,0.29209788051578434,0.24462528332602385
15,291553.0795309835,7,1.2999999999999998,0.649717514124294,0.2732596075354472,0.3764579065888468
15,291553.0795309835,7,1.3666666666666667,0.0,0.2556362715764093,-0.2556362715764093
15,291553.0795309835,7,1.4333333333333331,0.0,0.23914951768717055,-0.23914951768717055
15,291553.0795309835,7,1.5,0.0,0.2237260442632904,-0.2237260442632904
15,291553.0795309835,7,1.5666666666666667,0.0,0.2092972771418011,-0.2092972771418011
15,291553.0795309835,7,1.6333333333333333,0.0,0.19579906471425323,-0.19579906471425323
15,291553.0795309835,7,1.7000000000000002,0.2824858757062148,0.18317139270284163,0.09931448300337317
15,291553.0795309835,7,1.7666666666666666,0.5367231638418082,0.17135811733147788,0.3653650465103303
15,291553.0795309835,7,1.8333333333333335,0.0,0.16030671570546504,-0.16030671570546504
15,291553.0795309835,7,1.9,0.489642184557439,0.1499680522899403,0.3396741322674987
15,291553.0795309835,7,1.9666666666666668,0.07532956685499062,0.14029616044882603,-0.06496659359383541
15,291553.0795309835,7,2.033333333333333,0.0,0.13124803807299337,-0.13124803807299337
15,291553.0795309835,7,2.0999999999999996,0.0,0.12278345638898103,-0.12278345638898103
15,291553.0795309835,7,2.166666666666667,0.0,0.1148647810982167,-0.1148647810982167
15,291553.0795309835,7,2.2333333333333334,0.0,0.10745680505150948,-0.10745680505150948
15,291553.0795309835,7,2.3,0.0,0.10052659171486797,-0.10052659171486797
15,291553.0795309835,7,2.3666666666666667,0.263653483992468,0.09404332873068051,0.16961015526178752
15,291553.0795309835,7,2.4333333333333336,0.09416195856873796,0.08797819092317623,0.006183767645561736
15,291553.0795309835,7,2.5,0.0,0.08230421213907665,-0.08230421213907665
15,291553.0795309835,7,2.5666666666666664,0.0,0.0769961653536303,-0.0769961653536303
15,291553.0795309835,7,2.6333333333333333,0.05649717514124315,0.07203045050897056,-0.015533275367727403
15,291553.0795309835,7,2.7,0.16007532956685452,0.06738498958611619,0.09269033998073833
15,291553.0795309835,7,2.7666666666666666,0.07532956685499087,0.06303912844409452,0.012290438410896345
15,291553.0795309835,7,2.833333333333333,0.11299435028248553,0.05897354498975579,0.05402080529272974
15,291553.0795309835,7,2.9,0.07532956685499087,0.05517016326999288,0.020159403584997987
15,291553.0795309835,7,2.966666666666667,0.0,0.05161207310441313,-0.05161207310441313
15,291553.0795309835,7,3.033333333333333,0.0,0.04828345490114099,-0.04828345490114099
15,291553.0795309835,7,3.0999999999999996,0.028248587570621382,0.0451695093214765,-0.01692092175085512
15,291553.0795309835,7,3.166666666666667,0.09416195856873796,0.042256391480692004,0.05190556708804596
15,291553.0795309835,7,3.2333333333333334,0.07532956685499087,0.039531149392417926,0.035798417462572944
15,291553.0795309835,7,3.3,0.028248587570621382,0.036981666382935374,-0.008733078812313992
15,291553.0795309835,7,3.3666666666666667,0.018832391713747718,0.034596607219344995,-0.015764215505597277
15,291553.0795309835,7,3.4333333333333336,0.0,0.03236536771209253,-0.03236536771209253
15,291553.0795309835,7,3.5,0.0,0.030278027567779357,-0.030278027567779357
15,291553.0795309835,7,3.5666666666666664,0.037664783427495185,0.028325306282637477,0.009339477144857708
15,291553.0795309835,7,3.6333333333333333,0.018832391713747718,0.02649852188056732,-0.0076661301668196034
15,291553.0795309835,7,3.7,0.018832391713747593,0.024789552312283886,-0.005957160598536293
15,291553.0795309835,7,3.7666666666666666,0.0,0.02319079934394827,-0.02319079934394827
15,291553.0795309835,7,3.833333333333333,0.0,0.02169515477473027,-0.02169515477473027
15,291553.0795309835,7,3.9,0.0,0.020295968833102217,-0.020295968833102217
15,291553.0795309835,7,3.966666666666667,0.0,0.018987020611351133,-0.018987020611351133
15,291553.0795309835,7,4.033333333333333,0.009416195856873859,0.017762490406858282,-0.008346294549984423
15,291553.0795309835,7,4.1,0.028248587570621576,0.016616933847173034,0.011631653723448543
15,291553.0795309835,7,4.166666666666666,0.0,0.015545257683838685,-0.015545257683838685
15,291553.0795309835,7,4.233333333333333,0.009416195856873859,0.01454269714734751,-0.005126501290473651
15,291553.0795309835,7,4.3,0.0,0.013604794762542978,-0.013604794762542978
15,291553.0795309835,7,4.366666666666667,0.0,0.012727380530280517,-0.012727380530280517
15,291553.0795309835,7,4.433333333333334,0.0,0.011906553387232842,-0.011906553387232842
15,291553.0795309835,7,4.5,0.0,0.011138663861408195,-0.011138663861408195
15,291553.0795309835,7,4.566666666666666,0.0,0.01042029784626662,-0.01042029784626662
15,291553.0795309835,7,4.633333333333333,0.0,0.009748261421292348,-0.009748261421292348
15,291553.0795309835,7,4.7,0.0,0.009119566651533231,-0.009119566651533231
15,291553.0795309835,7,4.766666666666667,0.009416195856873859,0.00853141830297074,0.0008847775539031193
15,291553.0795309835,7,4.833333333333333,0.0,0.00798120141465572,-0.00798120141465572
15,291553.0795309835,7,4.9,0.0,0.00746646967235465,-0.00746646967235465
15,291553.0795309835,7,4.966666666666667,0.009416195856873859,0.0069849345320145105,0.0024312613248593483
15,291553.0795309835,7,5.033333333333333,0.0,0.006534455044688131,-0.006534455044688131
15,291553.0795309835,7,5.1,0.0,0.006113028337680839,-0.006113028337680839
15,291553.0795309835,7,5.166666666666666,0.009416195856873734,0.005718780709596645,0.003697415147277089
15,291553.0795309835,7,5.233333333333333,0.0,0.005349959299691729,-0.005349959299691729
15,291553.0795309835,7,5.3,0.009416195856873859,0.005004924294496477,0.004411271562377382
15,291553.0795309835,7,5.366666666666667,0.0,0.004682141637055892,-0.004682141637055892
15,291553.0795309835,7,5.433333333333334,0.0,0.004380176206373162,-0.004380176206373162
15,291553.0795309835,7,5.5,0.0,0.0040976854367313865,-0.0040976854367313865
15,291553.0795309835,7,5.566666666666666,0.0,0.003833413348524548,-0.003833413348524548
15,291553.0795309835,7,5.633333333333333,0.0,0.003586184964058159,-0.003586184964058159
15,291553.0795309835,7,5.7,0.0,0.0033549010834917664,-0.0033549010834917664
15,291553.0795309835,7,5.766666666666667,0.0,0.003138533397696691,-0.003138533397696691
15,291553.0795309835,7,5.833333333333333,0.0,0.0029361199163002714,-0.0029361199163002714
15,291553.0795309835,7,5.9,0.0,0.002746760690589351,-0.002746760690589351
15,291553.0795309835,7,5.966666666666667,0.009416195856873859,0.0025696138122566084,0.00684658204461725
15,291553.0795309835,11,0.03333333333333333,0.0,0.9697991161959337,-0.9697991161959337
15,291553.0795309835,11,0.1,0.0,0.9072538472787854,-0.9072538472787854
15,291553.0795309835,11,0.16666666666666669,4.3017456359102235,0.8487423113261123,3.4530033245841114
15,291553.0795309835,11,0.23333333333333334,0.0,0.7940043607374581,-0.7940043607374581
15,291553.0795309835,11,0.3,0.0,0.7427966256154565,-0.7427966256154565
15,291553.0795309835,11,0.3666666666666667,0.0,0.694891431721175,-0.694891431721175
15,291553.0795309835,11,0.43333333333333335,0.009351620947630925,0.6500757882137806,-0.6407241672661497
15,291553.0795309835,11,0.5,3.2450124688279307,0.6081504406739263,2.6368620281540043
15,291553.0795309835,11,0.5666666666666667,0.0,0.5689289852005146,-0.5689289852005146
15,291553.0795309835,11,0.6333333333333333,2.365960099750624,0.5322370396420313,1.8337230601085928
15,291553.0795309835,11,0.7,0.0,0.4979114682776703,-0.4979114682776703
15,291553.0795309835,11,0.7666666666666666,0.0,0.4657996565011093,-0.4657996565011093
15,291553.0795309835,11,0.8333333333333334,0.0,0.4357588322821159,-0.4357588322821159
15,291553.0795309835,11,0.9,0.0,0.4076554313891406,-0.4076554313891406
15,291553.0795309835,11,0.9666666666666667,1.6739401496259354,0.38136450355061846,1.292575646075317
15,291553.0795309835,11,1.0333333333333332,0.0,0.35676915691471883,-0.35676915691471883
15,291553.0795309835,11,1.1,0.0,0.3337600383375607,-0.3337600383375607
15,291553.0795309835,11,1.1666666666666665,0.0,0.3122348471892086,-0.3122348471892086
15,291553.0795309835,11,1.2333333333333334,0.0,0.29209788051578434,-0.29209788051578434
15,291553.0795309835,11,1.2999999999999998,0.0,0.2732596075354472,-0.2732596075354472
15,291553.0795309835,11,1.3666666666666667,0.0,0.2556362715764093,-0.2556362715764093
15,291553.0795309835,11,1.4333333333333331,0.9912718204488781,0.23914951768717055,0.7521223027617076
15,291553.0795309835,11,1.5,0.0,0.2237260442632904,-0.2237260442632904
15,291553.0795309835,11,1.5666666666666667,0.46758104738154466,0.2092972771418011,0.2582837702397436
15,291553.0795309835,11,1.6333333333333333,0.2618453865336659,0.19579906471425323,0.06604632181941267
15,291553.0795309835,11,1.7000000000000002,0.0,0.18317139270284163,-0.18317139270284163
15,291553.0795309835,11,1.7666666666666666,0.0,0.17135811733147788,-0.17135811733147788
15,291553.0795309835,11,1.8333333333333335,0.0,0.16030671570546504,-0.16030671570546504
15,291553.0795309835,11,1.9,0.0,0.1499680522899403,-0.1499680522899403
15,291553.0795309835,11,1.9666666666666668,0.0,0.14029616044882603,-0.14029616044882603
15,291553.0795309835,11,2.033333333333333,0.2899002493765596,0.13124803807299337,0.15865221130356624
15,291553.0795309835,11,2.0999999999999996,0.24314214463840325,0.12278345638898103,0.12035868824942222
15,291553.0795309835,11,2.166666666666667,0.0,0.1148647810982167,-0.1148647810982167
15,291553.0795309835,11,2.2333333333333334,0.0,0.10745680505150948,-0.10745680505150948
15,291553.0795309835,11,2.3,0.0,0.10052659171486797,-0.10052659171486797
15,291553.0795309835,11,2.3666666666666667,0.2899002493765596,0.09404332873068051,0.19585692064587912
15,291553.0795309835,11,2.4333333333333336,0.07481296758104715,0.08797819092317623,-0.013165223342129079
15,291553.0795309835,11,2.5,0.13092269326683337,0.08230421213907665,0.04861848112775671
15,291553.0795309835,11,2.5666666666666664,0.1496259351620943,0.0769961653536303,0.072629769808464
15,291553.0795309835,11,2.6333333333333333,0.0,0.07203045050897056,-0.07203045050897056
15,291553.0795309835,11,2.7,0.0,0.06738498958611619,-0.06738498958611619
15,291553.0795309835,11,2.7666666666666666,0.0,0.06303912844409452,-0.06303912844409452
15,291553.0795309835,11,2.833333333333333,0.12157107231920163,0.05897354498975579,0.06259752732944585
15,291553.0795309835,11,2.9,0.018703241895261912,0.05517016326999288,-0.03646692137473097
15,291553.0795309835,11,2.966666666666667,0.06546134663341625,0.05161207310441313,0.013849273529003121
15,291553.0795309835,11,3.033333333333333,0.06546134663341668,0.04828345490114099,0.017177891732275692
15,291553.0795309835,11,3.0999999999999996,0.018703241895261787,0.0451695093214765,-0.026466267426214714
15,291553.0795309835,11,3.166666666666667,0.0,0.042256391480692004,-0.042256391480692004
15,291553.0795309835,11,3.2333333333333334,0.0,0.039531149392417926,-0.039531149392417926
15,291553.0795309835,11,3.3,0.04675810473815447,0.036981666382935374,0.009776438355219096
15,291553.0795309835,11,3.3666666666666667,0.02805486284289287,0.034596607219344995,-0.006541744376452125
15,291553.0795309835,11,3.4333333333333336,0.018703241895261787,0.03236536771209253,-0.013662125816830743
15,291553.0795309835,11,3.5,0.0,0.030278027567779357,-0.030278027567779357
15,291553.0795309835,11,3.5666666666666664,0.0,0.028325306282637477,-0.028325306282637477
15,291553.0795309835,11,3.6333333333333333,0.0,0.02649852188056732,-0.02649852188056732
15,291553.0795309835,11,3.7,0.0,0.024789552312283886,-0.024789552312283886
15,291553.0795309835,11,3.7666666666666666,0.02805486284289287,0.02319079934394827,0.004864063498944599
15,291553.0795309835,11,3.833333333333333,0.009351620947630894,0.02169515477473027,-0.012343533827099377
15,291553.0795309835,11,3.9,0.037406483790523824,0.020295968833102217,0.017110514957421608
15,291553.0795309835,11,3.966666666666667,0.009351620947630894,0.018987020611351133,-0.00963539966372024
15,291553.0795309835,11,4.033333333333333,0.0,0.017762490406858282,-0.017762490406858282
15,291553.0795309835,11,4.1,0.0,0.016616933847173034,-0.016616933847173034
15,291553.0795309835,11,4.166666666666666,0.0,0.015545257683838685,-0.015545257683838685
15,291553.0795309835,11,4.233333333333333,0.0,0.01454269714734751,-0.01454269714734751
15,291553.0795309835,11,4.3,0.0,0.013604794762542978,-0.013604794762542978
15,291553.0795309835,11,4.366666666666667,0.009351620947630831,0.012727380530280517,-0.003375759582649686
15,291553.0795309835,11,4.433333333333334,0.009351620947630956,0.011906553387232842,-0.0025549324396018855
15,291553.0795309835,11,4.5,0.0,0.011138663861408195,-0.011138663861408195
15,291553.0795309835,11,4.566666666666666,0.009351620947630956,0.01042029784626662,-0.0010686768986356635
15,291553.0795309835,11,4.633333333333333,0.0,0.009748261421292348,-0.009748261421292348
15,291553.0795309835,11,4.7,0.0,0.009119566651533231,-0.009119566651533231
15,291553.0795309835,11,4.766666666666667,0.0,0.00853141830297074,-0.00853141830297074
15,291553.0795309835,11,4.833333333333333,0.0,0.00798120141465572,-0.00798120141465572
15,291553.0795309835,11,4.9,0.009351620947630831,0.00746646967235465,0.001885151275276181
15,291553.0795309835,11,4.966666666666667,0.0,0.0069849345320145105,-0.0069849345320145105
15,291553.0795309835,11,5.033333333333333,0.0,0.006534455044688131,-0.006534455044688131
15,291553.0795309835,11,5.1,0.0,0.006113028337680839,-0.006113028337680839
15,291553.0795309835,11,5.166666666666666,0.0,0.005718780709596645,-0.005718780709596645
15,291553.0795309835,11,5.233333333333333,0.0,0.005349959299691729,-0.005349959299691729
15,291553.0795309835,11,5.3,0.0,0.005004924294496477,-0.005004924294496477
15,291553.0795309835,11,5.366666666666667,0.0,0.004682141637055892,-0.004682141637055892
15,291553.0795309835,11,5.433333333333334,0.0,0.004380176206373162,-0.004380176206373162
15,291553.0795309835,11,5.5,0.0,0.0040976854367313865,-0.0040976854367313865
15,291553.0795309835,11,5.566666666666666,0.0,0.003833413348524548,-0.003833413348524548
15,291553.0795309835,11,5.633333333333333,0.0,0.003586184964058159,-0.003586184964058159
15,291553.0795309835,11,5.7,0.0,0.0033549010834917664,-0.0033549010834917664
15,291553.0795309835,11,5.766666666666667,0.0,0.003138533397696691,-0.003138533397696691
15,291553.0795309835,11,5.833333333333333,0.0,0.0029361199163002714,-0.0029361199163002714
15,291553.0795309835,11,5.9,0.0,0.002746760690589351,-0.002746760690589351
15,291553.0795309835,11,5.966666666666667,0.0,0.0025696138122566084,-0.0025696138122566084
15,291553.0795309835,13,0.03333333333333333,0.0,0.9697991161959337,-0.9697991161959337
15,291553.0795309835,13,0.1,0.0,0.9072538472787854,-0.9072538472787854
15,291553.0795309835,13,0.16666666666666669,0.0,0.8487423113261123,-0.8487423113261123
15,291553.0795309835,13,0.23333333333333334,0.0,0.7940043607374581,-0.7940043607374581
15,291553.0795309835,13,0.3,4.126394052044611,0.7427966256154565,3.383597426429154
15,291553.0795309835,13,0.3666666666666667,0.0,0.694891431721175,-0.694891431721175
15,291553.0795309835,13,0.43333333333333335,0.0,0.6500757882137806,-0.6500757882137806
15,291553.0795309835,13,0.5,2.9460966542750935,0.6081504406739263,2.337946213601167
15,291553.0795309835,13,0.5666666666666667,0.0,0.5689289852005146,-0.5689289852005146
15,291553.0795309835,13,0.6333333333333333,0.0,0.5322370396420313,-0.5322370396420313
15,291553.0795309835,13,0.7,0.0,0.4979114682776703,-0.4979114682776703
15,291553.0795309835,13,0.7666666666666666,1.4962825278810385,0.4657996565011093,1.0304828713799292
15,291553.0795309835,13,0.8333333333333334,0.6970260223048329,0.4357588322821159,0.261267190022717
15,291553.0795309835,13,0.9,0.0,0.4076554313891406,-0.4076554313891406
15,291553.0795309835,13,0.9666666666666667,0.0,0.38136450355061846,-0.38136450355061846
15,291553.0795309835,13,1.0333333333333332,0.0,0.35676915691471883,-0.35676915691471883
15,291553.0795309835,13,1.1,0.0,0.3337600383375607,-0.3337600383375607
15,291553.0795309835,13,1.1666666666666665,0.0,0.3122348471892086,-0.3122348471892086
15,291553.0795309835,13,1.2333333333333334,0.892193308550186,0.29209788051578434,0.6000954280344016
15,291553.0795309835,13,1.2999999999999998,0.8271375464684017,0.2732596075354472,0.5538779389329545
15,291553.0795309835,13,1.3666666666666667,0.0,0.2556362715764093,-0.2556362715764093
15,291553.0795309835,13,1.4333333333333331,1.0966542750929371,0.23914951768717055,0.8575047574057666
15,291553.0795309835,13,1.5,0.0,0.2237260442632904,-0.2237260442632904
15,291553.0795309835,13,1.5666666666666667,0.0,0.2092972771418011,-0.2092972771418011
15,291553.0795309835,13,1.6333333333333333,0.0,0.19579906471425323,-0.19579906471425323
15,291553.0795309835,13,1.7000000000000002,0.0,0.18317139270284163,-0.18317139270284163
15,291553.0795309835,13,1.7666666666666666,0.0,0.17135811733147788,-0.17135811733147788
15,291553.0795309835,13,1.8333333333333335,0.0,0.16030671570546504,-0.16030671570546504
15,291553.0795309835,13,1.9,0.7992565055762083,0.1499680522899403,0.6492884532862679
15,291553.0795309835,13,1.9666666666666668,0.15799256505576212,0.14029616044882603,0.017696404606936084
15,291553.0795309835,13,2.033333333333333,0.0,0.13124803807299337,-0.13124803807299337
15,291553.0795309835,13,2.0999999999999996,0.0,0.12278345638898103,-0.12278345638898103
15,291553.0795309835,13,2.166666666666667,0.1579925650557616,0.1148647810982167,0.04312778395754489
15,291553.0795309835,13,2.2333333333333334,0.47397769516728794,0.10745680505150948,0.3665208901157785
15,291553.0795309835,13,2.3,0.01858736059479548,0.10052659171486797,-0.08193923112007248
15,291553.0795309835,13,2.3666666666666667,0.3438661710037187,0.09404332873068051,0.2498228422730382
15,291553.0795309835,13,2.4333333333333336,0.10223048327137514,0.08797819092317623,0.014252292348198914
15,291553.0795309835,13,2.5,0.0,0.08230421213907665,-0.08230421213907665
15,291553.0795309835,13,2.5666666666666664,0.0,0.0769961653536303,-0.0769961653536303
15,291553.0795309835,13,2.6333333333333333,0.05576208178438682,0.07203045050897056,-0.01626836872458374
15,291553.0795309835,13,2.7,0.250929368029739,0.06738498958611619,0.18354437844362279
15,291553.0795309835,13,2.7666666666666666,0.02788104089219341,0.06303912844409452,-0.03515808755190111
15,291553.0795309835,13,2.833333333333333,0.12081784386617063,0.05897354498975579,0.06184429887641484
15,291553.0795309835,13,2.9,0.07434944237918242,0.05517016326999288,0.01917927910918954
15,291553.0795309835,13,2.966666666666667,0.0,0.05161207310441313,-0.05161207310441313
15,291553.0795309835,13,3.033333333333333,0.0,0.04828345490114099,-0.04828345490114099
15,291553.0795309835,13,3.0999999999999996,0.01858736059479548,0.0451695093214765,-0.02658214872668102
15,291553.0795309835,13,3.166666666666667,0.08364312267657967,0.042256391480692004,0.04138673119588766
15,291553.0795309835,13,3.2333333333333334,0.009293680297397803,0.039531149392417926,-0.030237469095020123
15,291553.0795309835,13,3.3,0.0,0.036981666382935374,-0.036981666382935374
15,291553.0795309835,13,3.3666666666666667,0.0,0.034596607219344995,-0.034596607219344995
15,291553.0795309835,13,3.4333333333333336,0.0,0.03236536771209253,-0.03236536771209253
15,291553.0795309835,13,3.5,0.0,0.030278027567779357,-0.030278027567779357
15,291553.0795309835,13,3.5666666666666664,0.00929368029739774,0.028325306282637477,-0.019031625985239737
15,291553.0795309835,13,3.6333333333333333,0.02788104089219341,0.02649852188056732,0.0013825190116260877
15,291553.0795309835,13,3.7,0.02788104089219322,0.024789552312283886,0.0030914885799093357
15,291553.0795309835,13,3.7666666666666666,0.018587360594795606,0.02319079934394827,-0.004603438749152665
15,291553.0795309835,13,3.833333333333333,0.0,0.02169515477473027,-0.02169515477473027
15,291553.0795309835,13,3.9,0.0,0.020295968833102217,-0.020295968833102217
15,291553.0795309835,13,3.966666666666667,0.0,0.018987020611351133,-0.018987020611351133
15,291553.0795309835,13,4.033333333333333,0.0,0.017762490406858282,-0.017762490406858282
15,291553.0795309835,13,4.1,0.0,0.016616933847173034,-0.016616933847173034
15,291553.0795309835,13,4.166666666666666,0.0,0.015545257683838685,-0.015545257683838685
15,291553.0795309835,13,4.233333333333333,0.04646840148698902,0.01454269714734751,0.03192570433964151
15,291553.0795309835,13,4.3,0.009293680297397803,0.013604794762542978,-0.004311114465145175
15,291553.0795309835,13,4.366666666666667,0.00929368029739768,0.012727380530280517,-0.0034337002328828376
15,291553.0795309835,13,4.433333333333334,0.0,0.011906553387232842,-0.011906553387232842
15,291553.0795309835,13,4.5,0.0,0.011138663861408195,-0.011138663861408195
15,291553.0795309835,13,4.566666666666666,0.009293680297397803,0.01042029784626662,-0.0011266175488688166
15,291553.0795309835,13,4.633333333333333,0.0,0.009748261421292348,-0.009748261421292348
15,291553.0795309835,13,4.7,0.009293680297397803,0.009119566651533231,0.00017411364586457194
15,291553.0795309835,13,4.766666666666667,0.009293680297397803,0.00853141830297074,0.0007622619944270635
15,291553.0795309835,13,4.833333333333333,0.0,0.00798120141465572,-0.00798120141465572
15,291553.0795309835,13,4.9,0.0,0.00746646967235465,-0.00746646967235465
15,291553.0795309835,13,4.966666666666667,0.009293680297397803,0.0069849345320145105,0.0023087457653832924
15,291553.0795309835,13,5.033333333333333,0.0,0.006534455044688131,-0.006534455044688131
15,291553.0795309835,13,5.1,0.009293680297397803,0.006113028337680839,0.0031806519597169635
15,291553.0795309835,13,5.166666666666666,0.0,0.005718780709596645,-0.005718780709596645
15,291553.0795309835,13,5.233333333333333,0.018587360594795606,0.005349959299691729,0.013237401295103876
15,291553.0795309835,13,5.3,0.009293680297397803,0.005004924294496477,0.004288756002901326
15,291553.0795309835,13,5.366666666666667,0.0,0.004682141637055892,-0.004682141637055892
15,291553.0795309835,13,5.433333333333334,0.0,0.004380176206373162,-0.004380176206373162
15,291553.0795309835,13,5.5,0.0,0.0040976854367313865,-0.0040976854367313865
15,291553.0795309835,13,5.566666666666666,0.0,0.003833413348524548,-0.003833413348524548
15,291553.0795309835,13,5.633333333333333,0.0,0.003586184964058159,-0.003586184964058159
15,291553.0795309835,13,5.7,0.0,0.0033549010834917664,-0.0033549010834917664
15,291553.0795309835,13,5.766666666666667,0.0,0.003138533397696691,-0.003138533397696691
15,291553.0795309835,13,5.833333333333333,0.0,0.0029361199163002714,-0.0029361199163002714
15,291553.0795309835,13,5.9,0.0,0.002746760690589351,-0.002746760690589351
15,291553.0795309835,13,5.966666666666667,0.0,0.0025696138122566084,-0.0025696138122566084
15,291553.0795309835,17,0.03333333333333333,0.0,0.9697991161959337,-0.9697991161959337
15,291553.0795309835,17,0.1,0.0,0.9072538472787854,-0.9072538472787854
15,291553.0795309835,17,0.16666666666666669,4.056311881188119,0.8487423113261123,3.207569569862007
15,291553.0795309835,17,0.23333333333333334,0.0,0.7940043607374581,-0.7940043607374581
15,291553.0795309835,17,0.3,0.0,0.7427966256154565,-0.7427966256154565
15,291553.0795309835,17,0.3666666666666667,0.0,0.694891431721175,-0.694891431721175
15,291553.0795309835,17,0.43333333333333335,0.018564356435643574,0.6500757882137806,-0.6315114317781371
15,291553.0795309835,17,0.5,3.146658415841585,0.6081504406739263,2.5385079751676587
15,291553.0795309835,17,0.5666666666666667,0.0,0.5689289852005146,-0.5689289852005146
15,291553.0795309835,17,0.6333333333333333,0.0,0.5322370396420313,-0.5322370396420313
15,291553.0795309835,17,0.7,0.0,0.4979114682776703,-0.4979114682776703
15,291553.0795309835,17,0.7666666666666666,0.0,0.4657996565011093,-0.4657996565011093
15,291553.0795309835,17,0.8333333333333334,0.0,0.4357588322821159,-0.4357588322821159
15,291553.0795309835,17,0.9,0.0,0.4076554313891406,-0.4076554313891406
15,291553.0795309835,17,0.9666666666666667,2.385519801980199,0.38136450355061846,2.0041552984295805
15,291553.0795309835,17,1.0333333333333332,0.0,0.35676915691471883,-0.35676915691471883
15,291553.0795309835,17,1.1,1.6986386138613867,0.3337600383375607,1.364878575523826
15,291553.0795309835,17,1.1666666666666665,0.10210396039603964,0.3122348471892086,-0.21013088679316894
15,291553.0795309835,17,1.2333333333333334,0.0,0.29209788051578434,-0.29209788051578434
15,291553.0795309835,17,1.2999999999999998,0.0,0.2732596075354472,-0.2732596075354472
15,291553.0795309835,17,1.3666666666666667,0.0,0.2556362715764093,-0.2556362715764093
15,291553.0795309835,17,1.4333333333333331,0.0,0.23914951768717055,-0.23914951768717055
15,291553.0795309835,17,1.5,0.0,0.2237260442632904,-0.2237260442632904
15,291553.0795309835,17,1.5666666666666667,0.7518564356435621,0.2092972771418011,0.542559158501761
15,291553.0795309835,17,1.6333333333333333,0.25061881188118823,0.19579906471425323,0.054819747166934996
15,291553.0795309835,17,1.7000000000000002,0.0,0.18317139270284163,-0.18317139270284163
15,291553.0795309835,17,1.7666666666666666,0.0,0.17135811733147788,-0.17135811733147788
15,291553.0795309835,17,1.8333333333333335,0.0,0.16030671570546504,-0.16030671570546504
15,291553.0795309835,17,1.9,0.6590346534653467,0.1499680522899403,0.5090666011754064
15,291553.0795309835,17,1.9666666666666668,0.1485148514851486,0.14029616044882603,0.008218691036322556
15,291553.0795309835,17,2.033333333333333,0.32487623762376355,0.13124803807299337,0.19362819955077018
15,291553.0795309835,17,2.0999999999999996,0.31559405940593965,0.12278345638898103,0.19281060301695863
15,291553.0795309835,17,2.166666666666667,0.0,0.1148647810982167,-0.1148647810982167
15,291553.0795309835,17,2.2333333333333334,0.0,0.10745680505150948,-0.10745680505150948
15,291553.0795309835,17,2.3,0.0,0.10052659171486797,-0.10052659171486797
15,291553.0795309835,17,2.3666666666666667,0.25061881188118906,0.09404332873068051,0.15657548315050857
15,291553.0795309835,17,2.4333333333333336,0.12066831683168282,0.08797819092317623,0.03269012590850659
15,291553.0795309835,17,2.5,0.10210396039603999,0.08230421213907665,0.01979974825696333
15,291553.0795309835,17,2.5666666666666664,0.12995049504950457,0.0769961653536303,0.05295432969587427
15,291553.0795309835,17,2.6333333333333333,0.0,0.07203045050897056,-0.07203045050897056
15,291553.0795309835,17,2.7,0.0,0.06738498958611619,-0.06738498958611619
15,291553.0795309835,17,2.7666666666666666,0.0,0.06303912844409452,-0.06303912844409452
15,291553.0795309835,17,2.833333333333333,0.13923267326732633,0.05897354498975579,0.08025912827757054
15,291553.0795309835,17,2.9,0.046410891089109084,0.05517016326999288,-0.0087592721808838
15,291553.0795309835,17,2.966666666666667,0.0,0.05161207310441313,-0.05161207310441313
15,291553.0795309835,17,3.033333333333333,0.0,0.04828345490114099,-0.04828345490114099
15,291553.0795309835,17,3.0999999999999996,0.0,0.0451695093214765,-0.0451695093214765
15,291553.0795309835,17,3.166666666666667,0.0,0.042256391480692004,-0.042256391480692004
15,291553.0795309835,17,3.2333333333333334,0.0,0.039531149392417926,-0.039531149392417926
15,291553.0795309835,17,3.3,0.07425742574257405,0.036981666382935374,0.03727575935963867
15,291553.0795309835,17,3.3666666666666667,0.10210396039603999,0.034596607219344995,0.06750735317669498
15,291553.0795309835,17,3.4333333333333336,0.01856435643564351,0.03236536771209253,-0.013801011276449018
15,291553.0795309835,17,3.5,0.037128712871287266,0.030278027567779357,0.0068506853035079085
15,291553.0795309835,17,3.5666666666666664,0.027846534653465264,0.028325306282637477,-0.0004787716291722137
15,291553.0795309835,17,3.6333333333333333,0.0,0.02649852188056732,-0.02649852188056732
15,291553.0795309835,17,3.7,0.0,0.024789552312283886,-0.024789552312283886
15,291553.0795309835,17,3.7666666666666666,0.0,0.02319079934394827,-0.02319079934394827
15,291553.0795309835,17,3.833333333333333,0.0,0.02169515477473027,-0.02169515477473027
15,291553.0795309835,17,3.9,0.018564356435643633,0.020295968833102217,-0.0017316123974585838
15,291553.0795309835,17,3.966666666666667,0.0,0.018987020611351133,-0.018987020611351133
15,291553.0795309835,17,4.033333333333333,0.009282178217821816,0.017762490406858282,-0.008480312189036466
15,291553.0795309835,17,4.1,0.0,0.016616933847173034,-0.016616933847173034
15,291553.0795309835,17,4.166666666666666,0.0,0.015545257683838685,-0.015545257683838685
15,291553.0795309835,17,4.233333333333333,0.009282178217821816,0.01454269714734751,-0.005260518929525693
15,291553.0795309835,17,4.3,0.018564356435643633,0.013604794762542978,0.0049595616731006546
15,291553.0795309835,17,4.366666666666667,0.0,0.012727380530280517,-0.012727380530280517
15,291553.0795309835,17,4.433333333333334,0.0,0.011906553387232842,-0.011906553387232842
15,291553.0795309835,17,4.5,0.0,0.011138663861408195,-0.011138663861408195
15,291553.0795309835,17,4.566666666666666,0.0,0.01042029784626662,-0.01042029784626662
15,291553.0795309835,17,4.633333333333333,0.0,0.009748261421292348,-0.009748261421292348
15,291553.0795309835,17,4.7,0.009282178217821816,0.009119566651533231,0.00016261156628858547
15,291553.0795309835,17,4.766666666666667,0.0,0.00853141830297074,-0.00853141830297074
15,291553.0795309835,17,4.833333333333333,0.009282178217821816,0.00798120141465572,0.0013009768031660967
15,291553.0795309835,17,4.9,0.009282178217821693,0.00746646967235465,0.0018157085454670431
15,291553.0795309835,17,4.966666666666667,0.0,0.0069849345320145105,-0.0069849345320145105
15,291553.0795309835,17,5.033333333333333,0.0,0.006534455044688131,-0.006534455044688131
15,291553.0795309835,17,5.1,0.0,0.006113028337680839,-0.006113028337680839
15,291553.0795309835,17,5.166666666666666,0.009282178217821693,0.005718780709596645,0.0035633975082250482
15,291553.0795309835,17,5.233333333333333,0.0,0.005349959299691729,-0.005349959299691729
15,291553.0795309835,17,5.3,0.0,0.005004924294496477,-0.005004924294496477
15,291553.0795309835,17,5.366666666666667,0.0,0.004682141637055892,-0.004682141637055892
15,291553.0795309835,17,5.433333333333334,0.0,0.004380176206373162,-0.004380176206373162
15,291553.0795309835,17,5.5,0.0,0.0040976854367313865,-0.0040976854367313865
15,291553.0795309835,17,5.566666666666666,0.0,0.003833413348524548,-0.003833413348524548
15,291553.0795309835,17,5.633333333333333,0.0,0.003586184964058159,-0.003586184964058159
15,291553.0795309835,17,5.7,0.0,0.0033549010834917664,-0.0033549010834917664
15,291553.0795309835,17,5.766666666666667,0.0,0.003138533397696691,-0.003138533397696691
15,291553.0795309835,17,5.833333333333333,0.0,0.0029361199163002714,-0.0029361199163002714
15,291553.0795309835,17,5.9,0.0,0.002746760690589351,-0.002746760690589351
15,291553.0795309835,17,5.966666666666667,0.0,0.0025696138122566084,-0.0025696138122566084
15,291553.0795309835,19,0.03333333333333333,0.0,0.9697991161959337,-0.9697991161959337
15,291553.0795309835,19,0.1,0.0,0.9072538472787854,-0.9072538472787854
15,291553.0795309835,19,0.16666666666666669,0.0,0.8487423113261123,-0.8487423113261123
15,291553.0795309835,19,0.23333333333333334,0.0,0.7940043607374581,-0.7940043607374581
15,291553.0795309835,19,0.3,4.112296110414054,0.7427966256154565,3.369499484798597
15,291553.0795309835,19,0.3666666666666667,0.0,0.694891431721175,-0.694891431721175
15,291553.0795309835,19,0.43333333333333335,0.0,0.6500757882137806,-0.6500757882137806
15,291553.0795309835,19,0.5,0.0,0.6081504406739263,-0.6081504406739263
15,291553.0795309835,19,0.5666666666666667,0.0,0.5689289852005146,-0.5689289852005146
15,291553.0795309835,19,0.6333333333333333,0.0,0.5322370396420313,-0.5322370396420313
15,291553.0795309835,19,0.7,0.0,0.4979114682776703,-0.4979114682776703
15,291553.0795309835,19,0.7666666666666666,2.1925972396486793,0.4657996565011093,1.72679758314757
15,291553.0795309835,19,0.8333333333333334,0.9786700125470518,0.4357588322821159,0.5429111802649358
15,291553.0795309835,19,0.9,0.0,0.4076554313891406,-0.4076554313891406
15,291553.0795309835,19,0.9666666666666667,2.371392722710164,0.38136450355061846,1.9900282191595453
15,291553.0795309835,19,1.0333333333333332,0.0,0.35676915691471883,-0.35676915691471883
15,291553.0795309835,19,1.1,0.0,0.3337600383375607,-0.3337600383375607
15,291553.0795309835,19,1.1666666666666665,0.0,0.3122348471892086,-0.3122348471892086
15,291553.0795309835,19,1.2333333333333334,0.0,0.29209788051578434,-0.29209788051578434
15,291553.0795309835,19,1.2999999999999998,0.0,0.2732596075354472,-0.2732596075354472
15,291553.0795309835,19,1.3666666666666667,0.0,0.2556362715764093,-0.2556362715764093
15,291553.0795309835,19,1.4333333333333331,1.486825595984944,0.23914951768717055,1.2476760782977734
15,291553.0795309835,19,1.5,0.0,0.2237260442632904,-0.2237260442632904
15,291553.0795309835,19,1.5666666666666667,0.0,0.2092972771418011,-0.2092972771418011
15,291553.0795309835,19,1.6333333333333333,0.0,0.19579906471425323,-0.19579906471425323
15,291553.0795309835,19,1.7000000000000002,0.4799247176913426,0.18317139270284163,0.29675332498850093
15,291553.0795309835,19,1.7666666666666666,0.8563362609786701,0.17135811733147788,0.6849781436471922
15,291553.0795309835,19,1.8333333333333335,0.0,0.16030671570546504,-0.16030671570546504
15,291553.0795309835,19,1.9,0.4046424090338771,0.1499680522899403,0.2546743567439368
15,291553.0795309835,19,1.9666666666666668,0.10351317440401507,0.14029616044882603,-0.036782986044810964
15,291553.0795309835,19,2.033333333333333,0.0,0.13124803807299337,-0.13124803807299337
15,291553.0795309835,19,2.0999999999999996,0.0,0.12278345638898103,-0.12278345638898103
15,291553.0795309835,19,2.166666666666667,0.20702634880802948,0.1148647810982167,0.09216156770981278
15,291553.0795309835,19,2.2333333333333334,0.4422835633626114,0.10745680505150948,0.33482675831110187
15,291553.0795309835,19,2.3,0.0658720200752821,0.10052659171486797,-0.034654571639585866
15,291553.0795309835,19,2.3666666666666667,0.27289836888331337,0.09404332873068051,0.17885504015263287
15,291553.0795309835,19,2.4333333333333336,0.09410288582183159,0.08797819092317623,0.006124694898655358
15,291553.0795309835,19,2.5,0.0,0.08230421213907665,-0.08230421213907665
15,291553.0795309835,19,2.5666666666666664,0.0,0.0769961653536303,-0.0769961653536303
15,291553.0795309835,19,2.6333333333333333,0.07528230865746577,0.07203045050897056,0.0032518581484952125
15,291553.0795309835,19,2.7,0.17879548306148,0.06738498958611619,0.1114104934753638
15,291553.0795309835,19,2.7666666666666666,0.0,0.06303912844409452,-0.06303912844409452
15,291553.0795309835,19,2.833333333333333,0.0,0.05897354498975579,-0.05897354498975579
15,291553.0795309835,19,2.9,0.0,0.05517016326999288,-0.05517016326999288
15,291553.0795309835,19,2.966666666666667,0.0,0.05161207310441313,-0.05161207310441313
15,291553.0795309835,19,3.033333333333333,0.0,0.04828345490114099,-0.04828345490114099
15,291553.0795309835,19,3.0999999999999996,0.04705144291091579,0.0451695093214765,0.0018819335894392913
15,291553.0795309835,19,3.166666666666667,0.11292346298619789,0.042256391480692004,0.07066707150550589
15,291553.0795309835,19,3.2333333333333334,0.09410288582183221,0.039531149392417926,0.054571736429414285
15,291553.0795309835,19,3.3,0.07528230865746527,0.036981666382935374,0.038300642274529895
15,291553.0795309835,19,3.3666666666666667,0.06587202007528253,0.034596607219344995,0.03127541285593754
15,291553.0795309835,19,3.4333333333333336,0.018820577164366317,0.03236536771209253,-0.013544790547726213
15,291553.0795309835,19,3.5,0.0,0.030278027567779357,-0.030278027567779357
15,291553.0795309835,19,3.5666666666666664,0.0,0.028325306282637477,-0.028325306282637477
15,291553.0795309835,19,3.6333333333333333,0.0,0.02649852188056732,-0.02649852188056732
15,291553.0795309835,19,3.7,0.0,0.024789552312283886,-0.024789552312283886
15,291553.0795309835,19,3.7666666666666666,0.018820577164366442,0.02319079934394827,-0.004370222179581829
15,291553.0795309835,19,3.833333333333333,0.04705144291091579,0.02169515477473027,0.025356288136185522
15,291553.0795309835,19,3.9,0.018820577164366442,0.020295968833102217,-0.0014753916687357746
15,291553.0795309835,19,3.966666666666667,0.0,0.018987020611351133,-0.018987020611351133
15,291553.0795309835,19,4.033333333333333,0.018820577164366442,0.017762490406858282,0.0010580867575081601
15,291553.0795309835,19,4.1,0.018820577164366442,0.016616933847173034,0.0022036433171934086
15,291553.0795309835,19,4.166666666666666,0.0,0.015545257683838685,-0.015545257683838685
15,291553.0795309835,19,4.233333333333333,0.009410288582183221,0.01454269714734751,-0.005132408565164288
15,291553.0795309835,19,4.3,0.047051442910916105,0.013604794762542978,0.03344664814837313
15,291553.0795309835,19,4.366666666666667,0.018820577164366192,0.012727380530280517,0.006093196634085675
15,291553.0795309835,19,4.433333333333334,0.0,0.011906553387232842,-0.011906553387232842
15,291553.0795309835,19,4.5,0.0,0.011138663861408195,-0.011138663861408195
15,291553.0795309835,19,4.566666666666666,0.009410288582183221,0.01042029784626662,-0.0010100092640833985
15,291553.0795309835,19,4.633333333333333,0.009410288582183096,0.009748261421292348,-0.00033797283910925145
15,291553.0795309835,19,4.7,0.009410288582183221,0.009119566651533231,0.0002907219306499901
15,291553.0795309835,19,4.766666666666667,0.0,0.00853141830297074,-0.00853141830297074
15,291553.0795309835,19,4.833333333333333,0.018820577164366442,0.00798120141465572,0.010839375749710722
15,291553.0795309835,19,4.9,0.0,0.00746646967235465,-0.00746646967235465
15,291553.0795309835,19,4.966666666666667,0.0,0.0069849345320145105,-0.0069849345320145105
15,291553.0795309835,19,5.033333333333333,0.0,0.006534455044688131,-0.006534455044688131
15,291553.0795309835,19,5.1,0.0,0.006113028337680839,-0.006113028337680839
15,291553.0795309835,19,5.166666666666666,0.0,0.005718780709596645,-0.005718780709596645
15,291553.0795309835,19,5.233333333333333,0.0,0.005349959299691729,-0.005349959299691729
15,291553.0795309835,19,5.3,0.0,0.005004924294496477,-0.005004924294496477
15,291553.0795309835,19,5.366666666666667,0.0,0.004682141637055892,-0.004682141637055892
15,291553.0795309835,19,5.433333333333334,0.0,0.004380176206373162,-0.004380176206373162
15,291553.0795309835,19,5.5,0.0,0.0040976854367313865,-0.0040976854367313865
15,291553.0795309835,19,5.566666666666666,0.009410288582183221,0.003833413348524548,0.0055768752336586725
15,291553.0795309835,19,5.633333333333333,0.009410288582183096,0.003586184964058159,0.005824103618124937
15,291553.0795309835,19,5.7,0.0,0.0033549010834917664,-0.0033549010834917664
15,291553.0795309835,19,5.766666666666667,0.0,0.003138533397696691,-0.003138533397696691
15,291553.0795309835,19,5.833333333333333,0.0,0.0029361199163002714,-0.0029361199163002714
15,291553.0795309835,19,5.9,0.0,0.002746760690589351,-0.002746760690589351
15,291553.0795309835,19,5.966666666666667,0.0,0.0025696138122566084,-0.0025696138122566084
15,291553.0795309835,23,0.03333333333333333,0.0,0.9697991161959337,-0.9697991161959337
15,291553.0795309835,23,0.1,0.0,0.9072538472787854,-0.9072538472787854
15,291553.0795309835,23,0.16666666666666669,0.0,0.8487423113261123,-0.8487423113261123
15,291553.0795309835,23,0.23333333333333334,0.0,0.7940043607374581,-0.7940043607374581
15,291553.0795309835,23,0.3,0.0,0.7427966256154565,-0.7427966256154565
15,291553.0795309835,23,0.3666666666666667,0.0,0.694891431721175,-0.694891431721175
15,291553.0795309835,23,0.43333333333333335,0.018679950186799507,0.6500757882137806,-0.6313958380269812
15,291553.0795309835,23,0.5,4.315068493150686,0.6081504406739263,3.7069180524767593
15,291553.0795309835,23,0.5666666666666667,0.0,0.5689289852005146,-0.5689289852005146
15,291553.0795309835,23,0.6333333333333333,3.2316313823163143,0.5322370396420313,2.699394342674283
15,291553.0795309835,23,0.7,0.0,0.4979114682776703,-0.4979114682776703
15,291553.0795309835,23,0.7666666666666666,0.0,0.4657996565011093,-0.4657996565011093
15,291553.0795309835,23,0.8333333333333334,0.0,0.4357588322821159,-0.4357588322821159
15,291553.0795309835,23,0.9,0.0,0.4076554313891406,-0.4076554313891406
15,291553.0795309835,23,0.9666666666666667,0.0,0.38136450355061846,-0.38136450355061846
15,291553.0795309835,23,1.0333333333333332,0.0,0.35676915691471883,-0.35676915691471883
15,291553.0795309835,23,1.1,2.4844333748443344,0.3337600383375607,2.150673336506774
15,291553.0795309835,23,1.1666666666666665,0.1587795765877958,0.3122348471892086,-0.15345527060141279
15,291553.0795309835,23,1.2333333333333334,0.0,0.29209788051578434,-0.29209788051578434
15,291553.0795309835,23,1.2999999999999998,0.0,0.2732596075354472,-0.2732596075354472
15,291553.0795309835,23,1.3666666666666667,0.009339975093399754,0.2556362715764093,-0.24629629648300952
15,291553.0795309835,23,1.4333333333333331,1.4103362391033627,0.23914951768717055,1.1711867214161922
15,291553.0795309835,23,1.5,0.0,0.2237260442632904,-0.2237260442632904
15,291553.0795309835,23,1.5666666666666667,0.6911581569115794,0.2092972771418011,0.4818608797697783
15,291553.0795309835,23,1.6333333333333333,0.3922789539227896,0.19579906471425323,0.19647988920853637
15,291553.0795309835,23,1.7000000000000002,0.0,0.18317139270284163,-0.18317139270284163
15,291553.0795309835,23,1.7666666666666666,0.0,0.17135811733147788,-0.17135811733147788
15,291553.0795309835,23,1.8333333333333335,0.0,0.16030671570546504,-0.16030671570546504
15,291553.0795309835,23,1.9,0.681818181818182,0.1499680522899403,0.5318501295282416
15,291553.0795309835,23,1.9666666666666668,0.10273972602739728,0.14029616044882603,-0.03755643442142875
15,291553.0795309835,23,2.033333333333333,0.2334993773349946,0.13124803807299337,0.10225133926200122
15,291553.0795309835,23,2.0999999999999996,0.24283935242839277,0.12278345638898103,0.12005589603941175
15,291553.0795309835,23,2.166666666666667,0.0,0.1148647810982167,-0.1148647810982167
15,291553.0795309835,23,2.2333333333333334,0.0,0.10745680505150948,-0.10745680505150948
15,291553.0795309835,23,2.3,0.009339975093399722,0.10052659171486797,-0.09118661662146825
15,291553.0795309835,23,2.3666666666666667,0.19613947696139547,0.09404332873068051,0.10209614823071496
15,291553.0795309835,23,2.4333333333333336,0.0840597758405975,0.08797819092317623,-0.00391841508257873
15,291553.0795309835,23,2.5,0.0,0.08230421213907665,-0.08230421213907665
15,291553.0795309835,23,2.5666666666666664,0.0,0.0769961653536303,-0.0769961653536303
15,291553.0795309835,23,2.6333333333333333,0.0,0.07203045050897056,-0.07203045050897056
15,291553.0795309835,23,2.7,0.0,0.06738498958611619,-0.06738498958611619
15,291553.0795309835,23,2.7666666666666666,0.0,0.06303912844409452,-0.06303912844409452
15,291553.0795309835,23,2.833333333333333,0.10273972602739694,0.05897354498975579,0.04376618103764115
15,291553.0795309835,23,2.9,0.09339975093399784,0.05517016326999288,0.03822958766400496
15,291553.0795309835,23,2.966666666666667,0.0840597758405975,0.05161207310441313,0.032447702736184365
15,291553.0795309835,23,3.033333333333333,0.11207970112079742,0.04828345490114099,0.06379624621965643
15,291553.0795309835,23,3.0999999999999996,0.018679950186799445,0.0451695093214765,-0.026489559134677057
15,291553.0795309835,23,3.166666666666667,0.0,0.042256391480692004,-0.042256391480692004
15,291553.0795309835,23,3.2333333333333334,0.0,0.039531149392417926,-0.039531149392417926
15,291553.0795309835,23,3.3,0.0,0.036981666382935374,-0.036981666382935374
15,291553.0795309835,23,3.3666666666666667,0.0,0.034596607219344995,-0.034596607219344995
15,291553.0795309835,23,3.4333333333333336,0.028019925280199164,0.03236536771209253,-0.004345442431893366
15,291553.0795309835,23,3.5,0.05603985056039871,0.030278027567779357,0.02576182299261935
15,291553.0795309835,23,3.5666666666666664,0.018679950186799445,0.028325306282637477,-0.009645356095838033
15,291553.0795309835,23,3.6333333333333333,0.0,0.02649852188056732,-0.02649852188056732
15,291553.0795309835,23,3.7,0.0,0.024789552312283886,-0.024789552312283886
15,291553.0795309835,23,3.7666666666666666,0.03735990037359914,0.02319079934394827,0.014169101029650868
15,291553.0795309835,23,3.833333333333333,0.018679950186799445,0.02169515477473027,-0.003015204587930826
15,291553.0795309835,23,3.9,0.028019925280199354,0.020295968833102217,0.007723956447097138
15,291553.0795309835,23,3.966666666666667,0.018679950186799445,0.018987020611351133,-0.0003070704245516885
15,291553.0795309835,23,4.033333333333333,0.0,0.017762490406858282,-0.017762490406858282
15,291553.0795309835,23,4.1,0.0,0.016616933847173034,-0.016616933847173034
15,291553.0795309835,23,4.166666666666666,0.0,0.015545257683838685,-0.015545257683838685
15,291553.0795309835,23,4.233333333333333,0.01867995018679957,0.01454269714734751,0.00413725303945206
15,291553.0795309835,23,4.3,0.01867995018679957,0.013604794762542978,0.005075155424256591
15,291553.0795309835,23,4.366666666666667,0.00933997509339966,0.012727380530280517,-0.0033874054368808575
15,291553.0795309835,23,4.433333333333334,0.009339975093399785,0.011906553387232842,-0.0025665782938330568
15,291553.0795309835,23,4.5,0.0,0.011138663861408195,-0.011138663861408195
15,291553.0795309835,23,4.566666666666666,0.0,0.01042029784626662,-0.01042029784626662
15,291553.0795309835,23,4.633333333333333,0.0,0.009748261421292348,-0.009748261421292348
15,291553.0795309835,23,4.7,0.009339975093399785,0.009119566651533231,0.00022040844186655383
15,291553.0795309835,23,4.766666666666667,0.01867995018679957,0.00853141830297074,0.01014853188382883
15,291553.0795309835,23,4.833333333333333,0.009339975093399785,0.00798120141465572,0.001358773678744065
15,291553.0795309835,23,4.9,0.0,0.00746646967235465,-0.00746646967235465
15,291553.0795309835,23,4.966666666666667,0.0,0.0069849345320145105,-0.0069849345320145105
15,291553.0795309835,23,5.033333333333333,0.0,0.006534455044688131,-0.006534455044688131
15,291553.0795309835,23,5.1,0.0,0.006113028337680839,-0.006113028337680839
15,291553.0795309835,23,5.166666666666666,0.00933997509339966,0.005718780709596645,0.003621194383803015
15,291553.0795309835,23,5.233333333333333,0.01867995018679957,0.005349959299691729,0.01332999088710784
15,291553.0795309835,23,5.3,0.0,0.005004924294496477,-0.005004924294496477
15,291553.0795309835,23,5.366666666666667,0.0,0.004682141637055892,-0.004682141637055892
15,291553.0795309835,23,5.433333333333334,0.0,0.004380176206373162,-0.004380176206373162
15,291553.0795309835,23,5.5,0.0,0.0040976854367313865,-0.0040976854367313865
15,291553.0795309835,23,5.566666666666666,0.0,0.003833413348524548,-0.003833413348524548
15,291553.0795309835,23,5.633333333333333,0.0,0.003586184964058159,-0.003586184964058159
15,291553.0795309835,23,5.7,0.0,0.0033549010834917664,-0.0033549010834917664
15,291553.0795309835,23,5.766666666666667,0.0,0.003138533397696691,-0.003138533397696691
15,291553.0795309835,23,5.833333333333333,0.0,0.0029361199163002714,-0.0029361199163002714
15,291553.0795309835,23,5.9,0.0,0.002746760690589351,-0.002746760690589351
15,291553.0795309835,23,5.966666666666667,0.0,0.0025696138122566084,-0.0025696138122566084
15,291553.0795309835,29,0.03333333333333333,0.0,0.9697991161959337,-0.9697991161959337
15,291553.0795309835,29,0.1,0.0,0.9072538472787854,-0.9072538472787854
15,291553.0795309835,29,0.16666666666666669,4.047326367547633,0.8487423113261123,3.198584056221521
15,291553.0795309835,29,0.23333333333333334,0.0,0.7940043607374581,-0.7940043607374581
15,291553.0795309835,29,0.3,0.0,0.7427966256154565,-0.7427966256154565
15,291553.0795309835,29,0.3666666666666667,0.0,0.694891431721175,-0.694891431721175
15,291553.0795309835,29,0.43333333333333335,0.0,0.6500757882137806,-0.6500757882137806
15,291553.0795309835,29,0.5,0.0,0.6081504406739263,-0.6081504406739263
15,291553.0795309835,29,0.5666666666666667,0.0,0.5689289852005146,-0.5689289852005146
15,291553.0795309835,29,0.6333333333333333,3.023970497848802,0.5322370396420313,2.4917334582067707
15,291553.0795309835,29,0.7,0.0,0.4979114682776703,-0.4979114682776703
15,291553.0795309835,29,0.7666666666666666,0.0,0.4657996565011093,-0.4657996565011093
15,291553.0795309835,29,0.8333333333333334,0.0,0.4357588322821159,-0.4357588322821159
15,291553.0795309835,29,0.9,0.0,0.4076554313891406,-0.4076554313891406
15,291553.0795309835,29,0.9666666666666667,2.1850030731407504,0.38136450355061846,1.8036385695901318
15,291553.0795309835,29,1.0333333333333332,0.0,0.35676915691471883,-0.35676915691471883
15,291553.0795309835,29,1.1,1.825445605408728,0.3337600383375607,1.4916855670711673
15,291553.0795309835,29,1.1666666666666665,0.16594960049170254,0.3122348471892086,-0.14628524669750603
15,291553.0795309835,29,1.2333333333333334,0.0,0.29209788051578434,-0.29209788051578434
15,291553.0795309835,29,1.2999999999999998,0.0,0.2732596075354472,-0.2732596075354472
15,291553.0795309835,29,1.3666666666666667,0.0,0.2556362715764093,-0.2556362715764093
15,291553.0795309835,29,1.4333333333333331,1.1247695144437617,0.23914951768717055,0.8856199967565912
15,291553.0795309835,29,1.5,0.0,0.2237260442632904,-0.2237260442632904
15,291553.0795309835,29,1.5666666666666667,0.608481868469574,0.2092972771418011,0.39918459132777284
15,291553.0795309835,29,1.6333333333333333,0.2673632452366319,0.19579906471425323,0.07156418052237867
15,291553.0795309835,29,1.7000000000000002,0.0,0.18317139270284163,-0.18317139270284163
15,291553.0795309835,29,1.7666666666666666,0.0,0.17135811733147788,-0.17135811733147788
15,291553.0795309835,29,1.8333333333333335,0.009219422249539031,0.16030671570546504,-0.151087293455926
15,291553.0795309835,29,1.9,0.57160417947142,0.1499680522899403,0.42163612718147964
15,291553.0795309835,29,1.9666666666666668,0.055316533497234185,0.14029616044882603,-0.08497962695159185
15,291553.0795309835,29,2.033333333333333,0.0,0.13124803807299337,-0.13124803807299337
15,291553.0795309835,29,2.0999999999999996,0.0,0.12278345638898103,-0.12278345638898103
15,291553.0795309835,29,2.166666666666667,0.0,0.1148647810982167,-0.1148647810982167
15,291553.0795309835,29,2.2333333333333334,0.0,0.10745680505150948,-0.10745680505150948
15,291553.0795309835,29,2.3,0.0,0.10052659171486797,-0.10052659171486797
15,291553.0795309835,29,2.3666666666666667,0.20282728948985937,0.09404332873068051,0.10878396075917886
15,291553.0795309835,29,2.4333333333333336,0.073755377996312,0.08797819092317623,-0.014222812926864226
15,291553.0795309835,29,2.5,0.1936078672403203,0.08230421213907665,0.11130365510124365
15,291553.0795309835,29,2.5666666666666664,0.101413644744929,0.0769961653536303,0.024417479391298708
15,291553.0795309835,29,2.6333333333333333,0.0,0.07203045050897056,-0.07203045050897056
15,291553.0795309835,29,2.7,0.0,0.06738498958611619,-0.06738498958611619
15,291553.0795309835,29,2.7666666666666666,0.0,0.06303912844409452,-0.06303912844409452
15,291553.0795309835,29,2.833333333333333,0.0,0.05897354498975579,-0.05897354498975579
15,291553.0795309835,29,2.9,0.0,0.05517016326999288,-0.05517016326999288
15,291553.0795309835,29,2.966666666666667,0.082974800245851,0.05161207310441313,0.03136272714143786
15,291553.0795309835,29,3.033333333333333,0.06453595574677343,0.04828345490114099,0.016252500845632435
15,291553.0795309835,29,3.0999999999999996,0.018438844499078,0.0451695093214765,-0.0267306648223985
15,291553.0795309835,29,3.166666666666667,0.0,0.042256391480692004,-0.042256391480692004
15,291553.0795309835,29,3.2333333333333334,0.0,0.039531149392417926,-0.039531149392417926
15,291553.0795309835,29,3.3,0.046097111247695007,0.036981666382935374,0.009115444864759632
15,291553.0795309835,29,3.3666666666666667,0.036877688998156244,0.034596607219344995,0.002281081778811249
15,291553.0795309835,29,3.4333333333333336,0.036877688998156,0.03236536771209253,0.004512321286063471
15,291553.0795309835,29,3.5,0.05531653349723437,0.030278027567779357,0.025038505929455016
15,291553.0795309835,29,3.5666666666666664,0.027658266748617,0.028325306282637477,-0.0006670395340204784
15,291553.0795309835,29,3.6333333333333333,0.0,0.02649852188056732,-0.02649852188056732
15,291553.0795309835,29,3.7,0.0,0.024789552312283886,-0.024789552312283886
15,291553.0795309835,29,3.7666666666666666,0.027658266748617186,0.02319079934394827,0.004467467404668916
15,291553.0795309835,29,3.833333333333333,0.0,0.02169515477473027,-0.02169515477473027
15,291553.0795309835,29,3.9,0.04609711124769531,0.020295968833102217,0.025801142414593095
15,291553.0795309835,29,3.966666666666667,0.018438844499078,0.018987020611351133,-0.0005481761122731327
15,291553.0795309835,29,4.033333333333333,0.009219422249539061,0.017762490406858282,-0.008543068157319221
15,291553.0795309835,29,4.1,0.0,0.016616933847173034,-0.016616933847173034
15,291553.0795309835,29,4.166666666666666,0.0,0.015545257683838685,-0.015545257683838685
15,291553.0795309835,29,4.233333333333333,0.009219422249539061,0.01454269714734751,-0.0053232748978084485
15,291553.0795309835,29,4.3,0.0,0.013604794762542978,-0.013604794762542978
15,291553.0795309835,29,4.366666666666667,0.00921942224953894,0.012727380530280517,-0.003507958280741578
15,291553.0795309835,29,4.433333333333334,0.0,0.011906553387232842,-0.011906553387232842
15,291553.0795309835,29,4.5,0.0,0.011138663861408195,-0.011138663861408195
15,291553.0795309835,29,4.566666666666666,0.0,0.01042029784626662,-0.01042029784626662
15,291553.0795309835,29,4.633333333333333,0.0,0.009748261421292348,-0.009748261421292348
15,291553.0795309835,29,4.7,0.0,0.009119566651533231,-0.009119566651533231
15,291553.0795309835,29,4.766666666666667,0.0,0.00853141830297074,-0.00853141830297074
15,291553.0795309835,29,4.833333333333333,0.009219422249539061,0.00798120141465572,0.0012382208348833412
15,291553.0795309835,29,4.9,0.00921942224953894,0.00746646967235465,0.0017529525771842894
15,291553.0795309835,29,4.966666666666667,0.009219422249539061,0.0069849345320145105,0.0022344877175245505
15,291553.0795309835,29,5.033333333333333,0.0,0.006534455044688131,-0.006534455044688131
15,291553.0795309835,29,5.1,0.0,0.006113028337680839,-0.006113028337680839
15,291553.0795309835,29,5.166666666666666,0.0,0.005718780709596645,-0.005718780709596645
15,291553.0795309835,29,5.233333333333333,0.0,0.005349959299691729,-0.005349959299691729
15,291553.0795309835,29,5.3,0.009219422249539061,0.005004924294496477,0.004214497955042584
15,291553.0795309835,29,5.366666666666667,0.00921942224953894,0.004682141637055892,0.004537280612483047
15,291553.0795309835,29,5.433333333333334,0.009219422249539061,0.004380176206373162,0.004839246043165899
15,291553.0795309835,29,5.5,0.0,0.0040976854367313865,-0.0040976854367313865
15,291553.0795309835,29,5.566666666666666,0.0,0.003833413348524548,-0.003833413348524548
15,291553.0795309835,29,5.633333333333333,0.0,0.003586184964058159,-0.003586184964058159
15,291553.0795309835,29,5.7,0.0,0.0033549010834917664,-0.0033549010834917664
15,291553.0795309835,29,5.766666666666667,0.0,0.003138533397696691,-0.003138533397696691
15,291553.0795309835,29,5.833333333333333,0.0,0.0029361199163002714,-0.0029361199163002714
15,291553.0795309835,29,5.9,0.0,0.002746760690589351,-0.002746760690589351
15,291553.0795309835,29,5.966666666666667,0.0,0.0025696138122566084,-0.0025696138122566084
16,505433.80969618564,1,0.03333333333333333,0.0,0.9697991161959337,-0.9697991161959337
16,505433.80969618564,1,0.1,0.0,0.9072538472787854,-0.9072538472787854
16,505433.80969618564,1,0.16666666666666669,0.0,0.8487423113261123,-0.8487423113261123
16,505433.80969618564,1,0.23333333333333334,0.0,0.7940043607374581,-0.7940043607374581
16,505433.80969618564,1,0.3,0.0,0.7427966256154565,-0.7427966256154565
16,505433.80969618564,1,0.3666666666666667,0.0,0.694891431721175,-0.694891431721175
16,505433.80969618564,1,0.43333333333333335,3.9977477477477494,0.6500757882137806,3.347671959533969
16,505433.80969618564,1,0.5,0.0,0.6081504406739263,-0.6081504406739263
16,505433.80969618564,1,0.5666666666666667,0.0,0.5689289852005146,-0.5689289852005146
16,505433.80969618564,1,0.6333333333333333,0.0,0.5322370396420313,-0.5322370396420313
16,505433.80969618564,1,0.7,0.0,0.4979114682776703,-0.4979114682776703
16,505433.80969618564,1,0.7666666666666666,3.0743243243243206,0.4657996565011093,2.608524667823211
16,505433.80969618564,1,0.8333333333333334,0.0,0.4357588322821159,-0.4357588322821159
16,505433.80969618564,1,0.9,2.190315315315316,0.4076554313891406,1.7826598839261756
16,505433.80969618564,1,0.9666666666666667,0.0,0.38136450355061846,-0.38136450355061846
16,505433.80969618564,1,1.0333333333333332,0.0,0.35676915691471883,-0.35676915691471883
16,505433.80969618564,1,1.1,0.0,0.3337600383375607,-0.3337600383375607
16,505433.80969618564,1,1.1666666666666665,0.2927927927927929,0.3122348471892086,-0.019442054396415664
16,505433.80969618564,1,1.2333333333333334,1.4020270270270276,0.29209788051578434,1.1099291465112433
16,505433.80969618564,1,1.2999999999999998,0.0,0.2732596075354472,-0.2732596075354472
16,505433.80969618564,1,1.3666666666666667,1.1261261261261266,0.2556362715764093,0.8704898545497173
16,505433.80969618564,1,1.4333333333333331,0.0,0.23914951768717055,-0.23914951768717055
16,505433.80969618564,1,1.5,0.0,0.2237260442632904,-0.2237260442632904
16,505433.80969618564,1,1.5666666666666667,0.0,0.2092972771418011,-0.2092972771418011
16,505433.80969618564,1,1.6333333333333333,0.4898648648648651,0.19579906471425323,0.29406580015061184
16,505433.80969618564,1,1.7000000000000002,0.5461711711711714,0.18317139270284163,0.36299977846832976
16,505433.80969618564,1,1.7666666666666666,0.0,0.17135811733147788,-0.17135811733147788
16,505433.80969618564,1,1.8333333333333335,0.0,0.16030671570546504,-0.16030671570546504
16,505433.80969618564,1,1.9,0.0,0.1499680522899403,-0.1499680522899403
16,505433.80969618564,1,1.9666666666666668,0.0,0.14029616044882603,-0.14029616044882603
16,505433.80969618564,1,2.033333333333333,0.0,0.13124803807299337,-0.13124803807299337
16,505433.80969618564,1,2.0999999999999996,0.35472972972972866,0.12278345638898103,0.23194627334074763
16,505433.80969618564,1,2.166666666666667,0.29842342342342254,0.1148647810982167,0.18355864232520586
16,505433.80969618564,1,2.2333333333333334,0.18018018018018084,0.10745680505150948,0.07272337512867136
16,505433.80969618564,1,2.3,0.18018018018017964,0.10052659171486797,0.07965358846531168
16,505433.80969618564,1,2.3666666666666667,0.0,0.09404332873068051,-0.09404332873068051
16,505433.80969618564,1,2.4333333333333336,0.0,0.08797819092317623,-0.08797819092317623
16,505433.80969618564,1,2.5,0.0,0.08230421213907665,-0.08230421213907665
16,505433.80969618564,1,2.5666666666666664,0.0,0.0769961653536303,-0.0769961653536303
16,505433.80969618564,1,2.6333333333333333,0.0,0.07203045050897056,-0.07203045050897056
16,505433.80969618564,1,2.7,0.12387387387387351,0.06738498958611619,0.05648888428775732
16,505433.80969618564,1,2.7666666666666666,0.12387387387387434,0.06303912844409452,0.06083474542977982
16,505433.80969618564,1,2.833333333333333,0.0,0.05897354498975579,-0.05897354498975579
16,505433.80969618564,1,2.9,0.0,0.05517016326999288,-0.05517016326999288
16,505433.80969618564,1,2.966666666666667,0.01689189189189184,0.05161207310441313,-0.034720181212521295
16,505433.80969618564,1,3.033333333333333,0.10698198198198239,0.04828345490114099,0.058698527080841396
16,505433.80969618564,1,3.0999999999999996,0.06756756756756736,0.0451695093214765,0.02239805824609086
16,505433.80969618564,1,3.166666666666667,0.10698198198198167,0.042256391480692004,0.06472559050128966
16,505433.80969618564,1,3.2333333333333334,0.07319819819819846,0.039531149392417926,0.03366704880578054
16,505433.80969618564,1,3.3,0.0,0.036981666382935374,-0.036981666382935374
16,505433.80969618564,1,3.3666666666666667,0.0,0.034596607219344995,-0.034596607219344995
16,505433.80969618564,1,3.4333333333333336,0.01689189189189184,0.03236536771209253,-0.015473475820200689
16,505433.80969618564,1,3.5,0.05067567567567587,0.030278027567779357,0.020397648107896516
16,505433.80969618564,1,3.5666666666666664,0.03378378378378368,0.028325306282637477,0.005458477501146204
16,505433.80969618564,1,3.6333333333333333,0.03941441441441456,0.02649852188056732,0.012915892533847239
16,505433.80969618564,1,3.7,0.011261261261261228,0.024789552312283886,-0.013528291051022658
16,505433.80969618564,1,3.7666666666666666,0.0,0.02319079934394827,-0.02319079934394827
16,505433.80969618564,1,3.833333333333333,0.0,0.02169515477473027,-0.02169515477473027
16,505433.80969618564,1,3.9,0.005630630630630651,0.020295968833102217,-0.014665338202471566
16,505433.80969618564,1,3.966666666666667,0.01689189189189184,0.018987020611351133,-0.0020951287194592924
16,505433.80969618564,1,4.033333333333333,0.011261261261261302,0.017762490406858282,-0.00650122914559698
16,505433.80969618564,1,4.1,0.0,0.016616933847173034,-0.016616933847173034
16,505433.80969618564,1,4.166666666666666,0.0,0.015545257683838685,-0.015545257683838685
16,505433.80969618564,1,4.233333333333333,0.0,0.01454269714734751,-0.01454269714734751
16,505433.80969618564,1,4.3,0.005630630630630651,0.013604794762542978,-0.007974164131912327
16,505433.80969618564,1,4.366666666666667,0.0,0.012727380530280517,-0.012727380530280517
16,505433.80969618564,1,4.433333333333334,0.0,0.011906553387232842,-0.011906553387232842
16,505433.80969618564,1,4.5,0.011261261261261302,0.011138663861408195,0.00012259739985310755
16,505433.80969618564,1,4.566666666666666,0.011261261261261302,0.01042029784626662,0.0008409634149946828
16,505433.80969618564,1,4.633333333333333,0.01689189189189173,0.009748261421292348,0.007143630470599382
16,505433.80969618564,1,4.7,0.0,0.009119566651533231,-0.009119566651533231
16,505433.80969618564,1,4.766666666666667,0.0,0.00853141830297074,-0.00853141830297074
16,505433.80969618564,1,4.833333333333333,0.0,0.00798120141465572,-0.00798120141465572
16,505433.80969618564,1,4.9,0.0,0.00746646967235465,-0.00746646967235465
16,505433.80969618564,1,4.966666666666667,0.005630630630630651,0.0069849345320145105,-0.0013543039013838593
16,505433.80969618564,1,5.033333333333333,0.0,0.006534455044688131,-0.006534455044688131
16,505433.80969618564,1,5.1,0.0,0.006113028337680839,-0.006113028337680839
16,505433.80969618564,1,5.166666666666666,0.0,0.005718780709596645,-0.005718780709596645
16,505433.80969618564,1,5.233333333333333,0.0,0.005349959299691729,-0.005349959299691729
16,505433.80969618564,1,5.3,0.011261261261261302,0.005004924294496477,0.006256336966764826
16,505433.80969618564,1,5.366666666666667,0.0,0.004682141637055892,-0.004682141637055892
16,505433.80969618564,1,5.433333333333334,0.0,0.004380176206373162,-0.004380176206373162
16,505433.80969618564,1,5.5,0.0,0.0040976854367313865,-0.0040976854367313865
16,505433.80969618564,1,5.566666666666666,0.0,0.003833413348524548,-0.003833413348524548
16,505433.80969618564,1,5.633333333333333,0.0,0.003586184964058159,-0.003586184964058159
16,505433.80969618564,1,5.7,0.0,0.0033549010834917664,-0.0033549010834917664
16,505433.80969618564,1,5.766666666666667,0.0,0.003138533397696691,-0.003138533397696691
16,505433.80969618564,1,5.833333333333333,0.0,0.0029361199163002714,-0.0029361199163002714
16,505433.80969618564,1,5.9,0.0,0.002746760690589351,-0.002746760690589351
16,505433.80969618564,1,5.966666666666667,0.0,0.0025696138122566084,-0.0025696138122566084
16,505433.80969618564,7,0.03333333333333333,0.0,0.9697991161959337,-0.9697991161959337
16,505433.80969618564,7,0.1,0.0,0.9072538472787854,-0.9072538472787854
16,505433.80969618564,7,0.16666666666666669,0.0,0.8487423113261123,-0.8487423113261123
16,505433.80969618564,7,0.23333333333333334,0.0,0.7940043607374581,-0.7940043607374581
16,505433.80969618564,7,0.3,4.01416325009318,0.7427966256154565,3.2713666244777233
16,505433.80969618564,7,0.3666666666666667,0.0,0.694891431721175,-0.694891431721175
16,505433.80969618564,7,0.43333333333333335,2.806559821095789,0.6500757882137806,2.1564840328820085
16,505433.80969618564,7,0.5,0.0,0.6081504406739263,-0.6081504406739263
16,505433.80969618564,7,0.5666666666666667,0.0,0.5689289852005146,-0.5689289852005146
16,505433.80969618564,7,0.6333333333333333,0.0,0.5322370396420313,-0.5322370396420313
16,505433.80969618564,7,0.7,0.0,0.4979114682776703,-0.4979114682776703
16,505433.80969618564,7,0.7666666666666666,2.392843831531864,0.4657996565011093,1.9270441750307545
16,505433.80969618564,7,0.8333333333333334,0.0,0.4357588322821159,-0.4357588322821159
16,505433.80969618564,7,0.9,1.610137905329855,0.4076554313891406,1.2024824739407145
16,505433.80969618564,7,0.9666666666666667,0.0,0.38136450355061846,-0.38136450355061846
16,505433.80969618564,7,1.0333333333333332,0.0,0.35676915691471883,-0.35676915691471883
16,505433.80969618564,7,1.1,0.0,0.3337600383375607,-0.3337600383375607
16,505433.80969618564,7,1.1666666666666665,0.23481177786060384,0.3122348471892086,-0.07742306932860474
16,505433.80969618564,7,1.2333333333333334,1.04547148714126,0.29209788051578434,0.7533736066254757
16,505433.80969618564,7,1.2999999999999998,0.0,0.2732596075354472,-0.2732596075354472
16,505433.80969618564,7,1.3666666666666667,0.0,0.2556362715764093,-0.2556362715764093
16,505433.80969618564,7,1.4333333333333331,0.0,0.23914951768717055,-0.23914951768717055
16,505433.80969618564,7,1.5,0.0,0.2237260442632904,-0.2237260442632904
16,505433.80969618564,7,1.5666666666666667,0.0,0.2092972771418011,-0.2092972771418011
16,505433.80969618564,7,1.6333333333333333,0.45844204248975035,0.19579906471425323,0.2626429777754971
16,505433.80969618564,7,1.7000000000000002,0.6093924711144243,0.18317139270284163,0.42622107841158263
16,505433.80969618564,7,1.7666666666666666,0.08386134923592994,0.17135811733147788,-0.08749676809554793
16,505433.80969618564,7,1.8333333333333335,0.4137159895639211,0.16030671570546504,0.253409273858456
16,505433.80969618564,7,1.9,0.0,0.1499680522899403,-0.1499680522899403
16,505433.80969618564,7,1.9666666666666668,0.0,0.14029616044882603,-0.14029616044882603
16,505433.80969618564,7,2.033333333333333,0.0,0.13124803807299337,-0.13124803807299337
16,505433.80969618564,7,2.0999999999999996,0.0,0.12278345638898103,-0.12278345638898103
16,505433.80969618564,7,2.166666666666667,0.0,0.1148647810982167,-0.1148647810982167
16,505433.80969618564,7,2.2333333333333334,0.17331345508758914,0.10745680505150948,0.06585665003607966
16,505433.80969618564,7,2.3,0.2404025344763317,0.10052659171486797,0.13987594276146373
16,505433.80969618564,7,2.3666666666666667,0.0,0.09404332873068051,-0.09404332873068051
16,505433.80969618564,7,2.4333333333333336,0.0,0.08797819092317623,-0.08797819092317623
16,505433.80969618564,7,2.5,0.0,0.08230421213907665,-0.08230421213907665
16,505433.80969618564,7,2.5666666666666664,0.16772269847185933,0.0769961653536303,0.09072653311822904
16,505433.80969618564,7,2.6333333333333333,0.13417815877748837,0.07203045050897056,0.062147708268517815
16,505433.80969618564,7,2.7,0.05590756615728645,0.06738498958611619,-0.011477423428829743
16,505433.80969618564,7,2.7666666666666666,0.07827059262020154,0.06303912844409452,0.015231464176107018
16,505433.80969618564,7,2.833333333333333,0.0,0.05897354498975579,-0.05897354498975579
16,505433.80969618564,7,2.9,0.0,0.05517016326999288,-0.05517016326999288
16,505433.80969618564,7,2.966666666666667,0.039135296310100515,0.05161207310441313,-0.012476776794312618
16,505433.80969618564,7,3.033333333333333,0.11740588893030232,0.04828345490114099,0.06912243402916132
16,505433.80969618564,7,3.0999999999999996,0.04472605292582916,0.0451695093214765,-0.00044345639564734307
16,505433.80969618564,7,3.166666666666667,0.06149832277301509,0.042256391480692004,0.019241931292323086
16,505433.80969618564,7,3.2333333333333334,0.04472605292582946,0.039531149392417926,0.005194903533411531
16,505433.80969618564,7,3.3,0.0,0.036981666382935374,-0.036981666382935374
16,505433.80969618564,7,3.3666666666666667,0.0,0.034596607219344995,-0.034596607219344995
16,505433.80969618564,7,3.4333333333333336,0.01118151323145729,0.03236536771209253,-0.021183854480635242
16,505433.80969618564,7,3.5,0.02795378307864341,0.030278027567779357,-0.0023242444891359466
16,505433.80969618564,7,3.5666666666666664,0.005590756615728645,0.028325306282637477,-0.022734549666908833
16,505433.80969618564,7,3.6333333333333333,0.0,0.02649852188056732,-0.02649852188056732
16,505433.80969618564,7,3.7,0.0,0.024789552312283886,-0.024789552312283886
16,505433.80969618564,7,3.7666666666666666,0.0,0.02319079934394827,-0.02319079934394827
16,505433.80969618564,7,3.833333333333333,0.0,0.02169515477473027,-0.02169515477473027
16,505433.80969618564,7,3.9,0.011181513231457364,0.020295968833102217,-0.009114455601644852
16,505433.80969618564,7,3.966666666666667,0.0,0.018987020611351133,-0.018987020611351133
16,505433.80969618564,7,4.033333333333333,0.016772269847186046,0.017762490406858282,-0.0009902205596722356
16,505433.80969618564,7,4.1,0.02236302646291473,0.016616933847173034,0.005746092615741695
16,505433.80969618564,7,4.166666666666666,0.0055907566157286075,0.015545257683838685,-0.009954501068110078
16,505433.80969618564,7,4.233333333333333,0.0,0.01454269714734751,-0.01454269714734751
16,505433.80969618564,7,4.3,0.0,0.013604794762542978,-0.013604794762542978
16,505433.80969618564,7,4.366666666666667,0.0,0.012727380530280517,-0.012727380530280517
16,505433.80969618564,7,4.433333333333334,0.0,0.011906553387232842,-0.011906553387232842
16,505433.80969618564,7,4.5,0.02236302646291473,0.011138663861408195,0.011224362601506534
16,505433.80969618564,7,4.566666666666666,0.005590756615728682,0.01042029784626662,-0.004829541230537937
16,505433.80969618564,7,4.633333333333333,0.0055907566157286075,0.009748261421292348,-0.00415750480556374
16,505433.80969618564,7,4.7,0.0,0.009119566651533231,-0.009119566651533231
16,505433.80969618564,7,4.766666666666667,0.005590756615728682,0.00853141830297074,-0.0029406616872420573
16,505433.80969618564,7,4.833333333333333,0.0,0.00798120141465572,-0.00798120141465572
16,505433.80969618564,7,4.9,0.0,0.00746646967235465,-0.00746646967235465
16,505433.80969618564,7,4.966666666666667,0.0,0.0069849345320145105,-0.0069849345320145105
16,505433.80969618564,7,5.033333333333333,0.0,0.006534455044688131,-0.006534455044688131
16,505433.80969618564,7,5.1,0.0,0.006113028337680839,-0.006113028337680839
16,505433.80969618564,7,5.166666666666666,0.0,0.005718780709596645,-0.005718780709596645
16,505433.80969618564,7,5.233333333333333,0.005590756615728682,0.005349959299691729,0.00024079731603695274
16,505433.80969618564,7,5.3,0.005590756615728682,0.005004924294496477,0.0005858323212322054
16,505433.80969618564,7,5.366666666666667,0.011181513231457215,0.004682141637055892,0.006499371594401323
16,505433.80969618564,7,5.433333333333334,0.0,0.004380176206373162,-0.004380176206373162
16,505433.80969618564,7,5.5,0.005590756615728682,0.0040976854367313865,0.0014930711789972956
16,505433.80969618564,7,5.566666666666666,0.0,0.003833413348524548,-0.003833413348524548
16,505433.80969618564,7,5.633333333333333,0.0,0.003586184964058159,-0.003586184964058159
16,505433.80969618564,7,5.7,0.005590756615728682,0.0033549010834917664,0.0022358555322369157
16,505433.80969618564,7,5.766666666666667,0.0,0.003138533397696691,-0.003138533397696691
16,505433.80969618564,7,5.833333333333333,0.0,0.0029361199163002714,-0.0029361199163002714
16,505433.80969618564,7,5.9,0.0,0.002746760690589351,-0.002746760690589351
16,505433.80969618564,7,5.966666666666667,0.0,0.0025696138122566084,-0.0025696138122566084
16,505433.80969618564,11,0.03333333333333333,0.0,0.9697991161959337,-0.9697991161959337
16,505433.80969618564,11,0.1,0.0,0.9072538472787854,-0.9072538472787854
16,505433.80969618564,11,0.16666666666666669,4.096520763187429,0.8487423113261123,3.2477784518613166
16,505433.80969618564,11,0.23333333333333334,0.0,0.7940043607374581,-0.7940043607374581
16,505433.80969618564,11,0.3,0.0,0.7427966256154565,-0.7427966256154565
16,505433.80969618564,11,0.3666666666666667,0.0,0.694891431721175,-0.694891431721175
16,505433.80969618564,11,0.43333333333333335,2.833894500561168,0.6500757882137806,2.1838187123473873
16,505433.80969618564,11,0.5,0.0,0.6081504406739263,-0.6081504406739263
16,505433.80969618564,11,0.5666666666666667,0.40965207631874306,0.5689289852005146,-0.15927690888177154
16,505433.80969618564,11,0.6333333333333333,1.8406285072951742,0.5322370396420313,1.308391467653143
16,505433.80969618564,11,0.7,0.0,0.4979114682776703,-0.4979114682776703
16,505433.80969618564,11,0.7666666666666666,0.0,0.4657996565011093,-0.4657996565011093
16,505433.80969618564,11,0.8333333333333334,0.0,0.4357588322821159,-0.4357588322821159
16,505433.80969618564,11,0.9,1.6442199775533113,0.4076554313891406,1.2365645461641708
16,505433.80969618564,11,0.9666666666666667,0.0,0.38136450355061846,-0.38136450355061846
16,505433.80969618564,11,1.0333333333333332,0.0,0.35676915691471883,-0.35676915691471883
16,505433.80969618564,11,1.1,0.0,0.3337600383375607,-0.3337600383375607
16,505433.80969618564,11,1.1666666666666665,0.0,0.3122348471892086,-0.3122348471892086
16,505433.80969618564,11,1.2333333333333334,0.0,0.29209788051578434,-0.29209788051578434
16,505433.80969618564,11,1.2999999999999998,0.0,0.2732596075354472,-0.2732596075354472
16,505433.80969618564,11,1.3666666666666667,1.2738496071829408,0.2556362715764093,1.0182133356065315
16,505433.80969618564,11,1.4333333333333331,0.0,0.23914951768717055,-0.23914951768717055
16,505433.80969618564,11,1.5,0.516273849607183,0.2237260442632904,0.29254780534389263
16,505433.80969618564,11,1.5666666666666667,0.1964085297418625,0.2092972771418011,-0.012888747399938616
16,505433.80969618564,11,1.6333333333333333,0.0,0.19579906471425323,-0.19579906471425323
16,505433.80969618564,11,1.7000000000000002,0.0,0.18317139270284163,-0.18317139270284163
16,505433.80969618564,11,1.7666666666666666,0.0,0.17135811733147788,-0.17135811733147788
16,505433.80969618564,11,1.8333333333333335,0.0,0.16030671570546504,-0.16030671570546504
16,505433.80969618564,11,1.9,0.0,0.1499680522899403,-0.1499680522899403
16,505433.80969618564,11,1.9666666666666668,0.6621773288439957,0.14029616044882603,0.5218811683951696
16,505433.80969618564,11,2.033333333333333,0.10101010101010137,0.13124803807299337,-0.030237937062892004
16,505433.80969618564,11,2.0999999999999996,0.0,0.12278345638898103,-0.12278345638898103
16,505433.80969618564,11,2.166666666666667,0.0,0.1148647810982167,-0.1148647810982167
16,505433.80969618564,11,2.2333333333333334,0.13468013468013518,0.10745680505150948,0.027223329628625698
16,505433.80969618564,11,2.3,0.27497194163860744,0.10052659171486797,0.17444534992373947
16,505433.80969618564,11,2.3666666666666667,0.08417508417508447,0.09404332873068051,-0.00986824455559604
16,505433.80969618564,11,2.4333333333333336,0.13468013468013426,0.08797819092317623,0.046701943756958034
16,505433.80969618564,11,2.5,0.07856341189674551,0.08230421213907665,-0.0037408002423311437
16,505433.80969618564,11,2.5666666666666664,0.0,0.0769961653536303,-0.0769961653536303
16,505433.80969618564,11,2.6333333333333333,0.0,0.07203045050897056,-0.07203045050897056
16,505433.80969618564,11,2.7,0.13468013468013426,0.06738498958611619,0.06729514509401807
16,505433.80969618564,11,2.7666666666666666,0.10101010101010137,0.06303912844409452,0.037970972566006844
16,505433.80969618564,11,2.833333333333333,0.03928170594837249,0.05897354498975579,-0.019691839041383295
16,505433.80969618564,11,2.9,0.11784511784511827,0.05517016326999288,0.06267495457512538
16,505433.80969618564,11,2.966666666666667,0.02805836139169464,0.05161207310441313,-0.023553711712718493
16,505433.80969618564,11,3.033333333333333,0.0,0.04828345490114099,-0.04828345490114099
16,505433.80969618564,11,3.0999999999999996,0.0,0.0451695093214765,-0.0451695093214765
16,505433.80969618564,11,3.166666666666667,0.05611672278338928,0.042256391480692004,0.013860331302697274
16,505433.80969618564,11,3.2333333333333334,0.06172839506172862,0.039531149392417926,0.022197245669310695
16,505433.80969618564,11,3.3,0.0,0.036981666382935374,-0.036981666382935374
16,505433.80969618564,11,3.3666666666666667,0.0,0.034596607219344995,-0.034596607219344995
16,505433.80969618564,11,3.4333333333333336,0.0,0.03236536771209253,-0.03236536771209253
16,505433.80969618564,11,3.5,0.0,0.030278027567779357,-0.030278027567779357
16,505433.80969618564,11,3.5666666666666664,0.011223344556677856,0.028325306282637477,-0.01710196172595962
16,505433.80969618564,11,3.6333333333333333,0.033670033670033794,0.02649852188056732,0.007171511789466473
16,505433.80969618564,11,3.7,0.005611672278338928,0.024789552312283886,-0.01917788003394496
16,505433.80969618564,11,3.7666666666666666,0.0056116722783389646,0.02319079934394827,-0.017579127065609306
16,505433.80969618564,11,3.833333333333333,0.02805836139169464,0.02169515477473027,0.006363206616964368
16,505433.80969618564,11,3.9,0.0,0.020295968833102217,-0.020295968833102217
16,505433.80969618564,11,3.966666666666667,0.0,0.018987020611351133,-0.018987020611351133
16,505433.80969618564,11,4.033333333333333,0.0,0.017762490406858282,-0.017762490406858282
16,505433.80969618564,11,4.1,0.0,0.016616933847173034,-0.016616933847173034
16,505433.80969618564,11,4.166666666666666,0.011223344556677782,0.015545257683838685,-0.0043219131271609035
16,505433.80969618564,11,4.233333333333333,0.016835016835016897,0.01454269714734751,0.0022923196876693877
16,505433.80969618564,11,4.3,0.0056116722783389646,0.013604794762542978,-0.007993122484204014
16,505433.80969618564,11,4.366666666666667,0.0,0.012727380530280517,-0.012727380530280517
16,505433.80969618564,11,4.433333333333334,0.0,0.011906553387232842,-0.011906553387232842
16,505433.80969618564,11,4.5,0.011223344556677929,0.011138663861408195,8.468069526973432e-05
16,505433.80969618564,11,4.566666666666666,0.0056116722783389646,0.01042029784626662,-0.004808625567927655
16,505433.80969618564,11,4.633333333333333,0.0,0.009748261421292348,-0.009748261421292348
16,505433.80969618564,11,4.7,0.0056116722783389646,0.009119566651533231,-0.0035078943731942664
16,505433.80969618564,11,4.766666666666667,0.0,0.00853141830297074,-0.00853141830297074
16,505433.80969618564,11,4.833333333333333,0.0,0.00798120141465572,-0.00798120141465572
16,505433.80969618564,11,4.9,0.0,0.00746646967235465,-0.00746646967235465
16,505433.80969618564,11,4.966666666666667,0.011223344556677929,0.0069849345320145105,0.004238410024663419
16,505433.80969618564,11,5.033333333333333,0.0,0.006534455044688131,-0.006534455044688131
16,505433.80969618564,11,5.1,0.011223344556677929,0.006113028337680839,0.00511031621899709
16,505433.80969618564,11,5.166666666666666,0.0,0.005718780709596645,-0.005718780709596645
16,505433.80969618564,11,5.233333333333333,0.0056116722783389646,0.005349959299691729,0.0002617129786472352
16,505433.80969618564,11,5.3,0.0,0.005004924294496477,-0.005004924294496477
16,505433.80969618564,11,5.366666666666667,0.0,0.004682141637055892,-0.004682141637055892
16,505433.80969618564,11,5.433333333333334,0.0,0.004380176206373162,-0.004380176206373162
16,505433.80969618564,11,5.5,0.0,0.0040976854367313865,-0.0040976854367313865
16,505433.80969618564,11,5.566666666666666,0.0,0.003833413348524548,-0.003833413348524548
16,505433.80969618564,11,5.633333333333333,0.0,0.003586184964058159,-0.003586184964058159
16,505433.80969618564,11,5.7,0.0,0.0033549010834917664,-0.0033549010834917664
16,505433.80969618564,11,5.766666666666667,0.0,0.003138533397696691,-0.003138533397696691
16,505433.80969618564,11,5.833333333333333,0.0056116722783389646,0.0029361199163002714,0.002675552362038693
16,505433.80969618564,11,5.9,0.005611672278338891,0.002746760690589351,0.00286491158774954
16,505433.80969618564,11,5.966666666666667,0.0,0.0025696138122566084,-0.0025696138122566084
16,505433.80969618564,13,0.03333333333333333,0.0,0.9697991161959337,-0.9697991161959337
16,505433.80969618564,13,0.1,0.0,0.9072538472787854,-0.9072538472787854
16,505433.80969618564,13,0.16666666666666669,0.0,0.8487423113261123,-0.8487423113261123
16,505433.80969618564,13,0.23333333333333334,0.0,0.7940043607374581,-0.7940043607374581
16,505433.80969618564,13,0.3,3.9553638409602416,0.7427966256154565,3.212567215344785
16,505433.80969618564,13,0.3666666666666667,0.0,0.694891431721175,-0.694891431721175
16,505433.80969618564,13,0.43333333333333335,3.0945236309077284,0.6500757882137806,2.4444478426939478
16,505433.80969618564,13,0.5,0.0,0.6081504406739263,-0.6081504406739263
16,505433.80969618564,13,0.5666666666666667,0.0,0.5689289852005146,-0.5689289852005146
16,505433.80969618564,13,0.6333333333333333,0.0,0.5322370396420313,-0.5322370396420313
16,505433.80969618564,13,0.7,0.0,0.4979114682776703,-0.4979114682776703
16,505433.80969618564,13,0.7666666666666666,2.1661665416354063,0.4657996565011093,1.700366885134297
16,505433.80969618564,13,0.8333333333333334,0.0,0.4357588322821159,-0.4357588322821159
16,505433.80969618564,13,0.9,0.0,0.4076554313891406,-0.4076554313891406
16,505433.80969618564,13,0.9666666666666667,0.0,0.38136450355061846,-0.38136450355061846
16,505433.80969618564,13,1.0333333333333332,0.0,0.35676915691471883,-0.35676915691471883
16,505433.80969618564,13,1.1,0.0,0.3337600383375607,-0.3337600383375607
16,505433.80969618564,13,1.1666666666666665,0.25318829707426865,0.3122348471892086,-0.05904655011493992
16,505433.80969618564,13,1.2333333333333334,1.2209302325581401,0.29209788051578434,0.9288323520423558
16,505433.80969618564,13,1.2999999999999998,0.0,0.2732596075354472,-0.2732596075354472
16,505433.80969618564,13,1.3666666666666667,1.2209302325581401,0.2556362715764093,0.9652939609817308
16,505433.80969618564,13,1.4333333333333331,0.0,0.23914951768717055,-0.23914951768717055
16,505433.80969618564,13,1.5,0.0,0.2237260442632904,-0.2237260442632904
16,505433.80969618564,13,1.5666666666666667,0.0,0.2092972771418011,-0.2092972771418011
16,505433.80969618564,13,1.6333333333333333,0.0,0.19579906471425323,-0.19579906471425323
16,505433.80969618564,13,1.7000000000000002,0.0,0.18317139270284163,-0.18317139270284163
16,505433.80969618564,13,1.7666666666666666,0.15753938484621163,0.17135811733147788,-0.013818732485266244
16,505433.80969618564,13,1.8333333333333335,0.7089272318079523,0.16030671570546504,0.5486205161024872
16,505433.80969618564,13,1.9,0.0,0.1499680522899403,-0.1499680522899403
16,505433.80969618564,13,1.9666666666666668,0.0,0.14029616044882603,-0.14029616044882603
16,505433.80969618564,13,2.033333333333333,0.0,0.13124803807299337,-0.13124803807299337
16,505433.80969618564,13,2.0999999999999996,0.38259564891222697,0.12278345638898103,0.25981219252324594
16,505433.80969618564,13,2.166666666666667,0.3488372093023246,0.1148647810982167,0.2339724282041079
16,505433.80969618564,13,2.2333333333333334,0.20255063765941564,0.10745680505150948,0.09509383260790616
16,505433.80969618564,13,2.3,0.23068267066766623,0.10052659171486797,0.13015607895279827
16,505433.80969618564,13,2.3666666666666667,0.0,0.09404332873068051,-0.09404332873068051
16,505433.80969618564,13,2.4333333333333336,0.0,0.08797819092317623,-0.08797819092317623
16,505433.80969618564,13,2.5,0.0,0.08230421213907665,-0.08230421213907665
16,505433.80969618564,13,2.5666666666666664,0.20255063765941428,0.0769961653536303,0.12555447230578398
16,505433.80969618564,13,2.6333333333333333,0.09002250562640693,0.07203045050897056,0.017992055117436373
16,505433.80969618564,13,2.7,0.11815453863465833,0.06738498958611619,0.05076954904854214
16,505433.80969618564,13,2.7666666666666666,0.09002250562640693,0.06303912844409452,0.026983377182312404
16,505433.80969618564,13,2.833333333333333,0.0,0.05897354498975579,-0.05897354498975579
16,505433.80969618564,13,2.9,0.0,0.05517016326999288,-0.05517016326999288
16,505433.80969618564,13,2.966666666666667,0.028132033008251983,0.05161207310441313,-0.02348004009616115
16,505433.80969618564,13,3.033333333333333,0.09564891222805738,0.04828345490114099,0.04736545732691639
16,505433.80969618564,13,3.0999999999999996,0.045011252813203166,0.0451695093214765,-0.0001582565082733356
16,505433.80969618564,13,3.166666666666667,0.0,0.042256391480692004,-0.042256391480692004
16,505433.80969618564,13,3.2333333333333334,0.0,0.039531149392417926,-0.039531149392417926
16,505433.80969618564,13,3.3,0.0,0.036981666382935374,-0.036981666382935374
16,505433.80969618564,13,3.3666666666666667,0.0,0.034596607219344995,-0.034596607219344995
16,505433.80969618564,13,3.4333333333333336,0.06189047261815436,0.03236536771209253,0.029525104906061833
16,505433.80969618564,13,3.5,0.05626406601650434,0.030278027567779357,0.025986038448724984
16,505433.80969618564,13,3.5666666666666664,0.05063765941485357,0.028325306282637477,0.022312353132216092
16,505433.80969618564,13,3.6333333333333333,0.02813203300825217,0.02649852188056732,0.0016335111276848495
16,505433.80969618564,13,3.7,0.022505626406601583,0.024789552312283886,-0.0022839259056823026
16,505433.80969618564,13,3.7666666666666666,0.0,0.02319079934394827,-0.02319079934394827
16,505433.80969618564,13,3.833333333333333,0.0,0.02169515477473027,-0.02169515477473027
16,505433.80969618564,13,3.9,0.0,0.020295968833102217,-0.020295968833102217
16,505433.80969618564,13,3.966666666666667,0.0,0.018987020611351133,-0.018987020611351133
16,505433.80969618564,13,4.033333333333333,0.0337584396099026,0.017762490406858282,0.01599594920304432
16,505433.80969618564,13,4.1,0.005626406601650433,0.016616933847173034,-0.0109905272455226
16,505433.80969618564,13,4.166666666666666,0.011252813203300717,0.015545257683838685,-0.004292444480537968
16,505433.80969618564,13,4.233333333333333,0.0,0.01454269714734751,-0.01454269714734751
16,505433.80969618564,13,4.3,0.0,0.013604794762542978,-0.013604794762542978
16,505433.80969618564,13,4.366666666666667,0.011252813203300717,0.012727380530280517,-0.0014745673269798004
16,505433.80969618564,13,4.433333333333334,0.011252813203300866,0.011906553387232842,-0.0006537401839319754
16,505433.80969618564,13,4.5,0.022505626406601732,0.011138663861408195,0.011366962545193537
16,505433.80969618564,13,4.566666666666666,0.011252813203300866,0.01042029784626662,0.0008325153570342466
16,505433.80969618564,13,4.633333333333333,0.0056264066016503585,0.009748261421292348,-0.004121854819641989
16,505433.80969618564,13,4.7,0.0,0.009119566651533231,-0.009119566651533231
16,505433.80969618564,13,4.766666666666667,0.005626406601650433,0.00853141830297074,-0.0029050117013203064
16,505433.80969618564,13,4.833333333333333,0.0,0.00798120141465572,-0.00798120141465572
16,505433.80969618564,13,4.9,0.011252813203300717,0.00746646967235465,0.003786343530946067
16,505433.80969618564,13,4.966666666666667,0.011252813203300866,0.0069849345320145105,0.004267878671286356
16,505433.80969618564,13,5.033333333333333,0.0,0.006534455044688131,-0.006534455044688131
16,505433.80969618564,13,5.1,0.005626406601650433,0.006113028337680839,-0.00048662173603040634
16,505433.80969618564,13,5.166666666666666,0.0,0.005718780709596645,-0.005718780709596645
16,505433.80969618564,13,5.233333333333333,0.0,0.005349959299691729,-0.005349959299691729
16,505433.80969618564,13,5.3,0.0,0.005004924294496477,-0.005004924294496477
16,505433.80969618564,13,5.366666666666667,0.011252813203300717,0.004682141637055892,0.006570671566244825
16,505433.80969618564,13,5.433333333333334,0.005626406601650433,0.004380176206373162,0.001246230395277271
16,505433.80969618564,13,5.5,0.0,0.0040976854367313865,-0.0040976854367313865
16,505433.80969618564,13,5.566666666666666,0.0,0.003833413348524548,-0.003833413348524548
16,505433.80969618564,13,5.633333333333333,0.0,0.003586184964058159,-0.003586184964058159
16,505433.80969618564,13,5.7,0.0,0.0033549010834917664,-0.0033549010834917664
16,505433.80969618564,13,5.766666666666667,0.005626406601650433,0.003138533397696691,0.002487873203953742
16,505433.80969618564,13,5.833333333333333,0.0,0.0029361199163002714,-0.0029361199163002714
16,505433.80969618564,13,5.9,0.0,0.002746760690589351,-0.002746760690589351
16,505433.80969618564,13,5.966666666666667,0.0,0.0025696138122566084,-0.0025696138122566084
16,505433.80969618564,17,0.03333333333333333,0.0,0.9697991161959337,-0.9697991161959337
16,505433.80969618564,17,0.1,0.0,0.9072538472787854,-0.9072538472787854
16,505433.80969618564,17,0.16666666666666669,3.9757009345794376,0.8487423113261123,3.1269586232533255
16,505433.80969618564,17,0.23333333333333334,0.0,0.7940043607374581,-0.7940043607374581
16,505433.80969618564,17,0.3,0.0,0.7427966256154565,-0.7427966256154565
16,505433.80969618564,17,0.3666666666666667,0.0,0.694891431721175,-0.694891431721175
16,505433.80969618564,17,0.43333333333333335,3.128971962616822,0.6500757882137806,2.4788961744030416
16,505433.80969618564,17,0.5,0.0,0.6081504406739263,-0.6081504406739263
16,505433.80969618564,17,0.5666666666666667,0.0,0.5689289852005146,-0.5689289852005146
16,505433.80969618564,17,0.6333333333333333,0.0,0.5322370396420313,-0.5322370396420313
16,505433.80969618564,17,0.7,0.0,0.4979114682776703,-0.4979114682776703
16,505433.80969618564,17,0.7666666666666666,0.0,0.4657996565011093,-0.4657996565011093
16,505433.80969618564,17,0.8333333333333334,0.0,0.4357588322821159,-0.4357588322821159
16,505433.80969618564,17,0.9,2.2598130841121495,0.4076554313891406,1.852157652723009
16,505433.80969618564,17,0.9666666666666667,0.0,0.38136450355061846,-0.38136450355061846
16,505433.80969618564,17,1.0333333333333332,0.9757009345794392,0.35676915691471883,0.6189317776647203
16,505433.80969618564,17,1.1,0.9420560747663551,0.3337600383375607,0.6082960364287944
16,505433.80969618564,17,1.1666666666666665,0.0,0.3122348471892086,-0.3122348471892086
16,505433.80969618564,17,1.2333333333333334,0.0,0.29209788051578434,-0.29209788051578434
16,505433.80969618564,17,1.2999999999999998,0.0,0.2732596075354472,-0.2732596075354472
16,505433.80969618564,17,1.3666666666666667,0.0,0.2556362715764093,-0.2556362715764093
16,505433.80969618564,17,1.4333333333333331,0.0,0.23914951768717055,-0.23914951768717055
16,505433.80969618564,17,1.5,0.7289719626168225,0.2237260442632904,0.505245918353532
16,505433.80969618564,17,1.5666666666666667,0.342056074766354,0.2092972771418011,0.13275879762455292
16,505433.80969618564,17,1.6333333333333333,0.0,0.19579906471425323,-0.19579906471425323
16,505433.80969618564,17,1.7000000000000002,0.0,0.18317139270284163,-0.18317139270284163
16,505433.80969618564,17,1.7666666666666666,0.11214953271028037,0.17135811733147788,-0.059208584621197505
16,505433.80969618564,17,1.8333333333333335,0.594392523364486,0.16030671570546504,0.43408580765902094
16,505433.80969618564,17,1.9,0.0,0.1499680522899403,-0.1499680522899403
16,505433.80969618564,17,1.9666666666666668,0.45420560747663546,0.14029616044882603,0.31390944702780943
16,505433.80969618564,17,2.033333333333333,0.11214953271028075,0.13124803807299337,-0.019098505362712626
16,505433.80969618564,17,2.0999999999999996,0.0,0.12278345638898103,-0.12278345638898103
16,505433.80969618564,17,2.166666666666667,0.0,0.1148647810982167,-0.1148647810982167
16,505433.80969618564,17,2.2333333333333334,0.1962616822429913,0.10745680505150948,0.0888048771914818
16,505433.80969618564,17,2.3,0.218691588785046,0.10052659171486797,0.11816499707017802
16,505433.80969618564,17,2.3666666666666667,0.08411214953271057,0.09404332873068051,-0.009931179197969944
16,505433.80969618564,17,2.4333333333333336,0.20186915887850398,0.08797819092317623,0.11389096795532776
16,505433.80969618564,17,2.5,0.07289719626168248,0.08230421213907665,-0.009407015877394176
16,505433.80969618564,17,2.5666666666666664,0.0,0.0769961653536303,-0.0769961653536303
16,505433.80969618564,17,2.6333333333333333,0.0,0.07203045050897056,-0.07203045050897056
16,505433.80969618564,17,2.7,0.067289719626168,0.06738498958611619,-9.526995994818543e-05
16,505433.80969618564,17,2.7666666666666666,0.07850467289719652,0.06303912844409452,0.015465544453101998
16,505433.80969618564,17,2.833333333333333,0.0,0.05897354498975579,-0.05897354498975579
16,505433.80969618564,17,2.9,0.0,0.05517016326999288,-0.05517016326999288
16,505433.80969618564,17,2.966666666666667,0.0,0.05161207310441313,-0.05161207310441313
16,505433.80969618564,17,3.033333333333333,0.0,0.04828345490114099,-0.04828345490114099
16,505433.80969618564,17,3.0999999999999996,0.005607476635514001,0.0451695093214765,-0.0395620326859625
16,505433.80969618564,17,3.166666666666667,0.09532710280373799,0.042256391480692004,0.053070711323045985
16,505433.80969618564,17,3.2333333333333334,0.056074766355140374,0.039531149392417926,0.016543616962722447
16,505433.80969618564,17,3.3,0.050467289719625996,0.036981666382935374,0.013485623336690622
16,505433.80969618564,17,3.3666666666666667,0.0448598130841123,0.034596607219344995,0.010263205864767304
16,505433.80969618564,17,3.4333333333333336,0.011214953271028002,0.03236536771209253,-0.021150414441064528
16,505433.80969618564,17,3.5,0.0,0.030278027567779357,-0.030278027567779357
16,505433.80969618564,17,3.5666666666666664,0.0,0.028325306282637477,-0.028325306282637477
16,505433.80969618564,17,3.6333333333333333,0.0,0.02649852188056732,-0.02649852188056732
16,505433.80969618564,17,3.7,0.005607476635514001,0.024789552312283886,-0.019182075676769883
16,505433.80969618564,17,3.7666666666666666,0.03925233644859826,0.02319079934394827,0.01606153710464999
16,505433.80969618564,17,3.833333333333333,0.005607476635514001,0.02169515477473027,-0.01608767813921627
16,505433.80969618564,17,3.9,0.011214953271028075,0.020295968833102217,-0.009081015562074142
16,505433.80969618564,17,3.966666666666667,0.0,0.018987020611351133,-0.018987020611351133
16,505433.80969618564,17,4.033333333333333,0.0,0.017762490406858282,-0.017762490406858282
16,505433.80969618564,17,4.1,0.033644859813084224,0.016616933847173034,0.01702792596591119
16,505433.80969618564,17,4.166666666666666,0.016822429906541887,0.015545257683838685,0.0012771722227032014
16,505433.80969618564,17,4.233333333333333,0.016822429906542112,0.01454269714734751,0.0022797327591946026
16,505433.80969618564,17,4.3,0.005607476635514037,0.013604794762542978,-0.007997318127028941
16,505433.80969618564,17,4.366666666666667,0.005607476635513964,0.012727380530280517,-0.007119903894766554
16,505433.80969618564,17,4.433333333333334,0.0,0.011906553387232842,-0.011906553387232842
16,505433.80969618564,17,4.5,0.011214953271028075,0.011138663861408195,7.62894096198799e-05
16,505433.80969618564,17,4.566666666666666,0.011214953271028075,0.01042029784626662,0.0007946554247614552
16,505433.80969618564,17,4.633333333333333,0.005607476635513964,0.009748261421292348,-0.004140784785778384
16,505433.80969618564,17,4.7,0.0,0.009119566651533231,-0.009119566651533231
16,505433.80969618564,17,4.766666666666667,0.005607476635514037,0.00853141830297074,-0.002923941667456702
16,505433.80969618564,17,4.833333333333333,0.0,0.00798120141465572,-0.00798120141465572
16,505433.80969618564,17,4.9,0.0,0.00746646967235465,-0.00746646967235465
16,505433.80969618564,17,4.966666666666667,0.0,0.0069849345320145105,-0.0069849345320145105
16,505433.80969618564,17,5.033333333333333,0.0,0.006534455044688131,-0.006534455044688131
16,505433.80969618564,17,5.1,0.0,0.006113028337680839,-0.006113028337680839
16,505433.80969618564,17,5.166666666666666,0.0,0.005718780709596645,-0.005718780709596645
16,505433.80969618564,17,5.233333333333333,0.0,0.005349959299691729,-0.005349959299691729
16,505433.80969618564,17,5.3,0.0,0.005004924294496477,-0.005004924294496477
16,505433.80969618564,17,5.366666666666667,0.0,0.004682141637055892,-0.004682141637055892
16,505433.80969618564,17,5.433333333333334,0.0,0.004380176206373162,-0.004380176206373162
16,505433.80969618564,17,5.5,0.0,0.0040976854367313865,-0.0040976854367313865
16,505433.80969618564,17,5.566666666666666,0.005607476635514037,0.003833413348524548,0.0017740632869894892
16,505433.80969618564,17,5.633333333333333,0.005607476635513964,0.003586184964058159,0.0020212916714558047
16,505433.80969618564,17,5.7,0.005607476635514037,0.0033549010834917664,0.002252575552022271
16,505433.80969618564,17,5.766666666666667,0.0,0.003138533397696691,-0.003138533397696691
16,505433.80969618564,17,5.833333333333333,0.0,0.0029361199163002714,-0.0029361199163002714
16,505433.80969618564,17,5.9,0.0,0.002746760690589351,-0.002746760690589351
16,505433.80969618564,17,5.966666666666667,0.0,0.0025696138122566084,-0.0025696138122566084
16,505433.80969618564,19,0.03333333333333333,0.0,0.9697991161959337,-0.9697991161959337
16,505433.80969618564,19,0.1,0.0,0.9072538472787854,-0.9072538472787854
16,505433.80969618564,19,0.16666666666666669,0.0,0.8487423113261123,-0.8487423113261123
16,505433.80969618564,19,0.23333333333333334,0.0,0.7940043607374581,-0.7940043607374581
16,505433.80969618564,19,0.3,4.116985376827898,0.7427966256154565,3.3741887512124418
16,505433.80969618564,19,0.3666666666666667,0.0,0.694891431721175,-0.694891431721175
16,505433.80969618564,19,0.43333333333333335,0.0,0.6500757882137806,-0.6500757882137806
16,505433.80969618564,19,0.5,0.0,0.6081504406739263,-0.6081504406739263
16,505433.80969618564,19,0.5666666666666667,0.0,0.5689289852005146,-0.5689289852005146
16,505433.80969618564,19,0.6333333333333333,0.0,0.5322370396420313,-0.5322370396420313
16,505433.80969618564,19,0.7,0.0,0.4979114682776703,-0.4979114682776703
16,505433.80969618564,19,0.7666666666666666,2.9752530933633254,0.4657996565011093,2.5094534368622163
16,505433.80969618564,19,0.8333333333333334,0.0,0.4357588322821159,-0.4357588322821159
16,505433.80969618564,19,0.9,2.19910011248594,0.4076554313891406,1.7914446810967997
16,505433.80969618564,19,0.9666666666666667,0.0,0.38136450355061846,-0.38136450355061846
16,505433.80969618564,19,1.0333333333333332,0.0,0.35676915691471883,-0.35676915691471883
16,505433.80969618564,19,1.1,0.0,0.3337600383375607,-0.3337600383375607
16,505433.80969618564,19,1.1666666666666665,0.0,0.3122348471892086,-0.3122348471892086
16,505433.80969618564,19,1.2333333333333334,0.0,0.29209788051578434,-0.29209788051578434
16,505433.80969618564,19,1.2999999999999998,0.0,0.2732596075354472,-0.2732596075354472
16,505433.80969618564,19,1.3666666666666667,1.6141732283464574,0.2556362715764093,1.358536956770048
16,505433.80969618564,19,1.4333333333333331,0.0,0.23914951768717055,-0.23914951768717055
16,505433.80969618564,19,1.5,0.0,0.2237260442632904,-0.2237260442632904
16,505433.80969618564,19,1.5666666666666667,0.0,0.2092972771418011,-0.2092972771418011
16,505433.80969618564,19,1.6333333333333333,0.5061867266591678,0.19579906471425323,0.3103876619449145
16,505433.80969618564,19,1.7000000000000002,0.9505061867266595,0.18317139270284163,0.7673347940238179
16,505433.80969618564,19,1.7666666666666666,0.17997750281214855,0.17135811733147788,0.008619385480670677
16,505433.80969618564,19,1.8333333333333335,0.6524184476940386,0.16030671570546504,0.4921117319885735
16,505433.80969618564,19,1.9,0.0,0.1499680522899403,-0.1499680522899403
16,505433.80969618564,19,1.9666666666666668,0.0,0.14029616044882603,-0.14029616044882603
16,505433.80969618564,19,2.033333333333333,0.0,0.13124803807299337,-0.13124803807299337
16,505433.80969618564,19,2.0999999999999996,0.32058492688413853,0.12278345638898103,0.1978014704951575
16,505433.80969618564,19,2.166666666666667,0.24184476940382382,0.1148647810982167,0.12697998830560714
16,505433.80969618564,19,2.2333333333333334,0.16872890888638983,0.10745680505150948,0.061272103834880354
16,505433.80969618564,19,2.3,0.2362204724409442,0.10052659171486797,0.13569388072607624
16,505433.80969618564,19,2.3666666666666667,0.0,0.09404332873068051,-0.09404332873068051
16,505433.80969618564,19,2.4333333333333336,0.0,0.08797819092317623,-0.08797819092317623
16,505433.80969618564,19,2.5,0.0,0.08230421213907665,-0.08230421213907665
16,505433.80969618564,19,2.5666666666666664,0.1687289088863887,0.0769961653536303,0.0917327435327584
16,505433.80969618564,19,2.6333333333333333,0.1181102362204729,0.07203045050897056,0.04607978571150234
16,505433.80969618564,19,2.7,0.0,0.06738498958611619,-0.06738498958611619
16,505433.80969618564,19,2.7666666666666666,0.0,0.06303912844409452,-0.06303912844409452
16,505433.80969618564,19,2.833333333333333,0.0,0.05897354498975579,-0.05897354498975579
16,505433.80969618564,19,2.9,0.0,0.05517016326999288,-0.05517016326999288
16,505433.80969618564,19,2.966666666666667,0.022497187851518493,0.05161207310441313,-0.02911488525289464
16,505433.80969618564,19,3.033333333333333,0.10686164229471357,0.04828345490114099,0.058578187393572574
16,505433.80969618564,19,3.0999999999999996,0.03374578177727774,0.0451695093214765,-0.011423727544198764
16,505433.80969618564,19,3.166666666666667,0.09561304836895361,0.042256391480692004,0.053356656888261605
16,505433.80969618564,19,3.2333333333333334,0.06186726659167628,0.039531149392417926,0.022336117199258355
16,505433.80969618564,19,3.3,0.0,0.036981666382935374,-0.036981666382935374
16,505433.80969618564,19,3.3666666666666667,0.0,0.034596607219344995,-0.034596607219344995
16,505433.80969618564,19,3.4333333333333336,0.0,0.03236536771209253,-0.03236536771209253
16,505433.80969618564,19,3.5,0.0,0.030278027567779357,-0.030278027567779357
16,505433.80969618564,19,3.5666666666666664,0.011248593925759246,0.028325306282637477,-0.01707671235687823
16,505433.80969618564,19,3.6333333333333333,0.0056242969628796605,0.02649852188056732,-0.02087422491768766
16,505433.80969618564,19,3.7,0.01687289088863887,0.024789552312283886,-0.007916661423645017
16,505433.80969618564,19,3.7666666666666666,0.0,0.02319079934394827,-0.02319079934394827
16,505433.80969618564,19,3.833333333333333,0.0,0.02169515477473027,-0.02169515477473027
16,505433.80969618564,19,3.9,0.039370078740157625,0.020295968833102217,0.01907410990705541
16,505433.80969618564,19,3.966666666666667,0.022497187851518493,0.018987020611351133,0.0035101672401673598
16,505433.80969618564,19,4.033333333333333,0.011248593925759321,0.017762490406858282,-0.006513896481098961
16,505433.80969618564,19,4.1,0.022497187851518642,0.016616933847173034,0.005880254004345609
16,505433.80969618564,19,4.166666666666666,0.022497187851518344,0.015545257683838685,0.006951930167679659
16,505433.80969618564,19,4.233333333333333,0.0,0.01454269714734751,-0.01454269714734751
16,505433.80969618564,19,4.3,0.0,0.013604794762542978,-0.013604794762542978
16,505433.80969618564,19,4.366666666666667,0.016872890888638758,0.012727380530280517,0.0041455103583582405
16,505433.80969618564,19,4.433333333333334,0.011248593925759321,0.011906553387232842,-0.0006579594614735205
16,505433.80969618564,19,4.5,0.016872890888638983,0.011138663861408195,0.0057342270272307885
16,505433.80969618564,19,4.566666666666666,0.011248593925759321,0.01042029784626662,0.0008282960794927016
16,505433.80969618564,19,4.633333333333333,0.0,0.009748261421292348,-0.009748261421292348
16,505433.80969618564,19,4.7,0.0,0.009119566651533231,-0.009119566651533231
16,505433.80969618564,19,4.766666666666667,0.0056242969628796605,0.00853141830297074,-0.002907121340091079
16,505433.80969618564,19,4.833333333333333,0.0,0.00798120141465572,-0.00798120141465572
16,505433.80969618564,19,4.9,0.0,0.00746646967235465,-0.00746646967235465
16,505433.80969618564,19,4.966666666666667,0.0056242969628796605,0.0069849345320145105,-0.00136063756913485
16,505433.80969618564,19,5.033333333333333,0.0,0.006534455044688131,-0.006534455044688131
16,505433.80969618564,19,5.1,0.0,0.006113028337680839,-0.006113028337680839
16,505433.80969618564,19,5.166666666666666,0.0,0.005718780709596645,-0.005718780709596645
16,505433.80969618564,19,5.233333333333333,0.0,0.005349959299691729,-0.005349959299691729
16,505433.80969618564,19,5.3,0.0,0.005004924294496477,-0.005004924294496477
16,505433.80969618564,19,5.366666666666667,0.005624296962879586,0.004682141637055892,0.0009421553258236936
16,505433.80969618564,19,5.433333333333334,0.0,0.004380176206373162,-0.004380176206373162
16,505433.80969618564,19,5.5,0.0056242969628796605,0.0040976854367313865,0.001526611526148274
16,505433.80969618564,19,5.566666666666666,0.0,0.003833413348524548,-0.003833413348524548
16,505433.80969618564,19,5.633333333333333,0.0,0.003586184964058159,-0.003586184964058159
16,505433.80969618564,19,5.7,0.0,0.0033549010834917664,-0.0033549010834917664
16,505433.80969618564,19,5.766666666666667,0.0,0.003138533397696691,-0.003138533397696691
16,505433.80969618564,19,5.833333333333333,0.0,0.0029361199163002714,-0.0029361199163002714
16,505433.80969618564,19,5.9,0.0,0.002746760690589351,-0.002746760690589351
16,505433.80969618564,19,5.966666666666667,0.0,0.0025696138122566084,-0.0025696138122566084
16,505433.80969618564,23,0.03333333333333333,0.0,0.9697991161959337,-0.9697991161959337
16,505433.80969618564,23,0.1,0.0,0.9072538472787854,-0.9072538472787854
16,505433.80969618564,23,0.16666666666666669,0.0,0.8487423113261123,-0.8487423113261123
16,505433.80969618564,23,0.23333333333333334,0.0,0.7940043607374581,-0.7940043607374581
16,505433.80969618564,23,0.3,0.0,0.7427966256154565,-0.7427966256154565
16,505433.80969618564,23,0.3666666666666667,0.0,0.694891431721175,-0.694891431721175
16,505433.80969618564,23,0.43333333333333335,4.023845007451565,0.6500757882137806,3.3737692192377846
16,505433.80969618564,23,0.5,0.0,0.6081504406739263,-0.6081504406739263
16,505433.80969618564,23,0.5666666666666667,0.5365126676602088,0.5689289852005146,-0.03241631754030583
16,505433.80969618564,23,0.6333333333333333,2.498137108792847,0.5322370396420313,1.9659000691508157
16,505433.80969618564,23,0.7,0.0,0.4979114682776703,-0.4979114682776703
16,505433.80969618564,23,0.7666666666666666,0.0,0.4657996565011093,-0.4657996565011093
16,505433.80969618564,23,0.8333333333333334,0.0,0.4357588322821159,-0.4357588322821159
16,505433.80969618564,23,0.9,0.0,0.4076554313891406,-0.4076554313891406
16,505433.80969618564,23,0.9666666666666667,0.0,0.38136450355061846,-0.38136450355061846
16,505433.80969618564,23,1.0333333333333332,1.4586438152011927,0.35676915691471883,1.1018746582864738
16,505433.80969618564,23,1.1,1.1456780923994043,0.3337600383375607,0.8119180540618436
16,505433.80969618564,23,1.1666666666666665,0.0,0.3122348471892086,-0.3122348471892086
16,505433.80969618564,23,1.2333333333333334,0.0,0.29209788051578434,-0.29209788051578434
16,505433.80969618564,23,1.2999999999999998,0.0,0.2732596075354472,-0.2732596075354472
16,505433.80969618564,23,1.3666666666666667,1.4530551415797321,0.2556362715764093,1.1974188700033228
16,505433.80969618564,23,1.4333333333333331,0.0,0.23914951768717055,-0.23914951768717055
16,505433.80969618564,23,1.5,0.7544709388971685,0.2237260442632904,0.5307448946338782
16,505433.80969618564,23,1.5666666666666667,0.3185543964232479,0.2092972771418011,0.1092571192814468
16,505433.80969618564,23,1.6333333333333333,0.0,0.19579906471425323,-0.19579906471425323
16,505433.80969618564,23,1.7000000000000002,0.0,0.18317139270284163,-0.18317139270284163
16,505433.80969618564,23,1.7666666666666666,0.17324888226527574,0.17135811733147788,0.0018907649337978616
16,505433.80969618564,23,1.8333333333333335,0.7656482861400896,0.16030671570546504,0.6053415704346246
16,505433.80969618564,23,1.9,0.0,0.1499680522899403,-0.1499680522899403
16,505433.80969618564,23,1.9666666666666668,0.5421013412816692,0.14029616044882603,0.40180518083284317
16,505433.80969618564,23,2.033333333333333,0.12853949329359213,0.13124803807299337,-0.002708544779401245
16,505433.80969618564,23,2.0999999999999996,0.0,0.12278345638898103,-0.12278345638898103
16,505433.80969618564,23,2.166666666666667,0.0,0.1148647810982167,-0.1148647810982167
16,505433.80969618564,23,2.2333333333333334,0.11736214605067107,0.10745680505150948,0.009905340999161585
16,505433.80969618564,23,2.3,0.18442622950819615,0.10052659171486797,0.08389963779332818
16,505433.80969618564,23,2.3666666666666667,0.0,0.09404332873068051,-0.09404332873068051
16,505433.80969618564,23,2.4333333333333336,0.0,0.08797819092317623,-0.08797819092317623
16,505433.80969618564,23,2.5,0.0,0.08230421213907665,-0.08230421213907665
16,505433.80969618564,23,2.5666666666666664,0.0,0.0769961653536303,-0.0769961653536303
16,505433.80969618564,23,2.6333333333333333,0.0,0.07203045050897056,-0.07203045050897056
16,505433.80969618564,23,2.7,0.1564828614008937,0.06738498958611619,0.08909787181477752
16,505433.80969618564,23,2.7666666666666666,0.12295081967213159,0.06303912844409452,0.059911691228037064
16,505433.80969618564,23,2.833333333333333,0.08941877794336783,0.05897354498975579,0.030445232953612046
16,505433.80969618564,23,2.9,0.11177347242921054,0.05517016326999288,0.05660330915921766
16,505433.80969618564,23,2.966666666666667,0.03912071535022343,0.05161207310441313,-0.012491357754189705
16,505433.80969618564,23,3.033333333333333,0.0,0.04828345490114099,-0.04828345490114099
16,505433.80969618564,23,3.0999999999999996,0.0,0.0451695093214765,-0.0451695093214765
16,505433.80969618564,23,3.166666666666667,0.0,0.042256391480692004,-0.042256391480692004
16,505433.80969618564,23,3.2333333333333334,0.0,0.039531149392417926,-0.039531149392417926
16,505433.80969618564,23,3.3,0.061475409836065385,0.036981666382935374,0.02449374345313001
16,505433.80969618564,23,3.3666666666666667,0.06706408345752632,0.034596607219344995,0.032467476238181324
16,505433.80969618564,23,3.4333333333333336,0.02235469448584196,0.03236536771209253,-0.010010673226250572
16,505433.80969618564,23,3.5,0.0,0.030278027567779357,-0.030278027567779357
16,505433.80969618564,23,3.5666666666666664,0.01117734724292098,0.028325306282637477,-0.017147959039716498
16,505433.80969618564,23,3.6333333333333333,0.03353204172876316,0.02649852188056732,0.0070335198481958384
16,505433.80969618564,23,3.7,0.01676602086438147,0.024789552312283886,-0.008023531447902417
16,505433.80969618564,23,3.7666666666666666,0.027943368107302635,0.02319079934394827,0.0047525687633543645
16,505433.80969618564,23,3.833333333333333,0.01117734724292098,0.02169515477473027,-0.010517807531809292
16,505433.80969618564,23,3.9,0.0,0.020295968833102217,-0.020295968833102217
16,505433.80969618564,23,3.966666666666667,0.0,0.018987020611351133,-0.018987020611351133
16,505433.80969618564,23,4.033333333333333,0.011177347242921054,0.017762490406858282,-0.006585143163937228
16,505433.80969618564,23,4.1,0.011177347242921054,0.016616933847173034,-0.00543958660425198
16,505433.80969618564,23,4.166666666666666,0.016766020864381358,0.015545257683838685,0.0012207631805426725
16,505433.80969618564,23,4.233333333333333,0.022354694485842107,0.01454269714734751,0.007811997338494598
16,505433.80969618564,23,4.3,0.005588673621460527,0.013604794762542978,-0.008016121141082452
16,505433.80969618564,23,4.366666666666667,0.005588673621460452,0.012727380530280517,-0.007138706908820065
16,505433.80969618564,23,4.433333333333334,0.0,0.011906553387232842,-0.011906553387232842
16,505433.80969618564,23,4.5,0.011177347242921054,0.011138663861408195,3.8683381512858925e-05
16,505433.80969618564,23,4.566666666666666,0.011177347242921054,0.01042029784626662,0.0007570493966544342
16,505433.80969618564,23,4.633333333333333,0.005588673621460452,0.009748261421292348,-0.004159587799831895
16,505433.80969618564,23,4.7,0.0,0.009119566651533231,-0.009119566651533231
16,505433.80969618564,23,4.766666666666667,0.0,0.00853141830297074,-0.00853141830297074
16,505433.80969618564,23,4.833333333333333,0.0,0.00798120141465572,-0.00798120141465572
16,505433.80969618564,23,4.9,0.0,0.00746646967235465,-0.00746646967235465
16,505433.80969618564,23,4.966666666666667,0.0,0.0069849345320145105,-0.0069849345320145105
16,505433.80969618564,23,5.033333333333333,0.0,0.006534455044688131,-0.006534455044688131
16,505433.80969618564,23,5.1,0.01676602086438158,0.006113028337680839,0.01065299252670074
16,505433.80969618564,23,5.166666666666666,0.0,0.005718780709596645,-0.005718780709596645
16,505433.80969618564,23,5.233333333333333,0.0,0.005349959299691729,-0.005349959299691729
16,505433.80969618564,23,5.3,0.0,0.005004924294496477,-0.005004924294496477
16,505433.80969618564,23,5.366666666666667,0.0,0.004682141637055892,-0.004682141637055892
16,505433.80969618564,23,5.433333333333334,0.0,0.004380176206373162,-0.004380176206373162
16,505433.80969618564,23,5.5,0.0,0.0040976854367313865,-0.0040976854367313865
16,505433.80969618564,23,5.566666666666666,0.005588673621460527,0.003833413348524548,0.0017552602729359787
16,505433.80969618564,23,5.633333333333333,0.005588673621460452,0.003586184964058159,0.0020024886574022934
16,505433.80969618564,23,5.7,0.0,0.0033549010834917664,-0.0033549010834917664
16,505433.80969618564,23,5.766666666666667,0.0,0.003138533397696691,-0.003138533397696691
16,505433.80969618564,23,5.833333333333333,0.0,0.0029361199163002714,-0.0029361199163002714
16,505433.80969618564,23,5.9,0.0,0.002746760690589351,-0.002746760690589351
16,505433.80969618564,23,5.966666666666667,0.0,0.0025696138122566084,-0.0025696138122566084
16,505433.80969618564,29,0.03333333333333333,0.0,0.9697991161959337,-0.9697991161959337
16,505433.80969618564,29,0.1,0.0,0.9072538472787854,-0.9072538472787854
16,505433.80969618564,29,0.16666666666666669,3.995878606219557,0.8487423113261123,3.1471362948934445
16,505433.80969618564,29,0.23333333333333334,0.0,0.7940043607374581,-0.7940043607374581
16,505433.80969618564,29,0.3,0.0,0.7427966256154565,-0.7427966256154565
16,505433.80969618564,29,0.3666666666666667,0.0,0.694891431721175,-0.694891431721175
16,505433.80969618564,29,0.43333333333333335,0.0,0.6500757882137806,-0.6500757882137806
16,505433.80969618564,29,0.5,0.0,0.6081504406739263,-0.6081504406739263
16,505433.80969618564,29,0.5666666666666667,0.4383664293742976,0.5689289852005146,-0.130562555826217
16,505433.80969618564,29,0.6333333333333333,2.523417010116149,0.5322370396420313,1.9911799704741178
16,505433.80969618564,29,0.7,0.0,0.4979114682776703,-0.4979114682776703
16,505433.80969618564,29,0.7666666666666666,0.0,0.4657996565011093,-0.4657996565011093
16,505433.80969618564,29,0.8333333333333334,0.0,0.4357588322821159,-0.4357588322821159
16,505433.80969618564,29,0.9,2.3154739602847516,0.4076554313891406,1.907818528895611
16,505433.80969618564,29,0.9666666666666667,0.0,0.38136450355061846,-0.38136450355061846
16,505433.80969618564,29,1.0333333333333332,1.1352566504308732,0.35676915691471883,0.7784874935161543
16,505433.80969618564,29,1.1,0.9216935181716001,0.3337600383375607,0.5879334798340394
16,505433.80969618564,29,1.1666666666666665,0.0,0.3122348471892086,-0.3122348471892086
16,505433.80969618564,29,1.2333333333333334,0.0,0.29209788051578434,-0.29209788051578434
16,505433.80969618564,29,1.2999999999999998,0.0,0.2732596075354472,-0.2732596075354472
16,505433.80969618564,29,1.3666666666666667,1.1802173098538782,0.2556362715764093,0.9245810382774688
16,505433.80969618564,29,1.4333333333333331,0.0,0.23914951768717055,-0.23914951768717055
16,505433.80969618564,29,1.5,0.5114275009366804,0.2237260442632904,0.28770145667339003
16,505433.80969618564,29,1.5666666666666667,0.26414387411015283,0.2092972771418011,0.05484659696835173
16,505433.80969618564,29,1.6333333333333333,0.0,0.19579906471425323,-0.19579906471425323
16,505433.80969618564,29,1.7000000000000002,0.0,0.18317139270284163,-0.18317139270284163
16,505433.80969618564,29,1.7666666666666666,0.12364181341326341,0.17135811733147788,-0.047716303918214464
16,505433.80969618564,29,1.8333333333333335,0.42712626451854635,0.16030671570546504,0.26681954881308134
16,505433.80969618564,29,1.9,0.0,0.1499680522899403,-0.1499680522899403
16,505433.80969618564,29,1.9666666666666668,0.0,0.14029616044882603,-0.14029616044882603
16,505433.80969618564,29,2.033333333333333,0.0,0.13124803807299337,-0.13124803807299337
16,505433.80969618564,29,2.0999999999999996,0.0,0.12278345638898103,-0.12278345638898103
16,505433.80969618564,29,2.166666666666667,0.0,0.1148647810982167,-0.1148647810982167
16,505433.80969618564,29,2.2333333333333334,0.14612214312476635,0.10745680505150948,0.038665338073256866
16,505433.80969618564,29,2.3,0.22480329711502367,0.10052659171486797,0.1242767054001557
16,505433.80969618564,29,2.3666666666666667,0.0393405769951294,0.09404332873068051,-0.054702751735551114
16,505433.80969618564,29,2.4333333333333336,0.1854627201198945,0.08797819092317623,0.09748452919671828
16,505433.80969618564,29,2.5,0.06744098913450755,0.08230421213907665,-0.014863223004569104
16,505433.80969618564,29,2.5666666666666664,0.0,0.0769961653536303,-0.0769961653536303
16,505433.80969618564,29,2.6333333333333333,0.0,0.07203045050897056,-0.07203045050897056
16,505433.80969618564,29,2.7,0.0,0.06738498958611619,-0.06738498958611619
16,505433.80969618564,29,2.7666666666666666,0.0,0.06303912844409452,-0.06303912844409452
16,505433.80969618564,29,2.833333333333333,0.02810041213937796,0.05897354498975579,-0.030873132850377828
16,505433.80969618564,29,2.9,0.08992131884601007,0.05517016326999288,0.034751155576017184
16,505433.80969618564,29,2.966666666666667,0.016860247283626773,0.05161207310441313,-0.034751825820786356
16,505433.80969618564,29,3.033333333333333,0.0,0.04828345490114099,-0.04828345490114099
16,505433.80969618564,29,3.0999999999999996,0.0,0.0451695093214765,-0.0451695093214765
16,505433.80969618564,29,3.166666666666667,0.05058074185088032,0.042256391480692004,0.008324350370188319
16,505433.80969618564,29,3.2333333333333334,0.044960659423005034,0.039531149392417926,0.005429510030587108
16,505433.80969618564,29,3.3,0.07306107156238269,0.036981666382935374,0.03607940517944731
16,505433.80969618564,29,3.3666666666666667,0.044960659423005034,0.034596607219344995,0.010364052203660039
16,505433.80969618564,29,3.4333333333333336,0.005620082427875592,0.03236536771209253,-0.02674528528421694
16,505433.80969618564,29,3.5,0.0,0.030278027567779357,-0.030278027567779357
16,505433.80969618564,29,3.5666666666666664,0.005620082427875592,0.028325306282637477,-0.022705223854761886
16,505433.80969618564,29,3.6333333333333333,0.05058074185088066,0.02649852188056732,0.024082219970313342
16,505433.80969618564,29,3.7,0.011240164855751184,0.024789552312283886,-0.013549387456532702
16,505433.80969618564,29,3.7666666666666666,0.011240164855751258,0.02319079934394827,-0.011950634488197012
16,505433.80969618564,29,3.833333333333333,0.022480329711502368,0.02169515477473027,0.000785174936772097
16,505433.80969618564,29,3.9,0.005620082427875629,0.020295968833102217,-0.014675886405226587
16,505433.80969618564,29,3.966666666666667,0.0,0.018987020611351133,-0.018987020611351133
16,505433.80969618564,29,4.033333333333333,0.005620082427875629,0.017762490406858282,-0.012142407978982653
16,505433.80969618564,29,4.1,0.0,0.016616933847173034,-0.016616933847173034
16,505433.80969618564,29,4.166666666666666,0.0,0.015545257683838685,-0.015545257683838685
16,505433.80969618564,29,4.233333333333333,0.0,0.01454269714734751,-0.01454269714734751
16,505433.80969618564,29,4.3,0.0,0.013604794762542978,-0.013604794762542978
16,505433.80969618564,29,4.366666666666667,0.0,0.012727380530280517,-0.012727380530280517
16,505433.80969618564,29,4.433333333333334,0.0,0.011906553387232842,-0.011906553387232842
16,505433.80969618564,29,4.5,0.0,0.011138663861408195,-0.011138663861408195
16,505433.80969618564,29,4.566666666666666,0.005620082427875629,0.01042029784626662,-0.00480021541839099
16,505433.80969618564,29,4.633333333333333,0.0,0.009748261421292348,-0.009748261421292348
16,505433.80969618564,29,4.7,0.0,0.009119566651533231,-0.009119566651533231
16,505433.80969618564,29,4.766666666666667,0.005620082427875629,0.00853141830297074,-0.0029113358750951102
16,505433.80969618564,29,4.833333333333333,0.0,0.00798120141465572,-0.00798120141465572
16,505433.80969618564,29,4.9,0.0,0.00746646967235465,-0.00746646967235465
16,505433.80969618564,29,4.966666666666667,0.0,0.0069849345320145105,-0.0069849345320145105
16,505433.80969618564,29,5.033333333333333,0.0,0.006534455044688131,-0.006534455044688131
16,505433.80969618564,29,5.1,0.0,0.006113028337680839,-0.006113028337680839
16,505433.80969618564,29,5.166666666666666,0.01124016485575111,0.005718780709596645,0.005521384146154464
16,505433.80969618564,29,5.233333333333333,0.0,0.005349959299691729,-0.005349959299691729
16,505433.80969618564,29,5.3,0.0,0.005004924294496477,-0.005004924294496477
16,505433.80969618564,29,5.366666666666667,0.0,0.004682141637055892,-0.004682141637055892
16,505433.80969618564,29,5.433333333333334,0.0,0.004380176206373162,-0.004380176206373162
16,505433.80969618564,29,5.5,0.0,0.0040976854367313865,-0.0040976854367313865
16,505433.80969618564,29,5.566666666666666,0.0,0.003833413348524548,-0.003833413348524548
16,505433.80969618564,29,5.633333333333333,0.0,0.003586184964058159,-0.003586184964058159
16,505433.80969618564,29,5.7,0.0,0.0033549010834917664,-0.0033549010834917664
16,505433.80969618564,29,5.766666666666667,0.0,0.003138533397696691,-0.003138533397696691
16,505433.80969618564,29,5.833333333333333,0.0,0.0029361199163002714,-0.0029361199163002714
16,505433.80969618564,29,5.9,0.0,0.002746760690589351,-0.002746760690589351
16,505433.80969618564,29,5.966666666666667,0.011240164855751258,0.0025696138122566084,0.008670551043494651
17,876215.110109384,1,0.03333333333333333,0.0,0.9697991161959337,-0.9697991161959337
17,876215.110109384,1,0.1,0.0,0.9072538472787854,-0.9072538472787854
17,876215.110109384,1,0.16666666666666669,0.0,0.8487423113261123,-0.8487423113261123
17,876215.110109384,1,0.23333333333333334,0.0,0.7940043607374581,-0.7940043607374581
17,876215.110109384,1,0.3,0.0,0.7427966256154565,-0.7427966256154565
17,876215.110109384,1,0.3666666666666667,0.0,0.694891431721175,-0.694891431721175
17,876215.110109384,1,0.43333333333333335,3.7315436241610747,0.6500757882137806,3.081467835947294
17,876215.110109384,1,0.5,0.0,0.6081504406739263,-0.6081504406739263
17,876215.110109384,1,0.5666666666666667,0.0,0.5689289852005146,-0.5689289852005146
17,876215.110109384,1,0.6333333333333333,0.0,0.5322370396420313,-0.5322370396420313
17,876215.110109384,1,0.7,1.8624161073825507,0.4979114682776703,1.3645046391048803
17,876215.110109384,1,0.7666666666666666,1.0604026845637569,0.4657996565011093,0.5946030280626475
17,876215.110109384,1,0.8333333333333334,0.5469798657718122,0.4357588322821159,0.11122103348969631
17,876215.110109384,1,0.9,1.7214765100671146,0.4076554313891406,1.3138210786779738
17,876215.110109384,1,0.9666666666666667,0.0,0.38136450355061846,-0.38136450355061846
17,876215.110109384,1,1.0333333333333332,0.0,0.35676915691471883,-0.35676915691471883
17,876215.110109384,1,1.1,0.0,0.3337600383375607,-0.3337600383375607
17,876215.110109384,1,1.1666666666666665,1.6040268456375844,0.3122348471892086,1.2917919984483759
17,876215.110109384,1,1.2333333333333334,0.0,0.29209788051578434,-0.29209788051578434
17,876215.110109384,1,1.2999999999999998,1.1140939597315438,0.2732596075354472,0.8408343521960966
17,876215.110109384,1,1.3666666666666667,0.14765100671140943,0.2556362715764093,-0.10798526486499985
17,876215.110109384,1,1.4333333333333331,0.0,0.23914951768717055,-0.23914951768717055
17,876215.110109384,1,1.5,0.0,0.2237260442632904,-0.2237260442632904
17,876215.110109384,1,1.5666666666666667,0.43959731543624025,0.2092972771418011,0.23030003829443915
17,876215.110109384,1,1.6333333333333333,0.5469798657718122,0.19579906471425323,0.351180801057559
17,876215.110109384,1,1.7000000000000002,0.0,0.18317139270284163,-0.18317139270284163
17,876215.110109384,1,1.7666666666666666,0.0,0.17135811733147788,-0.17135811733147788
17,876215.110109384,1,1.8333333333333335,0.0,0.16030671570546504,-0.16030671570546504
17,876215.110109384,1,1.9,0.0,0.1499680522899403,-0.1499680522899403
17,876215.110109384,1,1.9666666666666668,0.0,0.14029616044882603,-0.14029616044882603
17,876215.110109384,1,2.033333333333333,0.5402684563758409,0.13124803807299337,0.4090204183028475
17,876215.110109384,1,2.0999999999999996,0.13758389261744924,0.12278345638898103,0.014800436228468217
17,876215.110109384,1,2.166666666666667,0.2751677852348985,0.1148647810982167,0.1603030041366818
17,876215.110109384,1,2.2333333333333334,0.17114093959731605,0.10745680505150948,0.06368413454580657
17,876215.110109384,1,2.3,0.0,0.10052659171486797,-0.10052659171486797
17,876215.110109384,1,2.3666666666666667,0.0,0.09404332873068051,-0.09404332873068051
17,876215.110109384,1,2.4333333333333336,0.0,0.08797819092317623,-0.08797819092317623
17,876215.110109384,1,2.5,0.0,0.08230421213907665,-0.08230421213907665
17,876215.110109384,1,2.5666666666666664,0.08724832214765074,0.0769961653536303,0.010252156794020445
17,876215.110109384,1,2.6333333333333333,0.1510067114093965,0.07203045050897056,0.07897626090042595
17,876215.110109384,1,2.7,0.04362416107382537,0.06738498958611619,-0.02376082851229082
17,876215.110109384,1,2.7666666666666666,0.0,0.06303912844409452,-0.06303912844409452
17,876215.110109384,1,2.833333333333333,0.0,0.05897354498975579,-0.05897354498975579
17,876215.110109384,1,2.9,0.1543624161073831,0.05517016326999288,0.09919225283739022
17,876215.110109384,1,2.966666666666667,0.07046979865771791,0.05161207310441313,0.018857725553304776
17,876215.110109384,1,3.033333333333333,0.11744966442953061,0.04828345490114099,0.06916620952838962
17,876215.110109384,1,3.0999999999999996,0.100671140939597,0.0451695093214765,0.0555016316181205
17,876215.110109384,1,3.166666666666667,0.0,0.042256391480692004,-0.042256391480692004
17,876215.110109384,1,3.2333333333333334,0.0,0.039531149392417926,-0.039531149392417926
17,876215.110109384,1,3.3,0.04362416107382537,0.036981666382935374,0.006642494690889997
17,876215.110109384,1,3.3666666666666667,0.043624161073825655,0.034596607219344995,0.00902755385448066
17,876215.110109384,1,3.4333333333333336,0.0503355704697985,0.03236536771209253,0.017970202757705972
17,876215.110109384,1,3.5,0.03355704697986589,0.030278027567779357,0.0032790194120865326
17,876215.110109384,1,3.5666666666666664,0.016778523489932834,0.028325306282637477,-0.011546782792704643
17,876215.110109384,1,3.6333333333333333,0.0,0.02649852188056732,-0.02649852188056732
17,876215.110109384,1,3.7,0.0,0.024789552312283886,-0.024789552312283886
17,876215.110109384,1,3.7666666666666666,0.03691275167785248,0.02319079934394827,0.013721952333904212
17,876215.110109384,1,3.833333333333333,0.023489932885905968,0.02169515477473027,0.0017947781111756975
17,876215.110109384,1,3.9,0.0033557046979865893,0.020295968833102217,-0.016940264135115627
17,876215.110109384,1,3.966666666666667,0.0,0.018987020611351133,-0.018987020611351133
17,876215.110109384,1,4.033333333333333,0.0,0.017762490406858282,-0.017762490406858282
17,876215.110109384,1,4.1,0.0,0.016616933847173034,-0.016616933847173034
17,876215.110109384,1,4.166666666666666,0.020134228187919267,0.015545257683838685,0.004588970504080582
17,876215.110109384,1,4.233333333333333,0.010067114093959767,0.01454269714734751,-0.004475583053387742
17,876215.110109384,1,4.3,0.020134228187919535,0.013604794762542978,0.006529433425376556
17,876215.110109384,1,4.366666666666667,0.006711409395973089,0.012727380530280517,-0.006015971134307428
17,876215.110109384,1,4.433333333333334,0.010067114093959767,0.011906553387232842,-0.0018394392932730742
17,876215.110109384,1,4.5,0.0067114093959731785,0.011138663861408195,-0.004427254465435016
17,876215.110109384,1,4.566666666666666,0.0,0.01042029784626662,-0.01042029784626662
17,876215.110109384,1,4.633333333333333,0.0,0.009748261421292348,-0.009748261421292348
17,876215.110109384,1,4.7,0.0,0.009119566651533231,-0.009119566651533231
17,876215.110109384,1,4.766666666666667,0.010067114093959767,0.00853141830297074,0.0015356957909890279
17,876215.110109384,1,4.833333333333333,0.0067114093959731785,0.00798120141465572,-0.0012697920186825412
17,876215.110109384,1,4.9,0.006711409395973089,0.00746646967235465,-0.000755060276381561
17,876215.110109384,1,4.966666666666667,0.0,0.0069849345320145105,-0.0069849345320145105
17,876215.110109384,1,5.033333333333333,0.010067114093959767,0.006534455044688131,0.0035326590492716367
17,876215.110109384,1,5.1,0.0,0.006113028337680839,-0.006113028337680839
17,876215.110109384,1,5.166666666666666,0.010067114093959634,0.005718780709596645,0.004348333384362989
17,876215.110109384,1,5.233333333333333,0.0,0.005349959299691729,-0.005349959299691729
17,876215.110109384,1,5.3,0.0,0.005004924294496477,-0.005004924294496477
17,876215.110109384,1,5.366666666666667,0.0,0.004682141637055892,-0.004682141637055892
17,876215.110109384,1,5.433333333333334,0.0,0.004380176206373162,-0.004380176206373162
17,876215.110109384,1,5.5,0.0,0.0040976854367313865,-0.0040976854367313865
17,876215.110109384,1,5.566666666666666,0.0,0.003833413348524548,-0.003833413348524548
17,876215.110109384,1,5.633333333333333,0.0,0.003586184964058159,-0.003586184964058159
17,876215.110109384,1,5.7,0.0,0.0033549010834917664,-0.0033549010834917664
17,876215.110109384,1,5.766666666666667,0.0,0.003138533397696691,-0.003138533397696691
17,876215.110109384,1,5.833333333333333,0.0,0.0029361199163002714,-0.0029361199163002714
17,876215.110109384,1,5.9,0.0033557046979865446,0.002746760690589351,0.0006089440073971937
17,876215.110109384,1,5.966666666666667,0.0033557046979865893,0.0025696138122566084,0.0007860908857299808
17,876215.110109384,7,0.03333333333333333,0.0,0.9697991161959337,-0.9697991161959337
17,876215.110109384,7,0.1,0.0,0.9072538472787854,-0.9072538472787854
17,876215.110109384,7,0.16666666666666669,0.0,0.8487423113261123,-0.8487423113261123
17,876215.110109384,7,0.23333333333333334,0.0,0.7940043607374581,-0.7940043607374581
17,876215.110109384,7,0.3,3.8491077479105495,0.7427966256154565,3.106311122295093
17,876215.110109384,7,0.3666666666666667,0.0,0.694891431721175,-0.694891431721175
17,876215.110109384,7,0.43333333333333335,2.9173255025976967,0.6500757882137806,2.267249714383916
17,876215.110109384,7,0.5,0.0,0.6081504406739263,-0.6081504406739263
17,876215.110109384,7,0.5666666666666667,0.0,0.5689289852005146,-0.5689289852005146
17,876215.110109384,7,0.6333333333333333,0.0,0.5322370396420313,-0.5322370396420313
17,876215.110109384,7,0.7,1.3451547323243733,0.4979114682776703,0.847243264046703
17,876215.110109384,7,0.7666666666666666,0.8640162638355533,0.4657996565011093,0.398216607334444
17,876215.110109384,7,0.8333333333333334,0.39981929071606065,0.4357588322821159,-0.03593954156605528
17,876215.110109384,7,0.9,1.2638355545516153,0.4076554313891406,0.8561801231624747
17,876215.110109384,7,0.9666666666666667,0.0,0.38136450355061846,-0.38136450355061846
17,876215.110109384,7,1.0333333333333332,0.0,0.35676915691471883,-0.35676915691471883
17,876215.110109384,7,1.1,0.0,0.3337600383375607,-0.3337600383375607
17,876215.110109384,7,1.1666666666666665,1.152021685114073,0.3122348471892086,0.8397868379248644
17,876215.110109384,7,1.2333333333333334,0.0,0.29209788051578434,-0.29209788051578434
17,876215.110109384,7,1.2999999999999998,0.0,0.2732596075354472,-0.2732596075354472
17,876215.110109384,7,1.3666666666666667,0.0,0.2556362715764093,-0.2556362715764093
17,876215.110109384,7,1.4333333333333331,0.0,0.23914951768717055,-0.23914951768717055
17,876215.110109384,7,1.5,0.0,0.2237260442632904,-0.2237260442632904
17,876215.110109384,7,1.5666666666666667,0.49130336571041183,0.2092972771418011,0.28200608856861076
17,876215.110109384,7,1.6333333333333333,0.6031172351479558,0.19579906471425323,0.40731817043370255
17,876215.110109384,7,1.7000000000000002,0.14569686017619157,0.18317139270284163,-0.03747453252665006
17,876215.110109384,7,1.7666666666666666,0.4235373842331151,0.17135811733147788,0.2521792669016372
17,876215.110109384,7,1.8333333333333335,0.0,0.16030671570546504,-0.16030671570546504
17,876215.110109384,7,1.9,0.0,0.1499680522899403,-0.1499680522899403
17,876215.110109384,7,1.9666666666666668,0.0,0.14029616044882603,-0.14029616044882603
17,876215.110109384,7,2.033333333333333,0.0,0.13124803807299337,-0.13124803807299337
17,876215.110109384,7,2.0999999999999996,0.0,0.12278345638898103,-0.12278345638898103
17,876215.110109384,7,2.166666666666667,0.30155861757397695,0.1148647810982167,0.18669383647576027
17,876215.110109384,7,2.2333333333333334,0.1592500564716518,0.10745680505150948,0.05179325142014232
17,876215.110109384,7,2.3,0.0,0.10052659171486797,-0.10052659171486797
17,876215.110109384,7,2.3666666666666667,0.0,0.09404332873068051,-0.09404332873068051
17,876215.110109384,7,2.4333333333333336,0.1456968601761911,0.08797819092317623,0.05771866925301487
17,876215.110109384,7,2.5,0.1829681499887063,0.08230421213907665,0.10066393784962965
17,876215.110109384,7,2.5666666666666664,0.08131917777275782,0.0769961653536303,0.004323012419127525
17,876215.110109384,7,2.6333333333333333,0.1389202620284622,0.07203045050897056,0.06688981151949164
17,876215.110109384,7,2.7,0.013553196295459638,0.06738498958611619,-0.05383179329065655
17,876215.110109384,7,2.7666666666666666,0.0,0.06303912844409452,-0.06303912844409452
17,876215.110109384,7,2.833333333333333,0.010164897221594728,0.05897354498975579,-0.04880864776816106
17,876215.110109384,7,2.9,0.09148407499435315,0.05517016326999288,0.03631391172436027
17,876215.110109384,7,2.966666666666667,0.05082448610797364,0.05161207310441313,-0.0007875869964394933
17,876215.110109384,7,3.033333333333333,0.08470747684662329,0.04828345490114099,0.0364240219454823
17,876215.110109384,7,3.0999999999999996,0.04743618703410873,0.0451695093214765,0.0022666777126322257
17,876215.110109384,7,3.166666666666667,0.0,0.042256391480692004,-0.042256391480692004
17,876215.110109384,7,3.2333333333333334,0.0,0.039531149392417926,-0.039531149392417926
17,876215.110109384,7,3.3,0.027106392590919275,0.036981666382935374,-0.009875273792016099
17,876215.110109384,7,3.3666666666666667,0.023718093517054523,0.034596607219344995,-0.010878513702290472
17,876215.110109384,7,3.4333333333333336,0.020329794443189456,0.03236536771209253,-0.012035573268903074
17,876215.110109384,7,3.5,0.0,0.030278027567779357,-0.030278027567779357
17,876215.110109384,7,3.5666666666666664,0.0,0.028325306282637477,-0.028325306282637477
17,876215.110109384,7,3.6333333333333333,0.0,0.02649852188056732,-0.02649852188056732
17,876215.110109384,7,3.7,0.0033882990738649094,0.024789552312283886,-0.021401253238418978
17,876215.110109384,7,3.7666666666666666,0.020329794443189594,0.02319079934394827,-0.0028610049007586763
17,876215.110109384,7,3.833333333333333,0.016941495369324547,0.02169515477473027,-0.004753659405405723
17,876215.110109384,7,3.9,0.03727128981251425,0.020295968833102217,0.016975320979412033
17,876215.110109384,7,3.966666666666667,0.013553196295459638,0.018987020611351133,-0.0054338243158914955
17,876215.110109384,7,4.033333333333333,0.0,0.017762490406858282,-0.017762490406858282
17,876215.110109384,7,4.1,0.0,0.016616933847173034,-0.016616933847173034
17,876215.110109384,7,4.166666666666666,0.0,0.015545257683838685,-0.015545257683838685
17,876215.110109384,7,4.233333333333333,0.0,0.01454269714734751,-0.01454269714734751
17,876215.110109384,7,4.3,0.010164897221594797,0.013604794762542978,-0.003439897540948181
17,876215.110109384,7,4.366666666666667,0.003388299073864887,0.012727380530280517,-0.00933908145641563
17,876215.110109384,7,4.433333333333334,0.003388299073864932,0.011906553387232842,-0.00851825431336791
17,876215.110109384,7,4.5,0.003388299073864932,0.011138663861408195,-0.007750364787543262
17,876215.110109384,7,4.566666666666666,0.0,0.01042029784626662,-0.01042029784626662
17,876215.110109384,7,4.633333333333333,0.006776598147729774,0.009748261421292348,-0.002971663273562574
17,876215.110109384,7,4.7,0.010164897221594797,0.009119566651533231,0.0010453305700615662
17,876215.110109384,7,4.766666666666667,0.010164897221594797,0.00853141830297074,0.0016334789186240577
17,876215.110109384,7,4.833333333333333,0.006776598147729864,0.00798120141465572,-0.0012046032669258558
17,876215.110109384,7,4.9,0.0,0.00746646967235465,-0.00746646967235465
17,876215.110109384,7,4.966666666666667,0.0,0.0069849345320145105,-0.0069849345320145105
17,876215.110109384,7,5.033333333333333,0.003388299073864932,0.006534455044688131,-0.0031461559708231986
17,876215.110109384,7,5.1,0.003388299073864932,0.006113028337680839,-0.0027247292638159074
17,876215.110109384,7,5.166666666666666,0.0,0.005718780709596645,-0.005718780709596645
17,876215.110109384,7,5.233333333333333,0.0,0.005349959299691729,-0.005349959299691729
17,876215.110109384,7,5.3,0.003388299073864932,0.005004924294496477,-0.0016166252206315447
17,876215.110109384,7,5.366666666666667,0.0,0.004682141637055892,-0.004682141637055892
17,876215.110109384,7,5.433333333333334,0.0,0.004380176206373162,-0.004380176206373162
17,876215.110109384,7,5.5,0.003388299073864932,0.0040976854367313865,-0.0007093863628664545
17,876215.110109384,7,5.566666666666666,0.003388299073864932,0.003833413348524548,-0.00044511427465961616
17,876215.110109384,7,5.633333333333333,0.0,0.003586184964058159,-0.003586184964058159
17,876215.110109384,7,5.7,0.0,0.0033549010834917664,-0.0033549010834917664
17,876215.110109384,7,5.766666666666667,0.0,0.003138533397696691,-0.003138533397696691
17,876215.110109384,7,5.833333333333333,0.0,0.0029361199163002714,-0.0029361199163002714
17,876215.110109384,7,5.9,0.003388299073864887,0.002746760690589351,0.000641538383275536
17,876215.110109384,7,5.966666666666667,0.0,0.0025696138122566084,-0.0025696138122566084
17,876215.110109384,11,0.03333333333333333,0.0,0.9697991161959337,-0.9697991161959337
17,876215.110109384,11,0.1,0.0,0.9072538472787854,-0.9072538472787854
17,876215.110109384,11,0.16666666666666669,3.8286358511837646,0.8487423113261123,2.9798935398576525
17,876215.110109384,11,0.23333333333333334,0.0,0.7940043607374581,-0.7940043607374581
17,876215.110109384,11,0.3,0.0,0.7427966256154565,-0.7427966256154565
17,876215.110109384,11,0.3666666666666667,0.0,0.694891431721175,-0.694891431721175
17,876215.110109384,11,0.43333333333333335,3.0879368658399104,0.6500757882137806,2.43786107762613
17,876215.110109384,11,0.5,0.0,0.6081504406739263,-0.6081504406739263
17,876215.110109384,11,0.5666666666666667,2.164599774520857,0.5689289852005146,1.5956707893203426
17,876215.110109384,11,0.6333333333333333,0.0,0.5322370396420313,-0.5322370396420313
17,876215.110109384,11,0.7,0.0,0.4979114682776703,-0.4979114682776703
17,876215.110109384,11,0.7666666666666666,0.0,0.4657996565011093,-0.4657996565011093
17,876215.110109384,11,0.8333333333333334,0.35174746335963936,0.4357588322821159,-0.08401136892247657
17,876215.110109384,11,0.9,1.2142051860202934,0.4076554313891406,0.8065497546311527
17,876215.110109384,11,0.9666666666666667,0.0,0.38136450355061846,-0.38136450355061846
17,876215.110109384,11,1.0333333333333332,0.0,0.35676915691471883,-0.35676915691471883
17,876215.110109384,11,1.1,0.0,0.3337600383375607,-0.3337600383375607
17,876215.110109384,11,1.1666666666666665,0.0,0.3122348471892086,-0.3122348471892086
17,876215.110109384,11,1.2333333333333334,0.0,0.29209788051578434,-0.29209788051578434
17,876215.110109384,11,1.2999999999999998,1.0992108229988728,0.2732596075354472,0.8259512154634256
17,876215.110109384,11,1.3666666666666667,0.16234498308906428,0.2556362715764093,-0.093291288487345
17,876215.110109384,11,1.4333333333333331,0.6155580608793687,0.23914951768717055,0.3764085431921982
17,876215.110109384,11,1.5,0.36527621195039467,0.2237260442632904,0.14155016768710427
17,876215.110109384,11,1.5666666666666667,0.0,0.2092972771418011,-0.2092972771418011
17,876215.110109384,11,1.6333333333333333,0.0,0.19579906471425323,-0.19579906471425323
17,876215.110109384,11,1.7000000000000002,0.0,0.18317139270284163,-0.18317139270284163
17,876215.110109384,11,1.7666666666666666,0.0,0.17135811733147788,-0.17135811733147788
17,876215.110109384,11,1.8333333333333335,0.04396843291995492,0.16030671570546504,-0.11633828278551012
17,876215.110109384,11,1.9,0.5208568207440812,0.1499680522899403,0.3708887684541409
17,876215.110109384,11,1.9666666666666668,0.047350620067643755,0.14029616044882603,-0.09294554038118227
17,876215.110109384,11,2.033333333333333,0.0,0.13124803807299337,-0.13124803807299337
17,876215.110109384,11,2.0999999999999996,0.0,0.12278345638898103,-0.12278345638898103
17,876215.110109384,11,2.166666666666667,0.2874859075535504,0.1148647810982167,0.17262112645533373
17,876215.110109384,11,2.2333333333333334,0.1792559188275091,0.10745680505150948,0.07179911377599962
17,876215.110109384,11,2.3,0.19954904171364088,0.10052659171486797,0.09902244999877291
17,876215.110109384,11,2.3666666666666667,0.14543404735062057,0.09404332873068051,0.05139071861994006
17,876215.110109384,11,2.4333333333333336,0.0,0.08797819092317623,-0.08797819092317623
17,876215.110109384,11,2.5,0.0,0.08230421213907665,-0.08230421213907665
17,876215.110109384,11,2.5666666666666664,0.06426155580608774,0.0769961653536303,-0.01273460954754256
17,876215.110109384,11,2.6333333333333333,0.12175873731679863,0.07203045050897056,0.04972828680782808
17,876215.110109384,11,2.7,0.06087936865839891,0.06738498958611619,-0.006505620927717282
17,876215.110109384,11,2.7666666666666666,0.09470124013528781,0.06303912844409452,0.03166211169119329
17,876215.110109384,11,2.833333333333333,0.01691093573844414,0.05897354498975579,-0.042062609251311646
17,876215.110109384,11,2.9,0.0,0.05517016326999288,-0.05517016326999288
17,876215.110109384,11,2.966666666666667,0.0,0.05161207310441313,-0.05161207310441313
17,876215.110109384,11,3.033333333333333,0.07440811724915472,0.04828345490114099,0.02612466234801373
17,876215.110109384,11,3.0999999999999996,0.05073280721533242,0.0451695093214765,0.005563297893855922
17,876215.110109384,11,3.166666666666667,0.0,0.042256391480692004,-0.042256391480692004
17,876215.110109384,11,3.2333333333333334,0.0,0.039531149392417926,-0.039531149392417926
17,876215.110109384,11,3.3,0.0,0.036981666382935374,-0.036981666382935374
17,876215.110109384,11,3.3666666666666667,0.0,0.034596607219344995,-0.034596607219344995
17,876215.110109384,11,3.4333333333333336,0.010146561443066485,0.03236536771209253,-0.022218806269026045
17,876215.110109384,11,3.5,0.03382187147688851,0.030278027567779357,0.003543843909109154
17,876215.110109384,11,3.5666666666666664,0.023675310033821798,0.028325306282637477,-0.00464999624881568
17,876215.110109384,11,3.6333333333333333,0.0067643742953777015,0.02649852188056732,-0.01973414758518962
17,876215.110109384,11,3.7,0.0067643742953776564,0.024789552312283886,-0.01802517801690623
17,876215.110109384,11,3.7666666666666666,0.0,0.02319079934394827,-0.02319079934394827
17,876215.110109384,11,3.833333333333333,0.0,0.02169515477473027,-0.02169515477473027
17,876215.110109384,11,3.9,0.0,0.020295968833102217,-0.020295968833102217
17,876215.110109384,11,3.966666666666667,0.0,0.018987020611351133,-0.018987020611351133
17,876215.110109384,11,4.033333333333333,0.013528748590755403,0.017762490406858282,-0.004233741816102879
17,876215.110109384,11,4.1,0.010146561443066554,0.016616933847173034,-0.0064703724041064795
17,876215.110109384,11,4.166666666666666,0.006764374295377612,0.015545257683838685,-0.008780883388461072
17,876215.110109384,11,4.233333333333333,0.0,0.01454269714734751,-0.01454269714734751
17,876215.110109384,11,4.3,0.0033821871476888508,0.013604794762542978,-0.010222607614854128
17,876215.110109384,11,4.366666666666667,0.010146561443066417,0.012727380530280517,-0.0025808190872141003
17,876215.110109384,11,4.433333333333334,0.016910935738444256,0.011906553387232842,0.005004382351211414
17,876215.110109384,11,4.5,0.0033821871476888508,0.011138663861408195,-0.007756476713719344
17,876215.110109384,11,4.566666666666666,0.0033821871476888508,0.01042029784626662,-0.007038110698577769
17,876215.110109384,11,4.633333333333333,0.003382187147688806,0.009748261421292348,-0.006366074273603542
17,876215.110109384,11,4.7,0.0,0.009119566651533231,-0.009119566651533231
17,876215.110109384,11,4.766666666666667,0.0067643742953777015,0.00853141830297074,-0.001767044007593038
17,876215.110109384,11,4.833333333333333,0.010146561443066554,0.00798120141465572,0.0021653600284108343
17,876215.110109384,11,4.9,0.013528748590755224,0.00746646967235465,0.006062278918400574
17,876215.110109384,11,4.966666666666667,0.0033821871476888508,0.0069849345320145105,-0.0036027473843256597
17,876215.110109384,11,5.033333333333333,0.0,0.006534455044688131,-0.006534455044688131
17,876215.110109384,11,5.1,0.0,0.006113028337680839,-0.006113028337680839
17,876215.110109384,11,5.166666666666666,0.0,0.005718780709596645,-0.005718780709596645
17,876215.110109384,11,5.233333333333333,0.0,0.005349959299691729,-0.005349959299691729
17,876215.110109384,11,5.3,0.0067643742953777015,0.005004924294496477,0.0017594500008812249
17,876215.110109384,11,5.366666666666667,0.0,0.004682141637055892,-0.004682141637055892
17,876215.110109384,11,5.433333333333334,0.0,0.004380176206373162,-0.004380176206373162
17,876215.110109384,11,5.5,0.0,0.0040976854367313865,-0.0040976854367313865
17,876215.110109384,11,5.566666666666666,0.0,0.003833413348524548,-0.003833413348524548
17,876215.110109384,11,5.633333333333333,0.0,0.003586184964058159,-0.003586184964058159
17,876215.110109384,11,5.7,0.0,0.0033549010834917664,-0.0033549010834917664
17,876215.110109384,11,5.766666666666667,0.010146561443066554,0.003138533397696691,0.007008028045369864
17,876215.110109384,11,5.833333333333333,0.0,0.0029361199163002714,-0.0029361199163002714
17,876215.110109384,11,5.9,0.0,0.002746760690589351,-0.002746760690589351
17,876215.110109384,11,5.966666666666667,0.0,0.0025696138122566084,-0.0025696138122566084
17,876215.110109384,13,0.03333333333333333,0.0,0.9697991161959337,-0.9697991161959337
17,876215.110109384,13,0.1,0.0,0.9072538472787854,-0.9072538472787854
17,876215.110109384,13,0.16666666666666669,0.0,0.8487423113261123,-0.8487423113261123
17,876215.110109384,13,0.23333333333333334,0.0,0.7940043607374581,-0.7940043607374581
17,876215.110109384,13,0.3,3.84684482371435,0.7427966256154565,3.1040481980988934
17,876215.110109384,13,0.3666666666666667,0.0,0.694891431721175,-0.694891431721175
17,876215.110109384,13,0.43333333333333335,2.981136312598249,0.6500757882137806,2.331060524384468
17,876215.110109384,13,0.5,0.0,0.6081504406739263,-0.6081504406739263
17,876215.110109384,13,0.5666666666666667,0.0,0.5689289852005146,-0.5689289852005146
17,876215.110109384,13,0.6333333333333333,0.0,0.5322370396420313,-0.5322370396420313
17,876215.110109384,13,0.7,1.465304289243207,0.4979114682776703,0.9673928209655368
17,876215.110109384,13,0.7666666666666666,0.8522344486862775,0.4657996565011093,0.3864347921851682
17,876215.110109384,13,0.8333333333333334,0.0,0.4357588322821159,-0.4357588322821159
17,876215.110109384,13,0.9,0.0,0.4076554313891406,-0.4076554313891406
17,876215.110109384,13,0.9666666666666667,0.0,0.38136450355061846,-0.38136450355061846
17,876215.110109384,13,1.0333333333333332,0.0,0.35676915691471883,-0.35676915691471883
17,876215.110109384,13,1.1,0.0,0.3337600383375607,-0.3337600383375607
17,876215.110109384,13,1.1666666666666665,1.6876263193352796,0.3122348471892086,1.3753914721460712
17,876215.110109384,13,1.2333333333333334,0.0,0.29209788051578434,-0.29209788051578434
17,876215.110109384,13,1.2999999999999998,0.9735010105546822,0.2732596075354472,0.700241403019235
17,876215.110109384,13,1.3666666666666667,0.15832023355041544,0.2556362715764093,-0.09731603802599384
17,876215.110109384,13,1.4333333333333331,0.0,0.23914951768717055,-0.23914951768717055
17,876215.110109384,13,1.5,0.0,0.2237260442632904,-0.2237260442632904
17,876215.110109384,13,1.5666666666666667,0.0,0.2092972771418011,-0.2092972771418011
17,876215.110109384,13,1.6333333333333333,0.0,0.19579906471425323,-0.19579906471425323
17,876215.110109384,13,1.7000000000000002,0.19537390523242756,0.18317139270284163,0.01220251252958593
17,876215.110109384,13,1.7666666666666666,0.6737031214911295,0.17135811733147788,0.5023450041596517
17,876215.110109384,13,1.8333333333333335,0.0,0.16030671570546504,-0.16030671570546504
17,876215.110109384,13,1.9,0.0,0.1499680522899403,-0.1499680522899403
17,876215.110109384,13,1.9666666666666668,0.0,0.14029616044882603,-0.14029616044882603
17,876215.110109384,13,2.033333333333333,0.5659106220525508,0.13124803807299337,0.4346625839795575
17,876215.110109384,13,2.0999999999999996,0.13137210869076982,0.12278345638898103,0.00858865230178879
17,876215.110109384,13,2.166666666666667,0.29642937345609605,0.1148647810982167,0.18156459235787936
17,876215.110109384,13,2.2333333333333334,0.12463507747585938,0.10745680505150948,0.017178272424349897
17,876215.110109384,13,2.3,0.0,0.10052659171486797,-0.10052659171486797
17,876215.110109384,13,2.3666666666666667,0.0,0.09404332873068051,-0.09404332873068051
17,876215.110109384,13,2.4333333333333336,0.11789804626094728,0.08797819092317623,0.029919855337771056
17,876215.110109384,13,2.5,0.21895351448461783,0.08230421213907665,0.13664930234554118
17,876215.110109384,13,2.5666666666666664,0.06063328093420146,0.0769961653536303,-0.01636288441942884
17,876215.110109384,13,2.6333333333333333,0.12463507747585938,0.07203045050897056,0.05260462696688882
17,876215.110109384,13,2.7,0.02021109364473382,0.06738498958611619,-0.04717389594138237
17,876215.110109384,13,2.7666666666666666,0.0,0.06303912844409452,-0.06303912844409452
17,876215.110109384,13,2.833333333333333,0.0033685156074556365,0.05897354498975579,-0.05560502938230015
17,876215.110109384,13,2.9,0.0909499214013028,0.05517016326999288,0.035779758131309916
17,876215.110109384,13,2.966666666666667,0.05726476532674582,0.05161207310441313,0.005652692222332688
17,876215.110109384,13,3.033333333333333,0.0,0.04828345490114099,-0.04828345490114099
17,876215.110109384,13,3.0999999999999996,0.0,0.0451695093214765,-0.0451695093214765
17,876215.110109384,13,3.166666666666667,0.0,0.042256391480692004,-0.042256391480692004
17,876215.110109384,13,3.2333333333333334,0.0,0.039531149392417926,-0.039531149392417926
17,876215.110109384,13,3.3,0.037053671682012006,0.036981666382935374,7.20052990766315e-05
17,876215.110109384,13,3.3666666666666667,0.06400179654165752,0.034596607219344995,0.02940518932231253
17,876215.110109384,13,3.4333333333333336,0.03031664046710073,0.03236536771209253,-0.0020487272449918013
17,876215.110109384,13,3.5,0.016842578037278295,0.030278027567779357,-0.013435449530501062
17,876215.110109384,13,3.5666666666666664,0.006737031214911273,0.028325306282637477,-0.021588275067726204
17,876215.110109384,13,3.6333333333333333,0.0,0.02649852188056732,-0.02649852188056732
17,876215.110109384,13,3.7,0.0,0.024789552312283886,-0.024789552312283886
17,876215.110109384,13,3.7666666666666666,0.0,0.02319079934394827,-0.02319079934394827
17,876215.110109384,13,3.833333333333333,0.0,0.02169515477473027,-0.02169515477473027
17,876215.110109384,13,3.9,0.026948124859645272,0.020295968833102217,0.006652156026543055
17,876215.110109384,13,3.966666666666667,0.01010554682236691,0.018987020611351133,-0.008881473788984223
17,876215.110109384,13,4.033333333333333,0.0,0.017762490406858282,-0.017762490406858282
17,876215.110109384,13,4.1,0.0,0.016616933847173034,-0.016616933847173034
17,876215.110109384,13,4.166666666666666,0.013474062429822457,0.015545257683838685,-0.002071195254016228
17,876215.110109384,13,4.233333333333333,0.020211093644733957,0.01454269714734751,0.005668396497386447
17,876215.110109384,13,4.3,0.020211093644733957,0.013604794762542978,0.006606298882190978
17,876215.110109384,13,4.366666666666667,0.010105546822366843,0.012727380530280517,-0.0026218337079136744
17,876215.110109384,13,4.433333333333334,0.003368515607455659,0.011906553387232842,-0.008538037779777182
17,876215.110109384,13,4.5,0.0,0.011138663861408195,-0.011138663861408195
17,876215.110109384,13,4.566666666666666,0.003368515607455659,0.01042029784626662,-0.00705178223881096
17,876215.110109384,13,4.633333333333333,0.020211093644733686,0.009748261421292348,0.010462832223441338
17,876215.110109384,13,4.7,0.006737031214911318,0.009119566651533231,-0.002382535436621913
17,876215.110109384,13,4.766666666666667,0.020211093644733957,0.00853141830297074,0.011679675341763217
17,876215.110109384,13,4.833333333333333,0.006737031214911318,0.00798120141465572,-0.0012441701997444017
17,876215.110109384,13,4.9,0.010105546822366843,0.00746646967235465,0.002639077150012193
17,876215.110109384,13,4.966666666666667,0.0,0.0069849345320145105,-0.0069849345320145105
17,876215.110109384,13,5.033333333333333,0.010105546822366978,0.006534455044688131,0.0035710917776788477
17,876215.110109384,13,5.1,0.0,0.006113028337680839,-0.006113028337680839
17,876215.110109384,13,5.166666666666666,0.0,0.005718780709596645,-0.005718780709596645
17,876215.110109384,13,5.233333333333333,0.003368515607455659,0.005349959299691729,-0.0019814436922360704
17,876215.110109384,13,5.3,0.0,0.005004924294496477,-0.005004924294496477
17,876215.110109384,13,5.366666666666667,0.0,0.004682141637055892,-0.004682141637055892
17,876215.110109384,13,5.433333333333334,0.003368515607455659,0.004380176206373162,-0.001011660598917503
17,876215.110109384,13,5.5,0.003368515607455659,0.0040976854367313865,-0.0007291698292757275
17,876215.110109384,13,5.566666666666666,0.0,0.003833413348524548,-0.003833413348524548
17,876215.110109384,13,5.633333333333333,0.0033685156074556143,0.003586184964058159,-0.00021766935660254456
17,876215.110109384,13,5.7,0.003368515607455659,0.0033549010834917664,1.3614523963892573e-05
17,876215.110109384,13,5.766666666666667,0.0,0.003138533397696691,-0.003138533397696691
17,876215.110109384,13,5.833333333333333,0.0,0.0029361199163002714,-0.0029361199163002714
17,876215.110109384,13,5.9,0.0,0.002746760690589351,-0.002746760690589351
17,876215.110109384,13,5.966666666666667,0.0,0.0025696138122566084,-0.0025696138122566084
17,876215.110109384,17,0.03333333333333333,0.0,0.9697991161959337,-0.9697991161959337
17,876215.110109384,17,0.1,0.0,0.9072538472787854,-0.9072538472787854
17,876215.110109384,17,0.16666666666666669,3.923024983119513,0.8487423113261123,3.0742826717934006
17,876215.110109384,17,0.23333333333333334,0.0,0.7940043607374581,-0.7940043607374581
17,876215.110109384,17,0.3,0.0,0.7427966256154565,-0.7427966256154565
17,876215.110109384,17,0.3666666666666667,0.0,0.694891431721175,-0.694891431721175
17,876215.110109384,17,0.43333333333333335,2.954085077650237,0.6500757882137806,2.3040092894364563
17,876215.110109384,17,0.5,0.0,0.6081504406739263,-0.6081504406739263
17,876215.110109384,17,0.5666666666666667,0.0,0.5689289852005146,-0.5689289852005146
17,876215.110109384,17,0.6333333333333333,0.0,0.5322370396420313,-0.5322370396420313
17,876215.110109384,17,0.7,0.0,0.4979114682776703,-0.4979114682776703
17,876215.110109384,17,0.7666666666666666,0.0,0.4657996565011093,-0.4657996565011093
17,876215.110109384,17,0.8333333333333334,0.573936529372046,0.4357588322821159,0.13817769708993005
17,876215.110109384,17,0.9,1.6171505739365297,0.4076554313891406,1.209495142547389
17,876215.110109384,17,0.9666666666666667,0.0,0.38136450355061846,-0.38136450355061846
17,876215.110109384,17,1.0333333333333332,1.8737339635381502,0.35676915691471883,1.5169648066234314
17,876215.110109384,17,1.1,0.0,0.3337600383375607,-0.3337600383375607
17,876215.110109384,17,1.1666666666666665,0.0,0.3122348471892086,-0.3122348471892086
17,876215.110109384,17,1.2333333333333334,0.0,0.29209788051578434,-0.29209788051578434
17,876215.110109384,17,1.2999999999999998,0.0,0.2732596075354472,-0.2732596075354472
17,876215.110109384,17,1.3666666666666667,0.0,0.2556362715764093,-0.2556362715764093
17,876215.110109384,17,1.4333333333333331,0.6684672518568536,0.23914951768717055,0.4293177341696831
17,876215.110109384,17,1.5,0.4051316677920325,0.2237260442632904,0.18140562352874212
17,876215.110109384,17,1.5666666666666667,0.0,0.2092972771418011,-0.2092972771418011
17,876215.110109384,17,1.6333333333333333,0.0,0.19579906471425323,-0.19579906471425323
17,876215.110109384,17,1.7000000000000002,0.20256583389601626,0.18317139270284163,0.019394441193174627
17,876215.110109384,17,1.7666666666666666,0.648210668467252,0.17135811733147788,0.47685255113577407
17,876215.110109384,17,1.8333333333333335,0.054017555705604334,0.16030671570546504,-0.1062891599998607
17,876215.110109384,17,1.9,0.536799459824443,0.1499680522899403,0.3868314075345027
17,876215.110109384,17,1.9666666666666668,0.0236326806212019,0.14029616044882603,-0.11666347982762414
17,876215.110109384,17,2.033333333333333,0.0,0.13124803807299337,-0.13124803807299337
17,876215.110109384,17,2.0999999999999996,0.0,0.12278345638898103,-0.12278345638898103
17,876215.110109384,17,2.166666666666667,0.28359216745442184,0.1148647810982167,0.16872738635620516
17,876215.110109384,17,2.2333333333333334,0.14179608372721186,0.10745680505150948,0.034339278675702384
17,876215.110109384,17,2.3,0.16205266711681246,0.10052659171486797,0.06152607540194449
17,876215.110109384,17,2.3666666666666667,0.14179608372721186,0.09404332873068051,0.04775275499653135
17,876215.110109384,17,2.4333333333333336,0.0,0.08797819092317623,-0.08797819092317623
17,876215.110109384,17,2.5,0.0,0.08230421213907665,-0.08230421213907665
17,876215.110109384,17,2.5666666666666664,0.043889264010803376,0.0769961653536303,-0.03310690134282692
17,876215.110109384,17,2.6333333333333333,0.14179608372721186,0.07203045050897056,0.06976563321824131
17,876215.110109384,17,2.7,0.06414584740040492,0.06738498958611619,-0.0032391421857112662
17,876215.110109384,17,2.7666666666666666,0.0,0.06303912844409452,-0.06303912844409452
17,876215.110109384,17,2.833333333333333,0.0,0.05897354498975579,-0.05897354498975579
17,876215.110109384,17,2.9,0.0,0.05517016326999288,-0.05517016326999288
17,876215.110109384,17,2.966666666666667,0.0,0.05161207310441313,-0.05161207310441313
17,876215.110109384,17,3.033333333333333,0.0776502363268065,0.04828345490114099,0.029366781425665504
17,876215.110109384,17,3.0999999999999996,0.07765023632680597,0.0451695093214765,0.03248072700532947
17,876215.110109384,17,3.166666666666667,0.0337609723160026,0.042256391480692004,-0.008495419164689405
17,876215.110109384,17,3.2333333333333334,0.06076975016880508,0.039531149392417926,0.021238600776387152
17,876215.110109384,17,3.3,0.006752194463200519,0.036981666382935374,-0.030229471919734855
17,876215.110109384,17,3.3666666666666667,0.0,0.034596607219344995,-0.034596607219344995
17,876215.110109384,17,3.4333333333333336,0.0,0.03236536771209253,-0.03236536771209253
17,876215.110109384,17,3.5,0.0,0.030278027567779357,-0.030278027567779357
17,876215.110109384,17,3.5666666666666664,0.0168804861580013,0.028325306282637477,-0.011444820124636178
17,876215.110109384,17,3.6333333333333333,0.04726536124240395,0.02649852188056732,0.02076683936183663
17,876215.110109384,17,3.7,0.040513166779203115,0.024789552312283886,0.01572361446691923
17,876215.110109384,17,3.7666666666666666,0.0,0.02319079934394827,-0.02319079934394827
17,876215.110109384,17,3.833333333333333,0.0,0.02169515477473027,-0.02169515477473027
17,876215.110109384,17,3.9,0.020256583389601693,0.020295968833102217,-3.938544350052392e-05
17,876215.110109384,17,3.966666666666667,0.023632680621201815,0.018987020611351133,0.004645660009850682
17,876215.110109384,17,4.033333333333333,0.027008777852802257,0.017762490406858282,0.009246287445943975
17,876215.110109384,17,4.1,0.020256583389601693,0.016616933847173034,0.0036396495424286593
17,876215.110109384,17,4.166666666666666,0.010128291694800711,0.015545257683838685,-0.005416965989037974
17,876215.110109384,17,4.233333333333333,0.0,0.01454269714734751,-0.01454269714734751
17,876215.110109384,17,4.3,0.006752194463200564,0.013604794762542978,-0.006852600299342414
17,876215.110109384,17,4.366666666666667,0.0033760972316002375,0.012727380530280517,-0.00935128329868028
17,876215.110109384,17,4.433333333333334,0.020256583389601693,0.011906553387232842,0.008350030002368851
17,876215.110109384,17,4.5,0.003376097231600282,0.011138663861408195,-0.007762566629807913
17,876215.110109384,17,4.566666666666666,0.0,0.01042029784626662,-0.01042029784626662
17,876215.110109384,17,4.633333333333333,0.0,0.009748261421292348,-0.009748261421292348
17,876215.110109384,17,4.7,0.0,0.009119566651533231,-0.009119566651533231
17,876215.110109384,17,4.766666666666667,0.0,0.00853141830297074,-0.00853141830297074
17,876215.110109384,17,4.833333333333333,0.006752194463200564,0.00798120141465572,-0.0012290069514551555
17,876215.110109384,17,4.9,0.0033760972316002375,0.00746646967235465,-0.004090372440754412
17,876215.110109384,17,4.966666666666667,0.0,0.0069849345320145105,-0.0069849345320145105
17,876215.110109384,17,5.033333333333333,0.0,0.006534455044688131,-0.006534455044688131
17,876215.110109384,17,5.1,0.0,0.006113028337680839,-0.006113028337680839
17,876215.110109384,17,5.166666666666666,0.0033760972316002375,0.005718780709596645,-0.0023426834779964076
17,876215.110109384,17,5.233333333333333,0.003376097231600282,0.005349959299691729,-0.0019738620680914472
17,876215.110109384,17,5.3,0.0,0.005004924294496477,-0.005004924294496477
17,876215.110109384,17,5.366666666666667,0.01350438892640095,0.004682141637055892,0.008822247289345057
17,876215.110109384,17,5.433333333333334,0.003376097231600282,0.004380176206373162,-0.0010040789747728799
17,876215.110109384,17,5.5,0.006752194463200564,0.0040976854367313865,0.0026545090264691778
17,876215.110109384,17,5.566666666666666,0.0,0.003833413348524548,-0.003833413348524548
17,876215.110109384,17,5.633333333333333,0.0,0.003586184964058159,-0.003586184964058159
17,876215.110109384,17,5.7,0.0,0.0033549010834917664,-0.0033549010834917664
17,876215.110109384,17,5.766666666666667,0.003376097231600282,0.003138533397696691,0.00023756383390359124
17,876215.110109384,17,5.833333333333333,0.0,0.0029361199163002714,-0.0029361199163002714
17,876215.110109384,17,5.9,0.0,0.002746760690589351,-0.002746760690589351
17,876215.110109384,17,5.966666666666667,0.0,0.0025696138122566084,-0.0025696138122566084
17,876215.110109384,19,0.03333333333333333,0.0,0.9697991161959337,-0.9697991161959337
17,876215.110109384,19,0.1,0.0,0.9072538472787854,-0.9072538472787854
17,876215.110109384,19,0.16666666666666669,0.0,0.8487423113261123,-0.8487423113261123
17,876215.110109384,19,0.23333333333333334,0.0,0.7940043607374581,-0.7940043607374581
17,876215.110109384,19,0.3,3.791245791245792,0.7427966256154565,3.0484491656303354
17,876215.110109384,19,0.3666666666666667,0.0,0.694891431721175,-0.694891431721175
17,876215.110109384,19,0.43333333333333335,0.0,0.6500757882137806,-0.6500757882137806
17,876215.110109384,19,0.5,0.0,0.6081504406739263,-0.6081504406739263
17,876215.110109384,19,0.5666666666666667,0.0,0.5689289852005146,-0.5689289852005146
17,876215.110109384,19,0.6333333333333333,0.0,0.5322370396420313,-0.5322370396420313
17,876215.110109384,19,0.7,1.7845117845117848,0.4979114682776703,1.2866003162341144
17,876215.110109384,19,0.7666666666666666,1.0875420875420858,0.4657996565011093,0.6217424310409765
17,876215.110109384,19,0.8333333333333334,0.49831649831649844,0.4357588322821159,0.06255766603438251
17,876215.110109384,19,0.9,1.6835016835016838,0.4076554313891406,1.2758462521125433
17,876215.110109384,19,0.9666666666666667,0.0,0.38136450355061846,-0.38136450355061846
17,876215.110109384,19,1.0333333333333332,0.0,0.35676915691471883,-0.35676915691471883
17,876215.110109384,19,1.1,0.0,0.3337600383375607,-0.3337600383375607
17,876215.110109384,19,1.1666666666666665,0.0,0.3122348471892086,-0.3122348471892086
17,876215.110109384,19,1.2333333333333334,0.0,0.29209788051578434,-0.29209788051578434
17,876215.110109384,19,1.2999999999999998,1.3872053872053876,0.2732596075354472,1.1139457796699404
17,876215.110109384,19,1.3666666666666667,0.15151515151515155,0.2556362715764093,-0.10412112006125773
17,876215.110109384,19,1.4333333333333331,0.0,0.23914951768717055,-0.23914951768717055
17,876215.110109384,19,1.5,0.0,0.2237260442632904,-0.2237260442632904
17,876215.110109384,19,1.5666666666666667,0.6734006734006712,0.2092972771418011,0.4641033962588701
17,876215.110109384,19,1.6333333333333333,0.8013468013468016,0.19579906471425323,0.6055477366325484
17,876215.110109384,19,1.7000000000000002,0.23232323232323238,0.18317139270284163,0.04915183962039074
17,876215.110109384,19,1.7666666666666666,0.6531986531986533,0.17135811733147788,0.48184053586717546
17,876215.110109384,19,1.8333333333333335,0.0,0.16030671570546504,-0.16030671570546504
17,876215.110109384,19,1.9,0.0,0.1499680522899403,-0.1499680522899403
17,876215.110109384,19,1.9666666666666668,0.0,0.14029616044882603,-0.14029616044882603
17,876215.110109384,19,2.033333333333333,0.6363636363636386,0.13124803807299337,0.5051155982906452
17,876215.110109384,19,2.0999999999999996,0.141414141414141,0.12278345638898103,0.018630685025159965
17,876215.110109384,19,2.166666666666667,0.2760942760942752,0.1148647810982167,0.16122949499605854
17,876215.110109384,19,2.2333333333333334,0.1616161616161622,0.10745680505150948,0.05415935656465273
17,876215.110109384,19,2.3,0.0,0.10052659171486797,-0.10052659171486797
17,876215.110109384,19,2.3666666666666667,0.0,0.09404332873068051,-0.09404332873068051
17,876215.110109384,19,2.4333333333333336,0.11784511784511749,0.08797819092317623,0.02986692692194126
17,876215.110109384,19,2.5,0.23232323232323315,0.08230421213907665,0.1500190201841565
17,876215.110109384,19,2.5666666666666664,0.0,0.0769961653536303,-0.0769961653536303
17,876215.110109384,19,2.6333333333333333,0.0,0.07203045050897056,-0.07203045050897056
17,876215.110109384,19,2.7,0.0,0.06738498958611619,-0.06738498958611619
17,876215.110109384,19,2.7666666666666666,0.0,0.06303912844409452,-0.06303912844409452
17,876215.110109384,19,2.833333333333333,0.0033670033670033564,0.05897354498975579,-0.05560654162275243
17,876215.110109384,19,2.9,0.13468013468013518,0.05517016326999288,0.0795099714101423
17,876215.110109384,19,2.966666666666667,0.0538720538720537,0.05161207310441313,0.002259980767640571
17,876215.110109384,19,3.033333333333333,0.10101010101010137,0.04828345490114099,0.05272664610896038
17,876215.110109384,19,3.0999999999999996,0.06060606060606041,0.0451695093214765,0.015436551284583912
17,876215.110109384,19,3.166666666666667,0.0,0.042256391480692004,-0.042256391480692004
17,876215.110109384,19,3.2333333333333334,0.0,0.039531149392417926,-0.039531149392417926
17,876215.110109384,19,3.3,0.0,0.036981666382935374,-0.036981666382935374
17,876215.110109384,19,3.3666666666666667,0.0,0.034596607219344995,-0.034596607219344995
17,876215.110109384,19,3.4333333333333336,0.023569023569023496,0.03236536771209253,-0.008796344143069033
17,876215.110109384,19,3.5,0.050505050505050685,0.030278027567779357,0.020227022937271327
17,876215.110109384,19,3.5666666666666664,0.010101010101010069,0.028325306282637477,-0.01822429618162741
17,876215.110109384,19,3.6333333333333333,0.0,0.02649852188056732,-0.02649852188056732
17,876215.110109384,19,3.7,0.0033670033670033564,0.024789552312283886,-0.02142254894528053
17,876215.110109384,19,3.7666666666666666,0.033670033670033794,0.02319079934394827,0.010479234326085524
17,876215.110109384,19,3.833333333333333,0.030303030303030207,0.02169515477473027,0.008607875528299936
17,876215.110109384,19,3.9,0.023569023569023653,0.020295968833102217,0.003273054735921436
17,876215.110109384,19,3.966666666666667,0.020202020202020138,0.018987020611351133,0.0012149995906690046
17,876215.110109384,19,4.033333333333333,0.010101010101010138,0.017762490406858282,-0.007661480305848144
17,876215.110109384,19,4.1,0.0,0.016616933847173034,-0.016616933847173034
17,876215.110109384,19,4.166666666666666,0.013468013468013337,0.015545257683838685,-0.002077244215825348
17,876215.110109384,19,4.233333333333333,0.016835016835016897,0.01454269714734751,0.0022923196876693877
17,876215.110109384,19,4.3,0.020202020202020277,0.013604794762542978,0.006597225439477298
17,876215.110109384,19,4.366666666666667,0.013468013468013337,0.012727380530280517,0.00074063293773282
17,876215.110109384,19,4.433333333333334,0.0,0.011906553387232842,-0.011906553387232842
17,876215.110109384,19,4.5,0.003367003367003379,0.011138663861408195,-0.007771660494404815
17,876215.110109384,19,4.566666666666666,0.0,0.01042029784626662,-0.01042029784626662
17,876215.110109384,19,4.633333333333333,0.010101010101010003,0.009748261421292348,0.0003527486797176554
17,876215.110109384,19,4.7,0.006734006734006758,0.009119566651533231,-0.002385559917526473
17,876215.110109384,19,4.766666666666667,0.003367003367003379,0.00853141830297074,-0.00516441493596736
17,876215.110109384,19,4.833333333333333,0.0,0.00798120141465572,-0.00798120141465572
17,876215.110109384,19,4.9,0.0,0.00746646967235465,-0.00746646967235465
17,876215.110109384,19,4.966666666666667,0.0,0.0069849345320145105,-0.0069849345320145105
17,876215.110109384,19,5.033333333333333,0.0,0.006534455044688131,-0.006534455044688131
17,876215.110109384,19,5.1,0.0,0.006113028337680839,-0.006113028337680839
17,876215.110109384,19,5.166666666666666,0.013468013468013337,0.005718780709596645,0.007749232758416692
17,876215.110109384,19,5.233333333333333,0.006734006734006758,0.005349959299691729,0.0013840474343150286
17,876215.110109384,19,5.3,0.006734006734006758,0.005004924294496477,0.0017290824395102813
17,876215.110109384,19,5.366666666666667,0.0,0.004682141637055892,-0.004682141637055892
17,876215.110109384,19,5.433333333333334,0.0,0.004380176206373162,-0.004380176206373162
17,876215.110109384,19,5.5,0.0,0.0040976854367313865,-0.0040976854367313865
17,876215.110109384,19,5.566666666666666,0.0,0.003833413348524548,-0.003833413348524548
17,876215.110109384,19,5.633333333333333,0.0,0.003586184964058159,-0.003586184964058159
17,876215.110109384,19,5.7,0.003367003367003379,0.0033549010834917664,1.210228351161257e-05
17,876215.110109384,19,5.766666666666667,0.006734006734006758,0.003138533397696691,0.003595473336310067
17,876215.110109384,19,5.833333333333333,0.003367003367003379,0.0029361199163002714,0.0004308834507031076
17,876215.110109384,19,5.9,0.0033670033670033343,0.002746760690589351,0.0006202426764139834
17,876215.110109384,19,5.966666666666667,0.0,0.0025696138122566084,-0.0025696138122566084
17,876215.110109384,23,0.03333333333333333,0.0,0.9697991161959337,-0.9697991161959337
17,876215.110109384,23,0.1,0.0,0.9072538472787854,-0.9072538472787854
17,876215.110109384,23,0.16666666666666669,0.0,0.8487423113261123,-0.8487423113261123
17,876215.110109384,23,0.23333333333333334,0.0,0.7940043607374581,-0.7940043607374581
17,876215.110109384,23,0.3,0.0,0.7427966256154565,-0.7427966256154565
17,876215.110109384,23,0.3666666666666667,0.0,0.694891431721175,-0.694891431721175
17,876215.110109384,23,0.43333333333333335,3.890265885534024,0.6500757882137806,3.2401900973202435
17,876215.110109384,23,0.5,0.0,0.6081504406739263,-0.6081504406739263
17,876215.110109384,23,0.5666666666666667,2.9540333483551153,0.5689289852005146,2.3851043631546007
17,876215.110109384,23,0.6333333333333333,0.0,0.5322370396420313,-0.5322370396420313
17,876215.110109384,23,0.7,0.0,0.4979114682776703,-0.4979114682776703
17,876215.110109384,23,0.7666666666666666,0.0,0.4657996565011093,-0.4657996565011093
17,876215.110109384,23,0.8333333333333334,0.0,0.4357588322821159,-0.4357588322821159
17,876215.110109384,23,0.9,0.0,0.4076554313891406,-0.4076554313891406
17,876215.110109384,23,0.9666666666666667,0.0,0.38136450355061846,-0.38136450355061846
17,876215.110109384,23,1.0333333333333332,2.6397025687246507,0.35676915691471883,2.282933411809932
17,876215.110109384,23,1.1,0.0,0.3337600383375607,-0.3337600383375607
17,876215.110109384,23,1.1666666666666665,0.0,0.3122348471892086,-0.3122348471892086
17,876215.110109384,23,1.2333333333333334,0.0,0.29209788051578434,-0.29209788051578434
17,876215.110109384,23,1.2999999999999998,1.247183415953132,0.2732596075354472,0.9739238084176849
17,876215.110109384,23,1.3666666666666667,0.1892744479495268,0.2556362715764093,-0.06636182362688248
17,876215.110109384,23,1.4333333333333331,0.6421811626858945,0.23914951768717055,0.403031644998724
17,876215.110109384,23,1.5,0.43600721045516,0.2237260442632904,0.2122811661918696
17,876215.110109384,23,1.5666666666666667,0.0,0.2092972771418011,-0.2092972771418011
17,876215.110109384,23,1.6333333333333333,0.0,0.19579906471425323,-0.19579906471425323
17,876215.110109384,23,1.7000000000000002,0.20617395223073456,0.18317139270284163,0.02300255952789293
17,876215.110109384,23,1.7666666666666666,0.6016223524109959,0.17135811733147788,0.43026423507951805
17,876215.110109384,23,1.8333333333333335,0.050698512843623256,0.16030671570546504,-0.10960820286184178
17,876215.110109384,23,1.9,0.6557007661108607,0.1499680522899403,0.5057327138209204
17,876215.110109384,23,1.9666666666666668,0.0608382154123479,0.14029616044882603,-0.07945794503647813
17,876215.110109384,23,2.033333333333333,0.0,0.13124803807299337,-0.13124803807299337
17,876215.110109384,23,2.0999999999999996,0.0,0.12278345638898103,-0.12278345638898103
17,876215.110109384,23,2.166666666666667,0.3177106804867047,0.1148647810982167,0.20284589938848802
17,876215.110109384,23,2.2333333333333334,0.13857593510590402,0.10745680505150948,0.03111913005439454
17,876215.110109384,23,2.3,0.0,0.10052659171486797,-0.10052659171486797
17,876215.110109384,23,2.3666666666666667,0.0,0.09404332873068051,-0.09404332873068051
17,876215.110109384,23,2.4333333333333336,0.0,0.08797819092317623,-0.08797819092317623
17,876215.110109384,23,2.5,0.0,0.08230421213907665,-0.08230421213907665
17,876215.110109384,23,2.5666666666666664,0.09801712483100462,0.0769961653536303,0.021020959477374326
17,876215.110109384,23,2.6333333333333333,0.192654348805769,0.07203045050897056,0.12062389829679845
17,876215.110109384,23,2.7,0.05069851284362308,0.06738498958611619,-0.016686476742493107
17,876215.110109384,23,2.7666666666666666,0.11829652996845465,0.06303912844409452,0.05525740152436012
17,876215.110109384,23,2.833333333333333,0.05745831455610616,0.05897354498975579,-0.0015152304336496294
17,876215.110109384,23,2.9,0.0,0.05517016326999288,-0.05517016326999288
17,876215.110109384,23,2.966666666666667,0.0,0.05161207310441313,-0.05161207310441313
17,876215.110109384,23,3.033333333333333,0.0,0.04828345490114099,-0.04828345490114099
17,876215.110109384,23,3.0999999999999996,0.0,0.0451695093214765,-0.0451695093214765
17,876215.110109384,23,3.166666666666667,0.06421811626858924,0.042256391480692004,0.021961724787897235
17,876215.110109384,23,3.2333333333333334,0.07435781883731436,0.039531149392417926,0.03482666944489644
17,876215.110109384,23,3.3,0.013519603424966156,0.036981666382935374,-0.023462062957969217
17,876215.110109384,23,3.3666666666666667,0.0,0.034596607219344995,-0.034596607219344995
17,876215.110109384,23,3.4333333333333336,0.02365930599369077,0.03236536771209253,-0.00870606171840176
17,876215.110109384,23,3.5,0.03379900856241562,0.030278027567779357,0.003520980994636262
17,876215.110109384,23,3.5666666666666664,0.03717890941865693,0.028325306282637477,0.008853603136019454
17,876215.110109384,23,3.6333333333333333,0.03379900856241562,0.02649852188056732,0.0073004866818482984
17,876215.110109384,23,3.7,0.013519603424966156,0.024789552312283886,-0.01126994888731773
17,876215.110109384,23,3.7666666666666666,0.0,0.02319079934394827,-0.02319079934394827
17,876215.110109384,23,3.833333333333333,0.0,0.02169515477473027,-0.02169515477473027
17,876215.110109384,23,3.9,0.02027940513744937,0.020295968833102217,-1.6563695652845045e-05
17,876215.110109384,23,3.966666666666667,0.020279405137449233,0.018987020611351133,0.0012923845260980997
17,876215.110109384,23,4.033333333333333,0.030419107706174054,0.017762490406858282,0.012656617299315772
17,876215.110109384,23,4.1,0.02027940513744937,0.016616933847173034,0.003662471290276338
17,876215.110109384,23,4.166666666666666,0.006759801712483033,0.015545257683838685,-0.008785455971355653
17,876215.110109384,23,4.233333333333333,0.0,0.01454269714734751,-0.01454269714734751
17,876215.110109384,23,4.3,0.006759801712483123,0.013604794762542978,-0.006844993050059855
17,876215.110109384,23,4.366666666666667,0.0033799008562415164,0.012727380530280517,-0.009347479674039
17,876215.110109384,23,4.433333333333334,0.006759801712483123,0.011906553387232842,-0.0051467516747497185
17,876215.110109384,23,4.5,0.0,0.011138663861408195,-0.011138663861408195
17,876215.110109384,23,4.566666666666666,0.0,0.01042029784626662,-0.01042029784626662
17,876215.110109384,23,4.633333333333333,0.0,0.009748261421292348,-0.009748261421292348
17,876215.110109384,23,4.7,0.0,0.009119566651533231,-0.009119566651533231
17,876215.110109384,23,4.766666666666667,0.010139702568724686,0.00853141830297074,0.0016082842657539464
17,876215.110109384,23,4.833333333333333,0.006759801712483123,0.00798120141465572,-0.0012213997021725967
17,876215.110109384,23,4.9,0.0033799008562415164,0.00746646967235465,-0.004086568816113134
17,876215.110109384,23,4.966666666666667,0.0033799008562415615,0.0069849345320145105,-0.003605033675772949
17,876215.110109384,23,5.033333333333333,0.0033799008562415615,0.006534455044688131,-0.003154554188446569
17,876215.110109384,23,5.1,0.0,0.006113028337680839,-0.006113028337680839
17,876215.110109384,23,5.166666666666666,0.0,0.005718780709596645,-0.005718780709596645
17,876215.110109384,23,5.233333333333333,0.0,0.005349959299691729,-0.005349959299691729
17,876215.110109384,23,5.3,0.0033799008562415615,0.005004924294496477,-0.0016250234382549152
17,876215.110109384,23,5.366666666666667,0.0,0.004682141637055892,-0.004682141637055892
17,876215.110109384,23,5.433333333333334,0.0,0.004380176206373162,-0.004380176206373162
17,876215.110109384,23,5.5,0.0,0.0040976854367313865,-0.0040976854367313865
17,876215.110109384,23,5.566666666666666,0.0,0.003833413348524548,-0.003833413348524548
17,876215.110109384,23,5.633333333333333,0.0,0.003586184964058159,-0.003586184964058159
17,876215.110109384,23,5.7,0.0033799008562415615,0.0033549010834917664,2.4999772749795084e-05
17,876215.110109384,23,5.766666666666667,0.010139702568724686,0.003138533397696691,0.007001169171027995
17,876215.110109384,23,5.833333333333333,0.0,0.0029361199163002714,-0.0029361199163002714
17,876215.110109384,23,5.9,0.0,0.002746760690589351,-0.002746760690589351
17,876215.110109384,23,5.966666666666667,0.0,0.0025696138122566084,-0.0025696138122566084
17,876215.110109384,29,0.03333333333333333,0.0,0.9697991161959337,-0.9697991161959337
17,876215.110109384,29,0.1,0.0,0.9072538472787854,-0.9072538472787854
17,876215.110109384,29,0.16666666666666669,3.854541366906474,0.8487423113261123,3.0057990555803613
17,876215.110109384,29,0.23333333333333334,0.0,0.7940043607374581,-0.7940043607374581
17,876215.110109384,29,0.3,0.0,0.7427966256154565,-0.7427966256154565
17,876215.110109384,29,0.3666666666666667,0.0,0.694891431721175,-0.694891431721175
17,876215.110109384,29,0.43333333333333335,0.0,0.6500757882137806,-0.6500757882137806
17,876215.110109384,29,0.5,0.0,0.6081504406739263,-0.6081504406739263
17,876215.110109384,29,0.5666666666666667,3.0114658273381303,0.5689289852005146,2.4425368421376157
17,876215.110109384,29,0.6333333333333333,0.0,0.5322370396420313,-0.5322370396420313
17,876215.110109384,29,0.7,0.0,0.4979114682776703,-0.4979114682776703
17,876215.110109384,29,0.7666666666666666,0.0,0.4657996565011093,-0.4657996565011093
17,876215.110109384,29,0.8333333333333334,0.5496852517985612,0.4357588322821159,0.11392641951644528
17,876215.110109384,29,0.9,1.6456834532374105,0.4076554313891406,1.2380280218482698
17,876215.110109384,29,0.9666666666666667,0.0,0.38136450355061846,-0.38136450355061846
17,876215.110109384,29,1.0333333333333332,1.8648830935251803,0.35676915691471883,1.5081139366104614
17,876215.110109384,29,1.1,0.0,0.3337600383375607,-0.3337600383375607
17,876215.110109384,29,1.1666666666666665,0.0,0.3122348471892086,-0.3122348471892086
17,876215.110109384,29,1.2333333333333334,0.0,0.29209788051578434,-0.29209788051578434
17,876215.110109384,29,1.2999999999999998,0.9847122302158275,0.2732596075354472,0.7114526226803803
17,876215.110109384,29,1.3666666666666667,0.14163669064748205,0.2556362715764093,-0.11399958092892723
17,876215.110109384,29,1.4333333333333331,0.49235611510791377,0.23914951768717055,0.25320659742074325
17,876215.110109384,29,1.5,0.32711330935251803,0.2237260442632904,0.10338726508922763
17,876215.110109384,29,1.5666666666666667,0.0,0.2092972771418011,-0.2092972771418011
17,876215.110109384,29,1.6333333333333333,0.0,0.19579906471425323,-0.19579906471425323
17,876215.110109384,29,1.7000000000000002,0.1686151079136691,0.18317139270284163,-0.014556284789172536
17,876215.110109384,29,1.7666666666666666,0.4653776978417267,0.17135811733147788,0.29401958051024885
17,876215.110109384,29,1.8333333333333335,0.0,0.16030671570546504,-0.16030671570546504
17,876215.110109384,29,1.9,0.0,0.1499680522899403,-0.1499680522899403
17,876215.110109384,29,1.9666666666666668,0.0,0.14029616044882603,-0.14029616044882603
17,876215.110109384,29,2.033333333333333,0.0,0.13124803807299337,-0.13124803807299337
17,876215.110109384,29,2.0999999999999996,0.0,0.12278345638898103,-0.12278345638898103
17,876215.110109384,29,2.166666666666667,0.2191996402877691,0.1148647810982167,0.10433485918955239
17,876215.110109384,29,2.2333333333333334,0.13151978417266233,0.10745680505150948,0.02406297912115285
17,876215.110109384,29,2.3,0.19896582733812887,0.10052659171486797,0.0984392356232609
17,876215.110109384,29,2.3666666666666667,0.19222122302158343,0.09404332873068051,0.09817789429090291
17,876215.110109384,29,2.4333333333333336,0.0,0.08797819092317623,-0.08797819092317623
17,876215.110109384,29,2.5,0.0,0.08230421213907665,-0.08230421213907665
17,876215.110109384,29,2.5666666666666664,0.0,0.0769961653536303,-0.0769961653536303
17,876215.110109384,29,2.6333333333333333,0.0,0.07203045050897056,-0.07203045050897056
17,876215.110109384,29,2.7,0.030350719424460337,0.06738498958611619,-0.03703427016165585
17,876215.110109384,29,2.7666666666666666,0.14838129496402933,0.06303912844409452,0.0853421665199348
17,876215.110109384,29,2.833333333333333,0.05395683453237393,0.05897354498975579,-0.005016710457381855
17,876215.110109384,29,2.9,0.0,0.05517016326999288,-0.05517016326999288
17,876215.110109384,29,2.966666666666667,0.0,0.05161207310441313,-0.05161207310441313
17,876215.110109384,29,3.033333333333333,0.11803057553956875,0.04828345490114099,0.06974712063842775
17,876215.110109384,29,3.0999999999999996,0.057329136690647306,0.0451695093214765,0.012159627369170804
17,876215.110109384,29,3.166666666666667,0.04383992805755382,0.042256391480692004,0.0015835365768618187
17,876215.110109384,29,3.2333333333333334,0.07756294964028805,0.039531149392417926,0.038031800247870125
17,876215.110109384,29,3.3,0.013489208633093483,0.036981666382935374,-0.02349245774984189
17,876215.110109384,29,3.3666666666666667,0.0,0.034596607219344995,-0.034596607219344995
17,876215.110109384,29,3.4333333333333336,0.020233812949640224,0.03236536771209253,-0.012131554762452305
17,876215.110109384,29,3.5,0.05395683453237429,0.030278027567779357,0.023678806964594935
17,876215.110109384,29,3.5666666666666664,0.03372302158273371,0.028325306282637477,0.00539771530009623
17,876215.110109384,29,3.6333333333333333,0.013489208633093573,0.02649852188056732,-0.013009313247473748
17,876215.110109384,29,3.7,0.0067446043165467415,0.024789552312283886,-0.018044947995737144
17,876215.110109384,29,3.7666666666666666,0.0,0.02319079934394827,-0.02319079934394827
17,876215.110109384,29,3.833333333333333,0.0,0.02169515477473027,-0.02169515477473027
17,876215.110109384,29,3.9,0.013489208633093573,0.020295968833102217,-0.006806760200008644
17,876215.110109384,29,3.966666666666667,0.013489208633093483,0.018987020611351133,-0.00549781197825765
17,876215.110109384,29,4.033333333333333,0.0,0.017762490406858282,-0.017762490406858282
17,876215.110109384,29,4.1,0.0,0.016616933847173034,-0.016616933847173034
17,876215.110109384,29,4.166666666666666,0.0,0.015545257683838685,-0.015545257683838685
17,876215.110109384,29,4.233333333333333,0.0,0.01454269714734751,-0.01454269714734751
17,876215.110109384,29,4.3,0.0033723021582733933,0.013604794762542978,-0.010232492604269585
17,876215.110109384,29,4.366666666666667,0.010116906474820045,0.012727380530280517,-0.002610474055460473
17,876215.110109384,29,4.433333333333334,0.006744604316546787,0.011906553387232842,-0.005161949070686055
17,876215.110109384,29,4.5,0.006744604316546787,0.011138663861408195,-0.004394059544861408
17,876215.110109384,29,4.566666666666666,0.0033723021582733933,0.01042029784626662,-0.007047995687993226
17,876215.110109384,29,4.633333333333333,0.0033723021582733486,0.009748261421292348,-0.006375959263018999
17,876215.110109384,29,4.7,0.0,0.009119566651533231,-0.009119566651533231
17,876215.110109384,29,4.766666666666667,0.0,0.00853141830297074,-0.00853141830297074
17,876215.110109384,29,4.833333333333333,0.0,0.00798120141465572,-0.00798120141465572
17,876215.110109384,29,4.9,0.0,0.00746646967235465,-0.00746646967235465
17,876215.110109384,29,4.966666666666667,0.0033723021582733933,0.0069849345320145105,-0.0036126323737411172
17,876215.110109384,29,5.033333333333333,0.0,0.006534455044688131,-0.006534455044688131
17,876215.110109384,29,5.1,0.0,0.006113028337680839,-0.006113028337680839
17,876215.110109384,29,5.166666666666666,0.0,0.005718780709596645,-0.005718780709596645
17,876215.110109384,29,5.233333333333333,0.0,0.005349959299691729,-0.005349959299691729
17,876215.110109384,29,5.3,0.0033723021582733933,0.005004924294496477,-0.0016326221362230834
17,876215.110109384,29,5.366666666666667,0.0033723021582733486,0.004682141637055892,-0.0013098394787825437
17,876215.110109384,29,5.433333333333334,0.0033723021582733933,0.004380176206373162,-0.0010078740480997687
17,876215.110109384,29,5.5,0.0,0.0040976854367313865,-0.0040976854367313865
17,876215.110109384,29,5.566666666666666,0.0,0.003833413348524548,-0.003833413348524548
17,876215.110109384,29,5.633333333333333,0.0,0.003586184964058159,-0.003586184964058159
17,876215.110109384,29,5.7,0.0,0.0033549010834917664,-0.0033549010834917664
17,876215.110109384,29,5.766666666666667,0.0033723021582733933,0.003138533397696691,0.0002337687605767024
17,876215.110109384,29,5.833333333333333,0.0,0.0029361199163002714,-0.0029361199163002714
17,876215.110109384,29,5.9,0.0033723021582733486,0.002746760690589351,0.0006255414676839977
17,876215.110109384,29,5.966666666666667,0.0,0.0025696138122566084,-0.0025696138122566084
18,1518997.0375217984,1,0.03333333333333333,0.0,0.9697991161959337,-0.9697991161959337
18,1518997.0375217984,1,0.1,0.0,0.9072538472787854,-0.9072538472787854
18,1518997.0375217984,1,0.16666666666666669,0.0,0.8487423113261123,-0.8487423113261123
18,1518997.0375217984,1,0.23333333333333334,0.0,0.7940043607374581,-0.7940043607374581
18,1518997.0375217984,1,0.3,0.0,0.7427966256154565,-0.7427966256154565
18,1518997.0375217984,1,0.3666666666666667,0.0,0.694891431721175,-0.694891431721175
18,1518997.0375217984,1,0.43333333333333335,3.6393308853529183,0.6500757882137806,2.9892550971391376
18,1518997.0375217984,1,0.5,0.0,0.6081504406739263,-0.6081504406739263
18,1518997.0375217984,1,0.5666666666666667,0.0,0.5689289852005146,-0.5689289852005146
18,1518997.0375217984,1,0.6333333333333333,0.0,0.5322370396420313,-0.5322370396420313
18,1518997.0375217984,1,0.7,2.88249694002448,0.4979114682776703,2.38458547174681
18,1518997.0375217984,1,0.7666666666666666,0.0,0.4657996565011093,-0.4657996565011093
18,1518997.0375217984,1,0.8333333333333334,2.2562219502243988,0.4357588322821159,1.8204631179422828
18,1518997.0375217984,1,0.9,0.0,0.4076554313891406,-0.4076554313891406
18,1518997.0375217984,1,0.9666666666666667,0.0,0.38136450355061846,-0.38136450355061846
18,1518997.0375217984,1,1.0333333333333332,0.0,0.35676915691471883,-0.35676915691471883
18,1518997.0375217984,1,1.1,1.309669522643819,0.3337600383375607,0.9759094843062583
18,1518997.0375217984,1,1.1666666666666665,0.37739698082415346,0.3122348471892086,0.06516213363494489
18,1518997.0375217984,1,1.2333333333333334,0.7445940432476541,0.29209788051578434,0.45249616273186977
18,1518997.0375217984,1,1.2999999999999998,0.47123623011015925,0.2732596075354472,0.19797662257471205
18,1518997.0375217984,1,1.3666666666666667,0.0,0.2556362715764093,-0.2556362715764093
18,1518997.0375217984,1,1.4333333333333331,0.0,0.23914951768717055,-0.23914951768717055
18,1518997.0375217984,1,1.5,0.34475724194206453,0.2237260442632904,0.12103119767877413
18,1518997.0375217984,1,1.5666666666666667,0.6915544675642574,0.2092972771418011,0.4822571904224563
18,1518997.0375217984,1,1.6333333333333333,0.0,0.19579906471425323,-0.19579906471425323
18,1518997.0375217984,1,1.7000000000000002,0.0,0.18317139270284163,-0.18317139270284163
18,1518997.0375217984,1,1.7666666666666666,0.0,0.17135811733147788,-0.17135811733147788
18,1518997.0375217984,1,1.8333333333333335,0.0,0.16030671570546504,-0.16030671570546504
18,1518997.0375217984,1,1.9,0.040799673602611185,0.1499680522899403,-0.10916837868732912
18,1518997.0375217984,1,1.9666666666666668,0.62015503875969,0.14029616044882603,0.479858878310864
18,1518997.0375217984,1,2.033333333333333,0.042839657282741896,0.13124803807299337,-0.08840838079025148
18,1518997.0375217984,1,2.0999999999999996,0.41003671970624106,0.12278345638898103,0.28725326331726003
18,1518997.0375217984,1,2.166666666666667,0.06323949408404714,0.1148647810982167,-0.05162528701416956
18,1518997.0375217984,1,2.2333333333333334,0.0,0.10745680505150948,-0.10745680505150948
18,1518997.0375217984,1,2.3,0.0,0.10052659171486797,-0.10052659171486797
18,1518997.0375217984,1,2.3666666666666667,0.0,0.09404332873068051,-0.09404332873068051
18,1518997.0375217984,1,2.4333333333333336,0.0,0.08797819092317623,-0.08797819092317623
18,1518997.0375217984,1,2.5,0.17951856385148984,0.08230421213907665,0.09721435171241319
18,1518997.0375217984,1,2.5666666666666664,0.11219910240718038,0.0769961653536303,0.035202937053550085
18,1518997.0375217984,1,2.6333333333333333,0.0,0.07203045050897056,-0.07203045050897056
18,1518997.0375217984,1,2.7,0.0,0.06738498958611619,-0.06738498958611619
18,1518997.0375217984,1,2.7666666666666666,0.1019991840065283,0.06303912844409452,0.038960055562433774
18,1518997.0375217984,1,2.833333333333333,0.1203590371277026,0.05897354498975579,0.061385492137946814
18,1518997.0375217984,1,2.9,0.09179926560587548,0.05517016326999288,0.036629102335882596
18,1518997.0375217984,1,2.966666666666667,0.11015911872704984,0.05161207310441313,0.058547045622636705
18,1518997.0375217984,1,3.033333333333333,0.012239902080783398,0.04828345490114099,-0.036043552820357594
18,1518997.0375217984,1,3.0999999999999996,0.0,0.0451695093214765,-0.0451695093214765
18,1518997.0375217984,1,3.166666666666667,0.030599755201958286,0.042256391480692004,-0.011656636278733718
18,1518997.0375217984,1,3.2333333333333334,0.06731946144430868,0.039531149392417926,0.027788312051890758
18,1518997.0375217984,1,3.3,0.05711954304365547,0.036981666382935374,0.020137876660720096
18,1518997.0375217984,1,3.3666666666666667,0.03467972256221963,0.034596607219344995,8.311534287463312e-05
18,1518997.0375217984,1,3.4333333333333336,0.01835985312117497,0.03236536771209253,-0.014005514590917558
18,1518997.0375217984,1,3.5,0.0,0.030278027567779357,-0.030278027567779357
18,1518997.0375217984,1,3.5666666666666664,0.004079967360261105,0.028325306282637477,-0.02424533892237637
18,1518997.0375217984,1,3.6333333333333333,0.02651978784169736,0.02649852188056732,2.1265961130039618e-05
18,1518997.0375217984,1,3.7,0.010199918400652763,0.024789552312283886,-0.014589633911631122
18,1518997.0375217984,1,3.7666666666666666,0.0,0.02319079934394827,-0.02319079934394827
18,1518997.0375217984,1,3.833333333333333,0.0,0.02169515477473027,-0.02169515477473027
18,1518997.0375217984,1,3.9,0.0,0.020295968833102217,-0.020295968833102217
18,1518997.0375217984,1,3.966666666666667,0.0020399836801305526,0.018987020611351133,-0.016947036931220582
18,1518997.0375217984,1,4.033333333333333,0.03059975520195849,0.017762490406858282,0.012837264795100209
18,1518997.0375217984,1,4.1,0.020399836801305662,0.016616933847173034,0.0037829029541326283
18,1518997.0375217984,1,4.166666666666666,0.012239902080783235,0.015545257683838685,-0.0033053556030554505
18,1518997.0375217984,1,4.233333333333333,0.008159934720522264,0.01454269714734751,-0.0063827624268252454
18,1518997.0375217984,1,4.3,0.006119951040391699,0.013604794762542978,-0.0074848437221512795
18,1518997.0375217984,1,4.366666666666667,0.0,0.012727380530280517,-0.012727380530280517
18,1518997.0375217984,1,4.433333333333334,0.0,0.011906553387232842,-0.011906553387232842
18,1518997.0375217984,1,4.5,0.0,0.011138663861408195,-0.011138663861408195
18,1518997.0375217984,1,4.566666666666666,0.002039983680130566,0.01042029784626662,-0.008380314166136053
18,1518997.0375217984,1,4.633333333333333,0.004079967360261078,0.009748261421292348,-0.005668294061031269
18,1518997.0375217984,1,4.7,0.004079967360261132,0.009119566651533231,-0.005039599291272099
18,1518997.0375217984,1,4.766666666666667,0.0,0.00853141830297074,-0.00853141830297074
18,1518997.0375217984,1,4.833333333333333,0.006119951040391699,0.00798120141465572,-0.0018612503742640209
18,1518997.0375217984,1,4.9,0.006119951040391617,0.00746646967235465,-0.0013465186319630328
18,1518997.0375217984,1,4.966666666666667,0.008159934720522264,0.0069849345320145105,0.0011750001885077535
18,1518997.0375217984,1,5.033333333333333,0.004079967360261132,0.006534455044688131,-0.0024544876844269986
18,1518997.0375217984,1,5.1,0.004079967360261132,0.006113028337680839,-0.0020330609774197074
18,1518997.0375217984,1,5.166666666666666,0.0,0.005718780709596645,-0.005718780709596645
18,1518997.0375217984,1,5.233333333333333,0.0,0.005349959299691729,-0.005349959299691729
18,1518997.0375217984,1,5.3,0.0,0.005004924294496477,-0.005004924294496477
18,1518997.0375217984,1,5.366666666666667,0.0,0.004682141637055892,-0.004682141637055892
18,1518997.0375217984,1,5.433333333333334,0.002039983680130566,0.004380176206373162,-0.002340192526242596
18,1518997.0375217984,1,5.5,0.0,0.0040976854367313865,-0.0040976854367313865
18,1518997.0375217984,1,5.566666666666666,0.002039983680130566,0.003833413348524548,-0.0017934296683939821
18,1518997.0375217984,1,5.633333333333333,0.002039983680130539,0.003586184964058159,-0.0015462012839276198
18,1518997.0375217984,1,5.7,0.0,0.0033549010834917664,-0.0033549010834917664
18,1518997.0375217984,1,5.766666666666667,0.004079967360261132,0.003138533397696691,0.0009414339625644411
18,1518997.0375217984,1,5.833333333333333,0.0,0.0029361199163002714,-0.0029361199163002714
18,1518997.0375217984,1,5.9,0.0,0.002746760690589351,-0.002746760690589351
18,1518997.0375217984,1,5.966666666666667,0.0,0.0025696138122566084,-0.0025696138122566084
18,1518997.0375217984,7,0.03333333333333333,0.0,0.9697991161959337,-0.9697991161959337
18,1518997.0375217984,7,0.1,0.0,0.9072538472787854,-0.9072538472787854
18,1518997.0375217984,7,0.16666666666666669,0.0,0.8487423113261123,-0.8487423113261123
18,1518997.0375217984,7,0.23333333333333334,0.0,0.7940043607374581,-0.7940043607374581
18,1518997.0375217984,7,0.3,3.758578926120308,0.7427966256154565,3.0157823005048514
18,1518997.0375217984,7,0.3666666666666667,0.0,0.694891431721175,-0.694891431721175
18,1518997.0375217984,7,0.43333333333333335,2.8300363342753334,0.6500757882137806,2.1799605460615528
18,1518997.0375217984,7,0.5,0.0,0.6081504406739263,-0.6081504406739263
18,1518997.0375217984,7,0.5666666666666667,0.0,0.5689289852005146,-0.5689289852005146
18,1518997.0375217984,7,0.6333333333333333,0.0,0.5322370396420313,-0.5322370396420313
18,1518997.0375217984,7,0.7,2.2083165119095685,0.4979114682776703,1.7104050436318983
18,1518997.0375217984,7,0.7666666666666666,0.0,0.4657996565011093,-0.4657996565011093
18,1518997.0375217984,7,0.8333333333333334,1.6653209527654425,0.4357588322821159,1.2295621204833265
18,1518997.0375217984,7,0.9,0.0,0.4076554313891406,-0.4076554313891406
18,1518997.0375217984,7,0.9666666666666667,0.0,0.38136450355061846,-0.38136450355061846
18,1518997.0375217984,7,1.0333333333333332,0.0,0.35676915691471883,-0.35676915691471883
18,1518997.0375217984,7,1.1,0.9063383124747681,0.3337600383375607,0.5725782741372074
18,1518997.0375217984,7,1.1666666666666665,0.32297133629390395,0.3122348471892086,0.01073648910469538
18,1518997.0375217984,7,1.2333333333333334,0.0,0.29209788051578434,-0.29209788051578434
18,1518997.0375217984,7,1.2999999999999998,0.0,0.2732596075354472,-0.2732596075354472
18,1518997.0375217984,7,1.3666666666666667,0.0,0.2556362715764093,-0.2556362715764093
18,1518997.0375217984,7,1.4333333333333331,0.0,0.23914951768717055,-0.23914951768717055
18,1518997.0375217984,7,1.5,0.3391199031085992,0.2237260442632904,0.11539385884530878
18,1518997.0375217984,7,1.5666666666666667,0.6903512313282174,0.2092972771418011,0.4810539541864163
18,1518997.0375217984,7,1.6333333333333333,0.16148566814695198,0.19579906471425323,-0.03431339656730126
18,1518997.0375217984,7,1.7000000000000002,0.4400484457004442,0.18317139270284163,0.25687705299760255
18,1518997.0375217984,7,1.7666666666666666,0.0,0.17135811733147788,-0.17135811733147788
18,1518997.0375217984,7,1.8333333333333335,0.0,0.16030671570546504,-0.16030671570546504
18,1518997.0375217984,7,1.9,0.0,0.1499680522899403,-0.1499680522899403
18,1518997.0375217984,7,1.9666666666666668,0.0,0.14029616044882603,-0.14029616044882603
18,1518997.0375217984,7,2.033333333333333,0.0,0.13124803807299337,-0.13124803807299337
18,1518997.0375217984,7,2.0999999999999996,0.4198627371820738,0.12278345638898103,0.29707928079309276
18,1518997.0375217984,7,2.166666666666667,0.06055712555510679,0.1148647810982167,-0.05430765554310991
18,1518997.0375217984,7,2.2333333333333334,0.0,0.10745680505150948,-0.10745680505150948
18,1518997.0375217984,7,2.3,0.0,0.10052659171486797,-0.10052659171486797
18,1518997.0375217984,7,2.3666666666666667,0.21598708114654902,0.09404332873068051,0.12194375241586851
18,1518997.0375217984,7,2.4333333333333336,0.12716996366572428,0.08797819092317623,0.03919177274254805
18,1518997.0375217984,7,2.5,0.14533710133225727,0.08230421213907665,0.06303288919318062
18,1518997.0375217984,7,2.5666666666666664,0.07872426322163883,0.0769961653536303,0.001728097868008538
18,1518997.0375217984,7,2.6333333333333333,0.0,0.07203045050897056,-0.07203045050897056
18,1518997.0375217984,7,2.7,0.0,0.06738498958611619,-0.06738498958611619
18,1518997.0375217984,7,2.7666666666666666,0.07064997981429173,0.06303912844409452,0.007610851370197208
18,1518997.0375217984,7,2.833333333333333,0.10900282599919224,0.05897354498975579,0.05002928100943645
18,1518997.0375217984,7,2.9,0.042389987888575044,0.05517016326999288,-0.01278017538141784
18,1518997.0375217984,7,2.966666666666667,0.07266855066612815,0.05161207310441313,0.02105647756171502
18,1518997.0375217984,7,3.033333333333333,0.00605571255551072,0.04828345490114099,-0.04222774234563027
18,1518997.0375217984,7,3.0999999999999996,0.0,0.0451695093214765,-0.0451695093214765
18,1518997.0375217984,7,3.166666666666667,0.020185708518368935,0.042256391480692004,-0.02207068296232307
18,1518997.0375217984,7,3.2333333333333334,0.05046427129592266,0.039531149392417926,0.010933121903504733
18,1518997.0375217984,7,3.3,0.024222850222042718,0.036981666382935374,-0.012758816160892656
18,1518997.0375217984,7,3.3666666666666667,0.0,0.034596607219344995,-0.034596607219344995
18,1518997.0375217984,7,3.4333333333333336,0.0,0.03236536771209253,-0.03236536771209253
18,1518997.0375217984,7,3.5,0.0,0.030278027567779357,-0.030278027567779357
18,1518997.0375217984,7,3.5666666666666664,0.018167137666532038,0.028325306282637477,-0.01015816861610544
18,1518997.0375217984,7,3.6333333333333333,0.02422285022204288,0.02649852188056732,-0.00227567165852444
18,1518997.0375217984,7,3.7,0.030278562777553395,0.024789552312283886,0.0054890104652695094
18,1518997.0375217984,7,3.7666666666666666,0.032297133629390504,0.02319079934394827,0.009106334285442233
18,1518997.0375217984,7,3.833333333333333,0.018167137666532038,0.02169515477473027,-0.003528017108198233
18,1518997.0375217984,7,3.9,0.0,0.020295968833102217,-0.020295968833102217
18,1518997.0375217984,7,3.966666666666667,0.0,0.018987020611351133,-0.018987020611351133
18,1518997.0375217984,7,4.033333333333333,0.0,0.017762490406858282,-0.017762490406858282
18,1518997.0375217984,7,4.1,0.0,0.016616933847173034,-0.016616933847173034
18,1518997.0375217984,7,4.166666666666666,0.010092854259184398,0.015545257683838685,-0.005452403424654287
18,1518997.0375217984,7,4.233333333333333,0.00605571255551072,0.01454269714734751,-0.00848698459183679
18,1518997.0375217984,7,4.3,0.0020185708518369065,0.013604794762542978,-0.011586223910706073
18,1518997.0375217984,7,4.366666666666667,0.0,0.012727380530280517,-0.012727380530280517
18,1518997.0375217984,7,4.433333333333334,0.014129995962858346,0.011906553387232842,0.0022234425756255047
18,1518997.0375217984,7,4.5,0.008074283407347626,0.011138663861408195,-0.003064380454060569
18,1518997.0375217984,7,4.566666666666666,0.016148566814695252,0.01042029784626662,0.005728268968428632
18,1518997.0375217984,7,4.633333333333333,0.006055712555510639,0.009748261421292348,-0.003692548865781709
18,1518997.0375217984,7,4.7,0.0020185708518369065,0.009119566651533231,-0.0071009957996963245
18,1518997.0375217984,7,4.766666666666667,0.0,0.00853141830297074,-0.00853141830297074
18,1518997.0375217984,7,4.833333333333333,0.00605571255551072,0.00798120141465572,-0.0019254888591449994
18,1518997.0375217984,7,4.9,0.00807428340734752,0.00746646967235465,0.00060781373499287
18,1518997.0375217984,7,4.966666666666667,0.00605571255551072,0.0069849345320145105,-0.0009292219765037902
18,1518997.0375217984,7,5.033333333333333,0.00605571255551072,0.006534455044688131,-0.00047874248917741027
18,1518997.0375217984,7,5.1,0.0020185708518369065,0.006113028337680839,-0.004094457485843933
18,1518997.0375217984,7,5.166666666666666,0.0,0.005718780709596645,-0.005718780709596645
18,1518997.0375217984,7,5.233333333333333,0.0020185708518369065,0.005349959299691729,-0.003331388447854823
18,1518997.0375217984,7,5.3,0.0020185708518369065,0.005004924294496477,-0.00298635344265957
18,1518997.0375217984,7,5.366666666666667,0.00403714170367376,0.004682141637055892,-0.0006449999333821323
18,1518997.0375217984,7,5.433333333333334,0.0,0.004380176206373162,-0.004380176206373162
18,1518997.0375217984,7,5.5,0.0,0.0040976854367313865,-0.0040976854367313865
18,1518997.0375217984,7,5.566666666666666,0.0,0.003833413348524548,-0.003833413348524548
18,1518997.0375217984,7,5.633333333333333,0.0,0.003586184964058159,-0.003586184964058159
18,1518997.0375217984,7,5.7,0.0020185708518369065,0.0033549010834917664,-0.00133633023165486
18,1518997.0375217984,7,5.766666666666667,0.004037141703673813,0.003138533397696691,0.0008986083059771221
18,1518997.0375217984,7,5.833333333333333,0.0,0.0029361199163002714,-0.0029361199163002714
18,1518997.0375217984,7,5.9,0.00403714170367376,0.002746760690589351,0.0012903810130844092
18,1518997.0375217984,7,5.966666666666667,0.0,0.0025696138122566084,-0.0025696138122566084
18,1518997.0375217984,11,0.03333333333333333,0.0,0.9697991161959337,-0.9697991161959337
18,1518997.0375217984,11,0.1,0.0,0.9072538472787854,-0.9072538472787854
18,1518997.0375217984,11,0.16666666666666669,3.7152824366027097,0.8487423113261123,2.8665401252765976
18,1518997.0375217984,11,0.23333333333333334,0.0,0.7940043607374581,-0.7940043607374581
18,1518997.0375217984,11,0.3,0.0,0.7427966256154565,-0.7427966256154565
18,1518997.0375217984,11,0.3666666666666667,0.0,0.694891431721175,-0.694891431721175
18,1518997.0375217984,11,0.43333333333333335,2.787468133637462,0.6500757882137806,2.1373923454236814
18,1518997.0375217984,11,0.5,0.0,0.6081504406739263,-0.6081504406739263
18,1518997.0375217984,11,0.5666666666666667,2.2339997316516844,0.5689289852005146,1.6650707464511698
18,1518997.0375217984,11,0.6333333333333333,0.0,0.5322370396420313,-0.5322370396420313
18,1518997.0375217984,11,0.7,0.0,0.4979114682776703,-0.4979114682776703
18,1518997.0375217984,11,0.7666666666666666,0.0,0.4657996565011093,-0.4657996565011093
18,1518997.0375217984,11,0.8333333333333334,1.6201529585401855,0.4357588322821159,1.1843941262580695
18,1518997.0375217984,11,0.9,0.0,0.4076554313891406,-0.4076554313891406
18,1518997.0375217984,11,0.9666666666666667,0.0,0.38136450355061846,-0.38136450355061846
18,1518997.0375217984,11,1.0333333333333332,0.0,0.35676915691471883,-0.35676915691471883
18,1518997.0375217984,11,1.1,0.0,0.3337600383375607,-0.3337600383375607
18,1518997.0375217984,11,1.1666666666666665,0.0,0.3122348471892086,-0.3122348471892086
18,1518997.0375217984,11,1.2333333333333334,0.7788809875218035,0.29209788051578434,0.4867831070060191
18,1518997.0375217984,11,1.2999999999999998,0.5031530927143434,0.2732596075354472,0.22989348517889618
18,1518997.0375217984,11,1.3666666666666667,0.36428283912518455,0.2556362715764093,0.10864656754877527
18,1518997.0375217984,11,1.4333333333333331,0.404535086542332,0.23914951768717055,0.16538556885516145
18,1518997.0375217984,11,1.5,0.0,0.2237260442632904,-0.2237260442632904
18,1518997.0375217984,11,1.5666666666666667,0.0,0.2092972771418011,-0.2092972771418011
18,1518997.0375217984,11,1.6333333333333333,0.0,0.19579906471425323,-0.19579906471425323
18,1518997.0375217984,11,1.7000000000000002,0.0,0.18317139270284163,-0.18317139270284163
18,1518997.0375217984,11,1.7666666666666666,0.11471890513887029,0.17135811733147788,-0.05663921219260759
18,1518997.0375217984,11,1.8333333333333335,0.7024017174292233,0.16030671570546504,0.5420950017237582
18,1518997.0375217984,11,1.9,0.0,0.1499680522899403,-0.1499680522899403
18,1518997.0375217984,11,1.9666666666666668,0.0,0.14029616044882603,-0.14029616044882603
18,1518997.0375217984,11,2.033333333333333,0.0,0.13124803807299337,-0.13124803807299337
18,1518997.0375217984,11,2.0999999999999996,0.4166107607674749,0.12278345638898103,0.29382730437849386
18,1518997.0375217984,11,2.166666666666667,0.05232792164229153,0.1148647810982167,-0.06253685945592516
18,1518997.0375217984,11,2.2333333333333334,0.27170267006574633,0.10745680505150948,0.16424586501423685
18,1518997.0375217984,11,2.3,0.08050449483429467,0.10052659171486797,-0.020022096880573298
18,1518997.0375217984,11,2.3666666666666667,0.0,0.09404332873068051,-0.09404332873068051
18,1518997.0375217984,11,2.4333333333333336,0.0,0.08797819092317623,-0.08797819092317623
18,1518997.0375217984,11,2.5,0.15899637729773303,0.08230421213907665,0.07669216515865637
18,1518997.0375217984,11,2.5666666666666664,0.13081980410572883,0.0769961653536303,0.05382363875209853
18,1518997.0375217984,11,2.6333333333333333,0.10465584328458376,0.07203045050897056,0.0326253927756132
18,1518997.0375217984,11,2.7,0.11069368039715516,0.06738498958611619,0.04330869081103897
18,1518997.0375217984,11,2.7666666666666666,0.0,0.06303912844409452,-0.06303912844409452
18,1518997.0375217984,11,2.833333333333333,0.0,0.05897354498975579,-0.05897354498975579
18,1518997.0375217984,11,2.9,0.06440359586743616,0.05517016326999288,0.009233432597443275
18,1518997.0375217984,11,2.966666666666667,0.07446665772172256,0.05161207310441313,0.02285458461730943
18,1518997.0375217984,11,3.033333333333333,0.006037837112572141,0.04828345490114099,-0.04224561778856885
18,1518997.0375217984,11,3.0999999999999996,0.0,0.0451695093214765,-0.0451695093214765
18,1518997.0375217984,11,3.166666666666667,0.0,0.042256391480692004,-0.042256391480692004
18,1518997.0375217984,11,3.2333333333333334,0.0,0.039531149392417926,-0.039531149392417926
18,1518997.0375217984,11,3.3,0.014088286596001566,0.036981666382935374,-0.022893379786933808
18,1518997.0375217984,11,3.3666666666666667,0.03622702267543284,0.034596607219344995,0.0016304154560878442
18,1518997.0375217984,11,3.4333333333333336,0.032201797933717864,0.03236536771209253,-0.00016356977837466563
18,1518997.0375217984,11,3.5,0.022138736079431183,0.030278027567779357,-0.008139291488348174
18,1518997.0375217984,11,3.5666666666666664,0.016100898966858932,0.028325306282637477,-0.012224407315778545
18,1518997.0375217984,11,3.6333333333333333,0.0,0.02649852188056732,-0.02649852188056732
18,1518997.0375217984,11,3.7,0.0,0.024789552312283886,-0.024789552312283886
18,1518997.0375217984,11,3.7666666666666666,0.0,0.02319079934394827,-0.02319079934394827
18,1518997.0375217984,11,3.833333333333333,0.004025224741714733,0.02169515477473027,-0.01766993003301554
18,1518997.0375217984,11,3.9,0.03622702267543284,0.020295968833102217,0.015931053842330622
18,1518997.0375217984,11,3.966666666666667,0.020126123708573668,0.018987020611351133,0.0011391030972225345
18,1518997.0375217984,11,4.033333333333333,0.006037837112572141,0.017762490406858282,-0.011724653294286142
18,1518997.0375217984,11,4.1,0.0,0.016616933847173034,-0.016616933847173034
18,1518997.0375217984,11,4.166666666666666,0.016100898966858828,0.015545257683838685,0.0005556412830201429
18,1518997.0375217984,11,4.233333333333333,0.0100630618542869,0.01454269714734751,-0.00447963529306061
18,1518997.0375217984,11,4.3,0.024151348450288563,0.013604794762542978,0.010546553687745585
18,1518997.0375217984,11,4.366666666666667,0.010063061854286764,0.012727380530280517,-0.002664318675993753
18,1518997.0375217984,11,4.433333333333334,0.00402522474171476,0.011906553387232842,-0.007881328645518082
18,1518997.0375217984,11,4.5,0.0,0.011138663861408195,-0.011138663861408195
18,1518997.0375217984,11,4.566666666666666,0.00805044948342952,0.01042029784626662,-0.0023698483628370997
18,1518997.0375217984,11,4.633333333333333,0.008050449483429414,0.009748261421292348,-0.0016978119378629336
18,1518997.0375217984,11,4.7,0.00805044948342952,0.009119566651533231,-0.0010691171681037111
18,1518997.0375217984,11,4.766666666666667,0.0,0.00853141830297074,-0.00853141830297074
18,1518997.0375217984,11,4.833333333333333,0.00201261237085738,0.00798120141465572,-0.00596858904379834
18,1518997.0375217984,11,4.9,0.0020126123708573535,0.00746646967235465,-0.005453857301497297
18,1518997.0375217984,11,4.966666666666667,0.0,0.0069849345320145105,-0.0069849345320145105
18,1518997.0375217984,11,5.033333333333333,0.0,0.006534455044688131,-0.006534455044688131
18,1518997.0375217984,11,5.1,0.00402522474171476,0.006113028337680839,-0.0020878035959660795
18,1518997.0375217984,11,5.166666666666666,0.0020126123708573535,0.005718780709596645,-0.0037061683387392915
18,1518997.0375217984,11,5.233333333333333,0.0,0.005349959299691729,-0.005349959299691729
18,1518997.0375217984,11,5.3,0.0,0.005004924294496477,-0.005004924294496477
18,1518997.0375217984,11,5.366666666666667,0.0,0.004682141637055892,-0.004682141637055892
18,1518997.0375217984,11,5.433333333333334,0.00402522474171476,0.004380176206373162,-0.0003549514646584021
18,1518997.0375217984,11,5.5,0.006037837112572141,0.0040976854367313865,0.0019401516758407542
18,1518997.0375217984,11,5.566666666666666,0.00805044948342952,0.003833413348524548,0.004217036134904971
18,1518997.0375217984,11,5.633333333333333,0.0,0.003586184964058159,-0.003586184964058159
18,1518997.0375217984,11,5.7,0.0,0.0033549010834917664,-0.0033549010834917664
18,1518997.0375217984,11,5.766666666666667,0.0,0.003138533397696691,-0.003138533397696691
18,1518997.0375217984,11,5.833333333333333,0.0,0.0029361199163002714,-0.0029361199163002714
18,1518997.0375217984,11,5.9,0.0,0.002746760690589351,-0.002746760690589351
18,1518997.0375217984,11,5.966666666666667,0.0,0.0025696138122566084,-0.0025696138122566084
18,1518997.0375217984,13,0.03333333333333333,0.0,0.9697991161959337,-0.9697991161959337
18,1518997.0375217984,13,0.1,0.0,0.9072538472787854,-0.9072538472787854
18,1518997.0375217984,13,0.16666666666666669,0.0,0.8487423113261123,-0.8487423113261123
18,1518997.0375217984,13,0.23333333333333334,0.0,0.7940043607374581,-0.7940043607374581
18,1518997.0375217984,13,0.3,3.6315364968409742,0.7427966256154565,2.8887398712255177
18,1518997.0375217984,13,0.3666666666666667,0.0,0.694891431721175,-0.694891431721175
18,1518997.0375217984,13,0.43333333333333335,2.8148944750638534,0.6500757882137806,2.1648186868500727
18,1518997.0375217984,13,0.5,0.0,0.6081504406739263,-0.6081504406739263
18,1518997.0375217984,13,0.5666666666666667,0.0,0.5689289852005146,-0.5689289852005146
18,1518997.0375217984,13,0.6333333333333333,0.0,0.5322370396420313,-0.5322370396420313
18,1518997.0375217984,13,0.7,2.1877940583411752,0.4979114682776703,1.689882590063505
18,1518997.0375217984,13,0.7666666666666666,0.0,0.4657996565011093,-0.4657996565011093
18,1518997.0375217984,13,0.8333333333333334,0.0,0.4357588322821159,-0.4357588322821159
18,1518997.0375217984,13,0.9,0.0,0.4076554313891406,-0.4076554313891406
18,1518997.0375217984,13,0.9666666666666667,0.0,0.38136450355061846,-0.38136450355061846
18,1518997.0375217984,13,1.0333333333333332,0.0,0.35676915691471883,-0.35676915691471883
18,1518997.0375217984,13,1.1,1.2824304341981452,0.3337600383375607,0.9486703958605844
18,1518997.0375217984,13,1.1666666666666665,0.3790832101088857,0.3122348471892086,0.0668483629196771
18,1518997.0375217984,13,1.2333333333333334,0.7017072187121927,0.29209788051578434,0.4096093381964083
18,1518997.0375217984,13,1.2999999999999998,0.4516736120446298,0.2732596075354472,0.1784140045091826
18,1518997.0375217984,13,1.3666666666666667,0.0,0.2556362715764093,-0.2556362715764093
18,1518997.0375217984,13,1.4333333333333331,0.0,0.23914951768717055,-0.23914951768717055
18,1518997.0375217984,13,1.5,0.0,0.2237260442632904,-0.2237260442632904
18,1518997.0375217984,13,1.5666666666666667,0.0,0.2092972771418011,-0.2092972771418011
18,1518997.0375217984,13,1.6333333333333333,0.2560828068288749,0.19579906471425323,0.060283742114621675
18,1518997.0375217984,13,1.7000000000000002,0.6694448178518619,0.18317139270284163,0.4862734251490203
18,1518997.0375217984,13,1.7666666666666666,0.0,0.17135811733147788,-0.17135811733147788
18,1518997.0375217984,13,1.8333333333333335,0.0,0.16030671570546504,-0.16030671570546504
18,1518997.0375217984,13,1.9,0.0383116010216427,0.1499680522899403,-0.11165645126829761
18,1518997.0375217984,13,1.9666666666666668,0.717838419142358,0.14029616044882603,0.5775422586935319
18,1518997.0375217984,13,2.033333333333333,0.04234440112918418,0.13124803807299337,-0.08890363694380919
18,1518997.0375217984,13,2.0999999999999996,0.3911816104315084,0.12278345638898103,0.26839815404252737
18,1518997.0375217984,13,2.166666666666667,0.06250840166689052,0.1148647810982167,-0.05235637943132618
18,1518997.0375217984,13,2.2333333333333334,0.0,0.10745680505150948,-0.10745680505150948
18,1518997.0375217984,13,2.3,0.0,0.10052659171486797,-0.10052659171486797
18,1518997.0375217984,13,2.3666666666666667,0.2701976072052705,0.09404332873068051,0.17615427847458998
18,1518997.0375217984,13,2.4333333333333336,0.13913160371017566,0.08797819092317623,0.05115341278699943
18,1518997.0375217984,13,2.5,0.17341040462427806,0.08230421213907665,0.09110619248520141
18,1518997.0375217984,13,2.5666666666666664,0.10283640274230375,0.0769961653536303,0.025840237388673457
18,1518997.0375217984,13,2.6333333333333333,0.0,0.07203045050897056,-0.07203045050897056
18,1518997.0375217984,13,2.7,0.0,0.06738498958611619,-0.06738498958611619
18,1518997.0375217984,13,2.7666666666666666,0.10888560290361646,0.06303912844409452,0.04584647445952193
18,1518997.0375217984,13,2.833333333333333,0.09477080252722112,0.05897354498975579,0.03579725753746533
18,1518997.0375217984,13,2.9,0.0,0.05517016326999288,-0.05517016326999288
18,1518997.0375217984,13,2.966666666666667,0.0,0.05161207310441313,-0.05161207310441313
18,1518997.0375217984,13,3.033333333333333,0.0,0.04828345490114099,-0.04828345490114099
18,1518997.0375217984,13,3.0999999999999996,0.0,0.0451695093214765,-0.0451695093214765
18,1518997.0375217984,13,3.166666666666667,0.02016400053770662,0.042256391480692004,-0.022092390942985384
18,1518997.0375217984,13,3.2333333333333334,0.07057400188197363,0.039531149392417926,0.031042852489555704
18,1518997.0375217984,13,3.3,0.04436080118295456,0.036981666382935374,0.007379134800019185
18,1518997.0375217984,13,3.3666666666666667,0.06049200161312026,0.034596607219344995,0.025895394393775265
18,1518997.0375217984,13,3.4333333333333336,0.016131200430165294,0.03236536771209253,-0.016234167281927236
18,1518997.0375217984,13,3.5,0.0,0.030278027567779357,-0.030278027567779357
18,1518997.0375217984,13,3.5666666666666664,0.0,0.028325306282637477,-0.028325306282637477
18,1518997.0375217984,13,3.6333333333333333,0.0,0.02649852188056732,-0.02649852188056732
18,1518997.0375217984,13,3.7,0.01008200026885331,0.024789552312283886,-0.014707552043430576
18,1518997.0375217984,13,3.7666666666666666,0.03629520096787216,0.02319079934394827,0.013104401623923886
18,1518997.0375217984,13,3.833333333333333,0.028229600752789265,0.02169515477473027,0.006534445978058995
18,1518997.0375217984,13,3.9,0.002016400053770675,0.020295968833102217,-0.01827956877933154
18,1518997.0375217984,13,3.966666666666667,0.0040328001075413235,0.018987020611351133,-0.01495422050380981
18,1518997.0375217984,13,4.033333333333333,0.038311601021642834,0.017762490406858282,0.020549110614784552
18,1518997.0375217984,13,4.1,0.01814760048393608,0.016616933847173034,0.001530666636763045
18,1518997.0375217984,13,4.166666666666666,0.02218040059147713,0.015545257683838685,0.006635142907638445
18,1518997.0375217984,13,4.233333333333333,0.014114800376394726,0.01454269714734751,-0.00042789677095278304
18,1518997.0375217984,13,4.3,0.002016400053770675,0.013604794762542978,-0.011588394708772303
18,1518997.0375217984,13,4.366666666666667,0.0,0.012727380530280517,-0.012727380530280517
18,1518997.0375217984,13,4.433333333333334,0.0080656002150827,0.011906553387232842,-0.0038409531721501407
18,1518997.0375217984,13,4.5,0.01814760048393608,0.011138663861408195,0.007008936622527884
18,1518997.0375217984,13,4.566666666666666,0.014114800376394726,0.01042029784626662,0.003694502530128107
18,1518997.0375217984,13,4.633333333333333,0.008065600215082593,0.009748261421292348,-0.0016826612062097544
18,1518997.0375217984,13,4.7,0.00403280010754135,0.009119566651533231,-0.0050867665439918806
18,1518997.0375217984,13,4.766666666666667,0.0,0.00853141830297074,-0.00853141830297074
18,1518997.0375217984,13,4.833333333333333,0.0,0.00798120141465572,-0.00798120141465572
18,1518997.0375217984,13,4.9,0.004032800107541297,0.00746646967235465,-0.0034336695648133535
18,1518997.0375217984,13,4.966666666666667,0.00403280010754135,0.0069849345320145105,-0.00295213442447316
18,1518997.0375217984,13,5.033333333333333,0.002016400053770675,0.006534455044688131,-0.004518054990917455
18,1518997.0375217984,13,5.1,0.0,0.006113028337680839,-0.006113028337680839
18,1518997.0375217984,13,5.166666666666666,0.0,0.005718780709596645,-0.005718780709596645
18,1518997.0375217984,13,5.233333333333333,0.002016400053770675,0.005349959299691729,-0.003333559245921054
18,1518997.0375217984,13,5.3,0.00403280010754135,0.005004924294496477,-0.0009721241869551263
18,1518997.0375217984,13,5.366666666666667,0.006049200161311945,0.004682141637055892,0.0013670585242560526
18,1518997.0375217984,13,5.433333333333334,0.0080656002150827,0.004380176206373162,0.003685424008709539
18,1518997.0375217984,13,5.5,0.00403280010754135,0.0040976854367313865,-6.488532919003611e-05
18,1518997.0375217984,13,5.566666666666666,0.00403280010754135,0.003833413348524548,0.00019938675901680228
18,1518997.0375217984,13,5.633333333333333,0.0,0.003586184964058159,-0.003586184964058159
18,1518997.0375217984,13,5.7,0.0,0.0033549010834917664,-0.0033549010834917664
18,1518997.0375217984,13,5.766666666666667,0.0,0.003138533397696691,-0.003138533397696691
18,1518997.0375217984,13,5.833333333333333,0.0060492001613120265,0.0029361199163002714,0.003113080245011755
18,1518997.0375217984,13,5.9,0.0,0.002746760690589351,-0.002746760690589351
18,1518997.0375217984,13,5.966666666666667,0.0,0.0025696138122566084,-0.0025696138122566084
18,1518997.0375217984,17,0.03333333333333333,0.0,0.9697991161959337,-0.9697991161959337
18,1518997.0375217984,17,0.1,0.0,0.9072538472787854,-0.9072538472787854
18,1518997.0375217984,17,0.16666666666666669,3.8352387357094813,0.8487423113261123,2.986496424383369
18,1518997.0375217984,17,0.23333333333333334,0.0,0.7940043607374581,-0.7940043607374581
18,1518997.0375217984,17,0.3,0.0,0.7427966256154565,-0.7427966256154565
18,1518997.0375217984,17,0.3666666666666667,0.0,0.694891431721175,-0.694891431721175
18,1518997.0375217984,17,0.43333333333333335,2.8386012104909217,0.6500757882137806,2.188525422277141
18,1518997.0375217984,17,0.5,0.0,0.6081504406739263,-0.6081504406739263
18,1518997.0375217984,17,0.5666666666666667,0.0,0.5689289852005146,-0.5689289852005146
18,1518997.0375217984,17,0.6333333333333333,0.0,0.5322370396420313,-0.5322370396420313
18,1518997.0375217984,17,0.7,0.0,0.4979114682776703,-0.4979114682776703
18,1518997.0375217984,17,0.7666666666666666,0.0,0.4657996565011093,-0.4657996565011093
18,1518997.0375217984,17,0.8333333333333334,2.225285810356423,0.4357588322821159,1.7895269780743068
18,1518997.0375217984,17,0.9,0.0,0.4076554313891406,-0.4076554313891406
18,1518997.0375217984,17,0.9666666666666667,1.7269670477471424,0.38136450355061846,1.3456025441965238
18,1518997.0375217984,17,1.0333333333333332,0.12104909213180905,0.35676915691471883,-0.2357200647829098
18,1518997.0375217984,17,1.1,0.0,0.3337600383375607,-0.3337600383375607
18,1518997.0375217984,17,1.1666666666666665,0.0,0.3122348471892086,-0.3122348471892086
18,1518997.0375217984,17,1.2333333333333334,0.0,0.29209788051578434,-0.29209788051578434
18,1518997.0375217984,17,1.2999999999999998,0.0,0.2732596075354472,-0.2732596075354472
18,1518997.0375217984,17,1.3666666666666667,0.49630127774041705,0.2556362715764093,0.24066500616400777
18,1518997.0375217984,17,1.4333333333333331,0.5346334902488232,0.23914951768717055,0.2954839725616527
18,1518997.0375217984,17,1.5,0.0,0.2237260442632904,-0.2237260442632904
18,1518997.0375217984,17,1.5666666666666667,0.0,0.2092972771418011,-0.2092972771418011
18,1518997.0375217984,17,1.6333333333333333,0.21990585070611976,0.19579906471425323,0.024106785991866525
18,1518997.0375217984,17,1.7000000000000002,0.7000672494956289,0.18317139270284163,0.5168958567927873
18,1518997.0375217984,17,1.7666666666666666,0.08675184936112981,0.17135811733147788,-0.08460626797034806
18,1518997.0375217984,17,1.8333333333333335,0.5870880968392739,0.16030671570546504,0.4267813811338088
18,1518997.0375217984,17,1.9,0.0,0.1499680522899403,-0.1499680522899403
18,1518997.0375217984,17,1.9666666666666668,0.0,0.14029616044882603,-0.14029616044882603
18,1518997.0375217984,17,2.033333333333333,0.0,0.13124803807299337,-0.13124803807299337
18,1518997.0375217984,17,2.0999999999999996,0.397444519166105,0.12278345638898103,0.274661062777124
18,1518997.0375217984,17,2.166666666666667,0.05245460659045041,0.1148647810982167,-0.062410174507766286
18,1518997.0375217984,17,2.2333333333333334,0.23402824478816492,0.10745680505150948,0.12657143973665544
18,1518997.0375217984,17,2.3,0.08473436449226605,0.10052659171486797,-0.015792227222601915
18,1518997.0375217984,17,2.3666666666666667,0.0,0.09404332873068051,-0.09404332873068051
18,1518997.0375217984,17,2.4333333333333336,0.0,0.08797819092317623,-0.08797819092317623
18,1518997.0375217984,17,2.5,0.16946872898453322,0.08230421213907665,0.08716451684545656
18,1518997.0375217984,17,2.5666666666666664,0.07061197041022171,0.0769961653536303,-0.006384194943408583
18,1518997.0375217984,17,2.6333333333333333,0.0,0.07203045050897056,-0.07203045050897056
18,1518997.0375217984,17,2.7,0.0,0.06738498958611619,-0.06738498958611619
18,1518997.0375217984,17,2.7666666666666666,0.0,0.06303912844409452,-0.06303912844409452
18,1518997.0375217984,17,2.833333333333333,0.0,0.05897354498975579,-0.05897354498975579
18,1518997.0375217984,17,2.9,0.07666442501681264,0.05517016326999288,0.02149426174681976
18,1518997.0375217984,17,2.966666666666667,0.11701412239408168,0.05161207310441313,0.06540204928966856
18,1518997.0375217984,17,3.033333333333333,0.0625420309347682,0.04828345490114099,0.014258576033627214
18,1518997.0375217984,17,3.0999999999999996,0.04841963685272345,0.0451695093214765,0.0032501275312469477
18,1518997.0375217984,17,3.166666666666667,0.010087424344317386,0.042256391480692004,-0.03216896713637462
18,1518997.0375217984,17,3.2333333333333334,0.0,0.039531149392417926,-0.039531149392417926
18,1518997.0375217984,17,3.3,0.0,0.036981666382935374,-0.036981666382935374
18,1518997.0375217984,17,3.3666666666666667,0.0,0.034596607219344995,-0.034596607219344995
18,1518997.0375217984,17,3.4333333333333336,0.016139878950907818,0.03236536771209253,-0.016225488761184712
18,1518997.0375217984,17,3.5,0.0443846671149968,0.030278027567779357,0.014106639547217442
18,1518997.0375217984,17,3.5666666666666664,0.03631472763954259,0.028325306282637477,0.007989421356905113
18,1518997.0375217984,17,3.6333333333333333,0.0,0.02649852188056732,-0.02649852188056732
18,1518997.0375217984,17,3.7,0.004034969737726954,0.024789552312283886,-0.02075458257455693
18,1518997.0375217984,17,3.7666666666666666,0.03631472763954283,0.02319079934394827,0.013123928295594563
18,1518997.0375217984,17,3.833333333333333,0.030262273032952158,0.02169515477473027,0.008567118258221887
18,1518997.0375217984,17,3.9,0.028244788164088867,0.020295968833102217,0.00794881933098665
18,1518997.0375217984,17,3.966666666666667,0.01412239408204434,0.018987020611351133,-0.004864626529306793
18,1518997.0375217984,17,4.033333333333333,0.004034969737726981,0.017762490406858282,-0.0137275206691313
18,1518997.0375217984,17,4.1,0.0,0.016616933847173034,-0.016616933847173034
18,1518997.0375217984,17,4.166666666666666,0.008069939475453855,0.015545257683838685,-0.00747531820838483
18,1518997.0375217984,17,4.233333333333333,0.018157363819771417,0.01454269714734751,0.0036146666724239072
18,1518997.0375217984,17,4.3,0.012104909213180946,0.013604794762542978,-0.0014998855493620327
18,1518997.0375217984,17,4.366666666666667,0.0020174848688634638,0.012727380530280517,-0.010709895661417054
18,1518997.0375217984,17,4.433333333333334,0.008069939475453963,0.011906553387232842,-0.003836613911778879
18,1518997.0375217984,17,4.5,0.0,0.011138663861408195,-0.011138663861408195
18,1518997.0375217984,17,4.566666666666666,0.008069939475453963,0.01042029784626662,-0.002350358370812657
18,1518997.0375217984,17,4.633333333333333,0.0020174848688634638,0.009748261421292348,-0.007730776552428884
18,1518997.0375217984,17,4.7,0.004034969737726981,0.009119566651533231,-0.00508459691380625
18,1518997.0375217984,17,4.766666666666667,0.0,0.00853141830297074,-0.00853141830297074
18,1518997.0375217984,17,4.833333333333333,0.0,0.00798120141465572,-0.00798120141465572
18,1518997.0375217984,17,4.9,0.0,0.00746646967235465,-0.00746646967235465
18,1518997.0375217984,17,4.966666666666667,0.0020174848688634906,0.0069849345320145105,-0.00496744966315102
18,1518997.0375217984,17,5.033333333333333,0.0020174848688634906,0.006534455044688131,-0.00451697017582464
18,1518997.0375217984,17,5.1,0.004034969737726981,0.006113028337680839,-0.002078058599953858
18,1518997.0375217984,17,5.166666666666666,0.0,0.005718780709596645,-0.005718780709596645
18,1518997.0375217984,17,5.233333333333333,0.0020174848688634906,0.005349959299691729,-0.0033324744308282387
18,1518997.0375217984,17,5.3,0.0,0.005004924294496477,-0.005004924294496477
18,1518997.0375217984,17,5.366666666666667,0.0,0.004682141637055892,-0.004682141637055892
18,1518997.0375217984,17,5.433333333333334,0.0,0.004380176206373162,-0.004380176206373162
18,1518997.0375217984,17,5.5,0.0,0.0040976854367313865,-0.0040976854367313865
18,1518997.0375217984,17,5.566666666666666,0.0,0.003833413348524548,-0.003833413348524548
18,1518997.0375217984,17,5.633333333333333,0.008069939475453855,0.003586184964058159,0.004483754511395696
18,1518997.0375217984,17,5.7,0.004034969737726981,0.0033549010834917664,0.0006800686542352149
18,1518997.0375217984,17,5.766666666666667,0.0,0.003138533397696691,-0.003138533397696691
18,1518997.0375217984,17,5.833333333333333,0.0,0.0029361199163002714,-0.0029361199163002714
18,1518997.0375217984,17,5.9,0.0020174848688634638,0.002746760690589351,-0.0007292758217258871
18,1518997.0375217984,17,5.966666666666667,0.004034969737726981,0.0025696138122566084,0.0014653559254703729
18,1518997.0375217984,19,0.03333333333333333,0.0,0.9697991161959337,-0.9697991161959337
18,1518997.0375217984,19,0.1,0.0,0.9072538472787854,-0.9072538472787854
18,1518997.0375217984,19,0.16666666666666669,0.0,0.8487423113261123,-0.8487423113261123
18,1518997.0375217984,19,0.23333333333333334,0.0,0.7940043607374581,-0.7940043607374581
18,1518997.0375217984,19,0.3,3.756578059641075,0.7427966256154565,3.0137814340256184
18,1518997.0375217984,19,0.3666666666666667,0.0,0.694891431721175,-0.694891431721175
18,1518997.0375217984,19,0.43333333333333335,0.0,0.6500757882137806,-0.6500757882137806
18,1518997.0375217984,19,0.5,0.0,0.6081504406739263,-0.6081504406739263
18,1518997.0375217984,19,0.5666666666666667,0.0,0.5689289852005146,-0.5689289852005146
18,1518997.0375217984,19,0.6333333333333333,0.0,0.5322370396420313,-0.5322370396420313
18,1518997.0375217984,19,0.7,2.803265416273108,0.4979114682776703,2.305353947995438
18,1518997.0375217984,19,0.7666666666666666,0.0,0.4657996565011093,-0.4657996565011093
18,1518997.0375217984,19,0.8333333333333334,2.2203481311563897,0.4357588322821159,1.7845892988742738
18,1518997.0375217984,19,0.9,0.0,0.4076554313891406,-0.4076554313891406
18,1518997.0375217984,19,0.9666666666666667,0.0,0.38136450355061846,-0.38136450355061846
18,1518997.0375217984,19,1.0333333333333332,0.0,0.35676915691471883,-0.35676915691471883
18,1518997.0375217984,19,1.1,0.0,0.3337600383375607,-0.3337600383375607
18,1518997.0375217984,19,1.1666666666666665,0.0,0.3122348471892086,-0.3122348471892086
18,1518997.0375217984,19,1.2333333333333334,0.8966401295371748,0.29209788051578434,0.6045422490213904
18,1518997.0375217984,19,1.2999999999999998,0.6335177438942114,0.2732596075354472,0.36025813635876425
18,1518997.0375217984,19,1.3666666666666667,0.0,0.2556362715764093,-0.2556362715764093
18,1518997.0375217984,19,1.4333333333333331,0.0,0.23914951768717055,-0.23914951768717055
18,1518997.0375217984,19,1.5,0.4715962758062341,0.2237260442632904,0.2478702315429437
18,1518997.0375217984,19,1.5666666666666667,0.8419916340574796,0.2092972771418011,0.6326943569156784
18,1518997.0375217984,19,1.6333333333333333,0.21049790851437059,0.19579906471425323,0.01469884380011735
18,1518997.0375217984,19,1.7000000000000002,0.6922142760761032,0.18317139270284163,0.5090428833732615
18,1518997.0375217984,19,1.7666666666666666,0.0,0.17135811733147788,-0.17135811733147788
18,1518997.0375217984,19,1.8333333333333335,0.0,0.16030671570546504,-0.16030671570546504
18,1518997.0375217984,19,1.9,0.03440831196869519,0.1499680522899403,-0.11555974032124512
18,1518997.0375217984,19,1.9666666666666668,0.6820941843206046,0.14029616044882603,0.5417980238717786
18,1518997.0375217984,19,2.033333333333333,0.05464849547969254,0.13124803807299337,-0.07659954259330083
18,1518997.0375217984,19,2.0999999999999996,0.39670759681554324,0.12278345638898103,0.2739241404265622
18,1518997.0375217984,19,2.166666666666667,0.07084064228848987,0.1148647810982167,-0.04402413880972683
18,1518997.0375217984,19,2.2333333333333334,0.0,0.10745680505150948,-0.10745680505150948
18,1518997.0375217984,19,2.3,0.0,0.10052659171486797,-0.10052659171486797
18,1518997.0375217984,19,2.3666666666666667,0.27931453245176185,0.09404332873068051,0.18527120372108136
18,1518997.0375217984,19,2.4333333333333336,0.10929699095938436,0.08797819092317623,0.021318800036208133
18,1518997.0375217984,19,2.5,0.0,0.08230421213907665,-0.08230421213907665
18,1518997.0375217984,19,2.5666666666666664,0.0,0.0769961653536303,-0.0769961653536303
18,1518997.0375217984,19,2.6333333333333333,0.0,0.07203045050897056,-0.07203045050897056
18,1518997.0375217984,19,2.7,0.0,0.06738498958611619,-0.06738498958611619
18,1518997.0375217984,19,2.7666666666666666,0.1275131561192826,0.06303912844409452,0.06447402767518808
18,1518997.0375217984,19,2.833333333333333,0.10727297260828464,0.05897354498975579,0.04829942761852885
18,1518997.0375217984,19,2.9,0.07488867899068978,0.05517016326999288,0.019718515720696897
18,1518997.0375217984,19,2.966666666666667,0.10322493590608522,0.05161207310441313,0.05161286280167209
18,1518997.0375217984,19,3.033333333333333,0.012144110106598344,0.04828345490114099,-0.036139344794542644
18,1518997.0375217984,19,3.0999999999999996,0.0,0.0451695093214765,-0.0451695093214765
18,1518997.0375217984,19,3.166666666666667,0.0,0.042256391480692004,-0.042256391480692004
18,1518997.0375217984,19,3.2333333333333334,0.0,0.039531149392417926,-0.039531149392417926
18,1518997.0375217984,19,3.3,0.030360275266495654,0.036981666382935374,-0.00662139111643972
18,1518997.0375217984,19,3.3666666666666667,0.03845634867089475,0.034596607219344995,0.003859741451549756
18,1518997.0375217984,19,3.4333333333333336,0.024288220213196522,0.03236536771209253,-0.008077147498896008
18,1518997.0375217984,19,3.5,0.0,0.030278027567779357,-0.030278027567779357
18,1518997.0375217984,19,3.5666666666666664,0.008096073404398841,0.028325306282637477,-0.020229232878238634
18,1518997.0375217984,19,3.6333333333333333,0.05667251383079226,0.02649852188056732,0.03017399195022494
18,1518997.0375217984,19,3.7,0.030360275266495654,0.024789552312283886,0.005570722954211769
18,1518997.0375217984,19,3.7666666666666666,0.03643233031979503,0.02319079934394827,0.013241530975846759
18,1518997.0375217984,19,3.833333333333333,0.026312238564296236,0.02169515477473027,0.004617083789565966
18,1518997.0375217984,19,3.9,0.0,0.020295968833102217,-0.020295968833102217
18,1518997.0375217984,19,3.966666666666667,0.0,0.018987020611351133,-0.018987020611351133
18,1518997.0375217984,19,4.033333333333333,0.030360275266495856,0.017762490406858282,0.012597784859637574
18,1518997.0375217984,19,4.1,0.03440831196869531,0.016616933847173034,0.017791378121522275
18,1518997.0375217984,19,4.166666666666666,0.012144110106598181,0.015545257683838685,-0.003401147577240504
18,1518997.0375217984,19,4.233333333333333,0.006072055053299172,0.01454269714734751,-0.008470642094048337
18,1518997.0375217984,19,4.3,0.0020240183510997238,0.013604794762542978,-0.011580776411443255
18,1518997.0375217984,19,4.366666666666667,0.0,0.012727380530280517,-0.012727380530280517
18,1518997.0375217984,19,4.433333333333334,0.0040480367021994475,0.011906553387232842,-0.007858516685033394
18,1518997.0375217984,19,4.5,0.01619214680879779,0.011138663861408195,0.005053482947389595
18,1518997.0375217984,19,4.566666666666666,0.0040480367021994475,0.01042029784626662,-0.006372261144067172
18,1518997.0375217984,19,4.633333333333333,0.0,0.009748261421292348,-0.009748261421292348
18,1518997.0375217984,19,4.7,0.0,0.009119566651533231,-0.009119566651533231
18,1518997.0375217984,19,4.766666666666667,0.0,0.00853141830297074,-0.00853141830297074
18,1518997.0375217984,19,4.833333333333333,0.0040480367021994475,0.00798120141465572,-0.003933164712456272
18,1518997.0375217984,19,4.9,0.010120091755498483,0.00746646967235465,0.0026536220831438325
18,1518997.0375217984,19,4.966666666666667,0.008096073404398895,0.0069849345320145105,0.0011111388723843846
18,1518997.0375217984,19,5.033333333333333,0.006072055053299172,0.006534455044688131,-0.0004623999913889584
18,1518997.0375217984,19,5.1,0.0020240183510997238,0.006113028337680839,-0.004089009986581116
18,1518997.0375217984,19,5.166666666666666,0.002024018351099697,0.005718780709596645,-0.003694762358496948
18,1518997.0375217984,19,5.233333333333333,0.0,0.005349959299691729,-0.005349959299691729
18,1518997.0375217984,19,5.3,0.0,0.005004924294496477,-0.005004924294496477
18,1518997.0375217984,19,5.366666666666667,0.002024018351099697,0.004682141637055892,-0.0026581232859561954
18,1518997.0375217984,19,5.433333333333334,0.008096073404398895,0.004380176206373162,0.003715897198025733
18,1518997.0375217984,19,5.5,0.008096073404398895,0.0040976854367313865,0.003998387967667509
18,1518997.0375217984,19,5.566666666666666,0.0020240183510997238,0.003833413348524548,-0.0018093949974248244
18,1518997.0375217984,19,5.633333333333333,0.0,0.003586184964058159,-0.003586184964058159
18,1518997.0375217984,19,5.7,0.0020240183510997238,0.0033549010834917664,-0.0013308827323920427
18,1518997.0375217984,19,5.766666666666667,0.0,0.003138533397696691,-0.003138533397696691
18,1518997.0375217984,19,5.833333333333333,0.0020240183510997238,0.0029361199163002714,-0.0009121015652005476
18,1518997.0375217984,19,5.9,0.004048036702199394,0.002746760690589351,0.0013012760116100429
18,1518997.0375217984,19,5.966666666666667,0.0,0.0025696138122566084,-0.0025696138122566084
18,1518997.0375217984,23,0.03333333333333333,0.0,0.9697991161959337,-0.9697991161959337
18,1518997.0375217984,23,0.1,0.0,0.9072538472787854,-0.9072538472787854
18,1518997.0375217984,23,0.16666666666666669,0.0,0.8487423113261123,-0.8487423113261123
18,1518997.0375217984,23,0.23333333333333334,0.0,0.7940043607374581,-0.7940043607374581
18,1518997.0375217984,23,0.3,0.0,0.7427966256154565,-0.7427966256154565
18,1518997.0375217984,23,0.3666666666666667,0.0,0.694891431721175,-0.694891431721175
18,1518997.0375217984,23,0.43333333333333335,3.7230873392010833,0.6500757882137806,3.0730115509873026
18,1518997.0375217984,23,0.5,0.0,0.6081504406739263,-0.6081504406739263
18,1518997.0375217984,23,0.5666666666666667,2.841570751523358,0.5689289852005146,2.2726417663228435
18,1518997.0375217984,23,0.6333333333333333,0.0,0.5322370396420313,-0.5322370396420313
18,1518997.0375217984,23,0.7,0.0,0.4979114682776703,-0.4979114682776703
18,1518997.0375217984,23,0.7666666666666666,0.0,0.4657996565011093,-0.4657996565011093
18,1518997.0375217984,23,0.8333333333333334,0.0,0.4357588322821159,-0.4357588322821159
18,1518997.0375217984,23,0.9,0.0,0.4076554313891406,-0.4076554313891406
18,1518997.0375217984,23,0.9666666666666667,2.4536222071767098,0.38136450355061846,2.072257703626091
18,1518997.0375217984,23,1.0333333333333332,0.14014895057549087,0.35676915691471883,-0.21662020633922796
18,1518997.0375217984,23,1.1,0.0,0.3337600383375607,-0.3337600383375607
18,1518997.0375217984,23,1.1666666666666665,0.0,0.3122348471892086,-0.3122348471892086
18,1518997.0375217984,23,1.2333333333333334,0.9444820582261341,0.29209788051578434,0.6523841777103497
18,1518997.0375217984,23,1.2999999999999998,0.5849695328368314,0.2732596075354472,0.3117099253013842
18,1518997.0375217984,23,1.3666666666666667,0.5666892349356805,0.2556362715764093,0.3110529633592712
18,1518997.0375217984,23,1.4333333333333331,0.5707515233581585,0.23914951768717055,0.33160200567098796
18,1518997.0375217984,23,1.5,0.0,0.2237260442632904,-0.2237260442632904
18,1518997.0375217984,23,1.5666666666666667,0.0,0.2092972771418011,-0.2092972771418011
18,1518997.0375217984,23,1.6333333333333333,0.2274881516587678,0.19579906471425323,0.031689086944514555
18,1518997.0375217984,23,1.7000000000000002,0.6844955991875423,0.18317139270284163,0.5013242064847007
18,1518997.0375217984,23,1.7666666666666666,0.1137440758293839,0.17135811733147788,-0.05761404150209398
18,1518997.0375217984,23,1.8333333333333335,0.5768449559918755,0.16030671570546504,0.4165382402864104
18,1518997.0375217984,23,1.9,0.0,0.1499680522899403,-0.1499680522899403
18,1518997.0375217984,23,1.9666666666666668,0.0,0.14029616044882603,-0.14029616044882603
18,1518997.0375217984,23,2.033333333333333,0.0,0.13124803807299337,-0.13124803807299337
18,1518997.0375217984,23,2.0999999999999996,0.36154366960054046,0.12278345638898103,0.23876021321155944
18,1518997.0375217984,23,2.166666666666667,0.05280974949221377,0.1148647810982167,-0.062055031606002925
18,1518997.0375217984,23,2.2333333333333334,0.0,0.10745680505150948,-0.10745680505150948
18,1518997.0375217984,23,2.3,0.0,0.10052659171486797,-0.10052659171486797
18,1518997.0375217984,23,2.3666666666666667,0.0,0.09404332873068051,-0.09404332873068051
18,1518997.0375217984,23,2.4333333333333336,0.0,0.08797819092317623,-0.08797819092317623
18,1518997.0375217984,23,2.5,0.18889641164522744,0.08230421213907665,0.10659219950615079
18,1518997.0375217984,23,2.5666666666666664,0.12389979688557846,0.0769961653536303,0.04690363153194817
18,1518997.0375217984,23,2.6333333333333333,0.1259309410968183,0.07203045050897056,0.05390049058784774
18,1518997.0375217984,23,2.7,0.14421123899796837,0.06738498958611619,0.07682624941185218
18,1518997.0375217984,23,2.7666666666666666,0.0,0.06303912844409452,-0.06303912844409452
18,1518997.0375217984,23,2.833333333333333,0.0,0.05897354498975579,-0.05897354498975579
18,1518997.0375217984,23,2.9,0.0,0.05517016326999288,-0.05517016326999288
18,1518997.0375217984,23,2.966666666666667,0.0,0.05161207310441313,-0.05161207310441313
18,1518997.0375217984,23,3.033333333333333,0.06702775897088716,0.04828345490114099,0.018744304069746164
18,1518997.0375217984,23,3.0999999999999996,0.11171293161814451,0.0451695093214765,0.06654342229666801
18,1518997.0375217984,23,3.166666666666667,0.016249153689911932,0.042256391480692004,-0.026007237790780072
18,1518997.0375217984,23,3.2333333333333334,0.0,0.039531149392417926,-0.039531149392417926
18,1518997.0375217984,23,3.3,0.032498307379823864,0.036981666382935374,-0.00448335900311151
18,1518997.0375217984,23,3.3666666666666667,0.03859174001354109,0.034596607219344995,0.003995132794196096
18,1518997.0375217984,23,3.4333333333333336,0.024373730534867893,0.03236536771209253,-0.007991637177224637
18,1518997.0375217984,23,3.5,0.04468517264725811,0.030278027567779357,0.014407145079478753
18,1518997.0375217984,23,3.5666666666666664,0.020311442112389916,0.028325306282637477,-0.008013864170247562
18,1518997.0375217984,23,3.6333333333333333,0.0,0.02649852188056732,-0.02649852188056732
18,1518997.0375217984,23,3.7,0.010155721056194958,0.024789552312283886,-0.014633831256088928
18,1518997.0375217984,23,3.7666666666666666,0.03046716316858507,0.02319079934394827,0.007276363824636801
18,1518997.0375217984,23,3.833333333333333,0.016249153689911932,0.02169515477473027,-0.005446001084818339
18,1518997.0375217984,23,3.9,0.03859174001354109,0.020295968833102217,0.018295771180438875
18,1518997.0375217984,23,3.966666666666667,0.026404874746106886,0.018987020611351133,0.007417854134755753
18,1518997.0375217984,23,4.033333333333333,0.00406228842247801,0.017762490406858282,-0.013700201984380272
18,1518997.0375217984,23,4.1,0.0,0.016616933847173034,-0.016616933847173034
18,1518997.0375217984,23,4.166666666666666,0.010155721056194889,0.015545257683838685,-0.005389536627643797
18,1518997.0375217984,23,4.233333333333333,0.010155721056195024,0.01454269714734751,-0.004386976091152486
18,1518997.0375217984,23,4.3,0.00406228842247801,0.013604794762542978,-0.009542506340064968
18,1518997.0375217984,23,4.366666666666667,0.0,0.012727380530280517,-0.012727380530280517
18,1518997.0375217984,23,4.433333333333334,0.0,0.011906553387232842,-0.011906553387232842
18,1518997.0375217984,23,4.5,0.0,0.011138663861408195,-0.011138663861408195
18,1518997.0375217984,23,4.566666666666666,0.010155721056195024,0.01042029784626662,-0.0002645767900715957
18,1518997.0375217984,23,4.633333333333333,0.0182802979011508,0.009748261421292348,0.008532036479858453
18,1518997.0375217984,23,4.7,0.012186865267434028,0.009119566651533231,0.003067298615900797
18,1518997.0375217984,23,4.766666666666667,0.00406228842247801,0.00853141830297074,-0.00446912988049273
18,1518997.0375217984,23,4.833333333333333,0.0,0.00798120141465572,-0.00798120141465572
18,1518997.0375217984,23,4.9,0.0,0.00746646967235465,-0.00746646967235465
18,1518997.0375217984,23,4.966666666666667,0.0,0.0069849345320145105,-0.0069849345320145105
18,1518997.0375217984,23,5.033333333333333,0.0,0.006534455044688131,-0.006534455044688131
18,1518997.0375217984,23,5.1,0.002031144211239005,0.006113028337680839,-0.0040818841264418345
18,1518997.0375217984,23,5.166666666666666,0.0,0.005718780709596645,-0.005718780709596645
18,1518997.0375217984,23,5.233333333333333,0.00406228842247801,0.005349959299691729,-0.0012876708772137195
18,1518997.0375217984,23,5.3,0.002031144211239005,0.005004924294496477,-0.0029737800832574717
18,1518997.0375217984,23,5.366666666666667,0.0020311442112389776,0.004682141637055892,-0.0026509974258169147
18,1518997.0375217984,23,5.433333333333334,0.00406228842247801,0.004380176206373162,-0.0003178877838951521
18,1518997.0375217984,23,5.5,0.0,0.0040976854367313865,-0.0040976854367313865
18,1518997.0375217984,23,5.566666666666666,0.002031144211239005,0.003833413348524548,-0.0018022691372855432
18,1518997.0375217984,23,5.633333333333333,0.0020311442112389776,0.003586184964058159,-0.0015550407528191813
18,1518997.0375217984,23,5.7,0.002031144211239005,0.0033549010834917664,-0.0013237568722527615
18,1518997.0375217984,23,5.766666666666667,0.0,0.003138533397696691,-0.003138533397696691
18,1518997.0375217984,23,5.833333333333333,0.002031144211239005,0.0029361199163002714,-0.0009049757050612665
18,1518997.0375217984,23,5.9,0.0020311442112389776,0.002746760690589351,-0.0007156164793503733
18,1518997.0375217984,23,5.966666666666667,0.0,0.0025696138122566084,-0.0025696138122566084
18,1518997.0375217984,29,0.03333333333333333,0.0,0.9697991161959337,-0.9697991161959337
18,1518997.0375217984,29,0.1,0.0,0.9072538472787854,-0.9072538472787854
18,1518997.0375217984,29,0.16666666666666669,3.762135922330097,0.8487423113261123,2.9133936110039844
18,1518997.0375217984,29,0.23333333333333334,0.0,0.7940043607374581,-0.7940043607374581
18,1518997.0375217984,29,0.3,0.0,0.7427966256154565,-0.7427966256154565
18,1518997.0375217984,29,0.3666666666666667,0.0,0.694891431721175,-0.694891431721175
18,1518997.0375217984,29,0.43333333333333335,0.0,0.6500757882137806,-0.6500757882137806
18,1518997.0375217984,29,0.5,0.0,0.6081504406739263,-0.6081504406739263
18,1518997.0375217984,29,0.5666666666666667,2.9186893203883506,0.5689289852005146,2.349760335187836
18,1518997.0375217984,29,0.6333333333333333,0.0,0.5322370396420313,-0.5322370396420313
18,1518997.0375217984,29,0.7,0.0,0.4979114682776703,-0.4979114682776703
18,1518997.0375217984,29,0.7666666666666666,0.0,0.4657996565011093,-0.4657996565011093
18,1518997.0375217984,29,0.8333333333333334,2.2228964401294506,0.4357588322821159,1.7871376078473347
18,1518997.0375217984,29,0.9,0.0,0.4076554313891406,-0.4076554313891406
18,1518997.0375217984,29,0.9666666666666667,1.7657766990291268,0.38136450355061846,1.3844121954785082
18,1518997.0375217984,29,1.0333333333333332,0.11933656957928807,0.35676915691471883,-0.23743258733543077
18,1518997.0375217984,29,1.1,0.0,0.3337600383375607,-0.3337600383375607
18,1518997.0375217984,29,1.1666666666666665,0.0,0.3122348471892086,-0.3122348471892086
18,1518997.0375217984,29,1.2333333333333334,0.7362459546925568,0.29209788051578434,0.4441480741767725
18,1518997.0375217984,29,1.2999999999999998,0.5117313915857608,0.2732596075354472,0.23847178405031355
18,1518997.0375217984,29,1.3666666666666667,0.34789644012945,0.2556362715764093,0.0922601685530407
18,1518997.0375217984,29,1.4333333333333331,0.4490291262135924,0.23914951768717055,0.20987960852642187
18,1518997.0375217984,29,1.5,0.0,0.2237260442632904,-0.2237260442632904
18,1518997.0375217984,29,1.5666666666666667,0.0,0.2092972771418011,-0.2092972771418011
18,1518997.0375217984,29,1.6333333333333333,0.1456310679611651,0.19579906471425323,-0.05016799675308814
18,1518997.0375217984,29,1.7000000000000002,0.4530744336569581,0.18317139270284163,0.26990304095411644
18,1518997.0375217984,29,1.7666666666666666,0.0,0.17135811733147788,-0.17135811733147788
18,1518997.0375217984,29,1.8333333333333335,0.0,0.16030671570546504,-0.16030671570546504
18,1518997.0375217984,29,1.9,0.0,0.1499680522899403,-0.1499680522899403
18,1518997.0375217984,29,1.9666666666666668,0.0,0.14029616044882603,-0.14029616044882603
18,1518997.0375217984,29,2.033333333333333,0.0,0.13124803807299337,-0.13124803807299337
18,1518997.0375217984,29,2.0999999999999996,0.34587378640776595,0.12278345638898103,0.22309033001878492
18,1518997.0375217984,29,2.166666666666667,0.05461165048543673,0.1148647810982167,-0.06025313061277997
18,1518997.0375217984,29,2.2333333333333334,0.2649676375404541,0.10745680505150948,0.15751083248894462
18,1518997.0375217984,29,2.3,0.08090614886731369,0.10052659171486797,-0.01962044284755428
18,1518997.0375217984,29,2.3666666666666667,0.0,0.09404332873068051,-0.09404332873068051
18,1518997.0375217984,29,2.4333333333333336,0.0,0.08797819092317623,-0.08797819092317623
18,1518997.0375217984,29,2.5,0.0,0.08230421213907665,-0.08230421213907665
18,1518997.0375217984,29,2.5666666666666664,0.0,0.0769961653536303,-0.0769961653536303
18,1518997.0375217984,29,2.6333333333333333,0.11933656957928847,0.07203045050897056,0.04730611907031791
18,1518997.0375217984,29,2.7,0.09304207119741073,0.06738498958611619,0.02565708161129454
18,1518997.0375217984,29,2.7666666666666666,0.0,0.06303912844409452,-0.06303912844409452
18,1518997.0375217984,29,2.833333333333333,0.0,0.05897354498975579,-0.05897354498975579
18,1518997.0375217984,29,2.9,0.09708737864077707,0.05517016326999288,0.04191721537078419
18,1518997.0375217984,29,2.966666666666667,0.0970873786407764,0.05161207310441313,0.045475305536363274
18,1518997.0375217984,29,3.033333333333333,0.05258899676375424,0.04828345490114099,0.004305541862613248
18,1518997.0375217984,29,3.0999999999999996,0.06067961165048525,0.0451695093214765,0.015510102329008749
18,1518997.0375217984,29,3.166666666666667,0.008090614886731368,0.042256391480692004,-0.03416577659396064
18,1518997.0375217984,29,3.2333333333333334,0.0,0.039531149392417926,-0.039531149392417926
18,1518997.0375217984,29,3.3,0.014158576051779894,0.036981666382935374,-0.022823090331155482
18,1518997.0375217984,29,3.3666666666666667,0.04045307443365711,0.034596607219344995,0.005856467214312114
18,1518997.0375217984,29,3.4333333333333336,0.04449838187702252,0.03236536771209253,0.01213301416492999
18,1518997.0375217984,29,3.5,0.03033980582524283,0.030278027567779357,6.17782574634726e-05
18,1518997.0375217984,29,3.5666666666666664,0.018203883495145578,0.028325306282637477,-0.0101214227874919
18,1518997.0375217984,29,3.6333333333333333,0.0,0.02649852188056732,-0.02649852188056732
18,1518997.0375217984,29,3.7,0.002022653721682842,0.024789552312283886,-0.022766898590601044
18,1518997.0375217984,29,3.7666666666666666,0.0182038834951457,0.02319079934394827,-0.004986915848802571
18,1518997.0375217984,29,3.833333333333333,0.016181229773462737,0.02169515477473027,-0.005513925001267534
18,1518997.0375217984,29,3.9,0.0,0.020295968833102217,-0.020295968833102217
18,1518997.0375217984,29,3.966666666666667,0.0,0.018987020611351133,-0.018987020611351133
18,1518997.0375217984,29,4.033333333333333,0.0,0.017762490406858282,-0.017762490406858282
18,1518997.0375217984,29,4.1,0.0,0.016616933847173034,-0.016616933847173034
18,1518997.0375217984,29,4.166666666666666,0.008090614886731315,0.015545257683838685,-0.007454642797107371
18,1518997.0375217984,29,4.233333333333333,0.008090614886731422,0.01454269714734751,-0.006452082260616087
18,1518997.0375217984,29,4.3,0.006067961165048567,0.013604794762542978,-0.007536833597494411
18,1518997.0375217984,29,4.366666666666667,0.014158576051779798,0.012727380530280517,0.001431195521499281
18,1518997.0375217984,29,4.433333333333334,0.008090614886731422,0.011906553387232842,-0.0038159385005014194
18,1518997.0375217984,29,4.5,0.0,0.011138663861408195,-0.011138663861408195
18,1518997.0375217984,29,4.566666666666666,0.0,0.01042029784626662,-0.01042029784626662
18,1518997.0375217984,29,4.633333333333333,0.0,0.009748261421292348,-0.009748261421292348
18,1518997.0375217984,29,4.7,0.004045307443365711,0.009119566651533231,-0.00507425920816752
18,1518997.0375217984,29,4.766666666666667,0.010113268608414277,0.00853141830297074,0.0015818503054435377
18,1518997.0375217984,29,4.833333333333333,0.0020226537216828555,0.00798120141465572,-0.005958547692972865
18,1518997.0375217984,29,4.9,0.0020226537216828286,0.00746646967235465,-0.005443815950671822
18,1518997.0375217984,29,4.966666666666667,0.004045307443365711,0.0069849345320145105,-0.0029396270886487995
18,1518997.0375217984,29,5.033333333333333,0.0,0.006534455044688131,-0.006534455044688131
18,1518997.0375217984,29,5.1,0.006067961165048567,0.006113028337680839,-4.506717263227239e-05
18,1518997.0375217984,29,5.166666666666666,0.004045307443365657,0.005718780709596645,-0.0016734732662309878
18,1518997.0375217984,29,5.233333333333333,0.0,0.005349959299691729,-0.005349959299691729
18,1518997.0375217984,29,5.3,0.0020226537216828555,0.005004924294496477,-0.002982270572813621
18,1518997.0375217984,29,5.366666666666667,0.0,0.004682141637055892,-0.004682141637055892
18,1518997.0375217984,29,5.433333333333334,0.006067961165048567,0.004380176206373162,0.001687784958675405
18,1518997.0375217984,29,5.5,0.008090614886731422,0.0040976854367313865,0.003992929450000036
18,1518997.0375217984,29,5.566666666666666,0.004045307443365711,0.003833413348524548,0.00021189409484116293
18,1518997.0375217984,29,5.633333333333333,0.0,0.003586184964058159,-0.003586184964058159
18,1518997.0375217984,29,5.7,0.006067961165048567,0.0033549010834917664,0.0027130600815568006
18,1518997.0375217984,29,5.766666666666667,0.0,0.003138533397696691,-0.003138533397696691
18,1518997.0375217984,29,5.833333333333333,0.004045307443365711,0.0029361199163002714,0.0011091875270654397
18,1518997.0375217984,29,5.9,0.0020226537216828286,0.002746760690589351,-0.0007241069689065223
18,1518997.0375217984,29,5.966666666666667,0.0,0.0025696138122566084,-0.0025696138122566084
