transition,anchor_residue,next_residue,z_center,empirical_pdf,exp_pdf,delta
1->1,1,1,0.04285714285714286,0.0,0.9607229454284076,-0.9607229454284076
1->1,1,1,0.12857142857142856,0.0,0.8818057410347337,-0.8818057410347337
1->1,1,1,0.21428571428571427,0.0,0.8093710768769816,-0.8093710768769816
1->1,1,1,0.3,0.0,0.7428864540123261,-0.7428864540123261
1->1,1,1,0.38571428571428573,0.0,0.6818631148576237,-0.6818631148576237
1->1,1,1,0.4714285714285714,0.0,0.6258524501183417,-0.6258524501183417
1->1,1,1,0.5571428571428572,0.0,0.574442700865141,-0.574442700865141
1->1,1,1,0.6428571428571428,0.0,0.5272559315136365,-0.5272559315136365
1->1,1,1,0.7285714285714286,0.0,0.48394525145437756,-0.48394525145437756
1->1,1,1,0.8142857142857143,0.0,0.4441922649080403,-0.4441922649080403
1->1,1,1,0.9,0.0,0.40770473025859444,-0.40770473025859444
1->1,1,1,0.9857142857142857,0.0,0.3742144116571816,-0.3742144116571816
1->1,1,1,1.0714285714285714,0.0,0.34347510710290213,-0.34347510710290213
1->1,1,1,1.157142857142857,0.0,0.3152608385040695,-0.3152608385040695
1->1,1,1,1.2428571428571429,0.0,0.28936419041427874,-0.28936419041427874
1->1,1,1,1.3285714285714287,0.0,0.2655947852306119,-0.2655947852306119
1->1,1,1,1.4142857142857141,0.0,0.24377788364449285,-0.24377788364449285
1->1,1,1,1.5,0.0,0.22375310005649293,-0.22375310005649293
1->1,1,1,1.5857142857142859,0.0,0.2053732235115413,-0.2053732235115413
1->1,1,1,1.6714285714285715,0.0,0.18850313548671466,-0.18850313548671466
1->1,1,1,1.7571428571428571,0.0,0.17301881657579302,-0.17301881657579302
1->1,1,1,1.842857142857143,0.0,0.1588064347682837,-0.1588064347682837
1->1,1,1,1.9285714285714286,0.0,0.14576150862045373,-0.14576150862045373
1->1,1,1,2.0142857142857142,0.0,0.1337881391664733,-0.1337881391664733
1->1,1,1,2.0999999999999996,4.971209213051821,0.12279830492311432,4.848410908128706
1->1,1,1,2.185714285714286,2.9334612923864345,0.11271121480527316,2.8207500775811614
1->1,1,1,2.2714285714285714,1.5451055662188091,0.10345271419531782,1.4416528520234912
1->1,1,1,2.357142857142857,0.5822136916186847,0.09495473980001322,0.4872589518186715
1->1,1,1,2.442857142857143,0.403071017274472,0.08715481928744107,0.3159161979870309
1->1,1,1,2.5285714285714285,0.15674984005118353,0.07999561202552476,0.07675422802565877
1->1,1,1,2.6142857142857143,0.11196417146513168,0.07342448754592751,0.038539683919204176
1->1,1,1,2.7,0.13435700575815732,0.06739313863442749,0.06696386712372983
1->1,1,1,2.7857142857142856,0.08957133717210489,0.061857226203427235,0.027714110968677652
1->1,1,1,2.8714285714285714,0.022392834293026336,0.05677605333590008,-0.03438321904287374
1->1,1,1,2.9571428571428573,0.0,0.052112266104527814,-0.052112266104527814
1->1,1,1,3.0428571428571427,0.0,0.04783157896661976,-0.04783157896661976
1->1,1,1,3.1285714285714286,0.04478566858605267,0.043902522716071216,0.0008831458699814568
1->1,1,1,3.2142857142857144,0.0,0.040296213139445945,-0.040296213139445945
1->1,1,1,3.3,0.0,0.0369861386754717,-0.0369861386754717
1->1,1,1,3.385714285714286,0.0,0.03394796551694117,-0.03394796551694117
1->1,1,1,3.4714285714285715,0.0,0.03115935872223703,-0.03115935872223703
1->1,1,1,3.557142857142857,0.02239283429302622,0.0285998180213932,-0.006206983728366977
1->1,1,1,3.6428571428571432,0.0,0.026250527109631196,-0.026250527109631196
1->1,1,1,3.7285714285714286,0.0,0.024094215320462204,-0.024094215320462204
1->1,1,1,3.814285714285714,0.0,0.02211503066145294,-0.02211503066145294
1->1,1,1,3.9000000000000004,0.0,0.02029842327928616,-0.02029842327928616
1->1,1,1,3.9857142857142858,0.0,0.01863103849741608,-0.01863103849741608
1->1,1,1,4.071428571428571,0.0,0.017100618639991582,-0.017100618639991582
1->1,1,1,4.157142857142857,0.0671785028790783,0.01569591292031223,0.05148258995876607
1->1,1,1,4.242857142857143,0.134357005758158,0.014406594731367297,0.11995041102679072
1->1,1,1,4.328571428571429,0.1343570057581566,0.013223185730424613,0.12113382002773199
1->1,1,1,4.414285714285715,0.067178502879079,0.012136986159581541,0.05504151671949746
1->1,1,1,4.5,0.134357005758158,0.011140010890034115,0.1232169948681239
1->1,1,1,4.585714285714285,0.04478566858605221,0.010224930719897714,0.03456073786615449
1->1,1,1,4.671428571428572,0.04478566858605267,0.009385018494033781,0.03540065009201889
1->1,1,1,4.757142857142857,0.022392834293026336,0.008614099649785918,0.013778734643240418
1->1,1,1,4.842857142857143,0.0,0.007906506825065263,-0.007906506825065263
1->1,1,1,4.928571428571429,0.0,0.007257038195089519,-0.007257038195089519
1->1,1,1,5.014285714285714,0.0,0.0066609192314905025,-0.0066609192314905025
1->1,1,1,5.1,0.0,0.006113767602664896,-0.006113767602664896
1->1,1,1,5.185714285714286,0.0,0.005611560957335133,-0.005611560957335133
1->1,1,1,5.271428571428571,0.0,0.005150607354483377,-0.005150607354483377
1->1,1,1,5.357142857142858,0.0,0.004727518122275987,-0.004727518122275987
1->1,1,1,5.442857142857143,0.0,0.0043391829464526546,-0.0043391829464526546
1->1,1,1,5.5285714285714285,0.0,0.00398274700504392,-0.00398274700504392
1->1,1,1,5.614285714285714,0.0,0.0036555899813244695,-0.0036555899813244695
1->1,1,1,5.7,0.0,0.0033553068007171737,-0.0033553068007171737
1->1,1,1,5.785714285714286,0.0,0.0030796899500364562,-0.0030796899500364562
1->1,1,1,5.871428571428572,0.0,0.0028267132490919456,-0.0028267132490919456
1->1,1,1,5.957142857142857,0.0,0.0025945169553504453,-0.0025945169553504453
1->7,1,7,0.04285714285714286,0.0,0.9607229454284076,-0.9607229454284076
1->7,1,7,0.12857142857142856,0.0,0.8818057410347337,-0.8818057410347337
1->7,1,7,0.21428571428571427,0.0,0.8093710768769816,-0.8093710768769816
1->7,1,7,0.3,0.0,0.7428864540123261,-0.7428864540123261
1->7,1,7,0.38571428571428573,3.7467775199793736,0.6818631148576237,3.06491440512175
1->7,1,7,0.4714285714285714,6.155903583397786,0.6258524501183417,5.530051133279445
1->7,1,7,0.5571428571428572,0.7443928847641139,0.574442700865141,0.16995018389897287
1->7,1,7,0.6428571428571428,0.16692446506831643,0.5272559315136365,-0.36033146644532005
1->7,1,7,0.7285714285714286,0.05864913637535443,0.48394525145437756,-0.4252961150790231
1->7,1,7,0.8142857142857143,0.024813096158803796,0.4441922649080403,-0.41937916874923653
1->7,1,7,0.9,0.006767208043310136,0.40770473025859444,-0.4009375222152843
1->7,1,7,0.9857142857142857,0.0045114720288734235,0.3742144116571816,-0.3697029396283082
1->7,1,7,1.0714285714285714,0.004511472028873412,0.34347510710290213,-0.3389636350740287
1->7,1,7,1.157142857142857,0.0022557360144367117,0.3152608385040695,-0.31300510248963276
1->7,1,7,1.2428571428571429,0.0,0.28936419041427874,-0.28936419041427874
1->7,1,7,1.3285714285714287,0.0,0.2655947852306119,-0.2655947852306119
1->7,1,7,1.4142857142857141,0.0,0.24377788364449285,-0.24377788364449285
1->7,1,7,1.5,0.002255736014436706,0.22375310005649293,-0.22149736404205622
1->7,1,7,1.5857142857142859,0.0,0.2053732235115413,-0.2053732235115413
1->7,1,7,1.6714285714285715,0.0,0.18850313548671466,-0.18850313548671466
1->7,1,7,1.7571428571428571,0.0022557360144367117,0.17301881657579302,-0.1707630805613563
1->7,1,7,1.842857142857143,0.0,0.1588064347682837,-0.1588064347682837
1->7,1,7,1.9285714285714286,0.0,0.14576150862045373,-0.14576150862045373
1->7,1,7,2.0142857142857142,0.0,0.1337881391664733,-0.1337881391664733
1->7,1,7,2.0999999999999996,0.0,0.12279830492311432,-0.12279830492311432
1->7,1,7,2.185714285714286,0.0,0.11271121480527316,-0.11271121480527316
1->7,1,7,2.2714285714285714,0.0,0.10345271419531782,-0.10345271419531782
1->7,1,7,2.357142857142857,0.0,0.09495473980001322,-0.09495473980001322
1->7,1,7,2.442857142857143,0.03383604021655059,0.08715481928744107,-0.05331877907089048
1->7,1,7,2.5285714285714285,0.27745552977571486,0.07999561202552476,0.19745991775019012
1->7,1,7,2.6142857142857143,0.16466872905388036,0.07342448754592751,0.09124424150795285
1->7,1,7,2.7,0.10150812064965176,0.06739313863442749,0.03411498201522427
1->7,1,7,2.7857142857142856,0.04737045630317082,0.061857226203427235,-0.014486769900256415
1->7,1,7,2.8714285714285714,0.031580304202114044,0.05677605333590008,-0.025195749133786034
1->7,1,7,2.9571428571428573,0.02481309615880376,0.052112266104527814,-0.027299169945724053
1->7,1,7,3.0428571428571427,0.01127868007218353,0.04783157896661976,-0.036552898894436234
1->7,1,7,3.1285714285714286,0.0067672080433101535,0.043902522716071216,-0.037135314672761065
1->7,1,7,3.2142857142857144,0.004511472028873412,0.040296213139445945,-0.03578474111057253
1->7,1,7,3.3,0.004511472028873412,0.0369861386754717,-0.03247466664659829
1->7,1,7,3.385714285714286,0.002255736014436706,0.03394796551694117,-0.031692229502504464
1->7,1,7,3.4714285714285715,0.004511472028873436,0.03115935872223703,-0.02664788669336359
1->7,1,7,3.557142857142857,0.0,0.0285998180213932,-0.0285998180213932
1->7,1,7,3.6428571428571432,0.0,0.026250527109631196,-0.026250527109631196
1->7,1,7,3.7285714285714286,0.0,0.024094215320462204,-0.024094215320462204
1->7,1,7,3.814285714285714,0.0,0.02211503066145294,-0.02211503066145294
1->7,1,7,3.9000000000000004,0.0,0.02029842327928616,-0.02029842327928616
1->7,1,7,3.9857142857142858,0.0,0.01863103849741608,-0.01863103849741608
1->7,1,7,4.071428571428571,0.0,0.017100618639991582,-0.017100618639991582
1->7,1,7,4.157142857142857,0.0,0.01569591292031223,-0.01569591292031223
1->7,1,7,4.242857142857143,0.0,0.014406594731367297,-0.014406594731367297
1->7,1,7,4.328571428571429,0.0,0.013223185730424613,-0.013223185730424613
1->7,1,7,4.414285714285715,0.0,0.012136986159581541,-0.012136986159581541
1->7,1,7,4.5,0.0,0.011140010890034115,-0.011140010890034115
1->7,1,7,4.585714285714285,0.006767208043310082,0.010224930719897714,-0.003457722676587632
1->7,1,7,4.671428571428572,0.004511472028873436,0.009385018494033781,-0.0048735464651603454
1->7,1,7,4.757142857142857,0.0067672080433101535,0.008614099649785918,-0.0018468916064757644
1->7,1,7,4.842857142857143,0.006767208043310082,0.007906506825065263,-0.001139298781755181
1->7,1,7,4.928571428571429,0.002255736014436718,0.007257038195089519,-0.005001302180652801
1->7,1,7,5.014285714285714,0.002255736014436718,0.0066609192314905025,-0.004405183217053785
1->7,1,7,5.1,0.0,0.006113767602664896,-0.006113767602664896
1->7,1,7,5.185714285714286,0.0,0.005611560957335133,-0.005611560957335133
1->7,1,7,5.271428571428571,0.002255736014436718,0.005150607354483377,-0.0028948713400466595
1->7,1,7,5.357142857142858,0.0,0.004727518122275987,-0.004727518122275987
1->7,1,7,5.442857142857143,0.0,0.0043391829464526546,-0.0043391829464526546
1->7,1,7,5.5285714285714285,0.0,0.00398274700504392,-0.00398274700504392
1->7,1,7,5.614285714285714,0.0,0.0036555899813244695,-0.0036555899813244695
1->7,1,7,5.7,0.0,0.0033553068007171737,-0.0033553068007171737
1->7,1,7,5.785714285714286,0.0,0.0030796899500364562,-0.0030796899500364562
1->7,1,7,5.871428571428572,0.0,0.0028267132490919456,-0.0028267132490919456
1->7,1,7,5.957142857142857,0.0,0.0025945169553504453,-0.0025945169553504453
1->11,1,11,0.04285714285714286,0.0,0.9607229454284076,-0.9607229454284076
1->11,1,11,0.12857142857142856,0.0,0.8818057410347337,-0.8818057410347337
1->11,1,11,0.21428571428571427,0.0,0.8093710768769816,-0.8093710768769816
1->11,1,11,0.3,0.0,0.7428864540123261,-0.7428864540123261
1->11,1,11,0.38571428571428573,0.0,0.6818631148576237,-0.6818631148576237
1->11,1,11,0.4714285714285714,0.0,0.6258524501183417,-0.6258524501183417
1->11,1,11,0.5571428571428572,0.0,0.574442700865141,-0.574442700865141
1->11,1,11,0.6428571428571428,0.0,0.5272559315136365,-0.5272559315136365
1->11,1,11,0.7285714285714286,8.080312185297078,0.48394525145437756,7.596366933842701
1->11,1,11,0.8142857142857143,1.9326955354145685,0.4441922649080403,1.4885032705065282
1->11,1,11,0.9,0.5463242698892252,0.40770473025859444,0.13861953963063078
1->11,1,11,0.9857142857142857,0.17035918093319924,0.3742144116571816,-0.20385523072398237
1->11,1,11,1.0714285714285714,0.07930513595166151,0.34347510710290213,-0.26416997115124063
1->11,1,11,1.157142857142857,0.04405840886203429,0.3152608385040695,-0.2712024296420352
1->11,1,11,1.2428571428571429,0.014686136287344725,0.28936419041427874,-0.274678054126934
1->11,1,11,1.3285714285714287,0.005874454514937906,0.2655947852306119,-0.259720330715674
1->11,1,11,1.4142857142857141,0.008811681772406859,0.24377788364449285,-0.234966201872086
1->11,1,11,1.5,0.005874454514937891,0.22375310005649293,-0.21787864554155503
1->11,1,11,1.5857142857142859,0.002937227257468953,0.2053732235115413,-0.20243599625407235
1->11,1,11,1.6714285714285715,0.0029372272574689456,0.18850313548671466,-0.1855659082292457
1->11,1,11,1.7571428571428571,0.0,0.17301881657579302,-0.17301881657579302
1->11,1,11,1.842857142857143,0.002937227257468953,0.1588064347682837,-0.15586920751081476
1->11,1,11,1.9285714285714286,0.0029372272574689456,0.14576150862045373,-0.14282428136298478
1->11,1,11,2.0142857142857142,0.0,0.1337881391664733,-0.1337881391664733
1->11,1,11,2.0999999999999996,0.0,0.12279830492311432,-0.12279830492311432
1->11,1,11,2.185714285714286,0.0,0.11271121480527316,-0.11271121480527316
1->11,1,11,2.2714285714285714,0.0,0.10345271419531782,-0.10345271419531782
1->11,1,11,2.357142857142857,0.0,0.09495473980001322,-0.09495473980001322
1->11,1,11,2.442857142857143,0.0,0.08715481928744107,-0.08715481928744107
1->11,1,11,2.5285714285714285,0.0,0.07999561202552476,-0.07999561202552476
1->11,1,11,2.6142857142857143,0.0,0.07342448754592751,-0.07342448754592751
1->11,1,11,2.7,0.0,0.06739313863442749,-0.06739313863442749
1->11,1,11,2.7857142857142856,0.2349781805975156,0.061857226203427235,0.17312095439408837
1->11,1,11,2.8714285714285714,0.1879825444780135,0.05677605333590008,0.1312064911421134
1->11,1,11,2.9571428571428573,0.1028029540114131,0.052112266104527814,0.05069068790688528
1->11,1,11,3.0428571428571427,0.07636790869419258,0.04783157896661976,0.028536329727572814
1->11,1,11,3.1285714285714286,0.029372272574689606,0.043902522716071216,-0.01453025014138161
1->11,1,11,3.2142857142857144,0.01762336354481367,0.040296213139445945,-0.022672849594632276
1->11,1,11,3.3,0.01762336354481367,0.0369861386754717,-0.019362775130658032
1->11,1,11,3.385714285714286,0.020560590802282615,0.03394796551694117,-0.013387374714658552
1->11,1,11,3.4714285714285715,0.002937227257468961,0.03115935872223703,-0.02822213146476807
1->11,1,11,3.557142857142857,0.0029372272574689456,0.0285998180213932,-0.025662590763924253
1->11,1,11,3.6428571428571432,0.005874454514937891,0.026250527109631196,-0.020376072594693304
1->11,1,11,3.7285714285714286,0.0,0.024094215320462204,-0.024094215320462204
1->11,1,11,3.814285714285714,0.0029372272574689456,0.02211503066145294,-0.019177803403983992
1->11,1,11,3.9000000000000004,0.0,0.02029842327928616,-0.02029842327928616
1->11,1,11,3.9857142857142858,0.002937227257468961,0.01863103849741608,-0.01569381123994712
1->11,1,11,4.071428571428571,0.0,0.017100618639991582,-0.017100618639991582
1->11,1,11,4.157142857142857,0.0,0.01569591292031223,-0.01569591292031223
1->11,1,11,4.242857142857143,0.0,0.014406594731367297,-0.014406594731367297
1->11,1,11,4.328571428571429,0.0,0.013223185730424613,-0.013223185730424613
1->11,1,11,4.414285714285715,0.0,0.012136986159581541,-0.012136986159581541
1->11,1,11,4.5,0.0,0.011140010890034115,-0.011140010890034115
1->11,1,11,4.585714285714285,0.0,0.010224930719897714,-0.010224930719897714
1->11,1,11,4.671428571428572,0.0,0.009385018494033781,-0.009385018494033781
1->11,1,11,4.757142857142857,0.0,0.008614099649785918,-0.008614099649785918
1->11,1,11,4.842857142857143,0.00881168177240679,0.007906506825065263,0.0009051749473415263
1->11,1,11,4.928571428571429,0.011748909029875843,0.007257038195089519,0.0044918708347863245
1->11,1,11,5.014285714285714,0.017623363544813763,0.0066609192314905025,0.010962444313323261
1->11,1,11,5.1,0.0029372272574689304,0.006113767602664896,-0.003176540345195966
1->11,1,11,5.185714285714286,0.005874454514937922,0.005611560957335133,0.00026289355760278875
1->11,1,11,5.271428571428571,0.002937227257468961,0.005150607354483377,-0.0022133800970144165
1->11,1,11,5.357142857142858,0.0029372272574689304,0.004727518122275987,-0.0017902908648070566
1->11,1,11,5.442857142857143,0.0,0.0043391829464526546,-0.0043391829464526546
1->11,1,11,5.5285714285714285,0.0,0.00398274700504392,-0.00398274700504392
1->11,1,11,5.614285714285714,0.0,0.0036555899813244695,-0.0036555899813244695
1->11,1,11,5.7,0.002937227257468961,0.0033553068007171737,-0.00041807954324821293
1->11,1,11,5.785714285714286,0.005874454514937922,0.0030796899500364562,0.0027947645649014654
1->11,1,11,5.871428571428572,0.0,0.0028267132490919456,-0.0028267132490919456
1->11,1,11,5.957142857142857,0.0,0.0025945169553504453,-0.0025945169553504453
1->13,1,13,0.04285714285714286,0.0,0.9607229454284076,-0.9607229454284076
1->13,1,13,0.12857142857142856,0.0,0.8818057410347337,-0.8818057410347337
1->13,1,13,0.21428571428571427,0.0,0.8093710768769816,-0.8093710768769816
1->13,1,13,0.3,0.0,0.7428864540123261,-0.7428864540123261
1->13,1,13,0.38571428571428573,0.0,0.6818631148576237,-0.6818631148576237
1->13,1,13,0.4714285714285714,0.0,0.6258524501183417,-0.6258524501183417
1->13,1,13,0.5571428571428572,0.0,0.574442700865141,-0.574442700865141
1->13,1,13,0.6428571428571428,0.0,0.5272559315136365,-0.5272559315136365
1->13,1,13,0.7285714285714286,0.0,0.48394525145437756,-0.48394525145437756
1->13,1,13,0.8142857142857143,4.039951305887558,0.4441922649080403,3.5957590409795177
1->13,1,13,0.9,4.659694555112885,0.40770473025859444,4.251989824854291
1->13,1,13,0.9857142857142857,1.243359893758301,0.3742144116571816,0.8691454821011194
1->13,1,13,1.0714285714285714,0.41057990261177435,0.34347510710290213,0.06710479550887222
1->13,1,13,1.157142857142857,0.21303674192120423,0.3152608385040695,-0.10222409658286527
1->13,1,13,1.2428571428571429,0.07359451084550674,0.28936419041427874,-0.21576967956877202
1->13,1,13,1.3285714285714287,0.061974324922532145,0.2655947852306119,-0.2036204603080798
1->13,1,13,1.4142857142857141,0.011620185922974778,0.24377788364449285,-0.23215769772151806
1->13,1,13,1.5,0.003873395307658249,0.22375310005649293,-0.21987970474883467
1->13,1,13,1.5857142857142859,0.0,0.2053732235115413,-0.2053732235115413
1->13,1,13,1.6714285714285715,0.007746790615316498,0.18850313548671466,-0.18075634487139816
1->13,1,13,1.7571428571428571,0.0,0.17301881657579302,-0.17301881657579302
1->13,1,13,1.842857142857143,0.003873395307658259,0.1588064347682837,-0.15493303946062545
1->13,1,13,1.9285714285714286,0.0,0.14576150862045373,-0.14576150862045373
1->13,1,13,2.0142857142857142,0.0,0.1337881391664733,-0.1337881391664733
1->13,1,13,2.0999999999999996,0.0,0.12279830492311432,-0.12279830492311432
1->13,1,13,2.185714285714286,0.0,0.11271121480527316,-0.11271121480527316
1->13,1,13,2.2714285714285714,0.003873395307658249,0.10345271419531782,-0.09957931888765957
1->13,1,13,2.357142857142857,0.0,0.09495473980001322,-0.09495473980001322
1->13,1,13,2.442857142857143,0.0,0.08715481928744107,-0.08715481928744107
1->13,1,13,2.5285714285714285,0.0,0.07999561202552476,-0.07999561202552476
1->13,1,13,2.6142857142857143,0.0,0.07342448754592751,-0.07342448754592751
1->13,1,13,2.7,0.0,0.06739313863442749,-0.06739313863442749
1->13,1,13,2.7857142857142856,0.0,0.061857226203427235,-0.061857226203427235
1->13,1,13,2.8714285714285714,0.08908809207614019,0.05677605333590008,0.03231203874024011
1->13,1,13,2.9571428571428573,0.29437804338202694,0.052112266104527814,0.24226577727749912
1->13,1,13,3.0428571428571427,0.20528995130588717,0.04783157896661976,0.1574583723392674
1->13,1,13,3.1285714285714286,0.13944223107569767,0.043902522716071216,0.09553970835962645
1->13,1,13,3.2142857142857144,0.050354138999557235,0.040296213139445945,0.01005792586011129
1->13,1,13,3.3,0.030987162461265993,0.0369861386754717,-0.005998976214205708
1->13,1,13,3.385714285714286,0.030987162461265993,0.03394796551694117,-0.0029608030556751742
1->13,1,13,3.4714285714285715,0.030987162461266152,0.03115935872223703,-0.00017219626097087631
1->13,1,13,3.557142857142857,0.019366976538291242,0.0285998180213932,-0.009232841483101956
1->13,1,13,3.6428571428571432,0.007746790615316498,0.026250527109631196,-0.018503736494314697
1->13,1,13,3.7285714285714286,0.007746790615316538,0.024094215320462204,-0.016347424705145667
1->13,1,13,3.814285714285714,0.0,0.02211503066145294,-0.02211503066145294
1->13,1,13,3.9000000000000004,0.0,0.02029842327928616,-0.02029842327928616
1->13,1,13,3.9857142857142858,0.003873395307658269,0.01863103849741608,-0.014757643189757811
1->13,1,13,4.071428571428571,0.0,0.017100618639991582,-0.017100618639991582
1->13,1,13,4.157142857142857,0.0,0.01569591292031223,-0.01569591292031223
1->13,1,13,4.242857142857143,0.0,0.014406594731367297,-0.014406594731367297
1->13,1,13,4.328571428571429,0.0038733953076582287,0.013223185730424613,-0.009349790422766385
1->13,1,13,4.414285714285715,0.0,0.012136986159581541,-0.012136986159581541
1->13,1,13,4.5,0.0,0.011140010890034115,-0.011140010890034115
1->13,1,13,4.585714285714285,0.0,0.010224930719897714,-0.010224930719897714
1->13,1,13,4.671428571428572,0.0,0.009385018494033781,-0.009385018494033781
1->13,1,13,4.757142857142857,0.0,0.008614099649785918,-0.008614099649785918
1->13,1,13,4.842857142857143,0.0,0.007906506825065263,-0.007906506825065263
1->13,1,13,4.928571428571429,0.0,0.007257038195089519,-0.007257038195089519
1->13,1,13,5.014285714285714,0.0,0.0066609192314905025,-0.0066609192314905025
1->13,1,13,5.1,0.011620185922974686,0.006113767602664896,0.00550641832030979
1->13,1,13,5.185714285714286,0.003873395307658269,0.005611560957335133,-0.0017381656496768638
1->13,1,13,5.271428571428571,0.0,0.005150607354483377,-0.005150607354483377
1->13,1,13,5.357142857142858,0.0,0.004727518122275987,-0.004727518122275987
1->13,1,13,5.442857142857143,0.0,0.0043391829464526546,-0.0043391829464526546
1->13,1,13,5.5285714285714285,0.0,0.00398274700504392,-0.00398274700504392
1->13,1,13,5.614285714285714,0.0038733953076582287,0.0036555899813244695,0.00021780532633375923
1->13,1,13,5.7,0.0,0.0033553068007171737,-0.0033553068007171737
1->13,1,13,5.785714285714286,0.0,0.0030796899500364562,-0.0030796899500364562
1->13,1,13,5.871428571428572,0.0,0.0028267132490919456,-0.0028267132490919456
1->13,1,13,5.957142857142857,0.0,0.0025945169553504453,-0.0025945169553504453
1->17,1,17,0.04285714285714286,0.0,0.9607229454284076,-0.9607229454284076
1->17,1,17,0.12857142857142856,0.0,0.8818057410347337,-0.8818057410347337
1->17,1,17,0.21428571428571427,0.0,0.8093710768769816,-0.8093710768769816
1->17,1,17,0.3,0.0,0.7428864540123261,-0.7428864540123261
1->17,1,17,0.38571428571428573,0.0,0.6818631148576237,-0.6818631148576237
1->17,1,17,0.4714285714285714,0.0,0.6258524501183417,-0.6258524501183417
1->17,1,17,0.5571428571428572,0.0,0.574442700865141,-0.574442700865141
1->17,1,17,0.6428571428571428,0.0,0.5272559315136365,-0.5272559315136365
1->17,1,17,0.7285714285714286,0.0,0.48394525145437756,-0.48394525145437756
1->17,1,17,0.8142857142857143,0.0,0.4441922649080403,-0.4441922649080403
1->17,1,17,0.9,0.0,0.40770473025859444,-0.40770473025859444
1->17,1,17,0.9857142857142857,0.0,0.3742144116571816,-0.3742144116571816
1->17,1,17,1.0714285714285714,1.367102396514159,0.34347510710290213,1.023627289411257
1->17,1,17,1.157142857142857,6.023965141612208,0.3152608385040695,5.708704303108139
1->17,1,17,1.2428571428571429,2.091503267973853,0.28936419041427874,1.8021390775595745
1->17,1,17,1.3285714285714287,0.718954248366014,0.2655947852306119,0.45335946313540204
1->17,1,17,1.4142857142857141,0.37037037037037074,0.24377788364449285,0.1265924867258779
1->17,1,17,1.5,0.2124183006535945,0.22375310005649293,-0.011334799402898443
1->17,1,17,1.5857142857142859,0.08169934640522886,0.2053732235115413,-0.12367387710631245
1->17,1,17,1.6714285714285715,0.05446623093681909,0.18850313548671466,-0.13403690454989556
1->17,1,17,1.7571428571428571,0.016339869281045773,0.17301881657579302,-0.15667894729474724
1->17,1,17,1.842857142857143,0.016339869281045773,0.1588064347682837,-0.14246656548723793
1->17,1,17,1.9285714285714286,0.01633986928104573,0.14576150862045373,-0.129421639339408
1->17,1,17,2.0142857142857142,0.0054466230936819375,0.1337881391664733,-0.12834151607279137
1->17,1,17,2.0999999999999996,0.01633986928104573,0.12279830492311432,-0.10645843564206858
1->17,1,17,2.185714285714286,0.0,0.11271121480527316,-0.11271121480527316
1->17,1,17,2.2714285714285714,0.0,0.10345271419531782,-0.10345271419531782
1->17,1,17,2.357142857142857,0.0,0.09495473980001322,-0.09495473980001322
1->17,1,17,2.442857142857143,0.0,0.08715481928744107,-0.08715481928744107
1->17,1,17,2.5285714285714285,0.0,0.07999561202552476,-0.07999561202552476
1->17,1,17,2.6142857142857143,0.0,0.07342448754592751,-0.07342448754592751
1->17,1,17,2.7,0.0,0.06739313863442749,-0.06739313863442749
1->17,1,17,2.7857142857142856,0.0,0.061857226203427235,-0.061857226203427235
1->17,1,17,2.8714285714285714,0.0,0.05677605333590008,-0.05677605333590008
1->17,1,17,2.9571428571428573,0.0,0.052112266104527814,-0.052112266104527814
1->17,1,17,3.0428571428571427,0.0,0.04783157896661976,-0.04783157896661976
1->17,1,17,3.1285714285714286,0.0,0.043902522716071216,-0.043902522716071216
1->17,1,17,3.2142857142857144,0.2559912854030498,0.040296213139445945,0.21569507226360382
1->17,1,17,3.3,0.1579520697167754,0.0369861386754717,0.12096593104130368
1->17,1,17,3.385714285714286,0.08714596949891056,0.03394796551694117,0.05319800398196939
1->17,1,17,3.4714285714285715,0.05991285403050132,0.03115935872223703,0.02875349530826429
1->17,1,17,3.557142857142857,0.04901960784313719,0.0285998180213932,0.020419789821743993
1->17,1,17,3.6428571428571432,0.027233115468409546,0.026250527109631196,0.0009825883587783503
1->17,1,17,3.7285714285714286,0.0054466230936819375,0.024094215320462204,-0.018647592226780266
1->17,1,17,3.814285714285714,0.01633986928104573,0.02211503066145294,-0.00577516138040721
1->17,1,17,3.9000000000000004,0.00544662309368191,0.02029842327928616,-0.014851800185604249
1->17,1,17,3.9857142857142858,0.010893246187363875,0.01863103849741608,-0.007737792310052205
1->17,1,17,4.071428571428571,0.0,0.017100618639991582,-0.017100618639991582
1->17,1,17,4.157142857142857,0.0,0.01569591292031223,-0.01569591292031223
1->17,1,17,4.242857142857143,0.0,0.014406594731367297,-0.014406594731367297
1->17,1,17,4.328571428571429,0.0,0.013223185730424613,-0.013223185730424613
1->17,1,17,4.414285714285715,0.0,0.012136986159581541,-0.012136986159581541
1->17,1,17,4.5,0.0,0.011140010890034115,-0.011140010890034115
1->17,1,17,4.585714285714285,0.0,0.010224930719897714,-0.010224930719897714
1->17,1,17,4.671428571428572,0.0,0.009385018494033781,-0.009385018494033781
1->17,1,17,4.757142857142857,0.0,0.008614099649785918,-0.008614099649785918
1->17,1,17,4.842857142857143,0.0,0.007906506825065263,-0.007906506825065263
1->17,1,17,4.928571428571429,0.0,0.007257038195089519,-0.007257038195089519
1->17,1,17,5.014285714285714,0.0,0.0066609192314905025,-0.0066609192314905025
1->17,1,17,5.1,0.0,0.006113767602664896,-0.006113767602664896
1->17,1,17,5.185714285714286,0.0,0.005611560957335133,-0.005611560957335133
1->17,1,17,5.271428571428571,0.0,0.005150607354483377,-0.005150607354483377
1->17,1,17,5.357142857142858,0.0,0.004727518122275987,-0.004727518122275987
1->17,1,17,5.442857142857143,0.0,0.0043391829464526546,-0.0043391829464526546
1->17,1,17,5.5285714285714285,0.0,0.00398274700504392,-0.00398274700504392
1->17,1,17,5.614285714285714,0.0,0.0036555899813244695,-0.0036555899813244695
1->17,1,17,5.7,0.0,0.0033553068007171737,-0.0033553068007171737
1->17,1,17,5.785714285714286,0.0,0.0030796899500364562,-0.0030796899500364562
1->17,1,17,5.871428571428572,0.0,0.0028267132490919456,-0.0028267132490919456
1->17,1,17,5.957142857142857,0.0,0.0025945169553504453,-0.0025945169553504453
1->19,1,19,0.04285714285714286,0.0,0.9607229454284076,-0.9607229454284076
1->19,1,19,0.12857142857142856,0.0,0.8818057410347337,-0.8818057410347337
1->19,1,19,0.21428571428571427,0.0,0.8093710768769816,-0.8093710768769816
1->19,1,19,0.3,0.0,0.7428864540123261,-0.7428864540123261
1->19,1,19,0.38571428571428573,0.0,0.6818631148576237,-0.6818631148576237
1->19,1,19,0.4714285714285714,0.0,0.6258524501183417,-0.6258524501183417
1->19,1,19,0.5571428571428572,0.0,0.574442700865141,-0.574442700865141
1->19,1,19,0.6428571428571428,0.0,0.5272559315136365,-0.5272559315136365
1->19,1,19,0.7285714285714286,0.0,0.48394525145437756,-0.48394525145437756
1->19,1,19,0.8142857142857143,0.0,0.4441922649080403,-0.4441922649080403
1->19,1,19,0.9,0.0,0.40770473025859444,-0.40770473025859444
1->19,1,19,0.9857142857142857,0.0,0.3742144116571816,-0.3742144116571816
1->19,1,19,1.0714285714285714,0.0,0.34347510710290213,-0.34347510710290213
1->19,1,19,1.157142857142857,0.0,0.3152608385040695,-0.3152608385040695
1->19,1,19,1.2428571428571429,4.179877404354253,0.28936419041427874,3.8905132139399736
1->19,1,19,1.3285714285714287,3.817374762206725,0.2655947852306119,3.551779976976113
1->19,1,19,1.4142857142857141,1.612766856901291,0.24377788364449285,1.3689889732567981
1->19,1,19,1.5,0.6732191925597114,0.22375310005649293,0.44946609250321845
1->19,1,19,1.5857142857142859,0.3699006552525897,0.2053732235115413,0.1645274317410484
1->19,1,19,1.6714285714285715,0.1701543014161908,0.18850313548671466,-0.018348834070523845
1->19,1,19,1.7571428571428571,0.1109701965757769,0.17301881657579302,-0.06204862000001611
1->19,1,19,1.842857142857143,0.06658211794546613,0.1588064347682837,-0.09222431682281758
1->19,1,19,1.9285714285714286,0.01479602621010355,0.14576150862045373,-0.13096548241035016
1->19,1,19,2.0142857142857142,0.03699006552525906,0.1337881391664733,-0.09679807364121425
1->19,1,19,2.0999999999999996,0.0,0.12279830492311432,-0.12279830492311432
1->19,1,19,2.185714285714286,0.0,0.11271121480527316,-0.11271121480527316
1->19,1,19,2.2714285714285714,0.0,0.10345271419531782,-0.10345271419531782
1->19,1,19,2.357142857142857,0.007398013105051813,0.09495473980001322,-0.08755672669496141
1->19,1,19,2.442857142857143,0.0,0.08715481928744107,-0.08715481928744107
1->19,1,19,2.5285714285714285,0.007398013105051775,0.07999561202552476,-0.07259759892047299
1->19,1,19,2.6142857142857143,0.0,0.07342448754592751,-0.07342448754592751
1->19,1,19,2.7,0.0,0.06739313863442749,-0.06739313863442749
1->19,1,19,2.7857142857142856,0.0,0.061857226203427235,-0.061857226203427235
1->19,1,19,2.8714285714285714,0.0,0.05677605333590008,-0.05677605333590008
1->19,1,19,2.9571428571428573,0.0,0.052112266104527814,-0.052112266104527814
1->19,1,19,3.0428571428571427,0.0,0.04783157896661976,-0.04783157896661976
1->19,1,19,3.1285714285714286,0.0,0.043902522716071216,-0.043902522716071216
1->19,1,19,3.2142857142857144,0.0,0.040296213139445945,-0.040296213139445945
1->19,1,19,3.3,0.1405622489959837,0.0369861386754717,0.103576110320512
1->19,1,19,3.385714285714286,0.13316423589093193,0.03394796551694117,0.09921627037399076
1->19,1,19,3.4714285714285715,0.14056224899598443,0.03115935872223703,0.1094028902737474
1->19,1,19,3.557142857142857,0.08137814415556952,0.0285998180213932,0.052778326134176316
1->19,1,19,3.6428571428571432,0.06658211794546597,0.026250527109631196,0.04033159083583477
1->19,1,19,3.7285714285714286,0.007398013105051813,0.024094215320462204,-0.01669620221541039
1->19,1,19,3.814285714285714,0.0,0.02211503066145294,-0.02211503066145294
1->19,1,19,3.9000000000000004,0.0,0.02029842327928616,-0.02029842327928616
1->19,1,19,3.9857142857142858,0.014796026210103626,0.01863103849741608,-0.003835012287312454
1->19,1,19,4.071428571428571,0.0,0.017100618639991582,-0.017100618639991582
1->19,1,19,4.157142857142857,0.0,0.01569591292031223,-0.01569591292031223
1->19,1,19,4.242857142857143,0.0,0.014406594731367297,-0.014406594731367297
1->19,1,19,4.328571428571429,0.0,0.013223185730424613,-0.013223185730424613
1->19,1,19,4.414285714285715,0.0,0.012136986159581541,-0.012136986159581541
1->19,1,19,4.5,0.0,0.011140010890034115,-0.011140010890034115
1->19,1,19,4.585714285714285,0.0,0.010224930719897714,-0.010224930719897714
1->19,1,19,4.671428571428572,0.0,0.009385018494033781,-0.009385018494033781
1->19,1,19,4.757142857142857,0.0,0.008614099649785918,-0.008614099649785918
1->19,1,19,4.842857142857143,0.0,0.007906506825065263,-0.007906506825065263
1->19,1,19,4.928571428571429,0.0,0.007257038195089519,-0.007257038195089519
1->19,1,19,5.014285714285714,0.0,0.0066609192314905025,-0.0066609192314905025
1->19,1,19,5.1,0.0,0.006113767602664896,-0.006113767602664896
1->19,1,19,5.185714285714286,0.0,0.005611560957335133,-0.005611560957335133
1->19,1,19,5.271428571428571,0.0,0.005150607354483377,-0.005150607354483377
1->19,1,19,5.357142857142858,0.0,0.004727518122275987,-0.004727518122275987
1->19,1,19,5.442857142857143,0.007398013105051813,0.0043391829464526546,0.0030588301585991583
1->19,1,19,5.5285714285714285,0.0,0.00398274700504392,-0.00398274700504392
1->19,1,19,5.614285714285714,0.0073980131050517366,0.0036555899813244695,0.003742423123727267
1->19,1,19,5.7,0.0,0.0033553068007171737,-0.0033553068007171737
1->19,1,19,5.785714285714286,0.0,0.0030796899500364562,-0.0030796899500364562
1->19,1,19,5.871428571428572,0.0,0.0028267132490919456,-0.0028267132490919456
1->19,1,19,5.957142857142857,0.0,0.0025945169553504453,-0.0025945169553504453
1->23,1,23,0.04285714285714286,0.0,0.9607229454284076,-0.9607229454284076
1->23,1,23,0.12857142857142856,0.0,0.8818057410347337,-0.8818057410347337
1->23,1,23,0.21428571428571427,0.0,0.8093710768769816,-0.8093710768769816
1->23,1,23,0.3,0.0,0.7428864540123261,-0.7428864540123261
1->23,1,23,0.38571428571428573,0.0,0.6818631148576237,-0.6818631148576237
1->23,1,23,0.4714285714285714,0.0,0.6258524501183417,-0.6258524501183417
1->23,1,23,0.5571428571428572,0.0,0.574442700865141,-0.574442700865141
1->23,1,23,0.6428571428571428,0.0,0.5272559315136365,-0.5272559315136365
1->23,1,23,0.7285714285714286,0.0,0.48394525145437756,-0.48394525145437756
1->23,1,23,0.8142857142857143,0.0,0.4441922649080403,-0.4441922649080403
1->23,1,23,0.9,0.0,0.40770473025859444,-0.40770473025859444
1->23,1,23,0.9857142857142857,0.0,0.3742144116571816,-0.3742144116571816
1->23,1,23,1.0714285714285714,0.0,0.34347510710290213,-0.34347510710290213
1->23,1,23,1.157142857142857,0.0,0.3152608385040695,-0.3152608385040695
1->23,1,23,1.2428571428571429,0.0,0.28936419041427874,-0.28936419041427874
1->23,1,23,1.3285714285714287,0.0,0.2655947852306119,-0.2655947852306119
1->23,1,23,1.4142857142857141,0.0,0.24377788364449285,-0.24377788364449285
1->23,1,23,1.5,2.3278985507246337,0.22375310005649293,2.104145450668141
1->23,1,23,1.5857142857142859,4.619565217391308,0.2053732235115413,4.414191993879767
1->23,1,23,1.6714285714285715,2.047101449275359,0.18850313548671466,1.8585983137886446
1->23,1,23,1.7571428571428571,0.9239130434782618,0.17301881657579302,0.7508942269024688
1->23,1,23,1.842857142857143,0.5887681159420295,0.1588064347682837,0.4299616811737458
1->23,1,23,1.9285714285714286,0.22644927536231846,0.14576150862045373,0.08068776674186473
1->23,1,23,2.0142857142857142,0.22644927536231965,0.1337881391664733,0.09266113619584634
1->23,1,23,2.0999999999999996,0.09057971014492738,0.12279830492311432,-0.032218594778186935
1->23,1,23,2.185714285714286,0.03623188405797096,0.11271121480527316,-0.0764793307473022
1->23,1,23,2.2714285714285714,0.027173913043478215,0.10345271419531782,-0.0762788011518396
1->23,1,23,2.357142857142857,0.018115942028985574,0.09495473980001322,-0.07683879777102764
1->23,1,23,2.442857142857143,0.0,0.08715481928744107,-0.08715481928744107
1->23,1,23,2.5285714285714285,0.0,0.07999561202552476,-0.07999561202552476
1->23,1,23,2.6142857142857143,0.0,0.07342448754592751,-0.07342448754592751
1->23,1,23,2.7,0.0,0.06739313863442749,-0.06739313863442749
1->23,1,23,2.7857142857142856,0.0,0.061857226203427235,-0.061857226203427235
1->23,1,23,2.8714285714285714,0.018115942028985574,0.05677605333590008,-0.038660111306914505
1->23,1,23,2.9571428571428573,0.0,0.052112266104527814,-0.052112266104527814
1->23,1,23,3.0428571428571427,0.0,0.04783157896661976,-0.04783157896661976
1->23,1,23,3.1285714285714286,0.0,0.043902522716071216,-0.043902522716071216
1->23,1,23,3.2142857142857144,0.0,0.040296213139445945,-0.040296213139445945
1->23,1,23,3.3,0.0,0.0369861386754717,-0.0369861386754717
1->23,1,23,3.385714285714286,0.0,0.03394796551694117,-0.03394796551694117
1->23,1,23,3.4714285714285715,0.0,0.03115935872223703,-0.03115935872223703
1->23,1,23,3.557142857142857,0.01811594202898548,0.0285998180213932,-0.010483875992407719
1->23,1,23,3.6428571428571432,0.12681159420289834,0.026250527109631196,0.10056106709326715
1->23,1,23,3.7285714285714286,0.10869565217391344,0.024094215320462204,0.08460143685345124
1->23,1,23,3.814285714285714,0.08152173913043465,0.02211503066145294,0.0594067084689817
1->23,1,23,3.9000000000000004,0.03623188405797096,0.02029842327928616,0.0159334607786848
1->23,1,23,3.9857142857142858,0.03623188405797115,0.01863103849741608,0.017600845560555068
1->23,1,23,4.071428571428571,0.018115942028985574,0.017100618639991582,0.0010153233889939918
1->23,1,23,4.157142857142857,0.009057971014492693,0.01569591292031223,-0.006637941905819535
1->23,1,23,4.242857142857143,0.0,0.014406594731367297,-0.014406594731367297
1->23,1,23,4.328571428571429,0.009057971014492693,0.013223185730424613,-0.00416521471593192
1->23,1,23,4.414285714285715,0.0,0.012136986159581541,-0.012136986159581541
1->23,1,23,4.5,0.0,0.011140010890034115,-0.011140010890034115
1->23,1,23,4.585714285714285,0.0,0.010224930719897714,-0.010224930719897714
1->23,1,23,4.671428571428572,0.0,0.009385018494033781,-0.009385018494033781
1->23,1,23,4.757142857142857,0.009057971014492787,0.008614099649785918,0.00044387136470686907
1->23,1,23,4.842857142857143,0.009057971014492693,0.007906506825065263,0.00115146418942743
1->23,1,23,4.928571428571429,0.0,0.007257038195089519,-0.007257038195089519
1->23,1,23,5.014285714285714,0.0,0.0066609192314905025,-0.0066609192314905025
1->23,1,23,5.1,0.009057971014492693,0.006113767602664896,0.002944203411827797
1->23,1,23,5.185714285714286,0.0,0.005611560957335133,-0.005611560957335133
1->23,1,23,5.271428571428571,0.0,0.005150607354483377,-0.005150607354483377
1->23,1,23,5.357142857142858,0.0,0.004727518122275987,-0.004727518122275987
1->23,1,23,5.442857142857143,0.0,0.0043391829464526546,-0.0043391829464526546
1->23,1,23,5.5285714285714285,0.0,0.00398274700504392,-0.00398274700504392
1->23,1,23,5.614285714285714,0.0,0.0036555899813244695,-0.0036555899813244695
1->23,1,23,5.7,0.009057971014492787,0.0033553068007171737,0.005702664213775613
1->23,1,23,5.785714285714286,0.018115942028985574,0.0030796899500364562,0.015036252078949118
1->23,1,23,5.871428571428572,0.009057971014492693,0.0028267132490919456,0.006231257765400748
1->23,1,23,5.957142857142857,0.009057971014492787,0.0025945169553504453,0.006463454059142342
1->29,1,29,0.04285714285714286,0.0,0.9607229454284076,-0.9607229454284076
1->29,1,29,0.12857142857142856,0.0,0.8818057410347337,-0.8818057410347337
1->29,1,29,0.21428571428571427,0.0,0.8093710768769816,-0.8093710768769816
1->29,1,29,0.3,0.0,0.7428864540123261,-0.7428864540123261
1->29,1,29,0.38571428571428573,0.0,0.6818631148576237,-0.6818631148576237
1->29,1,29,0.4714285714285714,0.0,0.6258524501183417,-0.6258524501183417
1->29,1,29,0.5571428571428572,0.0,0.574442700865141,-0.574442700865141
1->29,1,29,0.6428571428571428,0.0,0.5272559315136365,-0.5272559315136365
1->29,1,29,0.7285714285714286,0.0,0.48394525145437756,-0.48394525145437756
1->29,1,29,0.8142857142857143,0.0,0.4441922649080403,-0.4441922649080403
1->29,1,29,0.9,0.0,0.40770473025859444,-0.40770473025859444
1->29,1,29,0.9857142857142857,0.0,0.3742144116571816,-0.3742144116571816
1->29,1,29,1.0714285714285714,0.0,0.34347510710290213,-0.34347510710290213
1->29,1,29,1.157142857142857,0.0,0.3152608385040695,-0.3152608385040695
1->29,1,29,1.2428571428571429,0.0,0.28936419041427874,-0.28936419041427874
1->29,1,29,1.3285714285714287,0.0,0.2655947852306119,-0.2655947852306119
1->29,1,29,1.4142857142857141,0.0,0.24377788364449285,-0.24377788364449285
1->29,1,29,1.5,0.0,0.22375310005649293,-0.22375310005649293
1->29,1,29,1.5857142857142859,0.0,0.2053732235115413,-0.2053732235115413
1->29,1,29,1.6714285714285715,0.0,0.18850313548671466,-0.18850313548671466
1->29,1,29,1.7571428571428571,0.0,0.17301881657579302,-0.17301881657579302
1->29,1,29,1.842857142857143,0.0,0.1588064347682837,-0.1588064347682837
1->29,1,29,1.9285714285714286,3.2782369146005452,0.14576150862045373,3.1324754059800917
1->29,1,29,2.0142857142857142,3.3333333333333455,0.1337881391664733,3.199545194166872
1->29,1,29,2.0999999999999996,1.955922865013771,0.12279830492311432,1.8331245600906567
1->29,1,29,2.185714285714286,1.2121212121212102,0.11271121480527316,1.099409997315937
1->29,1,29,2.2714285714285714,0.4545454545454538,0.10345271419531782,0.351092740350136
1->29,1,29,2.357142857142857,0.27548209366391285,0.09495473980001322,0.18052735386389962
1->29,1,29,2.442857142857143,0.16528925619834683,0.08715481928744107,0.07813443691090577
1->29,1,29,2.5285714285714285,0.08264462809917342,0.07999561202552476,0.0026490160736486607
1->29,1,29,2.6142857142857143,0.12396694214876076,0.07342448754592751,0.050542454602833256
1->29,1,29,2.7,0.02754820936639114,0.06739313863442749,-0.039844929268036344
1->29,1,29,2.7857142857142856,0.04132231404958671,0.061857226203427235,-0.020534912153840526
1->29,1,29,2.8714285714285714,0.0,0.05677605333590008,-0.05677605333590008
1->29,1,29,2.9571428571428573,0.01377410468319557,0.052112266104527814,-0.03833816142133224
1->29,1,29,3.0428571428571427,0.02754820936639114,0.04783157896661976,-0.020283369600228623
1->29,1,29,3.1285714285714286,0.0,0.043902522716071216,-0.043902522716071216
1->29,1,29,3.2142857142857144,0.0,0.040296213139445945,-0.040296213139445945
1->29,1,29,3.3,0.0,0.0369861386754717,-0.0369861386754717
1->29,1,29,3.385714285714286,0.0,0.03394796551694117,-0.03394796551694117
1->29,1,29,3.4714285714285715,0.027548209366391282,0.03115935872223703,-0.0036111493558457462
1->29,1,29,3.557142857142857,0.0,0.0285998180213932,-0.0285998180213932
1->29,1,29,3.6428571428571432,0.0,0.026250527109631196,-0.026250527109631196
1->29,1,29,3.7285714285714286,0.0,0.024094215320462204,-0.024094215320462204
1->29,1,29,3.814285714285714,0.0,0.02211503066145294,-0.02211503066145294
1->29,1,29,3.9000000000000004,0.0,0.02029842327928616,-0.02029842327928616
1->29,1,29,3.9857142857142858,0.15151515151515207,0.01863103849741608,0.132884113017736
1->29,1,29,4.071428571428571,0.19283746556473896,0.017100618639991582,0.1757368469247474
1->29,1,29,4.157142857142857,0.13774104683195498,0.01569591292031223,0.12204513391164276
1->29,1,29,4.242857142857143,0.055096418732782565,0.014406594731367297,0.04068982400141527
1->29,1,29,4.328571428571429,0.041322314049586494,0.013223185730424613,0.02809912831916188
1->29,1,29,4.414285714285715,0.0,0.012136986159581541,-0.012136986159581541
1->29,1,29,4.5,0.0,0.011140010890034115,-0.011140010890034115
1->29,1,29,4.585714285714285,0.013774104683195499,0.010224930719897714,0.0035491739632977845
1->29,1,29,4.671428571428572,0.013774104683195641,0.009385018494033781,0.00438908618916186
1->29,1,29,4.757142857142857,0.013774104683195641,0.008614099649785918,0.005160005033409723
1->29,1,29,4.842857142857143,0.013774104683195499,0.007906506825065263,0.005867597858130236
1->29,1,29,4.928571428571429,0.0,0.007257038195089519,-0.007257038195089519
1->29,1,29,5.014285714285714,0.0,0.0066609192314905025,-0.0066609192314905025
1->29,1,29,5.1,0.0,0.006113767602664896,-0.006113767602664896
1->29,1,29,5.185714285714286,0.0,0.005611560957335133,-0.005611560957335133
1->29,1,29,5.271428571428571,0.013774104683195641,0.005150607354483377,0.008623497328712263
1->29,1,29,5.357142857142858,0.0,0.004727518122275987,-0.004727518122275987
1->29,1,29,5.442857142857143,0.0,0.0043391829464526546,-0.0043391829464526546
1->29,1,29,5.5285714285714285,0.0,0.00398274700504392,-0.00398274700504392
1->29,1,29,5.614285714285714,0.0,0.0036555899813244695,-0.0036555899813244695
1->29,1,29,5.7,0.0,0.0033553068007171737,-0.0033553068007171737
1->29,1,29,5.785714285714286,0.0,0.0030796899500364562,-0.0030796899500364562
1->29,1,29,5.871428571428572,0.0,0.0028267132490919456,-0.0028267132490919456
1->29,1,29,5.957142857142857,0.0,0.0025945169553504453,-0.0025945169553504453
7->1,7,1,0.04285714285714286,0.0,0.9607229454284076,-0.9607229454284076
7->1,7,1,0.12857142857142856,0.0,0.8818057410347337,-0.8818057410347337
7->1,7,1,0.21428571428571427,0.0,0.8093710768769816,-0.8093710768769816
7->1,7,1,0.3,0.0,0.7428864540123261,-0.7428864540123261
7->1,7,1,0.38571428571428573,0.0,0.6818631148576237,-0.6818631148576237
7->1,7,1,0.4714285714285714,0.0,0.6258524501183417,-0.6258524501183417
7->1,7,1,0.5571428571428572,0.0,0.574442700865141,-0.574442700865141
7->1,7,1,0.6428571428571428,0.0,0.5272559315136365,-0.5272559315136365
7->1,7,1,0.7285714285714286,0.0,0.48394525145437756,-0.48394525145437756
7->1,7,1,0.8142857142857143,0.0,0.4441922649080403,-0.4441922649080403
7->1,7,1,0.9,0.0,0.40770473025859444,-0.40770473025859444
7->1,7,1,0.9857142857142857,0.0,0.3742144116571816,-0.3742144116571816
7->1,7,1,1.0714285714285714,0.0,0.34347510710290213,-0.34347510710290213
7->1,7,1,1.157142857142857,0.0,0.3152608385040695,-0.3152608385040695
7->1,7,1,1.2428571428571429,0.0,0.28936419041427874,-0.28936419041427874
7->1,7,1,1.3285714285714287,0.0,0.2655947852306119,-0.2655947852306119
7->1,7,1,1.4142857142857141,0.0,0.24377788364449285,-0.24377788364449285
7->1,7,1,1.5,0.0,0.22375310005649293,-0.22375310005649293
7->1,7,1,1.5857142857142859,0.0,0.2053732235115413,-0.2053732235115413
7->1,7,1,1.6714285714285715,4.502074688796675,0.18850313548671466,4.31357155330996
7->1,7,1,1.7571428571428571,3.259566620562475,0.17301881657579302,3.086547803986682
7->1,7,1,1.842857142857143,1.4522821576763503,0.1588064347682837,1.2934757229080667
7->1,7,1,1.9285714285714286,0.7745504840940515,0.14576150862045373,0.6287889754735978
7->1,7,1,2.0142857142857142,0.29045643153527084,0.1337881391664733,0.15666829236879753
7->1,7,1,2.0999999999999996,0.24204702627939112,0.12279830492311432,0.1192487213562768
7->1,7,1,2.185714285714286,0.08068234209313037,0.11271121480527316,-0.03202887271214279
7->1,7,1,2.2714285714285714,0.08068234209313037,0.10345271419531782,-0.02277037210218745
7->1,7,1,2.357142857142857,0.048409405255878474,0.09495473980001322,-0.046545334544134745
7->1,7,1,2.442857142857143,0.03227293683725215,0.08715481928744107,-0.054881882450188914
7->1,7,1,2.5285714285714285,0.016136468418626076,0.07999561202552476,-0.06385914360689868
7->1,7,1,2.6142857142857143,0.01613646841862616,0.07342448754592751,-0.057288019127301346
7->1,7,1,2.7,0.016136468418626076,0.06739313863442749,-0.05125667021580141
7->1,7,1,2.7857142857142856,0.0,0.061857226203427235,-0.061857226203427235
7->1,7,1,2.8714285714285714,0.01613646841862616,0.05677605333590008,-0.040639584917273916
7->1,7,1,2.9571428571428573,0.0,0.052112266104527814,-0.052112266104527814
7->1,7,1,3.0428571428571427,0.0,0.04783157896661976,-0.04783157896661976
7->1,7,1,3.1285714285714286,0.0,0.043902522716071216,-0.043902522716071216
7->1,7,1,3.2142857142857144,0.0,0.040296213139445945,-0.040296213139445945
7->1,7,1,3.3,0.0,0.0369861386754717,-0.0369861386754717
7->1,7,1,3.385714285714286,0.0,0.03394796551694117,-0.03394796551694117
7->1,7,1,3.4714285714285715,0.0,0.03115935872223703,-0.03115935872223703
7->1,7,1,3.557142857142857,0.0,0.0285998180213932,-0.0285998180213932
7->1,7,1,3.6428571428571432,0.0,0.026250527109631196,-0.026250527109631196
7->1,7,1,3.7285714285714286,0.16136468418626157,0.024094215320462204,0.13727046886579936
7->1,7,1,3.814285714285714,0.19363762102351287,0.02211503066145294,0.17152259036205994
7->1,7,1,3.9000000000000004,0.24204702627939112,0.02029842327928616,0.22174860300010496
7->1,7,1,3.9857142857142858,0.06454587367450464,0.01863103849741608,0.04591483517708855
7->1,7,1,4.071428571428571,0.08068234209313078,0.017100618639991582,0.0635817234531392
7->1,7,1,4.157142857142857,0.032272936837251985,0.01569591292031223,0.016577023916939757
7->1,7,1,4.242857142857143,0.01613646841862616,0.014406594731367297,0.0017298736872588625
7->1,7,1,4.328571428571429,0.0,0.013223185730424613,-0.013223185730424613
7->1,7,1,4.414285714285715,0.0,0.012136986159581541,-0.012136986159581541
7->1,7,1,4.5,0.0,0.011140010890034115,-0.011140010890034115
7->1,7,1,4.585714285714285,0.0,0.010224930719897714,-0.010224930719897714
7->1,7,1,4.671428571428572,0.0,0.009385018494033781,-0.009385018494033781
7->1,7,1,4.757142857142857,0.0,0.008614099649785918,-0.008614099649785918
7->1,7,1,4.842857142857143,0.0,0.007906506825065263,-0.007906506825065263
7->1,7,1,4.928571428571429,0.0,0.007257038195089519,-0.007257038195089519
7->1,7,1,5.014285714285714,0.0,0.0066609192314905025,-0.0066609192314905025
7->1,7,1,5.1,0.0,0.006113767602664896,-0.006113767602664896
7->1,7,1,5.185714285714286,0.01613646841862616,0.005611560957335133,0.010524907461291026
7->1,7,1,5.271428571428571,0.0,0.005150607354483377,-0.005150607354483377
7->1,7,1,5.357142857142858,0.0,0.004727518122275987,-0.004727518122275987
7->1,7,1,5.442857142857143,0.0,0.0043391829464526546,-0.0043391829464526546
7->1,7,1,5.5285714285714285,0.0,0.00398274700504392,-0.00398274700504392
7->1,7,1,5.614285714285714,0.0,0.0036555899813244695,-0.0036555899813244695
7->1,7,1,5.7,0.0,0.0033553068007171737,-0.0033553068007171737
7->1,7,1,5.785714285714286,0.0,0.0030796899500364562,-0.0030796899500364562
7->1,7,1,5.871428571428572,0.032272936837251985,0.0028267132490919456,0.02944622358816004
7->1,7,1,5.957142857142857,0.0,0.0025945169553504453,-0.0025945169553504453
7->7,7,7,0.04285714285714286,0.0,0.9607229454284076,-0.9607229454284076
7->7,7,7,0.12857142857142856,0.0,0.8818057410347337,-0.8818057410347337
7->7,7,7,0.21428571428571427,0.0,0.8093710768769816,-0.8093710768769816
7->7,7,7,0.3,0.0,0.7428864540123261,-0.7428864540123261
7->7,7,7,0.38571428571428573,0.0,0.6818631148576237,-0.6818631148576237
7->7,7,7,0.4714285714285714,0.0,0.6258524501183417,-0.6258524501183417
7->7,7,7,0.5571428571428572,0.0,0.574442700865141,-0.574442700865141
7->7,7,7,0.6428571428571428,0.0,0.5272559315136365,-0.5272559315136365
7->7,7,7,0.7285714285714286,0.0,0.48394525145437756,-0.48394525145437756
7->7,7,7,0.8142857142857143,0.0,0.4441922649080403,-0.4441922649080403
7->7,7,7,0.9,0.0,0.40770473025859444,-0.40770473025859444
7->7,7,7,0.9857142857142857,0.0,0.3742144116571816,-0.3742144116571816
7->7,7,7,1.0714285714285714,0.0,0.34347510710290213,-0.34347510710290213
7->7,7,7,1.157142857142857,0.0,0.3152608385040695,-0.3152608385040695
7->7,7,7,1.2428571428571429,0.0,0.28936419041427874,-0.28936419041427874
7->7,7,7,1.3285714285714287,0.0,0.2655947852306119,-0.2655947852306119
7->7,7,7,1.4142857142857141,0.0,0.24377788364449285,-0.24377788364449285
7->7,7,7,1.5,0.0,0.22375310005649293,-0.22375310005649293
7->7,7,7,1.5857142857142859,0.0,0.2053732235115413,-0.2053732235115413
7->7,7,7,1.6714285714285715,0.0,0.18850313548671466,-0.18850313548671466
7->7,7,7,1.7571428571428571,0.0,0.17301881657579302,-0.17301881657579302
7->7,7,7,1.842857142857143,0.0,0.1588064347682837,-0.1588064347682837
7->7,7,7,1.9285714285714286,0.0,0.14576150862045373,-0.14576150862045373
7->7,7,7,2.0142857142857142,0.0,0.1337881391664733,-0.1337881391664733
7->7,7,7,2.0999999999999996,4.801444043321297,0.12279830492311432,4.678645738398182
7->7,7,7,2.185714285714286,2.8219013237063764,0.11271121480527316,2.7091901089011032
7->7,7,7,2.2714285714285714,1.6425992779783385,0.10345271419531782,1.5391465637830206
7->7,7,7,2.357142857142857,0.758122743682314,0.09495473980001322,0.6631680038823008
7->7,7,7,2.442857142857143,0.5685920577617326,0.08715481928744107,0.48143723847429154
7->7,7,7,2.5285714285714285,0.16847172081829115,0.07999561202552476,0.08847610879276639
7->7,7,7,2.6142857142857143,0.1474127557160055,0.07342448754592751,0.073988268170078
7->7,7,7,2.7,0.08423586040914557,0.06739313863442749,0.016842721774718086
7->7,7,7,2.7857142857142856,0.04211793020457279,0.061857226203427235,-0.019739295998854448
7->7,7,7,2.8714285714285714,0.084235860409146,0.05677605333590008,0.027459807073245926
7->7,7,7,2.9571428571428573,0.021058965102286394,0.052112266104527814,-0.03105330100224142
7->7,7,7,3.0428571428571427,0.0,0.04783157896661976,-0.04783157896661976
7->7,7,7,3.1285714285714286,0.0,0.043902522716071216,-0.043902522716071216
7->7,7,7,3.2142857142857144,0.0,0.040296213139445945,-0.040296213139445945
7->7,7,7,3.3,0.0,0.0369861386754717,-0.0369861386754717
7->7,7,7,3.385714285714286,0.0,0.03394796551694117,-0.03394796551694117
7->7,7,7,3.4714285714285715,0.0,0.03115935872223703,-0.03115935872223703
7->7,7,7,3.557142857142857,0.021058965102286394,0.0285998180213932,-0.007540852919106805
7->7,7,7,3.6428571428571432,0.0,0.026250527109631196,-0.026250527109631196
7->7,7,7,3.7285714285714286,0.0,0.024094215320462204,-0.024094215320462204
7->7,7,7,3.814285714285714,0.0,0.02211503066145294,-0.02211503066145294
7->7,7,7,3.9000000000000004,0.0,0.02029842327928616,-0.02029842327928616
7->7,7,7,3.9857142857142858,0.0,0.01863103849741608,-0.01863103849741608
7->7,7,7,4.071428571428571,0.0,0.017100618639991582,-0.017100618639991582
7->7,7,7,4.157142857142857,0.1052948255114314,0.01569591292031223,0.08959891259111918
7->7,7,7,4.242857142857143,0.084235860409146,0.014406594731367297,0.06982926567777871
7->7,7,7,4.328571428571429,0.08423586040914513,0.013223185730424613,0.07101267467872052
7->7,7,7,4.414285714285715,0.0210589651022865,0.012136986159581541,0.00892197894270496
7->7,7,7,4.5,0.1052948255114325,0.011140010890034115,0.09415481462139838
7->7,7,7,4.585714285714285,0.021058965102286283,0.010224930719897714,0.010834034382388568
7->7,7,7,4.671428571428572,0.0210589651022865,0.009385018494033781,0.01167394660825272
7->7,7,7,4.757142857142857,0.0210589651022865,0.008614099649785918,0.012444865452500583
7->7,7,7,4.842857142857143,0.0,0.007906506825065263,-0.007906506825065263
7->7,7,7,4.928571428571429,0.0210589651022865,0.007257038195089519,0.013801926907196983
7->7,7,7,5.014285714285714,0.0210589651022865,0.0066609192314905025,0.014398045870796
7->7,7,7,5.1,0.0,0.006113767602664896,-0.006113767602664896
7->7,7,7,5.185714285714286,0.0,0.005611560957335133,-0.005611560957335133
7->7,7,7,5.271428571428571,0.0,0.005150607354483377,-0.005150607354483377
7->7,7,7,5.357142857142858,0.0,0.004727518122275987,-0.004727518122275987
7->7,7,7,5.442857142857143,0.0,0.0043391829464526546,-0.0043391829464526546
7->7,7,7,5.5285714285714285,0.0,0.00398274700504392,-0.00398274700504392
7->7,7,7,5.614285714285714,0.0,0.0036555899813244695,-0.0036555899813244695
7->7,7,7,5.7,0.0,0.0033553068007171737,-0.0033553068007171737
7->7,7,7,5.785714285714286,0.0,0.0030796899500364562,-0.0030796899500364562
7->7,7,7,5.871428571428572,0.0,0.0028267132490919456,-0.0028267132490919456
7->7,7,7,5.957142857142857,0.0,0.0025945169553504453,-0.0025945169553504453
7->11,7,11,0.04285714285714286,0.0,0.9607229454284076,-0.9607229454284076
7->11,7,11,0.12857142857142856,0.0,0.8818057410347337,-0.8818057410347337
7->11,7,11,0.21428571428571427,0.0,0.8093710768769816,-0.8093710768769816
7->11,7,11,0.3,9.763454861111107,0.7428864540123261,9.02056840709878
7->11,7,11,0.38571428571428573,0.855034722222222,0.6818631148576237,0.17317160736459825
7->11,7,11,0.4714285714285714,0.10850694444444456,0.6258524501183417,-0.5173455056738971
7->11,7,11,0.5571428571428572,0.02821180555555555,0.574442700865141,-0.5462308953095855
7->11,7,11,0.6428571428571428,0.008680555555555552,0.5272559315136365,-0.5185753759580809
7->11,7,11,0.7285714285714286,0.004340277777777776,0.48394525145437756,-0.47960497367659977
7->11,7,11,0.8142857142857143,0.002170138888888888,0.4441922649080403,-0.4420221260191514
7->11,7,11,0.9,0.002170138888888891,0.40770473025859444,-0.40553459136970554
7->11,7,11,0.9857142857142857,0.002170138888888891,0.3742144116571816,-0.3720442727682927
7->11,7,11,1.0714285714285714,0.0021701388888888855,0.34347510710290213,-0.34130496821401324
7->11,7,11,1.157142857142857,0.0,0.3152608385040695,-0.3152608385040695
7->11,7,11,1.2428571428571429,0.0,0.28936419041427874,-0.28936419041427874
7->11,7,11,1.3285714285714287,0.0,0.2655947852306119,-0.2655947852306119
7->11,7,11,1.4142857142857141,0.0,0.24377788364449285,-0.24377788364449285
7->11,7,11,1.5,0.0,0.22375310005649293,-0.22375310005649293
7->11,7,11,1.5857142857142859,0.0,0.2053732235115413,-0.2053732235115413
7->11,7,11,1.6714285714285715,0.0,0.18850313548671466,-0.18850313548671466
7->11,7,11,1.7571428571428571,0.0,0.17301881657579302,-0.17301881657579302
7->11,7,11,1.842857142857143,0.0,0.1588064347682837,-0.1588064347682837
7->11,7,11,1.9285714285714286,0.0,0.14576150862045373,-0.14576150862045373
7->11,7,11,2.0142857142857142,0.002170138888888897,0.1337881391664733,-0.1316180002775844
7->11,7,11,2.0999999999999996,0.0,0.12279830492311432,-0.12279830492311432
7->11,7,11,2.185714285714286,0.0,0.11271121480527316,-0.11271121480527316
7->11,7,11,2.2714285714285714,0.0,0.10345271419531782,-0.10345271419531782
7->11,7,11,2.357142857142857,0.23220486111111194,0.09495473980001322,0.1372501213110987
7->11,7,11,2.442857142857143,0.27560763888888845,0.08715481928744107,0.18845281960144739
7->11,7,11,2.5285714285714285,0.12152777777777757,0.07999561202552476,0.04153216575225281
7->11,7,11,2.6142857142857143,0.07595486111111138,0.07342448754592751,0.0025303735651838744
7->11,7,11,2.7,0.045572916666666595,0.06739313863442749,-0.021820221967760893
7->11,7,11,2.7857142857142856,0.02821180555555551,0.061857226203427235,-0.033645420647871724
7->11,7,11,2.8714285714285714,0.023871527777777863,0.05677605333590008,-0.03290452555812222
7->11,7,11,2.9571428571428573,0.008680555555555542,0.052112266104527814,-0.04343171054897227
7->11,7,11,3.0428571428571427,0.008680555555555542,0.04783157896661976,-0.03915102341106422
7->11,7,11,3.1285714285714286,0.00651041666666669,0.043902522716071216,-0.037392106049404523
7->11,7,11,3.2142857142857144,0.0021701388888888855,0.040296213139445945,-0.03812607425055706
7->11,7,11,3.3,0.0,0.0369861386754717,-0.0369861386754717
7->11,7,11,3.385714285714286,0.0,0.03394796551694117,-0.03394796551694117
7->11,7,11,3.4714285714285715,0.004340277777777794,0.03115935872223703,-0.026819080944459235
7->11,7,11,3.557142857142857,0.0,0.0285998180213932,-0.0285998180213932
7->11,7,11,3.6428571428571432,0.0,0.026250527109631196,-0.026250527109631196
7->11,7,11,3.7285714285714286,0.002170138888888897,0.024094215320462204,-0.021924076431573306
7->11,7,11,3.814285714285714,0.0,0.02211503066145294,-0.02211503066145294
7->11,7,11,3.9000000000000004,0.0,0.02029842327928616,-0.02029842327928616
7->11,7,11,3.9857142857142858,0.0,0.01863103849741608,-0.01863103849741608
7->11,7,11,4.071428571428571,0.0,0.017100618639991582,-0.017100618639991582
7->11,7,11,4.157142857142857,0.0,0.01569591292031223,-0.01569591292031223
7->11,7,11,4.242857142857143,0.0,0.014406594731367297,-0.014406594731367297
7->11,7,11,4.328571428571429,0.0,0.013223185730424613,-0.013223185730424613
7->11,7,11,4.414285714285715,0.015190972222222276,0.012136986159581541,0.0030539860626407345
7->11,7,11,4.5,0.015190972222222276,0.011140010890034115,0.004050961332188161
7->11,7,11,4.585714285714285,0.0043402777777777485,0.010224930719897714,-0.005884652942119966
7->11,7,11,4.671428571428572,0.008680555555555587,0.009385018494033781,-0.0007044629384781939
7->11,7,11,4.757142857142857,0.004340277777777794,0.008614099649785918,-0.004273821872008124
7->11,7,11,4.842857142857143,0.0,0.007906506825065263,-0.007906506825065263
7->11,7,11,4.928571428571429,0.0,0.007257038195089519,-0.007257038195089519
7->11,7,11,5.014285714285714,0.002170138888888897,0.0066609192314905025,-0.004490780342601606
7->11,7,11,5.1,0.0,0.006113767602664896,-0.006113767602664896
7->11,7,11,5.185714285714286,0.0,0.005611560957335133,-0.005611560957335133
7->11,7,11,5.271428571428571,0.0,0.005150607354483377,-0.005150607354483377
7->11,7,11,5.357142857142858,0.0,0.004727518122275987,-0.004727518122275987
7->11,7,11,5.442857142857143,0.0,0.0043391829464526546,-0.0043391829464526546
7->11,7,11,5.5285714285714285,0.002170138888888897,0.00398274700504392,-0.0018126081161550234
7->11,7,11,5.614285714285714,0.0,0.0036555899813244695,-0.0036555899813244695
7->11,7,11,5.7,0.0,0.0033553068007171737,-0.0033553068007171737
7->11,7,11,5.785714285714286,0.0,0.0030796899500364562,-0.0030796899500364562
7->11,7,11,5.871428571428572,0.0,0.0028267132490919456,-0.0028267132490919456
7->11,7,11,5.957142857142857,0.0,0.0025945169553504453,-0.0025945169553504453
7->13,7,13,0.04285714285714286,0.0,0.9607229454284076,-0.9607229454284076
7->13,7,13,0.12857142857142856,0.0,0.8818057410347337,-0.8818057410347337
7->13,7,13,0.21428571428571427,0.0,0.8093710768769816,-0.8093710768769816
7->13,7,13,0.3,0.0,0.7428864540123261,-0.7428864540123261
7->13,7,13,0.38571428571428573,3.965886688951742,0.6818631148576237,3.2840235740941184
7->13,7,13,0.4714285714285714,5.957829776292111,0.6258524501183417,5.331977326173769
7->13,7,13,0.5571428571428572,0.7529784863289616,0.574442700865141,0.17853578546382054
7->13,7,13,0.6428571428571428,0.1349961429673437,0.5272559315136365,-0.3922597885462928
7->13,7,13,0.7285714285714286,0.0479986286106111,0.48394525145437756,-0.43594662284376645
7->13,7,13,0.8142857142857143,0.01799948572897916,0.4441922649080403,-0.4261927791790612
7->13,7,13,0.9,0.005999828576326395,0.40770473025859444,-0.401704901682268
7->13,7,13,0.9857142857142857,0.0029999142881631975,0.3742144116571816,-0.3712144973690184
7->13,7,13,1.0714285714285714,0.0,0.34347510710290213,-0.34347510710290213
7->13,7,13,1.157142857142857,0.0029999142881631975,0.3152608385040695,-0.3122609242159063
7->13,7,13,1.2428571428571429,0.0,0.28936419041427874,-0.28936419041427874
7->13,7,13,1.3285714285714287,0.0,0.2655947852306119,-0.2655947852306119
7->13,7,13,1.4142857142857141,0.0,0.24377788364449285,-0.24377788364449285
7->13,7,13,1.5,0.0,0.22375310005649293,-0.22375310005649293
7->13,7,13,1.5857142857142859,0.0,0.2053732235115413,-0.2053732235115413
7->13,7,13,1.6714285714285715,0.0,0.18850313548671466,-0.18850313548671466
7->13,7,13,1.7571428571428571,0.0,0.17301881657579302,-0.17301881657579302
7->13,7,13,1.842857142857143,0.0,0.1588064347682837,-0.1588064347682837
7->13,7,13,1.9285714285714286,0.0,0.14576150862045373,-0.14576150862045373
7->13,7,13,2.0142857142857142,0.0,0.1337881391664733,-0.1337881391664733
7->13,7,13,2.0999999999999996,0.0,0.12279830492311432,-0.12279830492311432
7->13,7,13,2.185714285714286,0.0,0.11271121480527316,-0.11271121480527316
7->13,7,13,2.2714285714285714,0.0,0.10345271419531782,-0.10345271419531782
7->13,7,13,2.357142857142857,0.0,0.09495473980001322,-0.09495473980001322
7->13,7,13,2.442857142857143,0.014999571440815948,0.08715481928744107,-0.07215524784662512
7->13,7,13,2.5285714285714285,0.30299134310448217,0.07999561202552476,0.22299573107895743
7->13,7,13,2.6142857142857143,0.20699408588326115,0.07342448754592751,0.13356959833733364
7->13,7,13,2.7,0.05099854289877422,0.06739313863442749,-0.016394595735653265
7->13,7,13,2.7857142857142856,0.05099854289877422,0.061857226203427235,-0.010858683304653012
7->13,7,13,2.8714285714285714,0.03899888574612167,0.05677605333590008,-0.01777716758977841
7->13,7,13,2.9571428571428573,0.032999057169795086,0.052112266104527814,-0.01911320893473273
7->13,7,13,3.0428571428571427,0.0059998285763263794,0.04783157896661976,-0.04183175039029338
7->13,7,13,3.1285714285714286,0.011999657152652821,0.043902522716071216,-0.0319028655634184
7->13,7,13,3.2142857142857144,0.0029999142881631897,0.040296213139445945,-0.03729629885128276
7->13,7,13,3.3,0.0029999142881631897,0.0369861386754717,-0.033986224387308514
7->13,7,13,3.385714285714286,0.0059998285763263794,0.03394796551694117,-0.027948136940614786
7->13,7,13,3.4714285714285715,0.0,0.03115935872223703,-0.03115935872223703
7->13,7,13,3.557142857142857,0.0,0.0285998180213932,-0.0285998180213932
7->13,7,13,3.6428571428571432,0.0,0.026250527109631196,-0.026250527109631196
7->13,7,13,3.7285714285714286,0.0029999142881632053,0.024094215320462204,-0.021094301032299
7->13,7,13,3.814285714285714,0.0,0.02211503066145294,-0.02211503066145294
7->13,7,13,3.9000000000000004,0.0,0.02029842327928616,-0.02029842327928616
7->13,7,13,3.9857142857142858,0.0,0.01863103849741608,-0.01863103849741608
7->13,7,13,4.071428571428571,0.0,0.017100618639991582,-0.017100618639991582
7->13,7,13,4.157142857142857,0.0,0.01569591292031223,-0.01569591292031223
7->13,7,13,4.242857142857143,0.0,0.014406594731367297,-0.014406594731367297
7->13,7,13,4.328571428571429,0.0,0.013223185730424613,-0.013223185730424613
7->13,7,13,4.414285714285715,0.0,0.012136986159581541,-0.012136986159581541
7->13,7,13,4.5,0.0,0.011140010890034115,-0.011140010890034115
7->13,7,13,4.585714285714285,0.020999400017142223,0.010224930719897714,0.010774469297244509
7->13,7,13,4.671428571428572,0.0029999142881632053,0.009385018494033781,-0.006385104205870576
7->13,7,13,4.757142857142857,0.008999742864489617,0.008614099649785918,0.000385643214703699
7->13,7,13,4.842857142857143,0.005999828576326348,0.007906506825065263,-0.001906678248738915
7->13,7,13,4.928571428571429,0.0,0.007257038195089519,-0.007257038195089519
7->13,7,13,5.014285714285714,0.0,0.0066609192314905025,-0.0066609192314905025
7->13,7,13,5.1,0.002999914288163174,0.006113767602664896,-0.003113853314501722
7->13,7,13,5.185714285714286,0.0,0.005611560957335133,-0.005611560957335133
7->13,7,13,5.271428571428571,0.0029999142881632053,0.005150607354483377,-0.002150693066320172
7->13,7,13,5.357142857142858,0.0,0.004727518122275987,-0.004727518122275987
7->13,7,13,5.442857142857143,0.0,0.0043391829464526546,-0.0043391829464526546
7->13,7,13,5.5285714285714285,0.0,0.00398274700504392,-0.00398274700504392
7->13,7,13,5.614285714285714,0.0,0.0036555899813244695,-0.0036555899813244695
7->13,7,13,5.7,0.0,0.0033553068007171737,-0.0033553068007171737
7->13,7,13,5.785714285714286,0.0,0.0030796899500364562,-0.0030796899500364562
7->13,7,13,5.871428571428572,0.0,0.0028267132490919456,-0.0028267132490919456
7->13,7,13,5.957142857142857,0.0,0.0025945169553504453,-0.0025945169553504453
7->17,7,17,0.04285714285714286,0.0,0.9607229454284076,-0.9607229454284076
7->17,7,17,0.12857142857142856,0.0,0.8818057410347337,-0.8818057410347337
7->17,7,17,0.21428571428571427,0.0,0.8093710768769816,-0.8093710768769816
7->17,7,17,0.3,0.0,0.7428864540123261,-0.7428864540123261
7->17,7,17,0.38571428571428573,0.0,0.6818631148576237,-0.6818631148576237
7->17,7,17,0.4714285714285714,0.0,0.6258524501183417,-0.6258524501183417
7->17,7,17,0.5571428571428572,0.0,0.574442700865141,-0.574442700865141
7->17,7,17,0.6428571428571428,0.0,0.5272559315136365,-0.5272559315136365
7->17,7,17,0.7285714285714286,8.13494694960212,0.48394525145437756,7.651001698147743
7->17,7,17,0.8142857142857143,1.8645004420866487,0.4441922649080403,1.4203081771786084
7->17,7,17,0.9,0.5067418213969944,0.40770473025859444,0.09903709113839998
7->17,7,17,0.9857142857142857,0.1818081343943415,0.3742144116571816,-0.19240627726284013
7->17,7,17,1.0714285714285714,0.05028735632183902,0.34347510710290213,-0.29318775078106313
7->17,7,17,1.157142857142857,0.027077807250221075,0.3152608385040695,-0.2881830312538484
7->17,7,17,1.2428571428571429,0.023209549071618003,0.28936419041427874,-0.26615464134266076
7->17,7,17,1.3285714285714287,0.007736516357206022,0.2655947852306119,-0.2578582688734059
7->17,7,17,1.4142857142857141,0.0,0.24377788364449285,-0.24377788364449285
7->17,7,17,1.5,0.003868258178603001,0.22375310005649293,-0.21988484187788992
7->17,7,17,1.5857142857142859,0.007736516357206022,0.2053732235115413,-0.1976367071543353
7->17,7,17,1.6714285714285715,0.0,0.18850313548671466,-0.18850313548671466
7->17,7,17,1.7571428571428571,0.003868258178603011,0.17301881657579302,-0.16915055839719
7->17,7,17,1.842857142857143,0.0,0.1588064347682837,-0.1588064347682837
7->17,7,17,1.9285714285714286,0.0,0.14576150862045373,-0.14576150862045373
7->17,7,17,2.0142857142857142,0.0,0.1337881391664733,-0.1337881391664733
7->17,7,17,2.0999999999999996,0.0,0.12279830492311432,-0.12279830492311432
7->17,7,17,2.185714285714286,0.0,0.11271121480527316,-0.11271121480527316
7->17,7,17,2.2714285714285714,0.0,0.10345271419531782,-0.10345271419531782
7->17,7,17,2.357142857142857,0.0,0.09495473980001322,-0.09495473980001322
7->17,7,17,2.442857142857143,0.0,0.08715481928744107,-0.08715481928744107
7->17,7,17,2.5285714285714285,0.0,0.07999561202552476,-0.07999561202552476
7->17,7,17,2.6142857142857143,0.0,0.07342448754592751,-0.07342448754592751
7->17,7,17,2.7,0.0,0.06739313863442749,-0.06739313863442749
7->17,7,17,2.7857142857142856,0.21275419982316504,0.061857226203427235,0.1508969736197378
7->17,7,17,2.8714285714285714,0.2204907161803722,0.05677605333590008,0.16371466284447211
7->17,7,17,2.9571428571428573,0.11217948717948703,0.052112266104527814,0.060067221074959216
7->17,7,17,3.0428571428571427,0.09670645446507502,0.04783157896661976,0.048874875498455254
7->17,7,17,3.1285714285714286,0.05802387267904532,0.043902522716071216,0.014121349962974102
7->17,7,17,3.2142857142857144,0.038682581786030006,0.040296213139445945,-0.0016136313534159397
7->17,7,17,3.3,0.027077807250221006,0.0369861386754717,-0.009908331425250695
7->17,7,17,3.385714285714286,0.015473032714412005,0.03394796551694117,-0.01847493280252916
7->17,7,17,3.4714285714285715,0.011604774535809062,0.03115935872223703,-0.019554584186427967
7->17,7,17,3.557142857142857,0.007736516357206002,0.0285998180213932,-0.020863301664187196
7->17,7,17,3.6428571428571432,0.0,0.026250527109631196,-0.026250527109631196
7->17,7,17,3.7285714285714286,0.003868258178603021,0.024094215320462204,-0.020225957141859183
7->17,7,17,3.814285714285714,0.003868258178603001,0.02211503066145294,-0.01824677248284994
7->17,7,17,3.9000000000000004,0.0,0.02029842327928616,-0.02029842327928616
7->17,7,17,3.9857142857142858,0.0,0.01863103849741608,-0.01863103849741608
7->17,7,17,4.071428571428571,0.0,0.017100618639991582,-0.017100618639991582
7->17,7,17,4.157142857142857,0.0,0.01569591292031223,-0.01569591292031223
7->17,7,17,4.242857142857143,0.0,0.014406594731367297,-0.014406594731367297
7->17,7,17,4.328571428571429,0.0,0.013223185730424613,-0.013223185730424613
7->17,7,17,4.414285714285715,0.0,0.012136986159581541,-0.012136986159581541
7->17,7,17,4.5,0.0,0.011140010890034115,-0.011140010890034115
7->17,7,17,4.585714285714285,0.0,0.010224930719897714,-0.010224930719897714
7->17,7,17,4.671428571428572,0.0,0.009385018494033781,-0.009385018494033781
7->17,7,17,4.757142857142857,0.0,0.008614099649785918,-0.008614099649785918
7->17,7,17,4.842857142857143,0.015473032714411923,0.007906506825065263,0.00756652588934666
7->17,7,17,4.928571428571429,0.011604774535809062,0.007257038195089519,0.004347736340719543
7->17,7,17,5.014285714285714,0.0,0.0066609192314905025,-0.0066609192314905025
7->17,7,17,5.1,0.0077365163572059616,0.006113767602664896,0.0016227487545410653
7->17,7,17,5.185714285714286,0.0,0.005611560957335133,-0.005611560957335133
7->17,7,17,5.271428571428571,0.003868258178603021,0.005150607354483377,-0.0012823491758803562
7->17,7,17,5.357142857142858,0.0038682581786029808,0.004727518122275987,-0.0008592599436730063
7->17,7,17,5.442857142857143,0.0,0.0043391829464526546,-0.0043391829464526546
7->17,7,17,5.5285714285714285,0.0,0.00398274700504392,-0.00398274700504392
7->17,7,17,5.614285714285714,0.0,0.0036555899813244695,-0.0036555899813244695
7->17,7,17,5.7,0.003868258178603021,0.0033553068007171737,0.0005129513778858474
7->17,7,17,5.785714285714286,0.0,0.0030796899500364562,-0.0030796899500364562
7->17,7,17,5.871428571428572,0.0,0.0028267132490919456,-0.0028267132490919456
7->17,7,17,5.957142857142857,0.0,0.0025945169553504453,-0.0025945169553504453
7->19,7,19,0.04285714285714286,0.0,0.9607229454284076,-0.9607229454284076
7->19,7,19,0.12857142857142856,0.0,0.8818057410347337,-0.8818057410347337
7->19,7,19,0.21428571428571427,0.0,0.8093710768769816,-0.8093710768769816
7->19,7,19,0.3,0.0,0.7428864540123261,-0.7428864540123261
7->19,7,19,0.38571428571428573,0.0,0.6818631148576237,-0.6818631148576237
7->19,7,19,0.4714285714285714,0.0,0.6258524501183417,-0.6258524501183417
7->19,7,19,0.5571428571428572,0.0,0.574442700865141,-0.574442700865141
7->19,7,19,0.6428571428571428,0.0,0.5272559315136365,-0.5272559315136365
7->19,7,19,0.7285714285714286,0.0,0.48394525145437756,-0.48394525145437756
7->19,7,19,0.8142857142857143,4.152272727272726,0.4441922649080403,3.708080462364685
7->19,7,19,0.9,4.64545454545455,0.40770473025859444,4.237749815195955
7->19,7,19,0.9857142857142857,1.3681818181818195,0.3742144116571816,0.9939674065246379
7->19,7,19,1.0714285714285714,0.43484848484848415,0.34347510710290213,0.09137337774558202
7->19,7,19,1.157142857142857,0.19090909090909108,0.3152608385040695,-0.12435174759497841
7->19,7,19,1.2428571428571429,0.04242424242424236,0.28936419041427874,-0.24693994799003638
7->19,7,19,1.3285714285714287,0.04242424242424247,0.2655947852306119,-0.22317054280636944
7->19,7,19,1.4142857142857141,0.010606060606060617,0.24377788364449285,-0.23317182303843223
7->19,7,19,1.5,0.005303030303030295,0.22375310005649293,-0.21845006975346265
7->19,7,19,1.5857142857142859,0.0,0.2053732235115413,-0.2053732235115413
7->19,7,19,1.6714285714285715,0.005303030303030295,0.18850313548671466,-0.18320010518368438
7->19,7,19,1.7571428571428571,0.0053030303030303086,0.17301881657579302,-0.1677157862727627
7->19,7,19,1.842857142857143,0.0,0.1588064347682837,-0.1588064347682837
7->19,7,19,1.9285714285714286,0.0,0.14576150862045373,-0.14576150862045373
7->19,7,19,2.0142857142857142,0.0,0.1337881391664733,-0.1337881391664733
7->19,7,19,2.0999999999999996,0.0,0.12279830492311432,-0.12279830492311432
7->19,7,19,2.185714285714286,0.0,0.11271121480527316,-0.11271121480527316
7->19,7,19,2.2714285714285714,0.0,0.10345271419531782,-0.10345271419531782
7->19,7,19,2.357142857142857,0.0,0.09495473980001322,-0.09495473980001322
7->19,7,19,2.442857142857143,0.0,0.08715481928744107,-0.08715481928744107
7->19,7,19,2.5285714285714285,0.0,0.07999561202552476,-0.07999561202552476
7->19,7,19,2.6142857142857143,0.0,0.07342448754592751,-0.07342448754592751
7->19,7,19,2.7,0.0,0.06739313863442749,-0.06739313863442749
7->19,7,19,2.7857142857142856,0.0,0.061857226203427235,-0.061857226203427235
7->19,7,19,2.8714285714285714,0.047727272727272896,0.05677605333590008,-0.009048780608627183
7->19,7,19,2.9571428571428573,0.25454545454545413,0.052112266104527814,0.2024331884409263
7->19,7,19,3.0428571428571427,0.1749999999999997,0.04783157896661976,0.12716842103337994
7->19,7,19,3.1285714285714286,0.07954545454545484,0.043902522716071216,0.03564293182938362
7->19,7,19,3.2142857142857144,0.06893939393939383,0.040296213139445945,0.028643180799947883
7->19,7,19,3.3,0.015909090909090883,0.0369861386754717,-0.021077047766380818
7->19,7,19,3.385714285714286,0.015909090909090883,0.03394796551694117,-0.018038874607850284
7->19,7,19,3.4714285714285715,0.015909090909090966,0.03115935872223703,-0.015250267813146062
7->19,7,19,3.557142857142857,0.015909090909090883,0.0285998180213932,-0.012690727112302316
7->19,7,19,3.6428571428571432,0.01060606060606059,0.026250527109631196,-0.015644466503570605
7->19,7,19,3.7285714285714286,0.005303030303030322,0.024094215320462204,-0.01879118501743188
7->19,7,19,3.814285714285714,0.0,0.02211503066145294,-0.02211503066145294
7->19,7,19,3.9000000000000004,0.0,0.02029842327928616,-0.02029842327928616
7->19,7,19,3.9857142857142858,0.0,0.01863103849741608,-0.01863103849741608
7->19,7,19,4.071428571428571,0.0,0.017100618639991582,-0.017100618639991582
7->19,7,19,4.157142857142857,0.0,0.01569591292031223,-0.01569591292031223
7->19,7,19,4.242857142857143,0.0,0.014406594731367297,-0.014406594731367297
7->19,7,19,4.328571428571429,0.0,0.013223185730424613,-0.013223185730424613
7->19,7,19,4.414285714285715,0.0,0.012136986159581541,-0.012136986159581541
7->19,7,19,4.5,0.0,0.011140010890034115,-0.011140010890034115
7->19,7,19,4.585714285714285,0.0,0.010224930719897714,-0.010224930719897714
7->19,7,19,4.671428571428572,0.0,0.009385018494033781,-0.009385018494033781
7->19,7,19,4.757142857142857,0.0,0.008614099649785918,-0.008614099649785918
7->19,7,19,4.842857142857143,0.0,0.007906506825065263,-0.007906506825065263
7->19,7,19,4.928571428571429,0.015909090909090966,0.007257038195089519,0.008652052714001449
7->19,7,19,5.014285714285714,0.015909090909090966,0.0066609192314905025,0.009248171677600465
7->19,7,19,5.1,0.005303030303030267,0.006113767602664896,-0.0008107372996346294
7->19,7,19,5.185714285714286,0.0,0.005611560957335133,-0.005611560957335133
7->19,7,19,5.271428571428571,0.005303030303030322,0.005150607354483377,0.00015242294854694513
7->19,7,19,5.357142857142858,0.010606060606060534,0.004727518122275987,0.005878542483784547
7->19,7,19,5.442857142857143,0.005303030303030322,0.0043391829464526546,0.0009638473565776679
7->19,7,19,5.5285714285714285,0.0,0.00398274700504392,-0.00398274700504392
7->19,7,19,5.614285714285714,0.0,0.0036555899813244695,-0.0036555899813244695
7->19,7,19,5.7,0.0,0.0033553068007171737,-0.0033553068007171737
7->19,7,19,5.785714285714286,0.0,0.0030796899500364562,-0.0030796899500364562
7->19,7,19,5.871428571428572,0.0,0.0028267132490919456,-0.0028267132490919456
7->19,7,19,5.957142857142857,0.0,0.0025945169553504453,-0.0025945169553504453
7->23,7,23,0.04285714285714286,0.0,0.9607229454284076,-0.9607229454284076
7->23,7,23,0.12857142857142856,0.0,0.8818057410347337,-0.8818057410347337
7->23,7,23,0.21428571428571427,0.0,0.8093710768769816,-0.8093710768769816
7->23,7,23,0.3,0.0,0.7428864540123261,-0.7428864540123261
7->23,7,23,0.38571428571428573,0.0,0.6818631148576237,-0.6818631148576237
7->23,7,23,0.4714285714285714,0.0,0.6258524501183417,-0.6258524501183417
7->23,7,23,0.5571428571428572,0.0,0.574442700865141,-0.574442700865141
7->23,7,23,0.6428571428571428,0.0,0.5272559315136365,-0.5272559315136365
7->23,7,23,0.7285714285714286,0.0,0.48394525145437756,-0.48394525145437756
7->23,7,23,0.8142857142857143,0.0,0.4441922649080403,-0.4441922649080403
7->23,7,23,0.9,0.0,0.40770473025859444,-0.40770473025859444
7->23,7,23,0.9857142857142857,0.0,0.3742144116571816,-0.3742144116571816
7->23,7,23,1.0714285714285714,1.4880952380952355,0.34347510710290213,1.1446201309923334
7->23,7,23,1.157142857142857,5.885416666666673,0.3152608385040695,5.570155828162604
7->23,7,23,1.2428571428571429,2.1428571428571392,0.28936419041427874,1.8534929524428605
7->23,7,23,1.3285714285714287,0.7366071428571436,0.2655947852306119,0.47101235762653165
7->23,7,23,1.4142857142857141,0.3050595238095241,0.24377788364449285,0.061281640165031265
7->23,7,23,1.5,0.16369047619047591,0.22375310005649293,-0.06006262386601702
7->23,7,23,1.5857142857142859,0.08928571428571437,0.2053732235115413,-0.11608750922582693
7->23,7,23,1.6714285714285715,0.04464285714285707,0.18850313548671466,-0.1438602783438576
7->23,7,23,1.7571428571428571,0.044642857142857185,0.17301881657579302,-0.12837595943293584
7->23,7,23,1.842857142857143,0.007440476190476198,0.1588064347682837,-0.15136595857780752
7->23,7,23,1.9285714285714286,0.014880952380952358,0.14576150862045373,-0.13088055623950137
7->23,7,23,2.0142857142857142,0.0,0.1337881391664733,-0.1337881391664733
7->23,7,23,2.0999999999999996,0.0,0.12279830492311432,-0.12279830492311432
7->23,7,23,2.185714285714286,0.0,0.11271121480527316,-0.11271121480527316
7->23,7,23,2.2714285714285714,0.0,0.10345271419531782,-0.10345271419531782
7->23,7,23,2.357142857142857,0.0,0.09495473980001322,-0.09495473980001322
7->23,7,23,2.442857142857143,0.0,0.08715481928744107,-0.08715481928744107
7->23,7,23,2.5285714285714285,0.0,0.07999561202552476,-0.07999561202552476
7->23,7,23,2.6142857142857143,0.0,0.07342448754592751,-0.07342448754592751
7->23,7,23,2.7,0.0,0.06739313863442749,-0.06739313863442749
7->23,7,23,2.7857142857142856,0.0,0.061857226203427235,-0.061857226203427235
7->23,7,23,2.8714285714285714,0.0,0.05677605333590008,-0.05677605333590008
7->23,7,23,2.9571428571428573,0.0,0.052112266104527814,-0.052112266104527814
7->23,7,23,3.0428571428571427,0.0,0.04783157896661976,-0.04783157896661976
7->23,7,23,3.1285714285714286,0.0,0.043902522716071216,-0.043902522716071216
7->23,7,23,3.2142857142857144,0.24553571428571389,0.040296213139445945,0.20523950114626793
7->23,7,23,3.3,0.17857142857142827,0.0369861386754717,0.14158528989595656
7->23,7,23,3.385714285714286,0.08184523809523796,0.03394796551694117,0.04789727257829679
7->23,7,23,3.4714285714285715,0.0446428571428573,0.03115935872223703,0.013483498420620275
7->23,7,23,3.557142857142857,0.04464285714285707,0.0285998180213932,0.01604303912146387
7->23,7,23,3.6428571428571432,0.029761904761904715,0.026250527109631196,0.0035113776522735195
7->23,7,23,3.7285714285714286,0.007440476190476217,0.024094215320462204,-0.016653739129985988
7->23,7,23,3.814285714285714,0.022321428571428534,0.02211503066145294,0.0002063979099755954
7->23,7,23,3.9000000000000004,0.022321428571428534,0.02029842327928616,0.002023005292142374
7->23,7,23,3.9857142857142858,0.007440476190476217,0.01863103849741608,-0.011190562306939864
7->23,7,23,4.071428571428571,0.0,0.017100618639991582,-0.017100618639991582
7->23,7,23,4.157142857142857,0.0,0.01569591292031223,-0.01569591292031223
7->23,7,23,4.242857142857143,0.0,0.014406594731367297,-0.014406594731367297
7->23,7,23,4.328571428571429,0.0,0.013223185730424613,-0.013223185730424613
7->23,7,23,4.414285714285715,0.0,0.012136986159581541,-0.012136986159581541
7->23,7,23,4.5,0.0,0.011140010890034115,-0.011140010890034115
7->23,7,23,4.585714285714285,0.0,0.010224930719897714,-0.010224930719897714
7->23,7,23,4.671428571428572,0.0,0.009385018494033781,-0.009385018494033781
7->23,7,23,4.757142857142857,0.0,0.008614099649785918,-0.008614099649785918
7->23,7,23,4.842857142857143,0.0,0.007906506825065263,-0.007906506825065263
7->23,7,23,4.928571428571429,0.0,0.007257038195089519,-0.007257038195089519
7->23,7,23,5.014285714285714,0.0,0.0066609192314905025,-0.0066609192314905025
7->23,7,23,5.1,0.0,0.006113767602664896,-0.006113767602664896
7->23,7,23,5.185714285714286,0.0,0.005611560957335133,-0.005611560957335133
7->23,7,23,5.271428571428571,0.014880952380952434,0.005150607354483377,0.009730345026469057
7->23,7,23,5.357142857142858,0.014880952380952281,0.004727518122275987,0.010153434258676295
7->23,7,23,5.442857142857143,0.0,0.0043391829464526546,-0.0043391829464526546
7->23,7,23,5.5285714285714285,0.014880952380952434,0.00398274700504392,0.010898205375908514
7->23,7,23,5.614285714285714,0.0,0.0036555899813244695,-0.0036555899813244695
7->23,7,23,5.7,0.007440476190476217,0.0033553068007171737,0.004085169389759043
7->23,7,23,5.785714285714286,0.0,0.0030796899500364562,-0.0030796899500364562
7->23,7,23,5.871428571428572,0.0,0.0028267132490919456,-0.0028267132490919456
7->23,7,23,5.957142857142857,0.007440476190476217,0.0025945169553504453,0.004845959235125772
7->29,7,29,0.04285714285714286,0.0,0.9607229454284076,-0.9607229454284076
7->29,7,29,0.12857142857142856,0.0,0.8818057410347337,-0.8818057410347337
7->29,7,29,0.21428571428571427,0.0,0.8093710768769816,-0.8093710768769816
7->29,7,29,0.3,0.0,0.7428864540123261,-0.7428864540123261
7->29,7,29,0.38571428571428573,0.0,0.6818631148576237,-0.6818631148576237
7->29,7,29,0.4714285714285714,0.0,0.6258524501183417,-0.6258524501183417
7->29,7,29,0.5571428571428572,0.0,0.574442700865141,-0.574442700865141
7->29,7,29,0.6428571428571428,0.0,0.5272559315136365,-0.5272559315136365
7->29,7,29,0.7285714285714286,0.0,0.48394525145437756,-0.48394525145437756
7->29,7,29,0.8142857142857143,0.0,0.4441922649080403,-0.4441922649080403
7->29,7,29,0.9,0.0,0.40770473025859444,-0.40770473025859444
7->29,7,29,0.9857142857142857,0.0,0.3742144116571816,-0.3742144116571816
7->29,7,29,1.0714285714285714,0.0,0.34347510710290213,-0.34347510710290213
7->29,7,29,1.157142857142857,0.0,0.3152608385040695,-0.3152608385040695
7->29,7,29,1.2428571428571429,0.0,0.28936419041427874,-0.28936419041427874
7->29,7,29,1.3285714285714287,0.0,0.2655947852306119,-0.2655947852306119
7->29,7,29,1.4142857142857141,0.0,0.24377788364449285,-0.24377788364449285
7->29,7,29,1.5,2.331525948876836,0.22375310005649293,2.107772848820343
7->29,7,29,1.5857142857142859,4.780531887425773,0.2053732235115413,4.575158663914231
7->29,7,29,1.6714285714285715,2.205009036922279,0.18850313548671466,2.0165059014355644
7->29,7,29,1.7571428571428571,0.8042860831396859,0.17301881657579302,0.6312672665638929
7->29,7,29,1.842857142857143,0.4428091918409506,0.1588064347682837,0.28400275707266687
7->29,7,29,1.9285714285714286,0.2078492124967722,0.14576150862045373,0.062087703876318484
7->29,7,29,2.0142857142857142,0.08133230054221563,0.1337881391664733,-0.05245583862425768
7->29,7,29,2.0999999999999996,0.06325845597727849,0.12279830492311432,-0.05953984894583583
7->29,7,29,2.185714285714286,0.07229537825974686,0.11271121480527316,-0.0404158365455263
7->29,7,29,2.2714285714285714,0.04518461141234178,0.10345271419531782,-0.05826810278297604
7->29,7,29,2.357142857142857,0.02711076684740521,0.09495473980001322,-0.06784397295260801
7->29,7,29,2.442857142857143,0.009036922282468357,0.08715481928744107,-0.07811789700497271
7->29,7,29,2.5285714285714285,0.009036922282468357,0.07999561202552476,-0.0709586897430564
7->29,7,29,2.6142857142857143,0.018073844564936808,0.07342448754592751,-0.0553506429809907
7->29,7,29,2.7,0.0,0.06739313863442749,-0.06739313863442749
7->29,7,29,2.7857142857142856,0.009036922282468357,0.061857226203427235,-0.05282030392095888
7->29,7,29,2.8714285714285714,0.0,0.05677605333590008,-0.05677605333590008
7->29,7,29,2.9571428571428573,0.0,0.052112266104527814,-0.052112266104527814
7->29,7,29,3.0428571428571427,0.0,0.04783157896661976,-0.04783157896661976
7->29,7,29,3.1285714285714286,0.0,0.043902522716071216,-0.043902522716071216
7->29,7,29,3.2142857142857144,0.0,0.040296213139445945,-0.040296213139445945
7->29,7,29,3.3,0.0,0.0369861386754717,-0.0369861386754717
7->29,7,29,3.385714285714286,0.0,0.03394796551694117,-0.03394796551694117
7->29,7,29,3.4714285714285715,0.0,0.03115935872223703,-0.03115935872223703
7->29,7,29,3.557142857142857,0.0813323005422152,0.0285998180213932,0.052732482520822
7->29,7,29,3.6428571428571432,0.1626646010844304,0.026250527109631196,0.1364140739747992
7->29,7,29,3.7285714285714286,0.11747998967208922,0.024094215320462204,0.09338577435162702
7->29,7,29,3.814285714285714,0.054221533694810135,0.02211503066145294,0.0321065030333572
7->29,7,29,3.9000000000000004,0.027110766847405068,0.02029842327928616,0.006812343568118908
7->29,7,29,3.9857142857142858,0.009036922282468404,0.01863103849741608,-0.009594116214947676
7->29,7,29,4.071428571428571,0.036147689129873616,0.017100618639991582,0.019047070489882034
7->29,7,29,4.157142857142857,0.0,0.01569591292031223,-0.01569591292031223
7->29,7,29,4.242857142857143,0.018073844564936808,0.014406594731367297,0.003667249833569511
7->29,7,29,4.328571428571429,0.0,0.013223185730424613,-0.013223185730424613
7->29,7,29,4.414285714285715,0.0,0.012136986159581541,-0.012136986159581541
7->29,7,29,4.5,0.009036922282468404,0.011140010890034115,-0.0021030886075657108
7->29,7,29,4.585714285714285,0.0,0.010224930719897714,-0.010224930719897714
7->29,7,29,4.671428571428572,0.0,0.009385018494033781,-0.009385018494033781
7->29,7,29,4.757142857142857,0.0,0.008614099649785918,-0.008614099649785918
7->29,7,29,4.842857142857143,0.0,0.007906506825065263,-0.007906506825065263
7->29,7,29,4.928571428571429,0.009036922282468404,0.007257038195089519,0.0017798840873788852
7->29,7,29,5.014285714285714,0.0,0.0066609192314905025,-0.0066609192314905025
7->29,7,29,5.1,0.0,0.006113767602664896,-0.006113767602664896
7->29,7,29,5.185714285714286,0.0,0.005611560957335133,-0.005611560957335133
7->29,7,29,5.271428571428571,0.0,0.005150607354483377,-0.005150607354483377
7->29,7,29,5.357142857142858,0.0,0.004727518122275987,-0.004727518122275987
7->29,7,29,5.442857142857143,0.0,0.0043391829464526546,-0.0043391829464526546
7->29,7,29,5.5285714285714285,0.0,0.00398274700504392,-0.00398274700504392
7->29,7,29,5.614285714285714,0.0,0.0036555899813244695,-0.0036555899813244695
7->29,7,29,5.7,0.009036922282468404,0.0033553068007171737,0.00568161548175123
7->29,7,29,5.785714285714286,0.018073844564936808,0.0030796899500364562,0.014994154614900352
7->29,7,29,5.871428571428572,0.00903692228246831,0.0028267132490919456,0.0062102090333763646
7->29,7,29,5.957142857142857,0.0,0.0025945169553504453,-0.0025945169553504453
11->1,11,1,0.04285714285714286,0.0,0.9607229454284076,-0.9607229454284076
11->1,11,1,0.12857142857142856,0.0,0.8818057410347337,-0.8818057410347337
11->1,11,1,0.21428571428571427,0.0,0.8093710768769816,-0.8093710768769816
11->1,11,1,0.3,0.0,0.7428864540123261,-0.7428864540123261
11->1,11,1,0.38571428571428573,0.0,0.6818631148576237,-0.6818631148576237
11->1,11,1,0.4714285714285714,0.0,0.6258524501183417,-0.6258524501183417
11->1,11,1,0.5571428571428572,0.0,0.574442700865141,-0.574442700865141
11->1,11,1,0.6428571428571428,0.0,0.5272559315136365,-0.5272559315136365
11->1,11,1,0.7285714285714286,0.0,0.48394525145437756,-0.48394525145437756
11->1,11,1,0.8142857142857143,0.0,0.4441922649080403,-0.4441922649080403
11->1,11,1,0.9,0.0,0.40770473025859444,-0.40770473025859444
11->1,11,1,0.9857142857142857,0.0,0.3742144116571816,-0.3742144116571816
11->1,11,1,1.0714285714285714,0.0,0.34347510710290213,-0.34347510710290213
11->1,11,1,1.157142857142857,0.0,0.3152608385040695,-0.3152608385040695
11->1,11,1,1.2428571428571429,0.0,0.28936419041427874,-0.28936419041427874
11->1,11,1,1.3285714285714287,0.0,0.2655947852306119,-0.2655947852306119
11->1,11,1,1.4142857142857141,5.738798856053389,0.24377788364449285,5.495020972408896
11->1,11,1,1.5,2.936129647283122,0.22375310005649293,2.7123765472266292
11->1,11,1,1.5857142857142859,1.1455354305687968,0.2053732235115413,0.9401622070572555
11->1,11,1,1.6714285714285715,0.6339370829361286,0.18850313548671466,0.44543394744941395
11->1,11,1,1.7571428571428571,0.41150301874801437,0.17301881657579302,0.23848420217222135
11->1,11,1,1.842857142857143,0.07785192246584055,0.1588064347682837,-0.08095451230244316
11->1,11,1,1.9285714285714286,0.10009532888465189,0.14576150862045373,-0.04566617973580184
11->1,11,1,2.0142857142857142,0.06673021925643495,0.1337881391664733,-0.06705791991003836
11->1,11,1,2.0999999999999996,0.011121703209405765,0.12279830492311432,-0.11167660171370855
11->1,11,1,2.185714285714286,0.0,0.11271121480527316,-0.11271121480527316
11->1,11,1,2.2714285714285714,0.0,0.10345271419531782,-0.10345271419531782
11->1,11,1,2.357142857142857,0.0,0.09495473980001322,-0.09495473980001322
11->1,11,1,2.442857142857143,0.0,0.08715481928744107,-0.08715481928744107
11->1,11,1,2.5285714285714285,0.0,0.07999561202552476,-0.07999561202552476
11->1,11,1,2.6142857142857143,0.0,0.07342448754592751,-0.07342448754592751
11->1,11,1,2.7,0.0,0.06739313863442749,-0.06739313863442749
11->1,11,1,2.7857142857142856,0.0,0.061857226203427235,-0.061857226203427235
11->1,11,1,2.8714285714285714,0.0,0.05677605333590008,-0.05677605333590008
11->1,11,1,2.9571428571428573,0.0,0.052112266104527814,-0.052112266104527814
11->1,11,1,3.0428571428571427,0.0,0.04783157896661976,-0.04783157896661976
11->1,11,1,3.1285714285714286,0.0,0.043902522716071216,-0.043902522716071216
11->1,11,1,3.2142857142857144,0.0,0.040296213139445945,-0.040296213139445945
11->1,11,1,3.3,0.0,0.0369861386754717,-0.0369861386754717
11->1,11,1,3.385714285714286,0.0,0.03394796551694117,-0.03394796551694117
11->1,11,1,3.4714285714285715,0.14458214172227568,0.03115935872223703,0.11342278300003865
11->1,11,1,3.557142857142857,0.1557038449316807,0.0285998180213932,0.12710402691028752
11->1,11,1,3.6428571428571432,0.033365109628217295,0.026250527109631196,0.007114582518586099
11->1,11,1,3.7285714285714286,0.022243406418811645,0.024094215320462204,-0.0018508089016505587
11->1,11,1,3.814285714285714,0.05560851604702882,0.02211503066145294,0.03349348538557588
11->1,11,1,3.9000000000000004,0.04448681283762306,0.02029842327928616,0.024188389558336902
11->1,11,1,3.9857142857142858,0.011121703209405823,0.01863103849741608,-0.007509335288010257
11->1,11,1,4.071428571428571,0.0,0.017100618639991582,-0.017100618639991582
11->1,11,1,4.157142857142857,0.0,0.01569591292031223,-0.01569591292031223
11->1,11,1,4.242857142857143,0.0,0.014406594731367297,-0.014406594731367297
11->1,11,1,4.328571428571429,0.022243406418811416,0.013223185730424613,0.009020220688386803
11->1,11,1,4.414285714285715,0.0,0.012136986159581541,-0.012136986159581541
11->1,11,1,4.5,0.0,0.011140010890034115,-0.011140010890034115
11->1,11,1,4.585714285714285,0.0,0.010224930719897714,-0.010224930719897714
11->1,11,1,4.671428571428572,0.0,0.009385018494033781,-0.009385018494033781
11->1,11,1,4.757142857142857,0.0,0.008614099649785918,-0.008614099649785918
11->1,11,1,4.842857142857143,0.0,0.007906506825065263,-0.007906506825065263
11->1,11,1,4.928571428571429,0.0,0.007257038195089519,-0.007257038195089519
11->1,11,1,5.014285714285714,0.0,0.0066609192314905025,-0.0066609192314905025
11->1,11,1,5.1,0.0,0.006113767602664896,-0.006113767602664896
11->1,11,1,5.185714285714286,0.0,0.005611560957335133,-0.005611560957335133
11->1,11,1,5.271428571428571,0.0,0.005150607354483377,-0.005150607354483377
11->1,11,1,5.357142857142858,0.0,0.004727518122275987,-0.004727518122275987
11->1,11,1,5.442857142857143,0.0,0.0043391829464526546,-0.0043391829464526546
11->1,11,1,5.5285714285714285,0.022243406418811645,0.00398274700504392,0.018260659413767727
11->1,11,1,5.614285714285714,0.0,0.0036555899813244695,-0.0036555899813244695
11->1,11,1,5.7,0.011121703209405823,0.0033553068007171737,0.007766396408688649
11->1,11,1,5.785714285714286,0.022243406418811645,0.0030796899500364562,0.01916371646877519
11->1,11,1,5.871428571428572,0.0,0.0028267132490919456,-0.0028267132490919456
11->1,11,1,5.957142857142857,0.0,0.0025945169553504453,-0.0025945169553504453
11->7,11,7,0.04285714285714286,0.0,0.9607229454284076,-0.9607229454284076
11->7,11,7,0.12857142857142856,0.0,0.8818057410347337,-0.8818057410347337
11->7,11,7,0.21428571428571427,0.0,0.8093710768769816,-0.8093710768769816
11->7,11,7,0.3,0.0,0.7428864540123261,-0.7428864540123261
11->7,11,7,0.38571428571428573,0.0,0.6818631148576237,-0.6818631148576237
11->7,11,7,0.4714285714285714,0.0,0.6258524501183417,-0.6258524501183417
11->7,11,7,0.5571428571428572,0.0,0.574442700865141,-0.574442700865141
11->7,11,7,0.6428571428571428,0.0,0.5272559315136365,-0.5272559315136365
11->7,11,7,0.7285714285714286,0.0,0.48394525145437756,-0.48394525145437756
11->7,11,7,0.8142857142857143,0.0,0.4441922649080403,-0.4441922649080403
11->7,11,7,0.9,0.0,0.40770473025859444,-0.40770473025859444
11->7,11,7,0.9857142857142857,0.0,0.3742144116571816,-0.3742144116571816
11->7,11,7,1.0714285714285714,0.0,0.34347510710290213,-0.34347510710290213
11->7,11,7,1.157142857142857,0.0,0.3152608385040695,-0.3152608385040695
11->7,11,7,1.2428571428571429,0.0,0.28936419041427874,-0.28936419041427874
11->7,11,7,1.3285714285714287,0.0,0.2655947852306119,-0.2655947852306119
11->7,11,7,1.4142857142857141,0.0,0.24377788364449285,-0.24377788364449285
11->7,11,7,1.5,0.0,0.22375310005649293,-0.22375310005649293
11->7,11,7,1.5857142857142859,0.0,0.2053732235115413,-0.2053732235115413
11->7,11,7,1.6714285714285715,0.0,0.18850313548671466,-0.18850313548671466
11->7,11,7,1.7571428571428571,0.7291666666666673,0.17301881657579302,0.5561478500908743
11->7,11,7,1.842857142857143,5.270467836257314,0.1588064347682837,5.11166140148903
11->7,11,7,1.9285714285714286,2.532894736842101,0.14576150862045373,2.3871332282216473
11->7,11,7,2.0142857142857142,1.0745614035087756,0.1337881391664733,0.9407732643423024
11->7,11,7,2.0999999999999996,0.6396198830409345,0.12279830492311432,0.5168215781178203
11->7,11,7,2.185714285714286,0.35818713450292333,0.11271121480527316,0.24547591969765017
11->7,11,7,2.2714285714285714,0.20467836257309904,0.10345271419531782,0.10122564837778122
11->7,11,7,2.357142857142857,0.06396198830409378,0.09495473980001322,-0.030992751495919443
11->7,11,7,2.442857142857143,0.07675438596491214,0.08715481928744107,-0.01040043332252892
11->7,11,7,2.5285714285714285,0.02558479532163738,0.07999561202552476,-0.05441081670388738
11->7,11,7,2.6142857142857143,0.0,0.07342448754592751,-0.07342448754592751
11->7,11,7,2.7,0.0,0.06739313863442749,-0.06739313863442749
11->7,11,7,2.7857142857142856,0.01279239766081869,0.061857226203427235,-0.049064828542608546
11->7,11,7,2.8714285714285714,0.0,0.05677605333590008,-0.05677605333590008
11->7,11,7,2.9571428571428573,0.0,0.052112266104527814,-0.052112266104527814
11->7,11,7,3.0428571428571427,0.01279239766081869,0.04783157896661976,-0.035039181305801075
11->7,11,7,3.1285714285714286,0.0,0.043902522716071216,-0.043902522716071216
11->7,11,7,3.2142857142857144,0.0,0.040296213139445945,-0.040296213139445945
11->7,11,7,3.3,0.0,0.0369861386754717,-0.0369861386754717
11->7,11,7,3.385714285714286,0.0,0.03394796551694117,-0.03394796551694117
11->7,11,7,3.4714285714285715,0.0,0.03115935872223703,-0.03115935872223703
11->7,11,7,3.557142857142857,0.0,0.0285998180213932,-0.0285998180213932
11->7,11,7,3.6428571428571432,0.0,0.026250527109631196,-0.026250527109631196
11->7,11,7,3.7285714285714286,0.0,0.024094215320462204,-0.024094215320462204
11->7,11,7,3.814285714285714,0.0,0.02211503066145294,-0.02211503066145294
11->7,11,7,3.9000000000000004,0.2686403508771925,0.02029842327928616,0.24834192759790635
11->7,11,7,3.9857142857142858,0.16630116959064384,0.01863103849741608,0.14767013109322777
11->7,11,7,4.071428571428571,0.051169590643275024,0.017100618639991582,0.034068972003283446
11->7,11,7,4.157142857142857,0.07675438596491174,0.01569591292031223,0.061058473044599514
11->7,11,7,4.242857142857143,0.051169590643275024,0.014406594731367297,0.03676299591190773
11->7,11,7,4.328571428571429,0.012792397660818624,0.013223185730424613,-0.00043078806960598903
11->7,11,7,4.414285714285715,0.0,0.012136986159581541,-0.012136986159581541
11->7,11,7,4.5,0.012792397660818756,0.011140010890034115,0.0016523867707846415
11->7,11,7,4.585714285714285,0.012792397660818624,0.010224930719897714,0.0025674669409209098
11->7,11,7,4.671428571428572,0.012792397660818756,0.009385018494033781,0.003407379166784975
11->7,11,7,4.757142857142857,0.0,0.008614099649785918,-0.008614099649785918
11->7,11,7,4.842857142857143,0.0,0.007906506825065263,-0.007906506825065263
11->7,11,7,4.928571428571429,0.0,0.007257038195089519,-0.007257038195089519
11->7,11,7,5.014285714285714,0.0,0.0066609192314905025,-0.0066609192314905025
11->7,11,7,5.1,0.0,0.006113767602664896,-0.006113767602664896
11->7,11,7,5.185714285714286,0.0,0.005611560957335133,-0.005611560957335133
11->7,11,7,5.271428571428571,0.0,0.005150607354483377,-0.005150607354483377
11->7,11,7,5.357142857142858,0.0,0.004727518122275987,-0.004727518122275987
11->7,11,7,5.442857142857143,0.0,0.0043391829464526546,-0.0043391829464526546
11->7,11,7,5.5285714285714285,0.0,0.00398274700504392,-0.00398274700504392
11->7,11,7,5.614285714285714,0.0,0.0036555899813244695,-0.0036555899813244695
11->7,11,7,5.7,0.0,0.0033553068007171737,-0.0033553068007171737
11->7,11,7,5.785714285714286,0.0,0.0030796899500364562,-0.0030796899500364562
11->7,11,7,5.871428571428572,0.0,0.0028267132490919456,-0.0028267132490919456
11->7,11,7,5.957142857142857,0.0,0.0025945169553504453,-0.0025945169553504453
11->11,11,11,0.04285714285714286,0.0,0.9607229454284076,-0.9607229454284076
11->11,11,11,0.12857142857142856,0.0,0.8818057410347337,-0.8818057410347337
11->11,11,11,0.21428571428571427,0.0,0.8093710768769816,-0.8093710768769816
11->11,11,11,0.3,0.0,0.7428864540123261,-0.7428864540123261
11->11,11,11,0.38571428571428573,0.0,0.6818631148576237,-0.6818631148576237
11->11,11,11,0.4714285714285714,0.0,0.6258524501183417,-0.6258524501183417
11->11,11,11,0.5571428571428572,0.0,0.574442700865141,-0.574442700865141
11->11,11,11,0.6428571428571428,0.0,0.5272559315136365,-0.5272559315136365
11->11,11,11,0.7285714285714286,0.0,0.48394525145437756,-0.48394525145437756
11->11,11,11,0.8142857142857143,0.0,0.4441922649080403,-0.4441922649080403
11->11,11,11,0.9,0.0,0.40770473025859444,-0.40770473025859444
11->11,11,11,0.9857142857142857,0.0,0.3742144116571816,-0.3742144116571816
11->11,11,11,1.0714285714285714,0.0,0.34347510710290213,-0.34347510710290213
11->11,11,11,1.157142857142857,0.0,0.3152608385040695,-0.3152608385040695
11->11,11,11,1.2428571428571429,0.0,0.28936419041427874,-0.28936419041427874
11->11,11,11,1.3285714285714287,0.0,0.2655947852306119,-0.2655947852306119
11->11,11,11,1.4142857142857141,0.0,0.24377788364449285,-0.24377788364449285
11->11,11,11,1.5,0.0,0.22375310005649293,-0.22375310005649293
11->11,11,11,1.5857142857142859,0.0,0.2053732235115413,-0.2053732235115413
11->11,11,11,1.6714285714285715,0.0,0.18850313548671466,-0.18850313548671466
11->11,11,11,1.7571428571428571,0.0,0.17301881657579302,-0.17301881657579302
11->11,11,11,1.842857142857143,0.0,0.1588064347682837,-0.1588064347682837
11->11,11,11,1.9285714285714286,0.0,0.14576150862045373,-0.14576150862045373
11->11,11,11,2.0142857142857142,0.0,0.1337881391664733,-0.1337881391664733
11->11,11,11,2.0999999999999996,4.679144385026736,0.12279830492311432,4.556346080103621
11->11,11,11,2.185714285714286,2.8490790255496123,0.11271121480527316,2.736367810744339
11->11,11,11,2.2714285714285714,1.4141414141414133,0.10345271419531782,1.3106886999460954
11->11,11,11,2.357142857142857,0.9358288770053519,0.09495473980001322,0.8408741372053387
11->11,11,11,2.442857142857143,0.3535353535353533,0.08715481928744107,0.26638053424791225
11->11,11,11,2.5285714285714285,0.2911467617349969,0.07999561202552476,0.21115114970947213
11->11,11,11,2.6142857142857143,0.18716577540107038,0.07342448754592751,0.11374128785514287
11->11,11,11,2.7,0.12477718360071295,0.06739313863442749,0.057384044966285463
11->11,11,11,2.7857142857142856,0.08318478906714198,0.061857226203427235,0.021327562863714747
11->11,11,11,2.8714285714285714,0.041592394533571206,0.05677605333590008,-0.015183658802328873
11->11,11,11,2.9571428571428573,0.04159239453357099,0.052112266104527814,-0.010519871570956824
11->11,11,11,3.0428571428571427,0.0,0.04783157896661976,-0.04783157896661976
11->11,11,11,3.1285714285714286,0.0,0.043902522716071216,-0.043902522716071216
11->11,11,11,3.2142857142857144,0.0,0.040296213139445945,-0.040296213139445945
11->11,11,11,3.3,0.0,0.0369861386754717,-0.0369861386754717
11->11,11,11,3.385714285714286,0.020796197266785495,0.03394796551694117,-0.013151768250155672
11->11,11,11,3.4714285714285715,0.020796197266785603,0.03115935872223703,-0.010363161455451426
11->11,11,11,3.557142857142857,0.0,0.0285998180213932,-0.0285998180213932
11->11,11,11,3.6428571428571432,0.0,0.026250527109631196,-0.026250527109631196
11->11,11,11,3.7285714285714286,0.0,0.024094215320462204,-0.024094215320462204
11->11,11,11,3.814285714285714,0.0,0.02211503066145294,-0.02211503066145294
11->11,11,11,3.9000000000000004,0.0,0.02029842327928616,-0.02029842327928616
11->11,11,11,3.9857142857142858,0.0,0.01863103849741608,-0.01863103849741608
11->11,11,11,4.071428571428571,0.0,0.017100618639991582,-0.017100618639991582
11->11,11,11,4.157142857142857,0.16636957813428307,0.01569591292031223,0.15067366521397085
11->11,11,11,4.242857142857143,0.18716577540107038,0.014406594731367297,0.17275918066970308
11->11,11,11,4.328571428571429,0.06238859180035614,0.013223185730424613,0.04916540606993153
11->11,11,11,4.414285714285715,0.08318478906714241,0.012136986159581541,0.07104780290756087
11->11,11,11,4.5,0.08318478906714241,0.011140010890034115,0.0720447781771083
11->11,11,11,4.585714285714285,0.0,0.010224930719897714,-0.010224930719897714
11->11,11,11,4.671428571428572,0.0,0.009385018494033781,-0.009385018494033781
11->11,11,11,4.757142857142857,0.0,0.008614099649785918,-0.008614099649785918
11->11,11,11,4.842857142857143,0.0,0.007906506825065263,-0.007906506825065263
11->11,11,11,4.928571428571429,0.0,0.007257038195089519,-0.007257038195089519
11->11,11,11,5.014285714285714,0.0,0.0066609192314905025,-0.0066609192314905025
11->11,11,11,5.1,0.0,0.006113767602664896,-0.006113767602664896
11->11,11,11,5.185714285714286,0.020796197266785603,0.005611560957335133,0.01518463630945047
11->11,11,11,5.271428571428571,0.0,0.005150607354483377,-0.005150607354483377
11->11,11,11,5.357142857142858,0.0,0.004727518122275987,-0.004727518122275987
11->11,11,11,5.442857142857143,0.0,0.0043391829464526546,-0.0043391829464526546
11->11,11,11,5.5285714285714285,0.0,0.00398274700504392,-0.00398274700504392
11->11,11,11,5.614285714285714,0.020796197266785384,0.0036555899813244695,0.017140607285460914
11->11,11,11,5.7,0.0,0.0033553068007171737,-0.0033553068007171737
11->11,11,11,5.785714285714286,0.0,0.0030796899500364562,-0.0030796899500364562
11->11,11,11,5.871428571428572,0.0,0.0028267132490919456,-0.0028267132490919456
11->11,11,11,5.957142857142857,0.0,0.0025945169553504453,-0.0025945169553504453
11->13,11,13,0.04285714285714286,0.0,0.9607229454284076,-0.9607229454284076
11->13,11,13,0.12857142857142856,9.770179372197312,0.8818057410347337,8.888373631162578
11->13,11,13,0.21428571428571427,0.9482436472346791,0.8093710768769816,0.1388725703576975
11->13,11,13,0.3,0.04359740906826108,0.7428864540123261,-0.6992890449440651
11->13,11,13,0.38571428571428573,0.006539611360239162,0.6818631148576237,-0.6753235034973846
11->13,11,13,0.4714285714285714,0.004359740906826114,0.6258524501183417,-0.6214927092115156
11->13,11,13,0.5571428571428572,0.002179870453413054,0.574442700865141,-0.572262830411728
11->13,11,13,0.6428571428571428,0.0,0.5272559315136365,-0.5272559315136365
11->13,11,13,0.7285714285714286,0.0,0.48394525145437756,-0.48394525145437756
11->13,11,13,0.8142857142857143,0.002179870453413054,0.4441922649080403,-0.44201239445462726
11->13,11,13,0.9,0.0,0.40770473025859444,-0.40770473025859444
11->13,11,13,0.9857142857142857,0.0,0.3742144116571816,-0.3742144116571816
11->13,11,13,1.0714285714285714,0.0,0.34347510710290213,-0.34347510710290213
11->13,11,13,1.157142857142857,0.0,0.3152608385040695,-0.3152608385040695
11->13,11,13,1.2428571428571429,0.0,0.28936419041427874,-0.28936419041427874
11->13,11,13,1.3285714285714287,0.0,0.2655947852306119,-0.2655947852306119
11->13,11,13,1.4142857142857141,0.0,0.24377788364449285,-0.24377788364449285
11->13,11,13,1.5,0.0,0.22375310005649293,-0.22375310005649293
11->13,11,13,1.5857142857142859,0.0,0.2053732235115413,-0.2053732235115413
11->13,11,13,1.6714285714285715,0.0,0.18850313548671466,-0.18850313548671466
11->13,11,13,1.7571428571428571,0.0,0.17301881657579302,-0.17301881657579302
11->13,11,13,1.842857142857143,0.0,0.1588064347682837,-0.1588064347682837
11->13,11,13,1.9285714285714286,0.0,0.14576150862045373,-0.14576150862045373
11->13,11,13,2.0142857142857142,0.0,0.1337881391664733,-0.1337881391664733
11->13,11,13,2.0999999999999996,0.0,0.12279830492311432,-0.12279830492311432
11->13,11,13,2.185714285714286,0.13079222720478306,0.11271121480527316,0.018081012399509905
11->13,11,13,2.2714285714285714,0.32916043846537074,0.10345271419531782,0.22570772427005292
11->13,11,13,2.357142857142857,0.17656950672645808,0.09495473980001322,0.08161476692644486
11->13,11,13,2.442857142857143,0.07847533632286983,0.08715481928744107,-0.00867948296457123
11->13,11,13,2.5285714285714285,0.058856502242152386,0.07999561202552476,-0.02113910978337237
11->13,11,13,2.6142857142857143,0.021798704534130624,0.07342448754592751,-0.051625783011796884
11->13,11,13,2.7,0.023978574987543563,0.06739313863442749,-0.043414563646883925
11->13,11,13,2.7857142857142856,0.006539611360239154,0.061857226203427235,-0.05531761484318808
11->13,11,13,2.8714285714285714,0.0043597409068261254,0.05677605333590008,-0.05241631242907395
11->13,11,13,2.9571428571428573,0.0021798704534130514,0.052112266104527814,-0.049932395651114764
11->13,11,13,3.0428571428571427,0.0021798704534130514,0.04783157896661976,-0.04565170851320671
11->13,11,13,3.1285714285714286,0.0043597409068261254,0.043902522716071216,-0.03954278180924509
11->13,11,13,3.2142857142857144,0.0,0.040296213139445945,-0.040296213139445945
11->13,11,13,3.3,0.0,0.0369861386754717,-0.0369861386754717
11->13,11,13,3.385714285714286,0.0,0.03394796551694117,-0.03394796551694117
11->13,11,13,3.4714285714285715,0.0,0.03115935872223703,-0.03115935872223703
11->13,11,13,3.557142857142857,0.0,0.0285998180213932,-0.0285998180213932
11->13,11,13,3.6428571428571432,0.0,0.026250527109631196,-0.026250527109631196
11->13,11,13,3.7285714285714286,0.0021798704534130627,0.024094215320462204,-0.021914344867049143
11->13,11,13,3.814285714285714,0.0,0.02211503066145294,-0.02211503066145294
11->13,11,13,3.9000000000000004,0.0,0.02029842327928616,-0.02029842327928616
11->13,11,13,3.9857142857142858,0.0,0.01863103849741608,-0.01863103849741608
11->13,11,13,4.071428571428571,0.0,0.017100618639991582,-0.017100618639991582
11->13,11,13,4.157142857142857,0.0,0.01569591292031223,-0.01569591292031223
11->13,11,13,4.242857142857143,0.0021798704534130627,0.014406594731367297,-0.012226724277954234
11->13,11,13,4.328571428571429,0.019618834080717358,0.013223185730424613,0.006395648350292745
11->13,11,13,4.414285714285715,0.013079222720478376,0.012136986159581541,0.000942236560896835
11->13,11,13,4.5,0.0021798704534130627,0.011140010890034115,-0.008960140436621052
11->13,11,13,4.585714285714285,0.00435974090682608,0.010224930719897714,-0.005865189813071634
11->13,11,13,4.671428571428572,0.0021798704534130627,0.009385018494033781,-0.007205148040620718
11->13,11,13,4.757142857142857,0.0,0.008614099649785918,-0.008614099649785918
11->13,11,13,4.842857142857143,0.0,0.007906506825065263,-0.007906506825065263
11->13,11,13,4.928571428571429,0.0021798704534130627,0.007257038195089519,-0.005077167741676456
11->13,11,13,5.014285714285714,0.0,0.0066609192314905025,-0.0066609192314905025
11->13,11,13,5.1,0.0,0.006113767602664896,-0.006113767602664896
11->13,11,13,5.185714285714286,0.0,0.005611560957335133,-0.005611560957335133
11->13,11,13,5.271428571428571,0.0,0.005150607354483377,-0.005150607354483377
11->13,11,13,5.357142857142858,0.0,0.004727518122275987,-0.004727518122275987
11->13,11,13,5.442857142857143,0.0,0.0043391829464526546,-0.0043391829464526546
11->13,11,13,5.5285714285714285,0.0,0.00398274700504392,-0.00398274700504392
11->13,11,13,5.614285714285714,0.0,0.0036555899813244695,-0.0036555899813244695
11->13,11,13,5.7,0.0,0.0033553068007171737,-0.0033553068007171737
11->13,11,13,5.785714285714286,0.0,0.0030796899500364562,-0.0030796899500364562
11->13,11,13,5.871428571428572,0.0,0.0028267132490919456,-0.0028267132490919456
11->13,11,13,5.957142857142857,0.0021798704534130627,0.0025945169553504453,-0.00041464650193738257
11->17,11,17,0.04285714285714286,0.0,0.9607229454284076,-0.9607229454284076
11->17,11,17,0.12857142857142856,0.0,0.8818057410347337,-0.8818057410347337
11->17,11,17,0.21428571428571427,0.0,0.8093710768769816,-0.8093710768769816
11->17,11,17,0.3,0.0,0.7428864540123261,-0.7428864540123261
11->17,11,17,0.38571428571428573,3.762972187629719,0.6818631148576237,3.081109072772095
11->17,11,17,0.4714285714285714,6.061436280614366,0.6258524501183417,5.435583830496024
11->17,11,17,0.5571428571428572,0.7235367372353668,0.574442700865141,0.14909403637022578
11->17,11,17,0.6428571428571428,0.15691158156911567,0.5272559315136365,-0.3703443499445208
11->17,11,17,0.7285714285714286,0.04358655043586547,0.48394525145437756,-0.4403587010185121
11->17,11,17,0.8142857142857143,0.014528850145288489,0.4441922649080403,-0.4296634147627518
11->17,11,17,0.9,0.005811540058115404,0.40770473025859444,-0.40189319020047903
11->17,11,17,0.9857142857142857,0.0,0.3742144116571816,-0.3742144116571816
11->17,11,17,1.0714285714285714,0.0029057700290576944,0.34347510710290213,-0.34056933707384446
11->17,11,17,1.157142857142857,0.0,0.3152608385040695,-0.3152608385040695
11->17,11,17,1.2428571428571429,0.0029057700290576944,0.28936419041427874,-0.28645842038522107
11->17,11,17,1.3285714285714287,0.0,0.2655947852306119,-0.2655947852306119
11->17,11,17,1.4142857142857141,0.0,0.24377788364449285,-0.24377788364449285
11->17,11,17,1.5,0.0,0.22375310005649293,-0.22375310005649293
11->17,11,17,1.5857142857142859,0.0,0.2053732235115413,-0.2053732235115413
11->17,11,17,1.6714285714285715,0.0,0.18850313548671466,-0.18850313548671466
11->17,11,17,1.7571428571428571,0.0,0.17301881657579302,-0.17301881657579302
11->17,11,17,1.842857142857143,0.0,0.1588064347682837,-0.1588064347682837
11->17,11,17,1.9285714285714286,0.0,0.14576150862045373,-0.14576150862045373
11->17,11,17,2.0142857142857142,0.0,0.1337881391664733,-0.1337881391664733
11->17,11,17,2.0999999999999996,0.0,0.12279830492311432,-0.12279830492311432
11->17,11,17,2.185714285714286,0.0,0.11271121480527316,-0.11271121480527316
11->17,11,17,2.2714285714285714,0.0,0.10345271419531782,-0.10345271419531782
11->17,11,17,2.357142857142857,0.0,0.09495473980001322,-0.09495473980001322
11->17,11,17,2.442857142857143,0.01452885014528847,0.08715481928744107,-0.0726259691421526
11->17,11,17,2.5285714285714285,0.3719385637193849,0.07999561202552476,0.29194295169386014
11->17,11,17,2.6142857142857143,0.19178082191780882,0.07342448754592751,0.11835633437188131
11->17,11,17,2.7,0.11041926110419238,0.06739313863442749,0.043026122469764894
11->17,11,17,2.7857142857142856,0.05520963055209619,0.061857226203427235,-0.006647595651331044
11->17,11,17,2.8714285714285714,0.029057700290577092,0.05677605333590008,-0.027718353045322986
11->17,11,17,2.9571428571428573,0.020340390203403856,0.052112266104527814,-0.03177187590112396
11->17,11,17,3.0428571428571427,0.01452885014528847,0.04783157896661976,-0.03330272882133129
11->17,11,17,3.1285714285714286,0.0029057700290577096,0.043902522716071216,-0.040996752687013506
11->17,11,17,3.2142857142857144,0.008717310087173084,0.040296213139445945,-0.03157890305227286
11->17,11,17,3.3,0.005811540058115389,0.0369861386754717,-0.031174598617356313
11->17,11,17,3.385714285714286,0.0,0.03394796551694117,-0.03394796551694117
11->17,11,17,3.4714285714285715,0.0029057700290577096,0.03115935872223703,-0.02825358869317932
11->17,11,17,3.557142857142857,0.0029057700290576944,0.0285998180213932,-0.025694047992335503
11->17,11,17,3.6428571428571432,0.0,0.026250527109631196,-0.026250527109631196
11->17,11,17,3.7285714285714286,0.0,0.024094215320462204,-0.024094215320462204
11->17,11,17,3.814285714285714,0.0,0.02211503066145294,-0.02211503066145294
11->17,11,17,3.9000000000000004,0.0029057700290576944,0.02029842327928616,-0.017392653250228464
11->17,11,17,3.9857142857142858,0.0,0.01863103849741608,-0.01863103849741608
11->17,11,17,4.071428571428571,0.0,0.017100618639991582,-0.017100618639991582
11->17,11,17,4.157142857142857,0.0,0.01569591292031223,-0.01569591292031223
11->17,11,17,4.242857142857143,0.0,0.014406594731367297,-0.014406594731367297
11->17,11,17,4.328571428571429,0.0,0.013223185730424613,-0.013223185730424613
11->17,11,17,4.414285714285715,0.0,0.012136986159581541,-0.012136986159581541
11->17,11,17,4.5,0.0,0.011140010890034115,-0.011140010890034115
11->17,11,17,4.585714285714285,0.020340390203403756,0.010224930719897714,0.010115459483506041
11->17,11,17,4.671428571428572,0.005811540058115419,0.009385018494033781,-0.003573478435918362
11->17,11,17,4.757142857142857,0.005811540058115419,0.008614099649785918,-0.0028025595916704987
11->17,11,17,4.842857142857143,0.011623080116230717,0.007906506825065263,0.0037165732911654537
11->17,11,17,4.928571428571429,0.005811540058115419,0.007257038195089519,-0.0014454981369740995
11->17,11,17,5.014285714285714,0.0029057700290577096,0.0066609192314905025,-0.003755149202432793
11->17,11,17,5.1,0.0058115400581153585,0.006113767602664896,-0.0003022275445495378
11->17,11,17,5.185714285714286,0.0,0.005611560957335133,-0.005611560957335133
11->17,11,17,5.271428571428571,0.0,0.005150607354483377,-0.005150607354483377
11->17,11,17,5.357142857142858,0.0,0.004727518122275987,-0.004727518122275987
11->17,11,17,5.442857142857143,0.0,0.0043391829464526546,-0.0043391829464526546
11->17,11,17,5.5285714285714285,0.0,0.00398274700504392,-0.00398274700504392
11->17,11,17,5.614285714285714,0.0,0.0036555899813244695,-0.0036555899813244695
11->17,11,17,5.7,0.0,0.0033553068007171737,-0.0033553068007171737
11->17,11,17,5.785714285714286,0.0,0.0030796899500364562,-0.0030796899500364562
11->17,11,17,5.871428571428572,0.0,0.0028267132490919456,-0.0028267132490919456
11->17,11,17,5.957142857142857,0.0,0.0025945169553504453,-0.0025945169553504453
11->19,11,19,0.04285714285714286,0.0,0.9607229454284076,-0.9607229454284076
11->19,11,19,0.12857142857142856,0.0,0.8818057410347337,-0.8818057410347337
11->19,11,19,0.21428571428571427,0.0,0.8093710768769816,-0.8093710768769816
11->19,11,19,0.3,0.0,0.7428864540123261,-0.7428864540123261
11->19,11,19,0.38571428571428573,0.0,0.6818631148576237,-0.6818631148576237
11->19,11,19,0.4714285714285714,0.0,0.6258524501183417,-0.6258524501183417
11->19,11,19,0.5571428571428572,7.087082083749861,0.574442700865141,6.5126393828847196
11->19,11,19,0.6428571428571428,2.911807175385982,0.5272559315136365,2.3845512438723455
11->19,11,19,0.7285714285714286,0.5598133955348218,0.48394525145437756,0.07586814408044423
11->19,11,19,0.8142857142857143,0.12051538376096857,0.4441922649080403,-0.3236768811470717
11->19,11,19,0.9,0.054426302343663295,0.40770473025859444,-0.35327842791493114
11->19,11,19,0.9857142857142857,0.034988337220926403,0.3742144116571816,-0.3392260744362552
11->19,11,19,1.0714285714285714,0.0038875930245473684,0.34347510710290213,-0.33958751407835475
11->19,11,19,1.157142857142857,0.0038875930245473784,0.3152608385040695,-0.3113732454795221
11->19,11,19,1.2428571428571429,0.007775186049094737,0.28936419041427874,-0.281589004365184
11->19,11,19,1.3285714285714287,0.007775186049094757,0.2655947852306119,-0.25781959918151715
11->19,11,19,1.4142857142857141,0.0,0.24377788364449285,-0.24377788364449285
11->19,11,19,1.5,0.0,0.22375310005649293,-0.22375310005649293
11->19,11,19,1.5857142857142859,0.0,0.2053732235115413,-0.2053732235115413
11->19,11,19,1.6714285714285715,0.0,0.18850313548671466,-0.18850313548671466
11->19,11,19,1.7571428571428571,0.0,0.17301881657579302,-0.17301881657579302
11->19,11,19,1.842857142857143,0.0,0.1588064347682837,-0.1588064347682837
11->19,11,19,1.9285714285714286,0.0,0.14576150862045373,-0.14576150862045373
11->19,11,19,2.0142857142857142,0.0,0.1337881391664733,-0.1337881391664733
11->19,11,19,2.0999999999999996,0.0,0.12279830492311432,-0.12279830492311432
11->19,11,19,2.185714285714286,0.0,0.11271121480527316,-0.11271121480527316
11->19,11,19,2.2714285714285714,0.0,0.10345271419531782,-0.10345271419531782
11->19,11,19,2.357142857142857,0.0,0.09495473980001322,-0.09495473980001322
11->19,11,19,2.442857142857143,0.0,0.08715481928744107,-0.08715481928744107
11->19,11,19,2.5285714285714285,0.0,0.07999561202552476,-0.07999561202552476
11->19,11,19,2.6142857142857143,0.1710540930800851,0.07342448754592751,0.09762960553415759
11->19,11,19,2.7,0.2915694768410526,0.06739313863442749,0.22417633820662514
11->19,11,19,2.7857142857142856,0.1088526046873263,0.061857226203427235,0.046995378483899064
11->19,11,19,2.8714285714285714,0.09330223258913732,0.05677605333590008,0.03652617925323724
11->19,11,19,2.9571428571428573,0.06608908141730525,0.052112266104527814,0.01397681531277744
11->19,11,19,3.0428571428571427,0.03498833722092631,0.04783157896661976,-0.01284324174569345
11->19,11,19,3.1285714285714286,0.031100744196379107,0.043902522716071216,-0.012801778519692109
11->19,11,19,3.2142857142857144,0.015550372098189474,0.040296213139445945,-0.02474584104125647
11->19,11,19,3.3,0.007775186049094737,0.0369861386754717,-0.029210952626376963
11->19,11,19,3.385714285714286,0.0038875930245473684,0.03394796551694117,-0.030060372492393798
11->19,11,19,3.4714285714285715,0.011662779073642165,0.03115935872223703,-0.019496579648594865
11->19,11,19,3.557142857142857,0.0038875930245473684,0.0285998180213932,-0.02471222499684583
11->19,11,19,3.6428571428571432,0.0,0.026250527109631196,-0.026250527109631196
11->19,11,19,3.7285714285714286,0.0,0.024094215320462204,-0.024094215320462204
11->19,11,19,3.814285714285714,0.0,0.02211503066145294,-0.02211503066145294
11->19,11,19,3.9000000000000004,0.0,0.02029842327928616,-0.02029842327928616
11->19,11,19,3.9857142857142858,0.0,0.01863103849741608,-0.01863103849741608
11->19,11,19,4.071428571428571,0.0,0.017100618639991582,-0.017100618639991582
11->19,11,19,4.157142857142857,0.0,0.01569591292031223,-0.01569591292031223
11->19,11,19,4.242857142857143,0.0,0.014406594731367297,-0.014406594731367297
11->19,11,19,4.328571428571429,0.0,0.013223185730424613,-0.013223185730424613
11->19,11,19,4.414285714285715,0.0,0.012136986159581541,-0.012136986159581541
11->19,11,19,4.5,0.0,0.011140010890034115,-0.011140010890034115
11->19,11,19,4.585714285714285,0.0,0.010224930719897714,-0.010224930719897714
11->19,11,19,4.671428571428572,0.007775186049094777,0.009385018494033781,-0.0016098324449390043
11->19,11,19,4.757142857142857,0.0038875930245473884,0.008614099649785918,-0.0047265066252385295
11->19,11,19,4.842857142857143,0.007775186049094696,0.007906506825065263,-0.0001313207759705672
11->19,11,19,4.928571428571429,0.011662779073642165,0.007257038195089519,0.0044057408785526464
11->19,11,19,5.014285714285714,0.0,0.0066609192314905025,-0.0066609192314905025
11->19,11,19,5.1,0.0,0.006113767602664896,-0.006113767602664896
11->19,11,19,5.185714285714286,0.0038875930245473884,0.005611560957335133,-0.0017239679327877445
11->19,11,19,5.271428571428571,0.0,0.005150607354483377,-0.005150607354483377
11->19,11,19,5.357142857142858,0.0,0.004727518122275987,-0.004727518122275987
11->19,11,19,5.442857142857143,0.0,0.0043391829464526546,-0.0043391829464526546
11->19,11,19,5.5285714285714285,0.0,0.00398274700504392,-0.00398274700504392
11->19,11,19,5.614285714285714,0.0,0.0036555899813244695,-0.0036555899813244695
11->19,11,19,5.7,0.0,0.0033553068007171737,-0.0033553068007171737
11->19,11,19,5.785714285714286,0.0,0.0030796899500364562,-0.0030796899500364562
11->19,11,19,5.871428571428572,0.0,0.0028267132490919456,-0.0028267132490919456
11->19,11,19,5.957142857142857,0.0,0.0025945169553504453,-0.0025945169553504453
11->23,11,23,0.04285714285714286,0.0,0.9607229454284076,-0.9607229454284076
11->23,11,23,0.12857142857142856,0.0,0.8818057410347337,-0.8818057410347337
11->23,11,23,0.21428571428571427,0.0,0.8093710768769816,-0.8093710768769816
11->23,11,23,0.3,0.0,0.7428864540123261,-0.7428864540123261
11->23,11,23,0.38571428571428573,0.0,0.6818631148576237,-0.6818631148576237
11->23,11,23,0.4714285714285714,0.0,0.6258524501183417,-0.6258524501183417
11->23,11,23,0.5571428571428572,0.0,0.574442700865141,-0.574442700865141
11->23,11,23,0.6428571428571428,0.0,0.5272559315136365,-0.5272559315136365
11->23,11,23,0.7285714285714286,0.0,0.48394525145437756,-0.48394525145437756
11->23,11,23,0.8142857142857143,4.163969795037754,0.4441922649080403,3.719777530129713
11->23,11,23,0.9,4.536138079827404,0.40770473025859444,4.128433349568809
11->23,11,23,0.9857142857142857,1.3322545846817697,0.3742144116571816,0.9580401730245881
11->23,11,23,1.0714285714285714,0.4638619201725988,0.34347510710290213,0.12038681306969667
11->23,11,23,1.157142857142857,0.1618122977346279,0.3152608385040695,-0.1534485407694416
11->23,11,23,1.2428571428571429,0.10248112189859743,0.28936419041427874,-0.18688306851568132
11->23,11,23,1.3285714285714287,0.053937432578209314,0.2655947852306119,-0.2116573526524026
11->23,11,23,1.4142857142857141,0.016181229773462792,0.24377788364449285,-0.22759665387103006
11->23,11,23,1.5,0.010787486515641834,0.22375310005649293,-0.21296561354085108
11->23,11,23,1.5857142857142859,0.005393743257820931,0.2053732235115413,-0.19997948025372037
11->23,11,23,1.6714285714285715,0.005393743257820917,0.18850313548671466,-0.18310939222889375
11->23,11,23,1.7571428571428571,0.0,0.17301881657579302,-0.17301881657579302
11->23,11,23,1.842857142857143,0.0,0.1588064347682837,-0.1588064347682837
11->23,11,23,1.9285714285714286,0.0,0.14576150862045373,-0.14576150862045373
11->23,11,23,2.0142857142857142,0.0,0.1337881391664733,-0.1337881391664733
11->23,11,23,2.0999999999999996,0.0,0.12279830492311432,-0.12279830492311432
11->23,11,23,2.185714285714286,0.0,0.11271121480527316,-0.11271121480527316
11->23,11,23,2.2714285714285714,0.0,0.10345271419531782,-0.10345271419531782
11->23,11,23,2.357142857142857,0.0,0.09495473980001322,-0.09495473980001322
11->23,11,23,2.442857142857143,0.0,0.08715481928744107,-0.08715481928744107
11->23,11,23,2.5285714285714285,0.0,0.07999561202552476,-0.07999561202552476
11->23,11,23,2.6142857142857143,0.0,0.07342448754592751,-0.07342448754592751
11->23,11,23,2.7,0.0,0.06739313863442749,-0.06739313863442749
11->23,11,23,2.7857142857142856,0.0,0.061857226203427235,-0.061857226203427235
11->23,11,23,2.8714285714285714,0.08090614886731416,0.05677605333590008,0.024130095531414084
11->23,11,23,2.9571428571428573,0.2912621359223295,0.052112266104527814,0.2391498698178017
11->23,11,23,3.0428571428571427,0.20496224379719485,0.04783157896661976,0.15713066483057508
11->23,11,23,3.1285714285714286,0.0485436893203885,0.043902522716071216,0.004641166604317286
11->23,11,23,3.2142857142857144,0.07551240560949284,0.040296213139445945,0.03521619247004689
11->23,11,23,3.3,0.026968716289104584,0.0369861386754717,-0.010017422386367117
11->23,11,23,3.385714285714286,0.026968716289104584,0.03394796551694117,-0.006979249227836583
11->23,11,23,3.4714285714285715,0.01078748651564189,0.03115935872223703,-0.02037187220659514
11->23,11,23,3.557142857142857,0.005393743257820917,0.0285998180213932,-0.023206074763572282
11->23,11,23,3.6428571428571432,0.0,0.026250527109631196,-0.026250527109631196
11->23,11,23,3.7285714285714286,0.0,0.024094215320462204,-0.024094215320462204
11->23,11,23,3.814285714285714,0.0,0.02211503066145294,-0.02211503066145294
11->23,11,23,3.9000000000000004,0.005393743257820917,0.02029842327928616,-0.014904680021465243
11->23,11,23,3.9857142857142858,0.01078748651564189,0.01863103849741608,-0.00784355198177419
11->23,11,23,4.071428571428571,0.0,0.017100618639991582,-0.017100618639991582
11->23,11,23,4.157142857142857,0.0,0.01569591292031223,-0.01569591292031223
11->23,11,23,4.242857142857143,0.0,0.014406594731367297,-0.014406594731367297
11->23,11,23,4.328571428571429,0.0,0.013223185730424613,-0.013223185730424613
11->23,11,23,4.414285714285715,0.0,0.012136986159581541,-0.012136986159581541
11->23,11,23,4.5,0.0,0.011140010890034115,-0.011140010890034115
11->23,11,23,4.585714285714285,0.0,0.010224930719897714,-0.010224930719897714
11->23,11,23,4.671428571428572,0.0,0.009385018494033781,-0.009385018494033781
11->23,11,23,4.757142857142857,0.0,0.008614099649785918,-0.008614099649785918
11->23,11,23,4.842857142857143,0.0,0.007906506825065263,-0.007906506825065263
11->23,11,23,4.928571428571429,0.0,0.007257038195089519,-0.007257038195089519
11->23,11,23,5.014285714285714,0.0,0.0066609192314905025,-0.0066609192314905025
11->23,11,23,5.1,0.010787486515641778,0.006113767602664896,0.004673718912976882
11->23,11,23,5.185714285714286,0.005393743257820945,0.005611560957335133,-0.00021781769951418825
11->23,11,23,5.271428571428571,0.005393743257820945,0.005150607354483377,0.0002431359033375673
11->23,11,23,5.357142857142858,0.005393743257820889,0.004727518122275987,0.000666225135544902
11->23,11,23,5.442857142857143,0.0,0.0043391829464526546,-0.0043391829464526546
11->23,11,23,5.5285714285714285,0.0,0.00398274700504392,-0.00398274700504392
11->23,11,23,5.614285714285714,0.0,0.0036555899813244695,-0.0036555899813244695
11->23,11,23,5.7,0.0,0.0033553068007171737,-0.0033553068007171737
11->23,11,23,5.785714285714286,0.0,0.0030796899500364562,-0.0030796899500364562
11->23,11,23,5.871428571428572,0.0,0.0028267132490919456,-0.0028267132490919456
11->23,11,23,5.957142857142857,0.0,0.0025945169553504453,-0.0025945169553504453
11->29,11,29,0.04285714285714286,0.0,0.9607229454284076,-0.9607229454284076
11->29,11,29,0.12857142857142856,0.0,0.8818057410347337,-0.8818057410347337
11->29,11,29,0.21428571428571427,0.0,0.8093710768769816,-0.8093710768769816
11->29,11,29,0.3,0.0,0.7428864540123261,-0.7428864540123261
11->29,11,29,0.38571428571428573,0.0,0.6818631148576237,-0.6818631148576237
11->29,11,29,0.4714285714285714,0.0,0.6258524501183417,-0.6258524501183417
11->29,11,29,0.5571428571428572,0.0,0.574442700865141,-0.574442700865141
11->29,11,29,0.6428571428571428,0.0,0.5272559315136365,-0.5272559315136365
11->29,11,29,0.7285714285714286,0.0,0.48394525145437756,-0.48394525145437756
11->29,11,29,0.8142857142857143,0.0,0.4441922649080403,-0.4441922649080403
11->29,11,29,0.9,0.0,0.40770473025859444,-0.40770473025859444
11->29,11,29,0.9857142857142857,0.0,0.3742144116571816,-0.3742144116571816
11->29,11,29,1.0714285714285714,0.0,0.34347510710290213,-0.34347510710290213
11->29,11,29,1.157142857142857,0.0,0.3152608385040695,-0.3152608385040695
11->29,11,29,1.2428571428571429,4.366729678638935,0.28936419041427874,4.077365488224656
11->29,11,29,1.3285714285714287,3.92564587271582,0.2655947852306119,3.660051087485208
11->29,11,29,1.4142857142857141,1.5290905272001694,0.24377788364449285,1.2853126435556765
11->29,11,29,1.5,0.6101659315269892,0.22375310005649293,0.3864128314704962
11->29,11,29,1.5857142857142859,0.3087586641461881,0.2053732235115413,0.10338544063464677
11->29,11,29,1.6714285714285715,0.1911363159000207,0.18850313548671466,0.002633180413306041
11->29,11,29,1.7571428571428571,0.08086536441923974,0.17301881657579302,-0.09215345215655328
11->29,11,29,1.842857142857143,0.03675698382692715,0.1588064347682837,-0.12204945094135655
11->29,11,29,1.9285714285714286,0.022054190296156233,0.14576150862045373,-0.12370731832429749
11->29,11,29,2.0142857142857142,0.00735139676538545,0.1337881391664733,-0.12643674240108785
11->29,11,29,2.0999999999999996,0.007351396765385412,0.12279830492311432,-0.1154469081577289
11->29,11,29,2.185714285714286,0.0,0.11271121480527316,-0.11271121480527316
11->29,11,29,2.2714285714285714,0.007351396765385412,0.10345271419531782,-0.0961013174299324
11->29,11,29,2.357142857142857,0.0,0.09495473980001322,-0.09495473980001322
11->29,11,29,2.442857142857143,0.0,0.08715481928744107,-0.08715481928744107
11->29,11,29,2.5285714285714285,0.0,0.07999561202552476,-0.07999561202552476
11->29,11,29,2.6142857142857143,0.0,0.07342448754592751,-0.07342448754592751
11->29,11,29,2.7,0.0,0.06739313863442749,-0.06739313863442749
11->29,11,29,2.7857142857142856,0.0,0.061857226203427235,-0.061857226203427235
11->29,11,29,2.8714285714285714,0.0,0.05677605333590008,-0.05677605333590008
11->29,11,29,2.9571428571428573,0.0,0.052112266104527814,-0.052112266104527814
11->29,11,29,3.0428571428571427,0.0,0.04783157896661976,-0.04783157896661976
11->29,11,29,3.1285714285714286,0.0,0.043902522716071216,-0.043902522716071216
11->29,11,29,3.2142857142857144,0.0,0.040296213139445945,-0.040296213139445945
11->29,11,29,3.3,0.08821676118462493,0.0369861386754717,0.05123062250915323
11->29,11,29,3.385714285714286,0.15437933207309365,0.03394796551694117,0.12043136655615248
11->29,11,29,3.4714285714285715,0.0882167611846254,0.03115935872223703,0.05705740246238837
11->29,11,29,3.557142857142857,0.07351396765385411,0.0285998180213932,0.04491414963246091
11->29,11,29,3.6428571428571432,0.044108380592312466,0.026250527109631196,0.01785785348268127
11->29,11,29,3.7285714285714286,0.00735139676538545,0.024094215320462204,-0.016742818555076755
11->29,11,29,3.814285714285714,0.022054190296156233,0.02211503066145294,-6.0840365296705584e-05
11->29,11,29,3.9000000000000004,0.022054190296156233,0.02029842327928616,0.0017557670168700731
11->29,11,29,3.9857142857142858,0.00735139676538545,0.01863103849741608,-0.01127964173203063
11->29,11,29,4.071428571428571,0.0,0.017100618639991582,-0.017100618639991582
11->29,11,29,4.157142857142857,0.0,0.01569591292031223,-0.01569591292031223
11->29,11,29,4.242857142857143,0.0,0.014406594731367297,-0.014406594731367297
11->29,11,29,4.328571428571429,0.0,0.013223185730424613,-0.013223185730424613
11->29,11,29,4.414285714285715,0.0,0.012136986159581541,-0.012136986159581541
11->29,11,29,4.5,0.0,0.011140010890034115,-0.011140010890034115
11->29,11,29,4.585714285714285,0.0,0.010224930719897714,-0.010224930719897714
11->29,11,29,4.671428571428572,0.0,0.009385018494033781,-0.009385018494033781
11->29,11,29,4.757142857142857,0.0,0.008614099649785918,-0.008614099649785918
11->29,11,29,4.842857142857143,0.0,0.007906506825065263,-0.007906506825065263
11->29,11,29,4.928571428571429,0.0,0.007257038195089519,-0.007257038195089519
11->29,11,29,5.014285714285714,0.0,0.0066609192314905025,-0.0066609192314905025
11->29,11,29,5.1,0.0,0.006113767602664896,-0.006113767602664896
11->29,11,29,5.185714285714286,0.0,0.005611560957335133,-0.005611560957335133
11->29,11,29,5.271428571428571,0.0,0.005150607354483377,-0.005150607354483377
11->29,11,29,5.357142857142858,0.0,0.004727518122275987,-0.004727518122275987
11->29,11,29,5.442857142857143,0.0147027935307709,0.0043391829464526546,0.010363610584318245
11->29,11,29,5.5285714285714285,0.03675698382692725,0.00398274700504392,0.03277423682188333
11->29,11,29,5.614285714285714,0.0,0.0036555899813244695,-0.0036555899813244695
11->29,11,29,5.7,0.0,0.0033553068007171737,-0.0033553068007171737
11->29,11,29,5.785714285714286,0.0,0.0030796899500364562,-0.0030796899500364562
11->29,11,29,5.871428571428572,0.007351396765385374,0.0028267132490919456,0.004524683516293428
11->29,11,29,5.957142857142857,0.00735139676538545,0.0025945169553504453,0.004756879810035005
13->1,13,1,0.04285714285714286,0.0,0.9607229454284076,-0.9607229454284076
13->1,13,1,0.12857142857142856,0.0,0.8818057410347337,-0.8818057410347337
13->1,13,1,0.21428571428571427,0.0,0.8093710768769816,-0.8093710768769816
13->1,13,1,0.3,0.0,0.7428864540123261,-0.7428864540123261
13->1,13,1,0.38571428571428573,0.0,0.6818631148576237,-0.6818631148576237
13->1,13,1,0.4714285714285714,0.0,0.6258524501183417,-0.6258524501183417
13->1,13,1,0.5571428571428572,0.0,0.574442700865141,-0.574442700865141
13->1,13,1,0.6428571428571428,0.0,0.5272559315136365,-0.5272559315136365
13->1,13,1,0.7285714285714286,0.0,0.48394525145437756,-0.48394525145437756
13->1,13,1,0.8142857142857143,0.0,0.4441922649080403,-0.4441922649080403
13->1,13,1,0.9,0.0,0.40770473025859444,-0.40770473025859444
13->1,13,1,0.9857142857142857,0.0,0.3742144116571816,-0.3742144116571816
13->1,13,1,1.0714285714285714,0.0,0.34347510710290213,-0.34347510710290213
13->1,13,1,1.157142857142857,0.0,0.3152608385040695,-0.3152608385040695
13->1,13,1,1.2428571428571429,4.2790960451977345,0.28936419041427874,3.9897318547834555
13->1,13,1,1.3285714285714287,3.9152542372881407,0.2655947852306119,3.649659452057529
13->1,13,1,1.4142857142857141,1.5819209039548043,0.24377788364449285,1.3381430203103115
13->1,13,1,1.5,0.680225988700564,0.22375310005649293,0.4564728886440711
13->1,13,1,1.5857142857142859,0.21355932203389857,0.2053732235115413,0.008186098522357271
13->1,13,1,1.6714285714285715,0.17401129943502802,0.18850313548671466,-0.014491836051686635
13->1,13,1,1.7571428571428571,0.03163841807909609,0.17301881657579302,-0.14138039849669692
13->1,13,1,1.842857142857143,0.06327683615819218,0.1588064347682837,-0.09552959861009153
13->1,13,1,1.9285714285714286,0.015819209039548005,0.14576150862045373,-0.12994229958090572
13->1,13,1,2.0142857142857142,0.007909604519774044,0.1337881391664733,-0.12587853464669926
13->1,13,1,2.0999999999999996,0.007909604519774002,0.12279830492311432,-0.11488870040334032
13->1,13,1,2.185714285714286,0.007909604519774002,0.11271121480527316,-0.10480161028549916
13->1,13,1,2.2714285714285714,0.007909604519774002,0.10345271419531782,-0.09554310967554382
13->1,13,1,2.357142857142857,0.0,0.09495473980001322,-0.09495473980001322
13->1,13,1,2.442857142857143,0.0,0.08715481928744107,-0.08715481928744107
13->1,13,1,2.5285714285714285,0.0,0.07999561202552476,-0.07999561202552476
13->1,13,1,2.6142857142857143,0.0,0.07342448754592751,-0.07342448754592751
13->1,13,1,2.7,0.0,0.06739313863442749,-0.06739313863442749
13->1,13,1,2.7857142857142856,0.0,0.061857226203427235,-0.061857226203427235
13->1,13,1,2.8714285714285714,0.007909604519774044,0.05677605333590008,-0.048866448816126035
13->1,13,1,2.9571428571428573,0.0,0.052112266104527814,-0.052112266104527814
13->1,13,1,3.0428571428571427,0.0,0.04783157896661976,-0.04783157896661976
13->1,13,1,3.1285714285714286,0.0,0.043902522716071216,-0.043902522716071216
13->1,13,1,3.2142857142857144,0.0,0.040296213139445945,-0.040296213139445945
13->1,13,1,3.3,0.11073446327683602,0.0369861386754717,0.07374832460136432
13->1,13,1,3.385714285714286,0.24519774011299403,0.03394796551694117,0.21124977459605287
13->1,13,1,3.4714285714285715,0.10282485875706253,0.03115935872223703,0.0716655000348255
13->1,13,1,3.557142857142857,0.03163841807909601,0.0285998180213932,0.0030386000577028102
13->1,13,1,3.6428571428571432,0.04745762711864401,0.026250527109631196,0.02120710000901281
13->1,13,1,3.7285714285714286,0.03954802259887021,0.024094215320462204,0.015453807278408008
13->1,13,1,3.814285714285714,0.0,0.02211503066145294,-0.02211503066145294
13->1,13,1,3.9000000000000004,0.007909604519774002,0.02029842327928616,-0.012388818759512157
13->1,13,1,3.9857142857142858,0.007909604519774044,0.01863103849741608,-0.010721433977642036
13->1,13,1,4.071428571428571,0.0,0.017100618639991582,-0.017100618639991582
13->1,13,1,4.157142857142857,0.00790960451977396,0.01569591292031223,-0.007786308400538268
13->1,13,1,4.242857142857143,0.0,0.014406594731367297,-0.014406594731367297
13->1,13,1,4.328571428571429,0.0,0.013223185730424613,-0.013223185730424613
13->1,13,1,4.414285714285715,0.0,0.012136986159581541,-0.012136986159581541
13->1,13,1,4.5,0.0,0.011140010890034115,-0.011140010890034115
13->1,13,1,4.585714285714285,0.0,0.010224930719897714,-0.010224930719897714
13->1,13,1,4.671428571428572,0.0,0.009385018494033781,-0.009385018494033781
13->1,13,1,4.757142857142857,0.0,0.008614099649785918,-0.008614099649785918
13->1,13,1,4.842857142857143,0.0,0.007906506825065263,-0.007906506825065263
13->1,13,1,4.928571428571429,0.0,0.007257038195089519,-0.007257038195089519
13->1,13,1,5.014285714285714,0.0,0.0066609192314905025,-0.0066609192314905025
13->1,13,1,5.1,0.0,0.006113767602664896,-0.006113767602664896
13->1,13,1,5.185714285714286,0.0,0.005611560957335133,-0.005611560957335133
13->1,13,1,5.271428571428571,0.0,0.005150607354483377,-0.005150607354483377
13->1,13,1,5.357142857142858,0.00790960451977396,0.004727518122275987,0.0031820863974979735
13->1,13,1,5.442857142857143,0.031638418079096176,0.0043391829464526546,0.02729923513264352
13->1,13,1,5.5285714285714285,0.023728813559322128,0.00398274700504392,0.019746066554278206
13->1,13,1,5.614285714285714,0.0,0.0036555899813244695,-0.0036555899813244695
13->1,13,1,5.7,0.007909604519774044,0.0033553068007171737,0.00455429771905687
13->1,13,1,5.785714285714286,0.0,0.0030796899500364562,-0.0030796899500364562
13->1,13,1,5.871428571428572,0.0,0.0028267132490919456,-0.0028267132490919456
13->1,13,1,5.957142857142857,0.0,0.0025945169553504453,-0.0025945169553504453
13->7,13,7,0.04285714285714286,0.0,0.9607229454284076,-0.9607229454284076
13->7,13,7,0.12857142857142856,0.0,0.8818057410347337,-0.8818057410347337
13->7,13,7,0.21428571428571427,0.0,0.8093710768769816,-0.8093710768769816
13->7,13,7,0.3,0.0,0.7428864540123261,-0.7428864540123261
13->7,13,7,0.38571428571428573,0.0,0.6818631148576237,-0.6818631148576237
13->7,13,7,0.4714285714285714,0.0,0.6258524501183417,-0.6258524501183417
13->7,13,7,0.5571428571428572,0.0,0.574442700865141,-0.574442700865141
13->7,13,7,0.6428571428571428,0.0,0.5272559315136365,-0.5272559315136365
13->7,13,7,0.7285714285714286,0.0,0.48394525145437756,-0.48394525145437756
13->7,13,7,0.8142857142857143,0.0,0.4441922649080403,-0.4441922649080403
13->7,13,7,0.9,0.0,0.40770473025859444,-0.40770473025859444
13->7,13,7,0.9857142857142857,0.0,0.3742144116571816,-0.3742144116571816
13->7,13,7,1.0714285714285714,0.0,0.34347510710290213,-0.34347510710290213
13->7,13,7,1.157142857142857,0.0,0.3152608385040695,-0.3152608385040695
13->7,13,7,1.2428571428571429,0.0,0.28936419041427874,-0.28936419041427874
13->7,13,7,1.3285714285714287,0.0,0.2655947852306119,-0.2655947852306119
13->7,13,7,1.4142857142857141,0.0,0.24377788364449285,-0.24377788364449285
13->7,13,7,1.5,0.0,0.22375310005649293,-0.22375310005649293
13->7,13,7,1.5857142857142859,0.0,0.2053732235115413,-0.2053732235115413
13->7,13,7,1.6714285714285715,4.408318687756291,0.18850313548671466,4.219815552269576
13->7,13,7,1.7571428571428571,3.2293497363796173,0.17301881657579302,3.056330919803824
13->7,13,7,1.842857142857143,1.5070298769771548,0.1588064347682837,1.3482234422088712
13->7,13,7,1.9285714285714286,0.9431751611013461,0.14576150862045373,0.7974136524808924
13->7,13,7,2.0142857142857142,0.3383128295254846,0.1337881391664733,0.20452469035901127
13->7,13,7,2.0999999999999996,0.20503807850029263,0.12279830492311432,0.08223977357717831
13->7,13,7,2.185714285714286,0.14352665495020483,0.11271121480527316,0.030815440144931677
13->7,13,7,2.2714285714285714,0.051259519625073156,0.10345271419531782,-0.05219319457024466
13->7,13,7,2.357142857142857,0.030755711775044055,0.09495473980001322,-0.06419902802496916
13->7,13,7,2.442857142857143,0.051259519625073156,0.08715481928744107,-0.03589529966236791
13->7,13,7,2.5285714285714285,0.01025190392501463,0.07999561202552476,-0.06974370810051013
13->7,13,7,2.6142857142857143,0.0,0.07342448754592751,-0.07342448754592751
13->7,13,7,2.7,0.0,0.06739313863442749,-0.06739313863442749
13->7,13,7,2.7857142857142856,0.0,0.061857226203427235,-0.061857226203427235
13->7,13,7,2.8714285714285714,0.0,0.05677605333590008,-0.05677605333590008
13->7,13,7,2.9571428571428573,0.0,0.052112266104527814,-0.052112266104527814
13->7,13,7,3.0428571428571427,0.0,0.04783157896661976,-0.04783157896661976
13->7,13,7,3.1285714285714286,0.0,0.043902522716071216,-0.043902522716071216
13->7,13,7,3.2142857142857144,0.0,0.040296213139445945,-0.040296213139445945
13->7,13,7,3.3,0.0,0.0369861386754717,-0.0369861386754717
13->7,13,7,3.385714285714286,0.0,0.03394796551694117,-0.03394796551694117
13->7,13,7,3.4714285714285715,0.0,0.03115935872223703,-0.03115935872223703
13->7,13,7,3.557142857142857,0.0,0.0285998180213932,-0.0285998180213932
13->7,13,7,3.6428571428571432,0.0,0.026250527109631196,-0.026250527109631196
13->7,13,7,3.7285714285714286,0.12302284710017622,0.024094215320462204,0.09892863177971402
13->7,13,7,3.814285714285714,0.22554188635032188,0.02211503066145294,0.20342685568886895
13->7,13,7,3.9000000000000004,0.14352665495020483,0.02029842327928616,0.12322823167091868
13->7,13,7,3.9857142857142858,0.02050380785002937,0.01863103849741608,0.001872769352613289
13->7,13,7,4.071428571428571,0.06151142355008811,0.017100618639991582,0.044410804910096524
13->7,13,7,4.157142857142857,0.020503807850029157,0.01569591292031223,0.0048078949297169285
13->7,13,7,4.242857142857143,0.05125951962507343,0.014406594731367297,0.03685292489370613
13->7,13,7,4.328571428571429,0.010251903925014579,0.013223185730424613,-0.0029712818054100348
13->7,13,7,4.414285714285715,0.010251903925014684,0.012136986159581541,-0.001885082234566857
13->7,13,7,4.5,0.010251903925014684,0.011140010890034115,-0.0008881069650194303
13->7,13,7,4.585714285714285,0.020503807850029157,0.010224930719897714,0.010278877130131443
13->7,13,7,4.671428571428572,0.02050380785002937,0.009385018494033781,0.011118789355995588
13->7,13,7,4.757142857142857,0.0,0.008614099649785918,-0.008614099649785918
13->7,13,7,4.842857142857143,0.0,0.007906506825065263,-0.007906506825065263
13->7,13,7,4.928571428571429,0.0,0.007257038195089519,-0.007257038195089519
13->7,13,7,5.014285714285714,0.0,0.0066609192314905025,-0.0066609192314905025
13->7,13,7,5.1,0.0,0.006113767602664896,-0.006113767602664896
13->7,13,7,5.185714285714286,0.0,0.005611560957335133,-0.005611560957335133
13->7,13,7,5.271428571428571,0.0,0.005150607354483377,-0.005150607354483377
13->7,13,7,5.357142857142858,0.0,0.004727518122275987,-0.004727518122275987
13->7,13,7,5.442857142857143,0.0,0.0043391829464526546,-0.0043391829464526546
13->7,13,7,5.5285714285714285,0.0,0.00398274700504392,-0.00398274700504392
13->7,13,7,5.614285714285714,0.0,0.0036555899813244695,-0.0036555899813244695
13->7,13,7,5.7,0.0,0.0033553068007171737,-0.0033553068007171737
13->7,13,7,5.785714285714286,0.010251903925014684,0.0030796899500364562,0.0071722139749782286
13->7,13,7,5.871428571428572,0.020503807850029157,0.0028267132490919456,0.01767709460093721
13->7,13,7,5.957142857142857,0.0,0.0025945169553504453,-0.0025945169553504453
13->11,13,11,0.04285714285714286,0.0,0.9607229454284076,-0.9607229454284076
13->11,13,11,0.12857142857142856,0.0,0.8818057410347337,-0.8818057410347337
13->11,13,11,0.21428571428571427,0.0,0.8093710768769816,-0.8093710768769816
13->11,13,11,0.3,0.0,0.7428864540123261,-0.7428864540123261
13->11,13,11,0.38571428571428573,0.0,0.6818631148576237,-0.6818631148576237
13->11,13,11,0.4714285714285714,0.0,0.6258524501183417,-0.6258524501183417
13->11,13,11,0.5571428571428572,0.0,0.574442700865141,-0.574442700865141
13->11,13,11,0.6428571428571428,0.0,0.5272559315136365,-0.5272559315136365
13->11,13,11,0.7285714285714286,0.0,0.48394525145437756,-0.48394525145437756
13->11,13,11,0.8142857142857143,0.0,0.4441922649080403,-0.4441922649080403
13->11,13,11,0.9,0.0,0.40770473025859444,-0.40770473025859444
13->11,13,11,0.9857142857142857,0.0,0.3742144116571816,-0.3742144116571816
13->11,13,11,1.0714285714285714,0.0,0.34347510710290213,-0.34347510710290213
13->11,13,11,1.157142857142857,0.0,0.3152608385040695,-0.3152608385040695
13->11,13,11,1.2428571428571429,0.0,0.28936419041427874,-0.28936419041427874
13->11,13,11,1.3285714285714287,0.0,0.2655947852306119,-0.2655947852306119
13->11,13,11,1.4142857142857141,0.0,0.24377788364449285,-0.24377788364449285
13->11,13,11,1.5,0.0,0.22375310005649293,-0.22375310005649293
13->11,13,11,1.5857142857142859,0.0,0.2053732235115413,-0.2053732235115413
13->11,13,11,1.6714285714285715,0.0,0.18850313548671466,-0.18850313548671466
13->11,13,11,1.7571428571428571,0.0,0.17301881657579302,-0.17301881657579302
13->11,13,11,1.842857142857143,0.0,0.1588064347682837,-0.1588064347682837
13->11,13,11,1.9285714285714286,2.7255109231853356,0.14576150862045373,2.579749414564882
13->11,13,11,2.0142857142857142,4.008104298801985,0.1337881391664733,3.874316159635512
13->11,13,11,2.0999999999999996,1.738900634249468,0.12279830492311432,1.6161023293263537
13->11,13,11,2.185714285714286,1.1346018322762488,0.11271121480527316,1.0218906174709756
13->11,13,11,2.2714285714285714,0.4933051444679341,0.10345271419531782,0.3898524302726163
13->11,13,11,2.357142857142857,0.38231148696265094,0.09495473980001322,0.2873567471626377
13->11,13,11,2.442857142857143,0.17265680056377694,0.08715481928744107,0.08550198127633588
13->11,13,11,2.5285714285714285,0.1603241719520786,0.07999561202552476,0.08032855992655384
13->11,13,11,2.6142857142857143,0.0,0.07342448754592751,-0.07342448754592751
13->11,13,11,2.7,0.061663143058491764,0.06739313863442749,-0.005729995575935724
13->11,13,11,2.7857142857142856,0.0,0.061857226203427235,-0.061857226203427235
13->11,13,11,2.8714285714285714,0.03699788583509526,0.05677605333590008,-0.01977816750080482
13->11,13,11,2.9571428571428573,0.02466525722339671,0.052112266104527814,-0.027447008881131104
13->11,13,11,3.0428571428571427,0.0,0.04783157896661976,-0.04783157896661976
13->11,13,11,3.1285714285714286,0.0,0.043902522716071216,-0.043902522716071216
13->11,13,11,3.2142857142857144,0.012332628611698355,0.040296213139445945,-0.02796358452774759
13->11,13,11,3.3,0.0,0.0369861386754717,-0.0369861386754717
13->11,13,11,3.385714285714286,0.0,0.03394796551694117,-0.03394796551694117
13->11,13,11,3.4714285714285715,0.0,0.03115935872223703,-0.03115935872223703
13->11,13,11,3.557142857142857,0.0,0.0285998180213932,-0.0285998180213932
13->11,13,11,3.6428571428571432,0.0,0.026250527109631196,-0.026250527109631196
13->11,13,11,3.7285714285714286,0.0,0.024094215320462204,-0.024094215320462204
13->11,13,11,3.814285714285714,0.0,0.02211503066145294,-0.02211503066145294
13->11,13,11,3.9000000000000004,0.0,0.02029842327928616,-0.02029842327928616
13->11,13,11,3.9857142857142858,0.08632840028188891,0.01863103849741608,0.06769736178447283
13->11,13,11,4.071428571428571,0.24665257223396836,0.017100618639991582,0.2295519535939768
13->11,13,11,4.157142857142857,0.1109936575052846,0.01569591292031223,0.09529774458497237
13->11,13,11,4.242857142857143,0.08632840028188891,0.014406594731367297,0.07192180555052162
13->11,13,11,4.328571428571429,0.049330514446793164,0.013223185730424613,0.03610732871636855
13->11,13,11,4.414285714285715,0.024665257223396835,0.012136986159581541,0.012528271063815294
13->11,13,11,4.5,0.04933051444679367,0.011140010890034115,0.038190503556759556
13->11,13,11,4.585714285714285,0.012332628611698291,0.010224930719897714,0.0021076978918005765
13->11,13,11,4.671428571428572,0.0,0.009385018494033781,-0.009385018494033781
13->11,13,11,4.757142857142857,0.024665257223396835,0.008614099649785918,0.01605115757361092
13->11,13,11,4.842857142857143,0.0,0.007906506825065263,-0.007906506825065263
13->11,13,11,4.928571428571429,0.0,0.007257038195089519,-0.007257038195089519
13->11,13,11,5.014285714285714,0.0,0.0066609192314905025,-0.0066609192314905025
13->11,13,11,5.1,0.012332628611698291,0.006113767602664896,0.006218861009033395
13->11,13,11,5.185714285714286,0.0,0.005611560957335133,-0.005611560957335133
13->11,13,11,5.271428571428571,0.0,0.005150607354483377,-0.005150607354483377
13->11,13,11,5.357142857142858,0.0,0.004727518122275987,-0.004727518122275987
13->11,13,11,5.442857142857143,0.012332628611698418,0.0043391829464526546,0.007993445665245763
13->11,13,11,5.5285714285714285,0.0,0.00398274700504392,-0.00398274700504392
13->11,13,11,5.614285714285714,0.0,0.0036555899813244695,-0.0036555899813244695
13->11,13,11,5.7,0.0,0.0033553068007171737,-0.0033553068007171737
13->11,13,11,5.785714285714286,0.0,0.0030796899500364562,-0.0030796899500364562
13->11,13,11,5.871428571428572,0.0,0.0028267132490919456,-0.0028267132490919456
13->11,13,11,5.957142857142857,0.0,0.0025945169553504453,-0.0025945169553504453
13->13,13,13,0.04285714285714286,0.0,0.9607229454284076,-0.9607229454284076
13->13,13,13,0.12857142857142856,0.0,0.8818057410347337,-0.8818057410347337
13->13,13,13,0.21428571428571427,0.0,0.8093710768769816,-0.8093710768769816
13->13,13,13,0.3,0.0,0.7428864540123261,-0.7428864540123261
13->13,13,13,0.38571428571428573,0.0,0.6818631148576237,-0.6818631148576237
13->13,13,13,0.4714285714285714,0.0,0.6258524501183417,-0.6258524501183417
13->13,13,13,0.5571428571428572,0.0,0.574442700865141,-0.574442700865141
13->13,13,13,0.6428571428571428,0.0,0.5272559315136365,-0.5272559315136365
13->13,13,13,0.7285714285714286,0.0,0.48394525145437756,-0.48394525145437756
13->13,13,13,0.8142857142857143,0.0,0.4441922649080403,-0.4441922649080403
13->13,13,13,0.9,0.0,0.40770473025859444,-0.40770473025859444
13->13,13,13,0.9857142857142857,0.0,0.3742144116571816,-0.3742144116571816
13->13,13,13,1.0714285714285714,0.0,0.34347510710290213,-0.34347510710290213
13->13,13,13,1.157142857142857,0.0,0.3152608385040695,-0.3152608385040695
13->13,13,13,1.2428571428571429,0.0,0.28936419041427874,-0.28936419041427874
13->13,13,13,1.3285714285714287,0.0,0.2655947852306119,-0.2655947852306119
13->13,13,13,1.4142857142857141,0.0,0.24377788364449285,-0.24377788364449285
13->13,13,13,1.5,0.0,0.22375310005649293,-0.22375310005649293
13->13,13,13,1.5857142857142859,0.0,0.2053732235115413,-0.2053732235115413
13->13,13,13,1.6714285714285715,0.0,0.18850313548671466,-0.18850313548671466
13->13,13,13,1.7571428571428571,0.0,0.17301881657579302,-0.17301881657579302
13->13,13,13,1.842857142857143,0.0,0.1588064347682837,-0.1588064347682837
13->13,13,13,1.9285714285714286,0.0,0.14576150862045373,-0.14576150862045373
13->13,13,13,2.0142857142857142,0.0,0.1337881391664733,-0.1337881391664733
13->13,13,13,2.0999999999999996,4.477477477477476,0.12279830492311432,4.354679172554361
13->13,13,13,2.185714285714286,2.6696696696696685,0.11271121480527316,2.5569584548643953
13->13,13,13,2.2714285714285714,1.6186186186186178,0.10345271419531782,1.5151659044233
13->13,13,13,2.357142857142857,0.9879879879879927,0.09495473980001322,0.8930332481879795
13->13,13,13,2.442857142857143,0.4414414414414412,0.08715481928744107,0.35428662215400014
13->13,13,13,2.5285714285714285,0.2522522522522521,0.07999561202552476,0.17225664022672738
13->13,13,13,2.6142857142857143,0.1051051051051056,0.07342448754592751,0.03168061755917809
13->13,13,13,2.7,0.1681681681681681,0.06739313863442749,0.10077502953374061
13->13,13,13,2.7857142857142856,0.042042042042042024,0.061857226203427235,-0.01981518416138521
13->13,13,13,2.8714285714285714,0.02102102102102112,0.05677605333590008,-0.03575503231487896
13->13,13,13,2.9571428571428573,0.021021021021021012,0.052112266104527814,-0.031091245083506802
13->13,13,13,3.0428571428571427,0.06306306306306303,0.04783157896661976,0.015231484096443267
13->13,13,13,3.1285714285714286,0.08408408408408448,0.043902522716071216,0.04018156136801326
13->13,13,13,3.2142857142857144,0.0,0.040296213139445945,-0.040296213139445945
13->13,13,13,3.3,0.042042042042042024,0.0369861386754717,0.005055903366570323
13->13,13,13,3.385714285714286,0.0,0.03394796551694117,-0.03394796551694117
13->13,13,13,3.4714285714285715,0.0,0.03115935872223703,-0.03115935872223703
13->13,13,13,3.557142857142857,0.0,0.0285998180213932,-0.0285998180213932
13->13,13,13,3.6428571428571432,0.0,0.026250527109631196,-0.026250527109631196
13->13,13,13,3.7285714285714286,0.0,0.024094215320462204,-0.024094215320462204
13->13,13,13,3.814285714285714,0.0,0.02211503066145294,-0.02211503066145294
13->13,13,13,3.9000000000000004,0.0,0.02029842327928616,-0.02029842327928616
13->13,13,13,3.9857142857142858,0.0,0.01863103849741608,-0.01863103849741608
13->13,13,13,4.071428571428571,0.0,0.017100618639991582,-0.017100618639991582
13->13,13,13,4.157142857142857,0.18918918918918812,0.01569591292031223,0.1734932762688759
13->13,13,13,4.242857142857143,0.16816816816816896,0.014406594731367297,0.15376157343680166
13->13,13,13,4.328571428571429,0.08408408408408362,0.013223185730424613,0.07086089835365901
13->13,13,13,4.414285714285715,0.04204204204204224,0.012136986159581541,0.029905055882460698
13->13,13,13,4.5,0.02102102102102112,0.011140010890034115,0.009881010130987005
13->13,13,13,4.585714285714285,0.04204204204204181,0.010224930719897714,0.0318171113221441
13->13,13,13,4.671428571428572,0.02102102102102112,0.009385018494033781,0.011636002526987339
13->13,13,13,4.757142857142857,0.04204204204204224,0.008614099649785918,0.03342794239225632
13->13,13,13,4.842857142857143,0.021021021021020905,0.007906506825065263,0.013114514195955641
13->13,13,13,4.928571428571429,0.02102102102102112,0.007257038195089519,0.013763982825931602
13->13,13,13,5.014285714285714,0.02102102102102112,0.0066609192314905025,0.014360101789530618
13->13,13,13,5.1,0.0,0.006113767602664896,-0.006113767602664896
13->13,13,13,5.185714285714286,0.0,0.005611560957335133,-0.005611560957335133
13->13,13,13,5.271428571428571,0.0,0.005150607354483377,-0.005150607354483377
13->13,13,13,5.357142857142858,0.0,0.004727518122275987,-0.004727518122275987
13->13,13,13,5.442857142857143,0.0,0.0043391829464526546,-0.0043391829464526546
13->13,13,13,5.5285714285714285,0.0,0.00398274700504392,-0.00398274700504392
13->13,13,13,5.614285714285714,0.0,0.0036555899813244695,-0.0036555899813244695
13->13,13,13,5.7,0.0,0.0033553068007171737,-0.0033553068007171737
13->13,13,13,5.785714285714286,0.0,0.0030796899500364562,-0.0030796899500364562
13->13,13,13,5.871428571428572,0.0,0.0028267132490919456,-0.0028267132490919456
13->13,13,13,5.957142857142857,0.0,0.0025945169553504453,-0.0025945169553504453
13->17,13,17,0.04285714285714286,0.0,0.9607229454284076,-0.9607229454284076
13->17,13,17,0.12857142857142856,0.0,0.8818057410347337,-0.8818057410347337
13->17,13,17,0.21428571428571427,0.0,0.8093710768769816,-0.8093710768769816
13->17,13,17,0.3,9.635494752623686,0.7428864540123261,8.892608298611359
13->17,13,17,0.38571428571428573,0.8505122438780608,0.6818631148576237,0.16864912902043705
13->17,13,17,0.4714285714285714,0.10932033983008507,0.6258524501183417,-0.5165321102882566
13->17,13,17,0.5571428571428572,0.034982508745627174,0.574442700865141,-0.5394601921195139
13->17,13,17,0.6428571428571428,0.008745627186406793,0.5272559315136365,-0.5185103043272297
13->17,13,17,0.7285714285714286,0.006559220389805095,0.48394525145437756,-0.47738603106457245
13->17,13,17,0.8142857142857143,0.0021864067966016983,0.4441922649080403,-0.4420058581114386
13->17,13,17,0.9,0.0021864067966017014,0.40770473025859444,-0.40551832346199274
13->17,13,17,0.9857142857142857,0.0,0.3742144116571816,-0.3742144116571816
13->17,13,17,1.0714285714285714,0.0021864067966016957,0.34347510710290213,-0.34128870030630043
13->17,13,17,1.157142857142857,0.0,0.3152608385040695,-0.3152608385040695
13->17,13,17,1.2428571428571429,0.0,0.28936419041427874,-0.28936419041427874
13->17,13,17,1.3285714285714287,0.0,0.2655947852306119,-0.2655947852306119
13->17,13,17,1.4142857142857141,0.0,0.24377788364449285,-0.24377788364449285
13->17,13,17,1.5,0.0,0.22375310005649293,-0.22375310005649293
13->17,13,17,1.5857142857142859,0.0021864067966017014,0.2053732235115413,-0.2031868167149396
13->17,13,17,1.6714285714285715,0.0,0.18850313548671466,-0.18850313548671466
13->17,13,17,1.7571428571428571,0.0,0.17301881657579302,-0.17301881657579302
13->17,13,17,1.842857142857143,0.0,0.1588064347682837,-0.1588064347682837
13->17,13,17,1.9285714285714286,0.0,0.14576150862045373,-0.14576150862045373
13->17,13,17,2.0142857142857142,0.0,0.1337881391664733,-0.1337881391664733
13->17,13,17,2.0999999999999996,0.0,0.12279830492311432,-0.12279830492311432
13->17,13,17,2.185714285714286,0.0,0.11271121480527316,-0.11271121480527316
13->17,13,17,2.2714285714285714,0.0,0.10345271419531782,-0.10345271419531782
13->17,13,17,2.357142857142857,0.2929785107446287,0.09495473980001322,0.19802377094461548
13->17,13,17,2.442857142857143,0.27548725637181365,0.08715481928744107,0.18833243708437258
13->17,13,17,2.5285714285714285,0.13993003498250853,0.07999561202552476,0.05993442295698377
13->17,13,17,2.6142857142857143,0.07433783108445803,0.07342448754592751,0.0009133435385305227
13->17,13,17,2.7,0.06996501749125426,0.06739313863442749,0.002571878856826776
13->17,13,17,2.7857142857142856,0.03498250874562713,0.061857226203427235,-0.026874717457800103
13->17,13,17,2.8714285714285714,0.015304847576211948,0.05677605333590008,-0.04147120575968813
13->17,13,17,2.9571428571428573,0.017491254372813566,0.052112266104527814,-0.03462101173171425
13->17,13,17,3.0428571428571427,0.008745627186406783,0.04783157896661976,-0.03908595178021298
13->17,13,17,3.1285714285714286,0.002186406796601707,0.043902522716071216,-0.041716115919469506
13->17,13,17,3.2142857142857144,0.0,0.040296213139445945,-0.040296213139445945
13->17,13,17,3.3,0.0043728135932033915,0.0369861386754717,-0.03261332508226831
13->17,13,17,3.385714285714286,0.0043728135932033915,0.03394796551694117,-0.029575151923737775
13->17,13,17,3.4714285714285715,0.0,0.03115935872223703,-0.03115935872223703
13->17,13,17,3.557142857142857,0.0,0.0285998180213932,-0.0285998180213932
13->17,13,17,3.6428571428571432,0.0043728135932033915,0.026250527109631196,-0.021877713516427803
13->17,13,17,3.7285714285714286,0.002186406796601707,0.024094215320462204,-0.021907808523860497
13->17,13,17,3.814285714285714,0.0,0.02211503066145294,-0.02211503066145294
13->17,13,17,3.9000000000000004,0.0,0.02029842327928616,-0.02029842327928616
13->17,13,17,3.9857142857142858,0.0,0.01863103849741608,-0.01863103849741608
13->17,13,17,4.071428571428571,0.0,0.017100618639991582,-0.017100618639991582
13->17,13,17,4.157142857142857,0.0,0.01569591292031223,-0.01569591292031223
13->17,13,17,4.242857142857143,0.0,0.014406594731367297,-0.014406594731367297
13->17,13,17,4.328571428571429,0.0,0.013223185730424613,-0.013223185730424613
13->17,13,17,4.414285714285715,0.0065592203898051215,0.012136986159581541,-0.00557776576977642
13->17,13,17,4.5,0.02186406796601707,0.011140010890034115,0.010724057075982955
13->17,13,17,4.585714285714285,0.010932033983008422,0.010224930719897714,0.0007071032631107074
13->17,13,17,4.671428571428572,0.013118440779610243,0.009385018494033781,0.003733422285576462
13->17,13,17,4.757142857142857,0.0065592203898051215,0.008614099649785918,-0.0020548792599807963
13->17,13,17,4.842857142857143,0.0,0.007906506825065263,-0.007906506825065263
13->17,13,17,4.928571428571429,0.002186406796601707,0.007257038195089519,-0.005070631398487811
13->17,13,17,5.014285714285714,0.002186406796601707,0.0066609192314905025,-0.004474512434888795
13->17,13,17,5.1,0.0021864067966016845,0.006113767602664896,-0.003927360806063212
13->17,13,17,5.185714285714286,0.0,0.005611560957335133,-0.005611560957335133
13->17,13,17,5.271428571428571,0.0,0.005150607354483377,-0.005150607354483377
13->17,13,17,5.357142857142858,0.0,0.004727518122275987,-0.004727518122275987
13->17,13,17,5.442857142857143,0.0,0.0043391829464526546,-0.0043391829464526546
13->17,13,17,5.5285714285714285,0.0,0.00398274700504392,-0.00398274700504392
13->17,13,17,5.614285714285714,0.0,0.0036555899813244695,-0.0036555899813244695
13->17,13,17,5.7,0.0,0.0033553068007171737,-0.0033553068007171737
13->17,13,17,5.785714285714286,0.0,0.0030796899500364562,-0.0030796899500364562
13->17,13,17,5.871428571428572,0.0,0.0028267132490919456,-0.0028267132490919456
13->17,13,17,5.957142857142857,0.0,0.0025945169553504453,-0.0025945169553504453
13->19,13,19,0.04285714285714286,0.0,0.9607229454284076,-0.9607229454284076
13->19,13,19,0.12857142857142856,0.0,0.8818057410347337,-0.8818057410347337
13->19,13,19,0.21428571428571427,0.0,0.8093710768769816,-0.8093710768769816
13->19,13,19,0.3,0.0,0.7428864540123261,-0.7428864540123261
13->19,13,19,0.38571428571428573,3.84596086302057,0.6818631148576237,3.164097748162946
13->19,13,19,0.4714285714285714,6.032363271450079,0.6258524501183417,5.406510821331737
13->19,13,19,0.5571428571428572,0.6936778725539384,0.574442700865141,0.11923517168879738
13->19,13,19,0.6428571428571428,0.1463455427328984,0.5272559315136365,-0.3809103887807381
13->19,13,19,0.7285714285714286,0.03804984111055359,0.48394525145437756,-0.44589541034382396
13->19,13,19,0.8142857142857143,0.01463455427328984,0.4441922649080403,-0.42955771063475046
13->19,13,19,0.9,0.008780732563973916,0.40770473025859444,-0.3989239976946205
13->19,13,19,0.9857142857142857,0.005853821709315944,0.3742144116571816,-0.3683605899478657
13->19,13,19,1.0714285714285714,0.0,0.34347510710290213,-0.34347510710290213
13->19,13,19,1.157142857142857,0.0,0.3152608385040695,-0.3152608385040695
13->19,13,19,1.2428571428571429,0.0,0.28936419041427874,-0.28936419041427874
13->19,13,19,1.3285714285714287,0.0,0.2655947852306119,-0.2655947852306119
13->19,13,19,1.4142857142857141,0.002926910854657972,0.24377788364449285,-0.2408509727898349
13->19,13,19,1.5,0.0,0.22375310005649293,-0.22375310005649293
13->19,13,19,1.5857142857142859,0.0,0.2053732235115413,-0.2053732235115413
13->19,13,19,1.6714285714285715,0.0,0.18850313548671466,-0.18850313548671466
13->19,13,19,1.7571428571428571,0.0,0.17301881657579302,-0.17301881657579302
13->19,13,19,1.842857142857143,0.0,0.1588064347682837,-0.1588064347682837
13->19,13,19,1.9285714285714286,0.0,0.14576150862045373,-0.14576150862045373
13->19,13,19,2.0142857142857142,0.0,0.1337881391664733,-0.1337881391664733
13->19,13,19,2.0999999999999996,0.0,0.12279830492311432,-0.12279830492311432
13->19,13,19,2.185714285714286,0.0,0.11271121480527316,-0.11271121480527316
13->19,13,19,2.2714285714285714,0.0,0.10345271419531782,-0.10345271419531782
13->19,13,19,2.357142857142857,0.0,0.09495473980001322,-0.09495473980001322
13->19,13,19,2.442857142857143,0.026342197691921677,0.08715481928744107,-0.06081262159551939
13->19,13,19,2.5285714285714285,0.35708312426827166,0.07999561202552476,0.2770875122427469
13->19,13,19,2.6142857142857143,0.17561465127947878,0.07342448754592751,0.10219016373355128
13->19,13,19,2.7,0.08780732563973893,0.06739313863442749,0.020414187005311446
13->19,13,19,2.7857142857142856,0.05561130623850132,0.061857226203427235,-0.0062459199649259126
13->19,13,19,2.8714285714285714,0.043903662819869696,0.05677605333590008,-0.012872390516030383
13->19,13,19,2.9571428571428573,0.01463455427328982,0.052112266104527814,-0.03747771183123799
13->19,13,19,3.0428571428571427,0.005853821709315929,0.04783157896661976,-0.041977757257303835
13->19,13,19,3.1285714285714286,0.01756146512794788,0.043902522716071216,-0.026341057588123336
13->19,13,19,3.2142857142857144,0.008780732563973893,0.040296213139445945,-0.03151548057547205
13->19,13,19,3.3,0.0,0.0369861386754717,-0.0369861386754717
13->19,13,19,3.385714285714286,0.0,0.03394796551694117,-0.03394796551694117
13->19,13,19,3.4714285714285715,0.0,0.03115935872223703,-0.03115935872223703
13->19,13,19,3.557142857142857,0.0,0.0285998180213932,-0.0285998180213932
13->19,13,19,3.6428571428571432,0.0,0.026250527109631196,-0.026250527109631196
13->19,13,19,3.7285714285714286,0.00292691085465798,0.024094215320462204,-0.021167304465804223
13->19,13,19,3.814285714285714,0.0029269108546579646,0.02211503066145294,-0.019188119806794975
13->19,13,19,3.9000000000000004,0.0,0.02029842327928616,-0.02029842327928616
13->19,13,19,3.9857142857142858,0.0,0.01863103849741608,-0.01863103849741608
13->19,13,19,4.071428571428571,0.0,0.017100618639991582,-0.017100618639991582
13->19,13,19,4.157142857142857,0.0,0.01569591292031223,-0.01569591292031223
13->19,13,19,4.242857142857143,0.0,0.014406594731367297,-0.014406594731367297
13->19,13,19,4.328571428571429,0.0,0.013223185730424613,-0.013223185730424613
13->19,13,19,4.414285714285715,0.0,0.012136986159581541,-0.012136986159581541
13->19,13,19,4.5,0.0,0.011140010890034115,-0.011140010890034115
13->19,13,19,4.585714285714285,0.017561465127947692,0.010224930719897714,0.007336534408049978
13->19,13,19,4.671428571428572,0.01170764341863192,0.009385018494033781,0.002322624924598138
13->19,13,19,4.757142857142857,0.014634554273289897,0.008614099649785918,0.006020454623503979
13->19,13,19,4.842857142857143,0.005853821709315899,0.007906506825065263,-0.0020526851157493644
13->19,13,19,4.928571428571429,0.014634554273289897,0.007257038195089519,0.007377516078200378
13->19,13,19,5.014285714285714,0.00292691085465798,0.0066609192314905025,-0.0037340083768325227
13->19,13,19,5.1,0.0029269108546579495,0.006113767602664896,-0.003186856748006947
13->19,13,19,5.185714285714286,0.0,0.005611560957335133,-0.005611560957335133
13->19,13,19,5.271428571428571,0.00878073256397394,0.005150607354483377,0.0036301252094905626
13->19,13,19,5.357142857142858,0.0,0.004727518122275987,-0.004727518122275987
13->19,13,19,5.442857142857143,0.0,0.0043391829464526546,-0.0043391829464526546
13->19,13,19,5.5285714285714285,0.0,0.00398274700504392,-0.00398274700504392
13->19,13,19,5.614285714285714,0.0,0.0036555899813244695,-0.0036555899813244695
13->19,13,19,5.7,0.0,0.0033553068007171737,-0.0033553068007171737
13->19,13,19,5.785714285714286,0.0,0.0030796899500364562,-0.0030796899500364562
13->19,13,19,5.871428571428572,0.0,0.0028267132490919456,-0.0028267132490919456
13->19,13,19,5.957142857142857,0.0,0.0025945169553504453,-0.0025945169553504453
13->23,13,23,0.04285714285714286,0.0,0.9607229454284076,-0.9607229454284076
13->23,13,23,0.12857142857142856,0.0,0.8818057410347337,-0.8818057410347337
13->23,13,23,0.21428571428571427,0.0,0.8093710768769816,-0.8093710768769816
13->23,13,23,0.3,0.0,0.7428864540123261,-0.7428864540123261
13->23,13,23,0.38571428571428573,0.0,0.6818631148576237,-0.6818631148576237
13->23,13,23,0.4714285714285714,0.0,0.6258524501183417,-0.6258524501183417
13->23,13,23,0.5571428571428572,0.0,0.574442700865141,-0.574442700865141
13->23,13,23,0.6428571428571428,0.0,0.5272559315136365,-0.5272559315136365
13->23,13,23,0.7285714285714286,8.187270909696766,0.48394525145437756,7.703325658242388
13->23,13,23,0.8142857142857143,1.7999555703654333,0.4441922649080403,1.355763305457393
13->23,13,23,0.9,0.5403754304120855,0.40770473025859444,0.13267070015349103
13->23,13,23,0.9857142857142857,0.1866044651782741,0.3742144116571816,-0.18760994647890752
13->23,13,23,1.0714285714285714,0.04276352327002103,0.34347510710290213,-0.3007115838328811
13->23,13,23,1.157142857142857,0.04276352327002114,0.3152608385040695,-0.27249731523404835
13->23,13,23,1.2428571428571429,0.011662779073642101,0.28936419041427874,-0.27770141134063664
13->23,13,23,1.3285714285714287,0.01166277907364213,0.2655947852306119,-0.2539320061569698
13->23,13,23,1.4142857142857141,0.003887593024547377,0.24377788364449285,-0.23989029061994546
13->23,13,23,1.5,0.0,0.22375310005649293,-0.22375310005649293
13->23,13,23,1.5857142857142859,0.0,0.2053732235115413,-0.2053732235115413
13->23,13,23,1.6714285714285715,0.0,0.18850313548671466,-0.18850313548671466
13->23,13,23,1.7571428571428571,0.003887593024547377,0.17301881657579302,-0.16913122355124563
13->23,13,23,1.842857142857143,0.0,0.1588064347682837,-0.1588064347682837
13->23,13,23,1.9285714285714286,0.0,0.14576150862045373,-0.14576150862045373
13->23,13,23,2.0142857142857142,0.0,0.1337881391664733,-0.1337881391664733
13->23,13,23,2.0999999999999996,0.0,0.12279830492311432,-0.12279830492311432
13->23,13,23,2.185714285714286,0.0,0.11271121480527316,-0.11271121480527316
13->23,13,23,2.2714285714285714,0.0,0.10345271419531782,-0.10345271419531782
13->23,13,23,2.357142857142857,0.0,0.09495473980001322,-0.09495473980001322
13->23,13,23,2.442857142857143,0.0,0.08715481928744107,-0.08715481928744107
13->23,13,23,2.5285714285714285,0.0,0.07999561202552476,-0.07999561202552476
13->23,13,23,2.6142857142857143,0.0,0.07342448754592751,-0.07342448754592751
13->23,13,23,2.7,0.0,0.06739313863442749,-0.06739313863442749
13->23,13,23,2.7857142857142856,0.2837942907919578,0.061857226203427235,0.22193706458853055
13->23,13,23,2.8714285714285714,0.2021548372764641,0.05677605333590008,0.14537878394056403
13->23,13,23,2.9571428571428573,0.10107741863823154,0.052112266104527814,0.048965152533703725
13->23,13,23,3.0428571428571427,0.0816394535154947,0.04783157896661976,0.03380787454887494
13->23,13,23,3.1285714285714286,0.038875930245473866,0.043902522716071216,-0.005026592470597349
13->23,13,23,3.2142857142857144,0.031100744196378937,0.040296213139445945,-0.009195468943067008
13->23,13,23,3.3,0.019437965122736833,0.0369861386754717,-0.01754817355273487
13->23,13,23,3.385714285714286,0.003887593024547367,0.03394796551694117,-0.0300603724923938
13->23,13,23,3.4714285714285715,0.003887593024547387,0.03115935872223703,-0.027271765697689642
13->23,13,23,3.557142857142857,0.0,0.0285998180213932,-0.0285998180213932
13->23,13,23,3.6428571428571432,0.011662779073642101,0.026250527109631196,-0.014587748035989095
13->23,13,23,3.7285714285714286,0.003887593024547387,0.024094215320462204,-0.020206622295914817
13->23,13,23,3.814285714285714,0.0,0.02211503066145294,-0.02211503066145294
13->23,13,23,3.9000000000000004,0.0,0.02029842327928616,-0.02029842327928616
13->23,13,23,3.9857142857142858,0.003887593024547387,0.01863103849741608,-0.014743445472868693
13->23,13,23,4.071428571428571,0.003887593024547387,0.017100618639991582,-0.013213025615444195
13->23,13,23,4.157142857142857,0.0,0.01569591292031223,-0.01569591292031223
13->23,13,23,4.242857142857143,0.0,0.014406594731367297,-0.014406594731367297
13->23,13,23,4.328571428571429,0.0,0.013223185730424613,-0.013223185730424613
13->23,13,23,4.414285714285715,0.0,0.012136986159581541,-0.012136986159581541
13->23,13,23,4.5,0.0,0.011140010890034115,-0.011140010890034115
13->23,13,23,4.585714285714285,0.0,0.010224930719897714,-0.010224930719897714
13->23,13,23,4.671428571428572,0.0,0.009385018494033781,-0.009385018494033781
13->23,13,23,4.757142857142857,0.0,0.008614099649785918,-0.008614099649785918
13->23,13,23,4.842857142857143,0.0077751860490946935,0.007906506825065263,-0.0001313207759705698
13->23,13,23,4.928571428571429,0.003887593024547387,0.007257038195089519,-0.0033694451705421316
13->23,13,23,5.014285714285714,0.019437965122736933,0.0066609192314905025,0.012777045891246432
13->23,13,23,5.1,0.0,0.006113767602664896,-0.006113767602664896
13->23,13,23,5.185714285714286,0.003887593024547387,0.005611560957335133,-0.0017239679327877458
13->23,13,23,5.271428571428571,0.0,0.005150607354483377,-0.005150607354483377
13->23,13,23,5.357142857142858,0.0077751860490946935,0.004727518122275987,0.0030476679268187064
13->23,13,23,5.442857142857143,0.003887593024547387,0.0043391829464526546,-0.0004515899219052675
13->23,13,23,5.5285714285714285,0.0,0.00398274700504392,-0.00398274700504392
13->23,13,23,5.614285714285714,0.0,0.0036555899813244695,-0.0036555899813244695
13->23,13,23,5.7,0.0,0.0033553068007171737,-0.0033553068007171737
13->23,13,23,5.785714285714286,0.0,0.0030796899500364562,-0.0030796899500364562
13->23,13,23,5.871428571428572,0.0,0.0028267132490919456,-0.0028267132490919456
13->23,13,23,5.957142857142857,0.0,0.0025945169553504453,-0.0025945169553504453
13->29,13,29,0.04285714285714286,0.0,0.9607229454284076,-0.9607229454284076
13->29,13,29,0.12857142857142856,0.0,0.8818057410347337,-0.8818057410347337
13->29,13,29,0.21428571428571427,0.0,0.8093710768769816,-0.8093710768769816
13->29,13,29,0.3,0.0,0.7428864540123261,-0.7428864540123261
13->29,13,29,0.38571428571428573,0.0,0.6818631148576237,-0.6818631148576237
13->29,13,29,0.4714285714285714,0.0,0.6258524501183417,-0.6258524501183417
13->29,13,29,0.5571428571428572,0.0,0.574442700865141,-0.574442700865141
13->29,13,29,0.6428571428571428,0.0,0.5272559315136365,-0.5272559315136365
13->29,13,29,0.7285714285714286,0.0,0.48394525145437756,-0.48394525145437756
13->29,13,29,0.8142857142857143,0.0,0.4441922649080403,-0.4441922649080403
13->29,13,29,0.9,0.0,0.40770473025859444,-0.40770473025859444
13->29,13,29,0.9857142857142857,0.0,0.3742144116571816,-0.3742144116571816
13->29,13,29,1.0714285714285714,1.5270229468599008,0.34347510710290213,1.1835478397569987
13->29,13,29,1.157142857142857,5.711805555555561,0.3152608385040695,5.3965447170514915
13->29,13,29,1.2428571428571429,1.9233091787439582,0.28936419041427874,1.6339449883296795
13->29,13,29,1.3285714285714287,0.9141002415458946,0.2655947852306119,0.6485054563152828
13->29,13,29,1.4142857142857141,0.42798913043478304,0.24377788364449285,0.1842112467902902
13->29,13,29,1.5,0.14794685990338138,0.22375310005649293,-0.07580624015311155
13->29,13,29,1.5857142857142859,0.11624396135265712,0.2053732235115413,-0.08912926215888418
13->29,13,29,1.6714285714285715,0.052838164251207645,0.18850313548671466,-0.13566497123550703
13->29,13,29,1.7571428571428571,0.026419082125603892,0.17301881657579302,-0.14659973445018912
13->29,13,29,1.842857142857143,0.021135265700483113,0.1588064347682837,-0.1376711690678006
13->29,13,29,1.9285714285714286,0.015851449275362292,0.14576150862045373,-0.12991005934509142
13->29,13,29,2.0142857142857142,0.010567632850241584,0.1337881391664733,-0.12322050631623173
13->29,13,29,2.0999999999999996,0.010567632850241529,0.12279830492311432,-0.1122306720728728
13->29,13,29,2.185714285714286,0.0,0.11271121480527316,-0.11271121480527316
13->29,13,29,2.2714285714285714,0.0,0.10345271419531782,-0.10345271419531782
13->29,13,29,2.357142857142857,0.0,0.09495473980001322,-0.09495473980001322
13->29,13,29,2.442857142857143,0.0,0.08715481928744107,-0.08715481928744107
13->29,13,29,2.5285714285714285,0.0,0.07999561202552476,-0.07999561202552476
13->29,13,29,2.6142857142857143,0.0,0.07342448754592751,-0.07342448754592751
13->29,13,29,2.7,0.0,0.06739313863442749,-0.06739313863442749
13->29,13,29,2.7857142857142856,0.0,0.061857226203427235,-0.061857226203427235
13->29,13,29,2.8714285714285714,0.0,0.05677605333590008,-0.05677605333590008
13->29,13,29,2.9571428571428573,0.0,0.052112266104527814,-0.052112266104527814
13->29,13,29,3.0428571428571427,0.0,0.04783157896661976,-0.04783157896661976
13->29,13,29,3.1285714285714286,0.0,0.043902522716071216,-0.043902522716071216
13->29,13,29,3.2142857142857144,0.2060688405797098,0.040296213139445945,0.16577262744026386
13->29,13,29,3.3,0.17436594202898523,0.0369861386754717,0.13737980335351352
13->29,13,29,3.385714285714286,0.08982487922705298,0.03394796551694117,0.05587691371011182
13->29,13,29,3.4714285714285715,0.10039251207729505,0.03115935872223703,0.06923315335505802
13->29,13,29,3.557142857142857,0.06340579710144917,0.0285998180213932,0.03480597908005597
13->29,13,29,3.6428571428571432,0.026419082125603822,0.026250527109631196,0.0001685550159726268
13->29,13,29,3.7285714285714286,0.010567632850241584,0.024094215320462204,-0.01352658247022062
13->29,13,29,3.814285714285714,0.005283816425120764,0.02211503066145294,-0.016831214236332173
13->29,13,29,3.9000000000000004,0.005283816425120764,0.02029842327928616,-0.015014606854165394
13->29,13,29,3.9857142857142858,0.02113526570048317,0.01863103849741608,0.0025042272030670887
13->29,13,29,4.071428571428571,0.005283816425120792,0.017100618639991582,-0.011816802214870789
13->29,13,29,4.157142857142857,0.0,0.01569591292031223,-0.01569591292031223
13->29,13,29,4.242857142857143,0.0,0.014406594731367297,-0.014406594731367297
13->29,13,29,4.328571428571429,0.0,0.013223185730424613,-0.013223185730424613
13->29,13,29,4.414285714285715,0.0,0.012136986159581541,-0.012136986159581541
13->29,13,29,4.5,0.0,0.011140010890034115,-0.011140010890034115
13->29,13,29,4.585714285714285,0.0,0.010224930719897714,-0.010224930719897714
13->29,13,29,4.671428571428572,0.0,0.009385018494033781,-0.009385018494033781
13->29,13,29,4.757142857142857,0.0,0.008614099649785918,-0.008614099649785918
13->29,13,29,4.842857142857143,0.0,0.007906506825065263,-0.007906506825065263
13->29,13,29,4.928571428571429,0.0,0.007257038195089519,-0.007257038195089519
13->29,13,29,5.014285714285714,0.0,0.0066609192314905025,-0.0066609192314905025
13->29,13,29,5.1,0.0,0.006113767602664896,-0.006113767602664896
13->29,13,29,5.185714285714286,0.0,0.005611560957335133,-0.005611560957335133
13->29,13,29,5.271428571428571,0.010567632850241584,0.005150607354483377,0.005417025495758207
13->29,13,29,5.357142857142858,0.01585144927536221,0.004727518122275987,0.011123931153086221
13->29,13,29,5.442857142857143,0.015851449275362375,0.0043391829464526546,0.01151226632890972
13->29,13,29,5.5285714285714285,0.0,0.00398274700504392,-0.00398274700504392
13->29,13,29,5.614285714285714,0.005283816425120737,0.0036555899813244695,0.001628226443796268
13->29,13,29,5.7,0.005283816425120792,0.0033553068007171737,0.0019285096244036183
13->29,13,29,5.785714285714286,0.0,0.0030796899500364562,-0.0030796899500364562
13->29,13,29,5.871428571428572,0.0,0.0028267132490919456,-0.0028267132490919456
13->29,13,29,5.957142857142857,0.0,0.0025945169553504453,-0.0025945169553504453
17->1,17,1,0.04285714285714286,0.0,0.9607229454284076,-0.9607229454284076
17->1,17,1,0.12857142857142856,0.0,0.8818057410347337,-0.8818057410347337
17->1,17,1,0.21428571428571427,0.0,0.8093710768769816,-0.8093710768769816
17->1,17,1,0.3,0.0,0.7428864540123261,-0.7428864540123261
17->1,17,1,0.38571428571428573,0.0,0.6818631148576237,-0.6818631148576237
17->1,17,1,0.4714285714285714,0.0,0.6258524501183417,-0.6258524501183417
17->1,17,1,0.5571428571428572,0.0,0.574442700865141,-0.574442700865141
17->1,17,1,0.6428571428571428,0.0,0.5272559315136365,-0.5272559315136365
17->1,17,1,0.7285714285714286,0.0,0.48394525145437756,-0.48394525145437756
17->1,17,1,0.8142857142857143,0.0,0.4441922649080403,-0.4441922649080403
17->1,17,1,0.9,0.0,0.40770473025859444,-0.40770473025859444
17->1,17,1,0.9857142857142857,6.215177713736796,0.3742144116571816,5.840963302079614
17->1,17,1,1.0714285714285714,3.0307396733909644,0.34347510710290213,2.687264566288062
17->1,17,1,1.157142857142857,1.0614793467819412,0.3152608385040695,0.7462185082778717
17->1,17,1,1.2428571428571429,0.3938520653218052,0.28936419041427874,0.10448787490752648
17->1,17,1,1.3285714285714287,0.14889529298751214,0.2655947852306119,-0.11669949224309978
17->1,17,1,1.4142857142857141,0.1008645533141211,0.24377788364449285,-0.14291333033037174
17->1,17,1,1.5,0.05283381364072996,0.22375310005649293,-0.17091928641576298
17->1,17,1,1.5857142857142859,0.024015369836695503,0.2053732235115413,-0.1813578536748458
17->1,17,1,1.6714285714285715,0.009606147934678178,0.18850313548671466,-0.17889698755203648
17->1,17,1,1.7571428571428571,0.0,0.17301881657579302,-0.17301881657579302
17->1,17,1,1.842857142857143,0.009606147934678202,0.1588064347682837,-0.1492002868336055
17->1,17,1,1.9285714285714286,0.0,0.14576150862045373,-0.14576150862045373
17->1,17,1,2.0142857142857142,0.0,0.1337881391664733,-0.1337881391664733
17->1,17,1,2.0999999999999996,0.0,0.12279830492311432,-0.12279830492311432
17->1,17,1,2.185714285714286,0.0,0.11271121480527316,-0.11271121480527316
17->1,17,1,2.2714285714285714,0.0,0.10345271419531782,-0.10345271419531782
17->1,17,1,2.357142857142857,0.0,0.09495473980001322,-0.09495473980001322
17->1,17,1,2.442857142857143,0.004803073967339089,0.08715481928744107,-0.08235174532010198
17->1,17,1,2.5285714285714285,0.0,0.07999561202552476,-0.07999561202552476
17->1,17,1,2.6142857142857143,0.0,0.07342448754592751,-0.07342448754592751
17->1,17,1,2.7,0.0,0.06739313863442749,-0.06739313863442749
17->1,17,1,2.7857142857142856,0.0,0.061857226203427235,-0.061857226203427235
17->1,17,1,2.8714285714285714,0.0,0.05677605333590008,-0.05677605333590008
17->1,17,1,2.9571428571428573,0.0,0.052112266104527814,-0.052112266104527814
17->1,17,1,3.0428571428571427,0.1729106628242072,0.04783157896661976,0.12507908385758743
17->1,17,1,3.1285714285714286,0.1104707012487996,0.043902522716071216,0.06656817853272838
17->1,17,1,3.2142857142857144,0.10086455331412085,0.040296213139445945,0.060568340174674905
17->1,17,1,3.3,0.07204610951008633,0.0369861386754717,0.03505997083461463
17->1,17,1,3.385714285714286,0.048030739673390874,0.03394796551694117,0.014082774156449707
17->1,17,1,3.4714285714285715,0.024015369836695565,0.03115935872223703,-0.0071439888855414635
17->1,17,1,3.557142857142857,0.014409221902017265,0.0285998180213932,-0.014190596119375934
17->1,17,1,3.6428571428571432,0.0,0.026250527109631196,-0.026250527109631196
17->1,17,1,3.7285714285714286,0.009606147934678226,0.024094215320462204,-0.014488067385783978
17->1,17,1,3.814285714285714,0.009606147934678178,0.02211503066145294,-0.01250888272677476
17->1,17,1,3.9000000000000004,0.0,0.02029842327928616,-0.02029842327928616
17->1,17,1,3.9857142857142858,0.0,0.01863103849741608,-0.01863103849741608
17->1,17,1,4.071428571428571,0.0,0.017100618639991582,-0.017100618639991582
17->1,17,1,4.157142857142857,0.004803073967339064,0.01569591292031223,-0.010892838952973164
17->1,17,1,4.242857142857143,0.0,0.014406594731367297,-0.014406594731367297
17->1,17,1,4.328571428571429,0.0,0.013223185730424613,-0.013223185730424613
17->1,17,1,4.414285714285715,0.0,0.012136986159581541,-0.012136986159581541
17->1,17,1,4.5,0.0,0.011140010890034115,-0.011140010890034115
17->1,17,1,4.585714285714285,0.0,0.010224930719897714,-0.010224930719897714
17->1,17,1,4.671428571428572,0.0,0.009385018494033781,-0.009385018494033781
17->1,17,1,4.757142857142857,0.0,0.008614099649785918,-0.008614099649785918
17->1,17,1,4.842857142857143,0.0,0.007906506825065263,-0.007906506825065263
17->1,17,1,4.928571428571429,0.0,0.007257038195089519,-0.007257038195089519
17->1,17,1,5.014285714285714,0.0,0.0066609192314905025,-0.0066609192314905025
17->1,17,1,5.1,0.0,0.006113767602664896,-0.006113767602664896
17->1,17,1,5.185714285714286,0.0,0.005611560957335133,-0.005611560957335133
17->1,17,1,5.271428571428571,0.004803073967339113,0.005150607354483377,-0.00034753338714426426
17->1,17,1,5.357142857142858,0.014409221902017188,0.004727518122275987,0.009681703779741202
17->1,17,1,5.442857142857143,0.01440922190201734,0.0043391829464526546,0.010070038955564686
17->1,17,1,5.5285714285714285,0.004803073967339113,0.00398274700504392,0.0008203269622951929
17->1,17,1,5.614285714285714,0.004803073967339064,0.0036555899813244695,0.0011474839860145941
17->1,17,1,5.7,0.004803073967339113,0.0033553068007171737,0.0014477671666219393
17->1,17,1,5.785714285714286,0.0,0.0030796899500364562,-0.0030796899500364562
17->1,17,1,5.871428571428572,0.0,0.0028267132490919456,-0.0028267132490919456
17->1,17,1,5.957142857142857,0.0,0.0025945169553504453,-0.0025945169553504453
17->7,17,7,0.04285714285714286,0.0,0.9607229454284076,-0.9607229454284076
17->7,17,7,0.12857142857142856,0.0,0.8818057410347337,-0.8818057410347337
17->7,17,7,0.21428571428571427,0.0,0.8093710768769816,-0.8093710768769816
17->7,17,7,0.3,0.0,0.7428864540123261,-0.7428864540123261
17->7,17,7,0.38571428571428573,0.0,0.6818631148576237,-0.6818631148576237
17->7,17,7,0.4714285714285714,0.0,0.6258524501183417,-0.6258524501183417
17->7,17,7,0.5571428571428572,0.0,0.574442700865141,-0.574442700865141
17->7,17,7,0.6428571428571428,0.0,0.5272559315136365,-0.5272559315136365
17->7,17,7,0.7285714285714286,0.0,0.48394525145437756,-0.48394525145437756
17->7,17,7,0.8142857142857143,0.0,0.4441922649080403,-0.4441922649080403
17->7,17,7,0.9,0.0,0.40770473025859444,-0.40770473025859444
17->7,17,7,0.9857142857142857,0.0,0.3742144116571816,-0.3742144116571816
17->7,17,7,1.0714285714285714,0.0,0.34347510710290213,-0.34347510710290213
17->7,17,7,1.157142857142857,0.0,0.3152608385040695,-0.3152608385040695
17->7,17,7,1.2428571428571429,0.0,0.28936419041427874,-0.28936419041427874
17->7,17,7,1.3285714285714287,0.0,0.2655947852306119,-0.2655947852306119
17->7,17,7,1.4142857142857141,5.589225589225594,0.24377788364449285,5.345447705581101
17->7,17,7,1.5,2.7609427609427564,0.22375310005649293,2.5371896608862636
17->7,17,7,1.5857142857142859,1.1952861952861964,0.2053732235115413,0.9899129717746551
17->7,17,7,1.6714285714285715,0.47138047138047057,0.18850313548671466,0.2828773358937559
17->7,17,7,1.7571428571428571,0.26936026936026963,0.17301881657579302,0.09634145278447662
17->7,17,7,1.842857142857143,0.20202020202020224,0.1588064347682837,0.04321376725191853
17->7,17,7,1.9285714285714286,0.10942760942760926,0.14576150862045373,-0.036333899192844465
17->7,17,7,2.0142857142857142,0.05050505050505069,0.1337881391664733,-0.08328308866142262
17->7,17,7,2.0999999999999996,0.06734006734006723,0.12279830492311432,-0.05545823758304709
17->7,17,7,2.185714285714286,0.04208754208754202,0.11271121480527316,-0.07062367271773114
17->7,17,7,2.2714285714285714,0.016835016835016807,0.10345271419531782,-0.086617697360301
17->7,17,7,2.357142857142857,0.0,0.09495473980001322,-0.09495473980001322
17->7,17,7,2.442857142857143,0.008417508417508403,0.08715481928744107,-0.07873731086993266
17->7,17,7,2.5285714285714285,0.0,0.07999561202552476,-0.07999561202552476
17->7,17,7,2.6142857142857143,0.0,0.07342448754592751,-0.07342448754592751
17->7,17,7,2.7,0.008417508417508403,0.06739313863442749,-0.05897563021691908
17->7,17,7,2.7857142857142856,0.0,0.061857226203427235,-0.061857226203427235
17->7,17,7,2.8714285714285714,0.0,0.05677605333590008,-0.05677605333590008
17->7,17,7,2.9571428571428573,0.008417508417508403,0.052112266104527814,-0.043694757687019414
17->7,17,7,3.0428571428571427,0.0,0.04783157896661976,-0.04783157896661976
17->7,17,7,3.1285714285714286,0.0,0.043902522716071216,-0.043902522716071216
17->7,17,7,3.2142857142857144,0.0,0.040296213139445945,-0.040296213139445945
17->7,17,7,3.3,0.0,0.0369861386754717,-0.0369861386754717
17->7,17,7,3.385714285714286,0.0,0.03394796551694117,-0.03394796551694117
17->7,17,7,3.4714285714285715,0.23569023569023653,0.03115935872223703,0.20453087696799951
17->7,17,7,3.557142857142857,0.2104377104377101,0.0285998180213932,0.1818378924163169
17->7,17,7,3.6428571428571432,0.14309764309764286,0.026250527109631196,0.11684711598801167
17->7,17,7,3.7285714285714286,0.11784511784511827,0.024094215320462204,0.09375090252465607
17->7,17,7,3.814285714285714,0.02525252525252521,0.02211503066145294,0.003137494591072272
17->7,17,7,3.9000000000000004,0.04208754208754202,0.02029842327928616,0.02178911880825586
17->7,17,7,3.9857142857142858,0.0,0.01863103849741608,-0.01863103849741608
17->7,17,7,4.071428571428571,0.025252525252525346,0.017100618639991582,0.008151906612533764
17->7,17,7,4.157142857142857,0.0,0.01569591292031223,-0.01569591292031223
17->7,17,7,4.242857142857143,0.0,0.014406594731367297,-0.014406594731367297
17->7,17,7,4.328571428571429,0.0,0.013223185730424613,-0.013223185730424613
17->7,17,7,4.414285714285715,0.0,0.012136986159581541,-0.012136986159581541
17->7,17,7,4.5,0.0,0.011140010890034115,-0.011140010890034115
17->7,17,7,4.585714285714285,0.0,0.010224930719897714,-0.010224930719897714
17->7,17,7,4.671428571428572,0.0,0.009385018494033781,-0.009385018494033781
17->7,17,7,4.757142857142857,0.0,0.008614099649785918,-0.008614099649785918
17->7,17,7,4.842857142857143,0.00841750841750836,0.007906506825065263,0.0005110015924430968
17->7,17,7,4.928571428571429,0.0,0.007257038195089519,-0.007257038195089519
17->7,17,7,5.014285714285714,0.0,0.0066609192314905025,-0.0066609192314905025
17->7,17,7,5.1,0.0,0.006113767602664896,-0.006113767602664896
17->7,17,7,5.185714285714286,0.0,0.005611560957335133,-0.005611560957335133
17->7,17,7,5.271428571428571,0.0,0.005150607354483377,-0.005150607354483377
17->7,17,7,5.357142857142858,0.0,0.004727518122275987,-0.004727518122275987
17->7,17,7,5.442857142857143,0.0,0.0043391829464526546,-0.0043391829464526546
17->7,17,7,5.5285714285714285,0.0,0.00398274700504392,-0.00398274700504392
17->7,17,7,5.614285714285714,0.03367003367003344,0.0036555899813244695,0.03001444368870897
17->7,17,7,5.7,0.025252525252525346,0.0033553068007171737,0.02189721845180817
17->7,17,7,5.785714285714286,0.0,0.0030796899500364562,-0.0030796899500364562
17->7,17,7,5.871428571428572,0.0,0.0028267132490919456,-0.0028267132490919456
17->7,17,7,5.957142857142857,0.0,0.0025945169553504453,-0.0025945169553504453
17->11,17,11,0.04285714285714286,0.0,0.9607229454284076,-0.9607229454284076
17->11,17,11,0.12857142857142856,0.0,0.8818057410347337,-0.8818057410347337
17->11,17,11,0.21428571428571427,0.0,0.8093710768769816,-0.8093710768769816
17->11,17,11,0.3,0.0,0.7428864540123261,-0.7428864540123261
17->11,17,11,0.38571428571428573,0.0,0.6818631148576237,-0.6818631148576237
17->11,17,11,0.4714285714285714,0.0,0.6258524501183417,-0.6258524501183417
17->11,17,11,0.5571428571428572,0.0,0.574442700865141,-0.574442700865141
17->11,17,11,0.6428571428571428,0.0,0.5272559315136365,-0.5272559315136365
17->11,17,11,0.7285714285714286,0.0,0.48394525145437756,-0.48394525145437756
17->11,17,11,0.8142857142857143,0.0,0.4441922649080403,-0.4441922649080403
17->11,17,11,0.9,0.0,0.40770473025859444,-0.40770473025859444
17->11,17,11,0.9857142857142857,0.0,0.3742144116571816,-0.3742144116571816
17->11,17,11,1.0714285714285714,0.0,0.34347510710290213,-0.34347510710290213
17->11,17,11,1.157142857142857,0.0,0.3152608385040695,-0.3152608385040695
17->11,17,11,1.2428571428571429,0.0,0.28936419041427874,-0.28936419041427874
17->11,17,11,1.3285714285714287,0.0,0.2655947852306119,-0.2655947852306119
17->11,17,11,1.4142857142857141,0.0,0.24377788364449285,-0.24377788364449285
17->11,17,11,1.5,0.0,0.22375310005649293,-0.22375310005649293
17->11,17,11,1.5857142857142859,0.0,0.2053732235115413,-0.2053732235115413
17->11,17,11,1.6714285714285715,4.655913978494616,0.18850313548671466,4.467410843007901
17->11,17,11,1.7571428571428571,3.1720430107526916,0.17301881657579302,2.9990241941768985
17->11,17,11,1.842857142857143,1.3978494623655928,0.1588064347682837,1.239043027597309
17->11,17,11,1.9285714285714286,0.8602150537634394,0.14576150862045373,0.7144535451429856
17->11,17,11,2.0142857142857142,0.3548387096774206,0.1337881391664733,0.2210505705109473
17->11,17,11,2.0999999999999996,0.3010752688172038,0.12279830492311432,0.17827696389408948
17->11,17,11,2.185714285714286,0.08602150537634395,0.11271121480527316,-0.026689709428929204
17->11,17,11,2.2714285714285714,0.09677419354838694,0.10345271419531782,-0.006678520646930877
17->11,17,11,2.357142857142857,0.01075268817204305,0.09495473980001322,-0.08420205162797018
17->11,17,11,2.442857142857143,0.010752688172042994,0.08715481928744107,-0.07640213111539806
17->11,17,11,2.5285714285714285,0.0,0.07999561202552476,-0.07999561202552476
17->11,17,11,2.6142857142857143,0.0,0.07342448754592751,-0.07342448754592751
17->11,17,11,2.7,0.010752688172042994,0.06739313863442749,-0.056640450462384494
17->11,17,11,2.7857142857142856,0.010752688172042994,0.061857226203427235,-0.05110453803138424
17->11,17,11,2.8714285714285714,0.0,0.05677605333590008,-0.05677605333590008
17->11,17,11,2.9571428571428573,0.0,0.052112266104527814,-0.052112266104527814
17->11,17,11,3.0428571428571427,0.0,0.04783157896661976,-0.04783157896661976
17->11,17,11,3.1285714285714286,0.0,0.043902522716071216,-0.043902522716071216
17->11,17,11,3.2142857142857144,0.0,0.040296213139445945,-0.040296213139445945
17->11,17,11,3.3,0.0,0.0369861386754717,-0.0369861386754717
17->11,17,11,3.385714285714286,0.0,0.03394796551694117,-0.03394796551694117
17->11,17,11,3.4714285714285715,0.0,0.03115935872223703,-0.03115935872223703
17->11,17,11,3.557142857142857,0.0,0.0285998180213932,-0.0285998180213932
17->11,17,11,3.6428571428571432,0.0,0.026250527109631196,-0.026250527109631196
17->11,17,11,3.7285714285714286,0.1720430107526888,0.024094215320462204,0.14794879543222658
17->11,17,11,3.814285714285714,0.1505376344086019,0.02211503066145294,0.12842260374714898
17->11,17,11,3.9000000000000004,0.11827956989247292,0.02029842327928616,0.09798114661318676
17->11,17,11,3.9857142857142858,0.0860215053763444,0.01863103849741608,0.06739046687892832
17->11,17,11,4.071428571428571,0.0645161290322583,0.017100618639991582,0.04741551039226671
17->11,17,11,4.157142857142857,0.021505376344085878,0.01569591292031223,0.005809463423773649
17->11,17,11,4.242857142857143,0.0215053763440861,0.014406594731367297,0.007098781612718803
17->11,17,11,4.328571428571429,0.010752688172042939,0.013223185730424613,-0.0024704975583816745
17->11,17,11,4.414285714285715,0.0,0.012136986159581541,-0.012136986159581541
17->11,17,11,4.5,0.0215053763440861,0.011140010890034115,0.010365365454051985
17->11,17,11,4.585714285714285,0.0,0.010224930719897714,-0.010224930719897714
17->11,17,11,4.671428571428572,0.0,0.009385018494033781,-0.009385018494033781
17->11,17,11,4.757142857142857,0.0,0.008614099649785918,-0.008614099649785918
17->11,17,11,4.842857142857143,0.0,0.007906506825065263,-0.007906506825065263
17->11,17,11,4.928571428571429,0.0,0.007257038195089519,-0.007257038195089519
17->11,17,11,5.014285714285714,0.0,0.0066609192314905025,-0.0066609192314905025
17->11,17,11,5.1,0.0,0.006113767602664896,-0.006113767602664896
17->11,17,11,5.185714285714286,0.0,0.005611560957335133,-0.005611560957335133
17->11,17,11,5.271428571428571,0.0,0.005150607354483377,-0.005150607354483377
17->11,17,11,5.357142857142858,0.0,0.004727518122275987,-0.004727518122275987
17->11,17,11,5.442857142857143,0.0,0.0043391829464526546,-0.0043391829464526546
17->11,17,11,5.5285714285714285,0.0,0.00398274700504392,-0.00398274700504392
17->11,17,11,5.614285714285714,0.0,0.0036555899813244695,-0.0036555899813244695
17->11,17,11,5.7,0.0,0.0033553068007171737,-0.0033553068007171737
17->11,17,11,5.785714285714286,0.0,0.0030796899500364562,-0.0030796899500364562
17->11,17,11,5.871428571428572,0.0,0.0028267132490919456,-0.0028267132490919456
17->11,17,11,5.957142857142857,0.03225806451612915,0.0025945169553504453,0.029663547560778703
17->13,17,13,0.04285714285714286,0.0,0.9607229454284076,-0.9607229454284076
17->13,17,13,0.12857142857142856,0.0,0.8818057410347337,-0.8818057410347337
17->13,17,13,0.21428571428571427,0.0,0.8093710768769816,-0.8093710768769816
17->13,17,13,0.3,0.0,0.7428864540123261,-0.7428864540123261
17->13,17,13,0.38571428571428573,0.0,0.6818631148576237,-0.6818631148576237
17->13,17,13,0.4714285714285714,0.0,0.6258524501183417,-0.6258524501183417
17->13,17,13,0.5571428571428572,0.0,0.574442700865141,-0.574442700865141
17->13,17,13,0.6428571428571428,0.0,0.5272559315136365,-0.5272559315136365
17->13,17,13,0.7285714285714286,0.0,0.48394525145437756,-0.48394525145437756
17->13,17,13,0.8142857142857143,0.0,0.4441922649080403,-0.4441922649080403
17->13,17,13,0.9,0.0,0.40770473025859444,-0.40770473025859444
17->13,17,13,0.9857142857142857,0.0,0.3742144116571816,-0.3742144116571816
17->13,17,13,1.0714285714285714,0.0,0.34347510710290213,-0.34347510710290213
17->13,17,13,1.157142857142857,0.0,0.3152608385040695,-0.3152608385040695
17->13,17,13,1.2428571428571429,0.0,0.28936419041427874,-0.28936419041427874
17->13,17,13,1.3285714285714287,0.0,0.2655947852306119,-0.2655947852306119
17->13,17,13,1.4142857142857141,0.0,0.24377788364449285,-0.24377788364449285
17->13,17,13,1.5,0.0,0.22375310005649293,-0.22375310005649293
17->13,17,13,1.5857142857142859,0.0,0.2053732235115413,-0.2053732235115413
17->13,17,13,1.6714285714285715,0.0,0.18850313548671466,-0.18850313548671466
17->13,17,13,1.7571428571428571,0.617056170561706,0.17301881657579302,0.44403735398591304
17->13,17,13,1.842857142857143,5.2808528085280875,0.1588064347682837,5.122046373759804
17->13,17,13,1.9285714285714286,2.2673226732267278,0.14576150862045373,2.121561164606274
17->13,17,13,2.0142857142857142,1.1193111931119346,0.1337881391664733,0.9855230539454614
17->13,17,13,2.0999999999999996,0.7462074620746193,0.12279830492311432,0.623409157151505
17->13,17,13,2.185714285714286,0.3874538745387446,0.11271121480527316,0.27474265973347145
17->13,17,13,2.2714285714285714,0.2870028700286997,0.10345271419531782,0.18355015583338186
17->13,17,13,2.357142857142857,0.10045100451004542,0.09495473980001322,0.0054962647100322
17->13,17,13,2.442857142857143,0.0861008610086099,0.08715481928744107,-0.0010539582788311602
17->13,17,13,2.5285714285714285,0.014350143501434985,0.07999561202552476,-0.06564546852408977
17->13,17,13,2.6142857142857143,0.01435014350143506,0.07342448754592751,-0.05907434404449245
17->13,17,13,2.7,0.02870028700286997,0.06739313863442749,-0.038692851631557515
17->13,17,13,2.7857142857142856,0.014350143501434985,0.061857226203427235,-0.04750708270199225
17->13,17,13,2.8714285714285714,0.0,0.05677605333590008,-0.05677605333590008
17->13,17,13,2.9571428571428573,0.0,0.052112266104527814,-0.052112266104527814
17->13,17,13,3.0428571428571427,0.0,0.04783157896661976,-0.04783157896661976
17->13,17,13,3.1285714285714286,0.0,0.043902522716071216,-0.043902522716071216
17->13,17,13,3.2142857142857144,0.014350143501434985,0.040296213139445945,-0.02594606963801096
17->13,17,13,3.3,0.014350143501434985,0.0369861386754717,-0.022635995174036715
17->13,17,13,3.385714285714286,0.0,0.03394796551694117,-0.03394796551694117
17->13,17,13,3.4714285714285715,0.0,0.03115935872223703,-0.03115935872223703
17->13,17,13,3.557142857142857,0.0,0.0285998180213932,-0.0285998180213932
17->13,17,13,3.6428571428571432,0.0,0.026250527109631196,-0.026250527109631196
17->13,17,13,3.7285714285714286,0.0,0.024094215320462204,-0.024094215320462204
17->13,17,13,3.814285714285714,0.0,0.02211503066145294,-0.02211503066145294
17->13,17,13,3.9000000000000004,0.2583025830258297,0.02029842327928616,0.23800415974654354
17->13,17,13,3.9857142857142858,0.14350143501435061,0.01863103849741608,0.12487039651693453
17->13,17,13,4.071428571428571,0.08610086100861036,0.017100618639991582,0.06900024236861878
17->13,17,13,4.157142857142857,0.08610086100860945,0.01569591292031223,0.07040494808829723
17->13,17,13,4.242857142857143,0.04305043050430518,0.014406594731367297,0.028643835772937887
17->13,17,13,4.328571428571429,0.02870028700286982,0.013223185730424613,0.015477101272445207
17->13,17,13,4.414285714285715,0.0,0.012136986159581541,-0.012136986159581541
17->13,17,13,4.5,0.0,0.011140010890034115,-0.011140010890034115
17->13,17,13,4.585714285714285,0.01435014350143491,0.010224930719897714,0.004125212781537196
17->13,17,13,4.671428571428572,0.01435014350143506,0.009385018494033781,0.004965125007401278
17->13,17,13,4.757142857142857,0.0,0.008614099649785918,-0.008614099649785918
17->13,17,13,4.842857142857143,0.0,0.007906506825065263,-0.007906506825065263
17->13,17,13,4.928571428571429,0.0,0.007257038195089519,-0.007257038195089519
17->13,17,13,5.014285714285714,0.0,0.0066609192314905025,-0.0066609192314905025
17->13,17,13,5.1,0.0,0.006113767602664896,-0.006113767602664896
17->13,17,13,5.185714285714286,0.0,0.005611560957335133,-0.005611560957335133
17->13,17,13,5.271428571428571,0.0,0.005150607354483377,-0.005150607354483377
17->13,17,13,5.357142857142858,0.0,0.004727518122275987,-0.004727518122275987
17->13,17,13,5.442857142857143,0.0,0.0043391829464526546,-0.0043391829464526546
17->13,17,13,5.5285714285714285,0.0,0.00398274700504392,-0.00398274700504392
17->13,17,13,5.614285714285714,0.0,0.0036555899813244695,-0.0036555899813244695
17->13,17,13,5.7,0.0,0.0033553068007171737,-0.0033553068007171737
17->13,17,13,5.785714285714286,0.0,0.0030796899500364562,-0.0030796899500364562
17->13,17,13,5.871428571428572,0.0,0.0028267132490919456,-0.0028267132490919456
17->13,17,13,5.957142857142857,0.0,0.0025945169553504453,-0.0025945169553504453
17->17,17,17,0.04285714285714286,0.0,0.9607229454284076,-0.9607229454284076
17->17,17,17,0.12857142857142856,0.0,0.8818057410347337,-0.8818057410347337
17->17,17,17,0.21428571428571427,0.0,0.8093710768769816,-0.8093710768769816
17->17,17,17,0.3,0.0,0.7428864540123261,-0.7428864540123261
17->17,17,17,0.38571428571428573,0.0,0.6818631148576237,-0.6818631148576237
17->17,17,17,0.4714285714285714,0.0,0.6258524501183417,-0.6258524501183417
17->17,17,17,0.5571428571428572,0.0,0.574442700865141,-0.574442700865141
17->17,17,17,0.6428571428571428,0.0,0.5272559315136365,-0.5272559315136365
17->17,17,17,0.7285714285714286,0.0,0.48394525145437756,-0.48394525145437756
17->17,17,17,0.8142857142857143,0.0,0.4441922649080403,-0.4441922649080403
17->17,17,17,0.9,0.0,0.40770473025859444,-0.40770473025859444
17->17,17,17,0.9857142857142857,0.0,0.3742144116571816,-0.3742144116571816
17->17,17,17,1.0714285714285714,0.0,0.34347510710290213,-0.34347510710290213
17->17,17,17,1.157142857142857,0.0,0.3152608385040695,-0.3152608385040695
17->17,17,17,1.2428571428571429,0.0,0.28936419041427874,-0.28936419041427874
17->17,17,17,1.3285714285714287,0.0,0.2655947852306119,-0.2655947852306119
17->17,17,17,1.4142857142857141,0.0,0.24377788364449285,-0.24377788364449285
17->17,17,17,1.5,0.0,0.22375310005649293,-0.22375310005649293
17->17,17,17,1.5857142857142859,0.0,0.2053732235115413,-0.2053732235115413
17->17,17,17,1.6714285714285715,0.0,0.18850313548671466,-0.18850313548671466
17->17,17,17,1.7571428571428571,0.0,0.17301881657579302,-0.17301881657579302
17->17,17,17,1.842857142857143,0.0,0.1588064347682837,-0.1588064347682837
17->17,17,17,1.9285714285714286,0.0,0.14576150862045373,-0.14576150862045373
17->17,17,17,2.0142857142857142,0.0,0.1337881391664733,-0.1337881391664733
17->17,17,17,2.0999999999999996,4.62792127921279,0.12279830492311432,4.505122974289676
17->17,17,17,2.185714285714286,2.776752767527674,0.11271121480527316,2.664041552722401
17->17,17,17,2.2714285714285714,1.4421894218942182,0.10345271419531782,1.3387367076989003
17->17,17,17,2.357142857142857,0.8394833948339522,0.09495473980001322,0.744528655033939
17->17,17,17,2.442857142857143,0.47355473554735517,0.08715481928744107,0.3863999162599141
17->17,17,17,2.5285714285714285,0.3444034440344402,0.07999561202552476,0.26440783200891543
17->17,17,17,2.6142857142857143,0.1937269372693736,0.07342448754592751,0.12030244972344609
17->17,17,17,2.7,0.02152521525215251,0.06739313863442749,-0.04586792338227498
17->17,17,17,2.7857142857142856,0.04305043050430502,0.061857226203427235,-0.018806795699122213
17->17,17,17,2.8714285714285714,0.06457564575645787,0.05677605333590008,0.007799592420557791
17->17,17,17,2.9571428571428573,0.04305043050430502,0.052112266104527814,-0.009061835600222792
17->17,17,17,3.0428571428571427,0.06457564575645752,0.04783157896661976,0.01674406678983776
17->17,17,17,3.1285714285714286,0.043050430504305244,0.043902522716071216,-0.0008520922117659716
17->17,17,17,3.2142857142857144,0.0,0.040296213139445945,-0.040296213139445945
17->17,17,17,3.3,0.0,0.0369861386754717,-0.0369861386754717
17->17,17,17,3.385714285714286,0.02152521525215251,0.03394796551694117,-0.012422750264788656
17->17,17,17,3.4714285714285715,0.0,0.03115935872223703,-0.03115935872223703
17->17,17,17,3.557142857142857,0.0,0.0285998180213932,-0.0285998180213932
17->17,17,17,3.6428571428571432,0.0,0.026250527109631196,-0.026250527109631196
17->17,17,17,3.7285714285714286,0.0,0.024094215320462204,-0.024094215320462204
17->17,17,17,3.814285714285714,0.0,0.02211503066145294,-0.02211503066145294
17->17,17,17,3.9000000000000004,0.0,0.02029842327928616,-0.02029842327928616
17->17,17,17,3.9857142857142858,0.0,0.01863103849741608,-0.01863103849741608
17->17,17,17,4.071428571428571,0.0,0.017100618639991582,-0.017100618639991582
17->17,17,17,4.157142857142857,0.0861008610086096,0.01569591292031223,0.07040494808829736
17->17,17,17,4.242857142857143,0.23677736777367883,0.014406594731367297,0.22237077304231154
17->17,17,17,4.328571428571429,0.06457564575645719,0.013223185730424613,0.051352460026032574
17->17,17,17,4.414285714285715,0.10762607626076312,0.012136986159581541,0.09548909010118158
17->17,17,17,4.5,0.043050430504305244,0.011140010890034115,0.03191041961427113
17->17,17,17,4.585714285714285,0.0430504305043048,0.010224930719897714,0.03282549978440709
17->17,17,17,4.671428571428572,0.021525215252152622,0.009385018494033781,0.012140196758118841
17->17,17,17,4.757142857142857,0.0,0.008614099649785918,-0.008614099649785918
17->17,17,17,4.842857142857143,0.0215252152521524,0.007906506825065263,0.013618708427087137
17->17,17,17,4.928571428571429,0.021525215252152622,0.007257038195089519,0.014268177057063104
17->17,17,17,5.014285714285714,0.0,0.0066609192314905025,-0.0066609192314905025
17->17,17,17,5.1,0.0215252152521524,0.006113767602664896,0.015411447649487504
17->17,17,17,5.185714285714286,0.0,0.005611560957335133,-0.005611560957335133
17->17,17,17,5.271428571428571,0.0,0.005150607354483377,-0.005150607354483377
17->17,17,17,5.357142857142858,0.0,0.004727518122275987,-0.004727518122275987
17->17,17,17,5.442857142857143,0.0,0.0043391829464526546,-0.0043391829464526546
17->17,17,17,5.5285714285714285,0.0,0.00398274700504392,-0.00398274700504392
17->17,17,17,5.614285714285714,0.0,0.0036555899813244695,-0.0036555899813244695
17->17,17,17,5.7,0.0,0.0033553068007171737,-0.0033553068007171737
17->17,17,17,5.785714285714286,0.0,0.0030796899500364562,-0.0030796899500364562
17->17,17,17,5.871428571428572,0.0,0.0028267132490919456,-0.0028267132490919456
17->17,17,17,5.957142857142857,0.0,0.0025945169553504453,-0.0025945169553504453
17->19,17,19,0.04285714285714286,0.0,0.9607229454284076,-0.9607229454284076
17->19,17,19,0.12857142857142856,9.843953185955788,0.8818057410347337,8.962147444921055
17->19,17,19,0.21428571428571427,0.9579540528825319,0.8093710768769816,0.14858297600555026
17->19,17,19,0.3,0.036844386649328126,0.7428864540123261,-0.706042067362998
17->19,17,19,0.38571428571428573,0.008669267446900735,0.6818631148576237,-0.673193847410723
17->19,17,19,0.4714285714285714,0.0,0.6258524501183417,-0.6258524501183417
17->19,17,19,0.5571428571428572,0.0,0.574442700865141,-0.574442700865141
17->19,17,19,0.6428571428571428,0.0,0.5272559315136365,-0.5272559315136365
17->19,17,19,0.7285714285714286,0.0021673168617251837,0.48394525145437756,-0.4817779345926524
17->19,17,19,0.8142857142857143,0.0,0.4441922649080403,-0.4441922649080403
17->19,17,19,0.9,0.0,0.40770473025859444,-0.40770473025859444
17->19,17,19,0.9857142857142857,0.0,0.3742144116571816,-0.3742144116571816
17->19,17,19,1.0714285714285714,0.0,0.34347510710290213,-0.34347510710290213
17->19,17,19,1.157142857142857,0.0,0.3152608385040695,-0.3152608385040695
17->19,17,19,1.2428571428571429,0.0,0.28936419041427874,-0.28936419041427874
17->19,17,19,1.3285714285714287,0.0,0.2655947852306119,-0.2655947852306119
17->19,17,19,1.4142857142857141,0.0,0.24377788364449285,-0.24377788364449285
17->19,17,19,1.5,0.0,0.22375310005649293,-0.22375310005649293
17->19,17,19,1.5857142857142859,0.0,0.2053732235115413,-0.2053732235115413
17->19,17,19,1.6714285714285715,0.0,0.18850313548671466,-0.18850313548671466
17->19,17,19,1.7571428571428571,0.0,0.17301881657579302,-0.17301881657579302
17->19,17,19,1.842857142857143,0.0,0.1588064347682837,-0.1588064347682837
17->19,17,19,1.9285714285714286,0.0,0.14576150862045373,-0.14576150862045373
17->19,17,19,2.0142857142857142,0.0,0.1337881391664733,-0.1337881391664733
17->19,17,19,2.0999999999999996,0.0,0.12279830492311432,-0.12279830492311432
17->19,17,19,2.185714285714286,0.09752925877763315,0.11271121480527316,-0.015181956027640012
17->19,17,19,2.2714285714285714,0.29692241005634984,0.10345271419531782,0.19346969586103202
17->19,17,19,2.357142857142857,0.17555266579974058,0.09495473980001322,0.08059792599972736
17->19,17,19,2.442857142857143,0.09969657563935835,0.08715481928744107,0.012541756351917288
17->19,17,19,2.5285714285714285,0.04984828781967918,0.07999561202552476,-0.03014732420584558
17->19,17,19,2.6142857142857143,0.030342436064152694,0.07342448754592751,-0.04308205148177481
17->19,17,19,2.7,0.008669267446900724,0.06739313863442749,-0.05872387118752676
17->19,17,19,2.7857142857142856,0.004334633723450362,0.061857226203427235,-0.057522592479976875
17->19,17,19,2.8714285714285714,0.010836584308625961,0.05677605333590008,-0.04593946902727412
17->19,17,19,2.9571428571428573,0.006501950585175544,0.052112266104527814,-0.04561031551935227
17->19,17,19,3.0428571428571427,0.006501950585175544,0.04783157896661976,-0.04132962838144422
17->19,17,19,3.1285714285714286,0.0,0.043902522716071216,-0.043902522716071216
17->19,17,19,3.2142857142857144,0.0,0.040296213139445945,-0.040296213139445945
17->19,17,19,3.3,0.0,0.0369861386754717,-0.0369861386754717
17->19,17,19,3.385714285714286,0.0,0.03394796551694117,-0.03394796551694117
17->19,17,19,3.4714285714285715,0.0,0.03115935872223703,-0.03115935872223703
17->19,17,19,3.557142857142857,0.0,0.0285998180213932,-0.0285998180213932
17->19,17,19,3.6428571428571432,0.0,0.026250527109631196,-0.026250527109631196
17->19,17,19,3.7285714285714286,0.0,0.024094215320462204,-0.024094215320462204
17->19,17,19,3.814285714285714,0.0,0.02211503066145294,-0.02211503066145294
17->19,17,19,3.9000000000000004,0.0,0.02029842327928616,-0.02029842327928616
17->19,17,19,3.9857142857142858,0.0,0.01863103849741608,-0.01863103849741608
17->19,17,19,4.071428571428571,0.0,0.017100618639991582,-0.017100618639991582
17->19,17,19,4.157142857142857,0.0,0.01569591292031223,-0.01569591292031223
17->19,17,19,4.242857142857143,0.0021673168617251924,0.014406594731367297,-0.012239277869642105
17->19,17,19,4.328571428571429,0.00866926744690068,0.013223185730424613,-0.004553918283523934
17->19,17,19,4.414285714285715,0.010836584308625961,0.012136986159581541,-0.00130040185095558
17->19,17,19,4.5,0.0021673168617251924,0.011140010890034115,-0.008972694028308923
17->19,17,19,4.585714285714285,0.0,0.010224930719897714,-0.010224930719897714
17->19,17,19,4.671428571428572,0.0021673168617251924,0.009385018494033781,-0.007217701632308589
17->19,17,19,4.757142857142857,0.0021673168617251924,0.008614099649785918,-0.006446782788060726
17->19,17,19,4.842857142857143,0.0,0.007906506825065263,-0.007906506825065263
17->19,17,19,4.928571428571429,0.0021673168617251924,0.007257038195089519,-0.005089721333364326
17->19,17,19,5.014285714285714,0.0,0.0066609192314905025,-0.0066609192314905025
17->19,17,19,5.1,0.0,0.006113767602664896,-0.006113767602664896
17->19,17,19,5.185714285714286,0.0,0.005611560957335133,-0.005611560957335133
17->19,17,19,5.271428571428571,0.0,0.005150607354483377,-0.005150607354483377
17->19,17,19,5.357142857142858,0.0,0.004727518122275987,-0.004727518122275987
17->19,17,19,5.442857142857143,0.0,0.0043391829464526546,-0.0043391829464526546
17->19,17,19,5.5285714285714285,0.0,0.00398274700504392,-0.00398274700504392
17->19,17,19,5.614285714285714,0.0,0.0036555899813244695,-0.0036555899813244695
17->19,17,19,5.7,0.0,0.0033553068007171737,-0.0033553068007171737
17->19,17,19,5.785714285714286,0.0,0.0030796899500364562,-0.0030796899500364562
17->19,17,19,5.871428571428572,0.0,0.0028267132490919456,-0.0028267132490919456
17->19,17,19,5.957142857142857,0.0,0.0025945169553504453,-0.0025945169553504453
17->23,17,23,0.04285714285714286,0.0,0.9607229454284076,-0.9607229454284076
17->23,17,23,0.12857142857142856,0.0,0.8818057410347337,-0.8818057410347337
17->23,17,23,0.21428571428571427,0.0,0.8093710768769816,-0.8093710768769816
17->23,17,23,0.3,0.0,0.7428864540123261,-0.7428864540123261
17->23,17,23,0.38571428571428573,3.838484546360914,0.6818631148576237,3.1566214315032903
17->23,17,23,0.4714285714285714,6.092140245928883,0.6258524501183417,5.466287795810541
17->23,17,23,0.5571428571428572,0.7037221668328343,0.574442700865141,0.12927946596769324
17->23,17,23,0.6428571428571428,0.15412097042206702,0.5272559315136365,-0.37313496109156946
17->23,17,23,0.7285714285714286,0.04943502824858753,0.48394525145437756,-0.43451022320579
17->23,17,23,0.8142857142857143,0.017447657028913245,0.4441922649080403,-0.42674460787912705
17->23,17,23,0.9,0.014539714190761058,0.40770473025859444,-0.3931650160678334
17->23,17,23,0.9857142857142857,0.002907942838152212,0.3742144116571816,-0.3713064688190294
17->23,17,23,1.0714285714285714,0.002907942838152204,0.34347510710290213,-0.3405671642647499
17->23,17,23,1.157142857142857,0.002907942838152212,0.3152608385040695,-0.3123528956659173
17->23,17,23,1.2428571428571429,0.0,0.28936419041427874,-0.28936419041427874
17->23,17,23,1.3285714285714287,0.0,0.2655947852306119,-0.2655947852306119
17->23,17,23,1.4142857142857141,0.0,0.24377788364449285,-0.24377788364449285
17->23,17,23,1.5,0.0,0.22375310005649293,-0.22375310005649293
17->23,17,23,1.5857142857142859,0.002907942838152212,0.2053732235115413,-0.2024652806733891
17->23,17,23,1.6714285714285715,0.0,0.18850313548671466,-0.18850313548671466
17->23,17,23,1.7571428571428571,0.0,0.17301881657579302,-0.17301881657579302
17->23,17,23,1.842857142857143,0.0,0.1588064347682837,-0.1588064347682837
17->23,17,23,1.9285714285714286,0.0,0.14576150862045373,-0.14576150862045373
17->23,17,23,2.0142857142857142,0.0,0.1337881391664733,-0.1337881391664733
17->23,17,23,2.0999999999999996,0.0,0.12279830492311432,-0.12279830492311432
17->23,17,23,2.185714285714286,0.0,0.11271121480527316,-0.11271121480527316
17->23,17,23,2.2714285714285714,0.0,0.10345271419531782,-0.10345271419531782
17->23,17,23,2.357142857142857,0.0,0.09495473980001322,-0.09495473980001322
17->23,17,23,2.442857142857143,0.029079428381522037,0.08715481928744107,-0.058075390905919025
17->23,17,23,2.5285714285714285,0.299518112329677,0.07999561202552476,0.21952250030415227
17->23,17,23,2.6142857142857143,0.15993685609837202,0.07342448754592751,0.08651236855244451
17->23,17,23,2.7,0.11340977068793595,0.06739313863442749,0.04601663205350846
17->23,17,23,2.7857142857142856,0.06397474243934849,0.061857226203427235,0.0021175162359212546
17->23,17,23,2.8714285714285714,0.02907942838152219,0.05677605333590008,-0.02769662495437789
17->23,17,23,2.9571428571428573,0.008723828514456612,0.052112266104527814,-0.0433884375900712
17->23,17,23,3.0428571428571427,0.014539714190761019,0.04783157896661976,-0.03329186477585874
17->23,17,23,3.1285714285714286,0.014539714190761095,0.043902522716071216,-0.02936280852531012
17->23,17,23,3.2142857142857144,0.008723828514456612,0.040296213139445945,-0.03157238462498933
17->23,17,23,3.3,0.0,0.0369861386754717,-0.0369861386754717
17->23,17,23,3.385714285714286,0.002907942838152204,0.03394796551694117,-0.031040022678788963
17->23,17,23,3.4714285714285715,0.0,0.03115935872223703,-0.03115935872223703
17->23,17,23,3.557142857142857,0.005815885676304408,0.0285998180213932,-0.02278393234508879
17->23,17,23,3.6428571428571432,0.0,0.026250527109631196,-0.026250527109631196
17->23,17,23,3.7285714285714286,0.0,0.024094215320462204,-0.024094215320462204
17->23,17,23,3.814285714285714,0.0,0.02211503066145294,-0.02211503066145294
17->23,17,23,3.9000000000000004,0.0,0.02029842327928616,-0.02029842327928616
17->23,17,23,3.9857142857142858,0.0,0.01863103849741608,-0.01863103849741608
17->23,17,23,4.071428571428571,0.0,0.017100618639991582,-0.017100618639991582
17->23,17,23,4.157142857142857,0.0,0.01569591292031223,-0.01569591292031223
17->23,17,23,4.242857142857143,0.0,0.014406594731367297,-0.014406594731367297
17->23,17,23,4.328571428571429,0.0,0.013223185730424613,-0.013223185730424613
17->23,17,23,4.414285714285715,0.0,0.012136986159581541,-0.012136986159581541
17->23,17,23,4.5,0.0,0.011140010890034115,-0.011140010890034115
17->23,17,23,4.585714285714285,0.011631771352608757,0.010224930719897714,0.0014068406327110428
17->23,17,23,4.671428571428572,0.008723828514456659,0.009385018494033781,-0.0006611899795771221
17->23,17,23,4.757142857142857,0.0,0.008614099649785918,-0.008614099649785918
17->23,17,23,4.842857142857143,0.005815885676304379,0.007906506825065263,-0.0020906211487608847
17->23,17,23,4.928571428571429,0.0029079428381522192,0.007257038195089519,-0.0043490953569373
17->23,17,23,5.014285714285714,0.0,0.0066609192314905025,-0.0066609192314905025
17->23,17,23,5.1,0.0,0.006113767602664896,-0.006113767602664896
17->23,17,23,5.185714285714286,0.0029079428381522192,0.005611560957335133,-0.0027036181191829136
17->23,17,23,5.271428571428571,0.0,0.005150607354483377,-0.005150607354483377
17->23,17,23,5.357142857142858,0.0029079428381521893,0.004727518122275987,-0.0018195752841237978
17->23,17,23,5.442857142857143,0.0,0.0043391829464526546,-0.0043391829464526546
17->23,17,23,5.5285714285714285,0.0,0.00398274700504392,-0.00398274700504392
17->23,17,23,5.614285714285714,0.0,0.0036555899813244695,-0.0036555899813244695
17->23,17,23,5.7,0.0,0.0033553068007171737,-0.0033553068007171737
17->23,17,23,5.785714285714286,0.0,0.0030796899500364562,-0.0030796899500364562
17->23,17,23,5.871428571428572,0.0,0.0028267132490919456,-0.0028267132490919456
17->23,17,23,5.957142857142857,0.0,0.0025945169553504453,-0.0025945169553504453
17->29,17,29,0.04285714285714286,0.0,0.9607229454284076,-0.9607229454284076
17->29,17,29,0.12857142857142856,0.0,0.8818057410347337,-0.8818057410347337
17->29,17,29,0.21428571428571427,0.0,0.8093710768769816,-0.8093710768769816
17->29,17,29,0.3,0.0,0.7428864540123261,-0.7428864540123261
17->29,17,29,0.38571428571428573,0.0,0.6818631148576237,-0.6818631148576237
17->29,17,29,0.4714285714285714,0.0,0.6258524501183417,-0.6258524501183417
17->29,17,29,0.5571428571428572,0.0,0.574442700865141,-0.574442700865141
17->29,17,29,0.6428571428571428,0.0,0.5272559315136365,-0.5272559315136365
17->29,17,29,0.7285714285714286,0.0,0.48394525145437756,-0.48394525145437756
17->29,17,29,0.8142857142857143,4.045226130653263,0.4441922649080403,3.6010338657452223
17->29,17,29,0.9,4.686208821887215,0.40770473025859444,4.27850409162862
17->29,17,29,0.9857142857142857,1.332774986041318,0.3742144116571816,0.9585605743841364
17->29,17,29,1.0714285714285714,0.4533780011166936,0.34347510710290213,0.10990289401379144
17->29,17,29,1.157142857142857,0.17978782802903412,0.3152608385040695,-0.13547301047503538
17->29,17,29,1.2428571428571429,0.058626465661641404,0.28936419041427874,-0.23073772475263735
17->29,17,29,1.3285714285714287,0.019542155220547187,0.2655947852306119,-0.24605263001006472
17->29,17,29,1.4142857142857141,0.023450586264656622,0.24377788364449285,-0.22032729737983622
17->29,17,29,1.5,0.01563372417643771,0.22375310005649293,-0.20811937588005522
17->29,17,29,1.5857142857142859,0.003908431044109438,0.2053732235115413,-0.20146479246743187
17->29,17,29,1.6714285714285715,0.0039084310441094275,0.18850313548671466,-0.18459470444260523
17->29,17,29,1.7571428571428571,0.003908431044109438,0.17301881657579302,-0.1691103855316836
17->29,17,29,1.842857142857143,0.0,0.1588064347682837,-0.1588064347682837
17->29,17,29,1.9285714285714286,0.0039084310441094275,0.14576150862045373,-0.1418530775763443
17->29,17,29,2.0142857142857142,0.0,0.1337881391664733,-0.1337881391664733
17->29,17,29,2.0999999999999996,0.0,0.12279830492311432,-0.12279830492311432
17->29,17,29,2.185714285714286,0.0,0.11271121480527316,-0.11271121480527316
17->29,17,29,2.2714285714285714,0.0,0.10345271419531782,-0.10345271419531782
17->29,17,29,2.357142857142857,0.0,0.09495473980001322,-0.09495473980001322
17->29,17,29,2.442857142857143,0.0,0.08715481928744107,-0.08715481928744107
17->29,17,29,2.5285714285714285,0.0,0.07999561202552476,-0.07999561202552476
17->29,17,29,2.6142857142857143,0.0,0.07342448754592751,-0.07342448754592751
17->29,17,29,2.7,0.0,0.06739313863442749,-0.06739313863442749
17->29,17,29,2.7857142857142856,0.0,0.061857226203427235,-0.061857226203427235
17->29,17,29,2.8714285714285714,0.07035175879397006,0.05677605333590008,0.013575705458069978
17->29,17,29,2.9571428571428573,0.3048576214405353,0.052112266104527814,0.2527453553360075
17->29,17,29,3.0428571428571427,0.1328866554997205,0.04783157896661976,0.08505507653310074
17->29,17,29,3.1285714285714286,0.11334450027917398,0.043902522716071216,0.06944197756310276
17->29,17,29,3.2142857142857144,0.06253489670575084,0.040296213139445945,0.022238683566304894
17->29,17,29,3.3,0.0429927414852037,0.0369861386754717,0.0060066028097319965
17->29,17,29,3.385714285714286,0.0429927414852037,0.03394796551694117,0.00904477596826253
17->29,17,29,3.4714285714285715,0.007816862088218895,0.03115935872223703,-0.023342496634018134
17->29,17,29,3.557142857142857,0.01563372417643771,0.0285998180213932,-0.012966093844955489
17->29,17,29,3.6428571428571432,0.0039084310441094275,0.026250527109631196,-0.022342096065521767
17->29,17,29,3.7285714285714286,0.011725293132328342,0.024094215320462204,-0.012368922188133862
17->29,17,29,3.814285714285714,0.0,0.02211503066145294,-0.02211503066145294
17->29,17,29,3.9000000000000004,0.0,0.02029842327928616,-0.02029842327928616
17->29,17,29,3.9857142857142858,0.0,0.01863103849741608,-0.01863103849741608
17->29,17,29,4.071428571428571,0.0,0.017100618639991582,-0.017100618639991582
17->29,17,29,4.157142857142857,0.0,0.01569591292031223,-0.01569591292031223
17->29,17,29,4.242857142857143,0.0,0.014406594731367297,-0.014406594731367297
17->29,17,29,4.328571428571429,0.0,0.013223185730424613,-0.013223185730424613
17->29,17,29,4.414285714285715,0.0,0.012136986159581541,-0.012136986159581541
17->29,17,29,4.5,0.0,0.011140010890034115,-0.011140010890034115
17->29,17,29,4.585714285714285,0.0,0.010224930719897714,-0.010224930719897714
17->29,17,29,4.671428571428572,0.0,0.009385018494033781,-0.009385018494033781
17->29,17,29,4.757142857142857,0.0,0.008614099649785918,-0.008614099649785918
17->29,17,29,4.842857142857143,0.0,0.007906506825065263,-0.007906506825065263
17->29,17,29,4.928571428571429,0.0,0.007257038195089519,-0.007257038195089519
17->29,17,29,5.014285714285714,0.007816862088218895,0.0066609192314905025,0.0011559428567283923
17->29,17,29,5.1,0.007816862088218815,0.006113767602664896,0.0017030944855539187
17->29,17,29,5.185714285714286,0.007816862088218895,0.005611560957335133,0.002205301130883762
17->29,17,29,5.271428571428571,0.0,0.005150607354483377,-0.005150607354483377
17->29,17,29,5.357142857142858,0.0039084310441094075,0.004727518122275987,-0.0008190870781665796
17->29,17,29,5.442857142857143,0.0,0.0043391829464526546,-0.0043391829464526546
17->29,17,29,5.5285714285714285,0.0,0.00398274700504392,-0.00398274700504392
17->29,17,29,5.614285714285714,0.0,0.0036555899813244695,-0.0036555899813244695
17->29,17,29,5.7,0.0,0.0033553068007171737,-0.0033553068007171737
17->29,17,29,5.785714285714286,0.0,0.0030796899500364562,-0.0030796899500364562
17->29,17,29,5.871428571428572,0.0,0.0028267132490919456,-0.0028267132490919456
17->29,17,29,5.957142857142857,0.0,0.0025945169553504453,-0.0025945169553504453
19->1,19,1,0.04285714285714286,0.0,0.9607229454284076,-0.9607229454284076
19->1,19,1,0.12857142857142856,0.0,0.8818057410347337,-0.8818057410347337
19->1,19,1,0.21428571428571427,0.0,0.8093710768769816,-0.8093710768769816
19->1,19,1,0.3,0.0,0.7428864540123261,-0.7428864540123261
19->1,19,1,0.38571428571428573,0.0,0.6818631148576237,-0.6818631148576237
19->1,19,1,0.4714285714285714,0.0,0.6258524501183417,-0.6258524501183417
19->1,19,1,0.5571428571428572,0.0,0.574442700865141,-0.574442700865141
19->1,19,1,0.6428571428571428,0.0,0.5272559315136365,-0.5272559315136365
19->1,19,1,0.7285714285714286,0.0,0.48394525145437756,-0.48394525145437756
19->1,19,1,0.8142857142857143,4.0552374536881075,0.4441922649080403,3.611045188780067
19->1,19,1,0.9,4.632873021219268,0.40770473025859444,4.225168290960673
19->1,19,1,0.9857142857142857,1.3517458178960375,0.3742144116571816,0.9775314062388559
19->1,19,1,1.0714285714285714,0.40866734029414986,0.34347510710290213,0.06519223319124773
19->1,19,1,1.157142857142857,0.1964746828337264,0.3152608385040695,-0.11878615567034309
19->1,19,1,1.2428571428571429,0.11788480970023553,0.28936419041427874,-0.17147938071404323
19->1,19,1,1.3285714285714287,0.03929493656674528,0.2655947852306119,-0.22629984866386665
19->1,19,1,1.4142857142857141,0.011788480970023585,0.24377788364449285,-0.23198940267446927
19->1,19,1,1.5,0.019647468283372584,0.22375310005649293,-0.20410563177312036
19->1,19,1,1.5857142857142859,0.003929493656674528,0.2053732235115413,-0.20144372985486678
19->1,19,1,1.6714285714285715,0.003929493656674518,0.18850313548671466,-0.18457364183004013
19->1,19,1,1.7571428571428571,0.0,0.17301881657579302,-0.17301881657579302
19->1,19,1,1.842857142857143,0.003929493656674528,0.1588064347682837,-0.15487694111160918
19->1,19,1,1.9285714285714286,0.0,0.14576150862045373,-0.14576150862045373
19->1,19,1,2.0142857142857142,0.0,0.1337881391664733,-0.1337881391664733
19->1,19,1,2.0999999999999996,0.0,0.12279830492311432,-0.12279830492311432
19->1,19,1,2.185714285714286,0.0,0.11271121480527316,-0.11271121480527316
19->1,19,1,2.2714285714285714,0.003929493656674518,0.10345271419531782,-0.0995232205386433
19->1,19,1,2.357142857142857,0.0,0.09495473980001322,-0.09495473980001322
19->1,19,1,2.442857142857143,0.0,0.08715481928744107,-0.08715481928744107
19->1,19,1,2.5285714285714285,0.0,0.07999561202552476,-0.07999561202552476
19->1,19,1,2.6142857142857143,0.0,0.07342448754592751,-0.07342448754592751
19->1,19,1,2.7,0.0,0.06739313863442749,-0.06739313863442749
19->1,19,1,2.7857142857142856,0.0,0.061857226203427235,-0.061857226203427235
19->1,19,1,2.8714285714285714,0.09430784776018891,0.05677605333590008,0.037531794424288834
19->1,19,1,2.9571428571428573,0.25148759402716914,0.052112266104527814,0.19937532792264132
19->1,19,1,3.0428571428571427,0.16110923992365522,0.04783157896661976,0.11327766095703545
19->1,19,1,3.1285714285714286,0.08251936679016529,0.043902522716071216,0.038616844074094075
19->1,19,1,3.2142857142857144,0.07466037947681584,0.040296213139445945,0.03436416633736989
19->1,19,1,3.3,0.04715392388009421,0.0369861386754717,0.010167785204622512
19->1,19,1,3.385714285714286,0.02750645559672162,0.03394796551694117,-0.006441509920219548
19->1,19,1,3.4714285714285715,0.019647468283372688,0.03115935872223703,-0.011511890438864341
19->1,19,1,3.557142857142857,0.0,0.0285998180213932,-0.0285998180213932
19->1,19,1,3.6428571428571432,0.003929493656674518,0.026250527109631196,-0.022321033452956676
19->1,19,1,3.7285714285714286,0.0,0.024094215320462204,-0.024094215320462204
19->1,19,1,3.814285714285714,0.003929493656674518,0.02211503066145294,-0.018185537004778422
19->1,19,1,3.9000000000000004,0.003929493656674518,0.02029842327928616,-0.01636892962261164
19->1,19,1,3.9857142857142858,0.0,0.01863103849741608,-0.01863103849741608
19->1,19,1,4.071428571428571,0.0,0.017100618639991582,-0.017100618639991582
19->1,19,1,4.157142857142857,0.0,0.01569591292031223,-0.01569591292031223
19->1,19,1,4.242857142857143,0.0,0.014406594731367297,-0.014406594731367297
19->1,19,1,4.328571428571429,0.0,0.013223185730424613,-0.013223185730424613
19->1,19,1,4.414285714285715,0.0,0.012136986159581541,-0.012136986159581541
19->1,19,1,4.5,0.0,0.011140010890034115,-0.011140010890034115
19->1,19,1,4.585714285714285,0.0,0.010224930719897714,-0.010224930719897714
19->1,19,1,4.671428571428572,0.0,0.009385018494033781,-0.009385018494033781
19->1,19,1,4.757142857142857,0.0,0.008614099649785918,-0.008614099649785918
19->1,19,1,4.842857142857143,0.0,0.007906506825065263,-0.007906506825065263
19->1,19,1,4.928571428571429,0.0,0.007257038195089519,-0.007257038195089519
19->1,19,1,5.014285714285714,0.01571797462669815,0.0066609192314905025,0.00905705539520765
19->1,19,1,5.1,0.007858987313348996,0.006113767602664896,0.0017452197106840994
19->1,19,1,5.185714285714286,0.011788480970023614,0.005611560957335133,0.006176920012688481
19->1,19,1,5.271428571428571,0.003929493656674538,0.005150607354483377,-0.0012211136978088396
19->1,19,1,5.357142857142858,0.003929493656674498,0.004727518122275987,-0.0007980244656014893
19->1,19,1,5.442857142857143,0.003929493656674538,0.0043391829464526546,-0.00040968928977811684
19->1,19,1,5.5285714285714285,0.0,0.00398274700504392,-0.00398274700504392
19->1,19,1,5.614285714285714,0.0,0.0036555899813244695,-0.0036555899813244695
19->1,19,1,5.7,0.0,0.0033553068007171737,-0.0033553068007171737
19->1,19,1,5.785714285714286,0.0,0.0030796899500364562,-0.0030796899500364562
19->1,19,1,5.871428571428572,0.0,0.0028267132490919456,-0.0028267132490919456
19->1,19,1,5.957142857142857,0.0,0.0025945169553504453,-0.0025945169553504453
19->7,19,7,0.04285714285714286,0.0,0.9607229454284076,-0.9607229454284076
19->7,19,7,0.12857142857142856,0.0,0.8818057410347337,-0.8818057410347337
19->7,19,7,0.21428571428571427,0.0,0.8093710768769816,-0.8093710768769816
19->7,19,7,0.3,0.0,0.7428864540123261,-0.7428864540123261
19->7,19,7,0.38571428571428573,0.0,0.6818631148576237,-0.6818631148576237
19->7,19,7,0.4714285714285714,0.0,0.6258524501183417,-0.6258524501183417
19->7,19,7,0.5571428571428572,0.0,0.574442700865141,-0.574442700865141
19->7,19,7,0.6428571428571428,0.0,0.5272559315136365,-0.5272559315136365
19->7,19,7,0.7285714285714286,0.0,0.48394525145437756,-0.48394525145437756
19->7,19,7,0.8142857142857143,0.0,0.4441922649080403,-0.4441922649080403
19->7,19,7,0.9,0.0,0.40770473025859444,-0.40770473025859444
19->7,19,7,0.9857142857142857,0.0,0.3742144116571816,-0.3742144116571816
19->7,19,7,1.0714285714285714,0.0,0.34347510710290213,-0.34347510710290213
19->7,19,7,1.157142857142857,0.0,0.3152608385040695,-0.3152608385040695
19->7,19,7,1.2428571428571429,4.186378124475753,0.28936419041427874,3.897013934061474
19->7,19,7,1.3285714285714287,3.9045462170776766,0.2655947852306119,3.638951431847065
19->7,19,7,1.4142857142857141,1.6146619694682118,0.24377788364449285,1.370884085823719
19->7,19,7,1.5,0.6458647877872831,0.22375310005649293,0.4221116877307901
19->7,19,7,1.5857142857142859,0.29944640161046837,0.2053732235115413,0.09407317809892707
19->7,19,7,1.6714285714285715,0.1644019459822175,0.18850313548671466,-0.02410118950449716
19->7,19,7,1.7571428571428571,0.09394396913269598,0.17301881657579302,-0.07907484744309703
19->7,19,7,1.842857142857143,0.05284348263714148,0.1588064347682837,-0.10596295213114224
19->7,19,7,1.9285714285714286,0.011742996141586966,0.14576150862045373,-0.13401851247886676
19->7,19,7,2.0142857142857142,0.029357490353967567,0.1337881391664733,-0.10443064881250574
19->7,19,7,2.0999999999999996,0.017614494212380448,0.12279830492311432,-0.10518381071073388
19->7,19,7,2.185714285714286,0.011742996141586966,0.11271121480527316,-0.10096821866368619
19->7,19,7,2.2714285714285714,0.0,0.10345271419531782,-0.10345271419531782
19->7,19,7,2.357142857142857,0.0,0.09495473980001322,-0.09495473980001322
19->7,19,7,2.442857142857143,0.005871498070793483,0.08715481928744107,-0.08128332121664758
19->7,19,7,2.5285714285714285,0.0,0.07999561202552476,-0.07999561202552476
19->7,19,7,2.6142857142857143,0.005871498070793514,0.07342448754592751,-0.067552989475134
19->7,19,7,2.7,0.0,0.06739313863442749,-0.06739313863442749
19->7,19,7,2.7857142857142856,0.0,0.061857226203427235,-0.061857226203427235
19->7,19,7,2.8714285714285714,0.0,0.05677605333590008,-0.05677605333590008
19->7,19,7,2.9571428571428573,0.0,0.052112266104527814,-0.052112266104527814
19->7,19,7,3.0428571428571427,0.0,0.04783157896661976,-0.04783157896661976
19->7,19,7,3.1285714285714286,0.0,0.043902522716071216,-0.043902522716071216
19->7,19,7,3.2142857142857144,0.0,0.040296213139445945,-0.040296213139445945
19->7,19,7,3.3,0.11742996141586966,0.0369861386754717,0.08044382274039796
19->7,19,7,3.385714285714286,0.14091595369904358,0.03394796551694117,0.10696798818210242
19->7,19,7,3.4714285714285715,0.10568696527428324,0.03115935872223703,0.07452760655204621
19->7,19,7,3.557142857142857,0.0645864787787283,0.0285998180213932,0.03598666075733511
19->7,19,7,3.6428571428571432,0.017614494212380448,0.026250527109631196,-0.008636032897250748
19->7,19,7,3.7285714285714286,0.011742996141587027,0.024094215320462204,-0.012351219178875177
19->7,19,7,3.814285714285714,0.035228988424760896,0.02211503066145294,0.013113957763307958
19->7,19,7,3.9000000000000004,0.011742996141586966,0.02029842327928616,-0.008555427137699193
19->7,19,7,3.9857142857142858,0.011742996141587027,0.01863103849741608,-0.0068880423558290525
19->7,19,7,4.071428571428571,0.005871498070793514,0.017100618639991582,-0.01122912056919807
19->7,19,7,4.157142857142857,0.005871498070793453,0.01569591292031223,-0.009824414849518775
19->7,19,7,4.242857142857143,0.011742996141587027,0.014406594731367297,-0.0026635985897802694
19->7,19,7,4.328571428571429,0.0,0.013223185730424613,-0.013223185730424613
19->7,19,7,4.414285714285715,0.0,0.012136986159581541,-0.012136986159581541
19->7,19,7,4.5,0.0,0.011140010890034115,-0.011140010890034115
19->7,19,7,4.585714285714285,0.0,0.010224930719897714,-0.010224930719897714
19->7,19,7,4.671428571428572,0.0,0.009385018494033781,-0.009385018494033781
19->7,19,7,4.757142857142857,0.0,0.008614099649785918,-0.008614099649785918
19->7,19,7,4.842857142857143,0.0,0.007906506825065263,-0.007906506825065263
19->7,19,7,4.928571428571429,0.0,0.007257038195089519,-0.007257038195089519
19->7,19,7,5.014285714285714,0.0,0.0066609192314905025,-0.0066609192314905025
19->7,19,7,5.1,0.0,0.006113767602664896,-0.006113767602664896
19->7,19,7,5.185714285714286,0.0,0.005611560957335133,-0.005611560957335133
19->7,19,7,5.271428571428571,0.0,0.005150607354483377,-0.005150607354483377
19->7,19,7,5.357142857142858,0.005871498070793453,0.004727518122275987,0.0011439799485174658
19->7,19,7,5.442857142857143,0.03522898842476108,0.0043391829464526546,0.030889805478308427
19->7,19,7,5.5285714285714285,0.011742996141587027,0.00398274700504392,0.007760249136543107
19->7,19,7,5.614285714285714,0.005871498070793453,0.0036555899813244695,0.0022159080894689834
19->7,19,7,5.7,0.011742996141587027,0.0033553068007171737,0.008387689340869853
19->7,19,7,5.785714285714286,0.011742996141587027,0.0030796899500364562,0.008663306191550571
19->7,19,7,5.871428571428572,0.0,0.0028267132490919456,-0.0028267132490919456
19->7,19,7,5.957142857142857,0.0,0.0025945169553504453,-0.0025945169553504453
19->11,19,11,0.04285714285714286,0.0,0.9607229454284076,-0.9607229454284076
19->11,19,11,0.12857142857142856,0.0,0.8818057410347337,-0.8818057410347337
19->11,19,11,0.21428571428571427,0.0,0.8093710768769816,-0.8093710768769816
19->11,19,11,0.3,0.0,0.7428864540123261,-0.7428864540123261
19->11,19,11,0.38571428571428573,0.0,0.6818631148576237,-0.6818631148576237
19->11,19,11,0.4714285714285714,0.0,0.6258524501183417,-0.6258524501183417
19->11,19,11,0.5571428571428572,0.0,0.574442700865141,-0.574442700865141
19->11,19,11,0.6428571428571428,0.0,0.5272559315136365,-0.5272559315136365
19->11,19,11,0.7285714285714286,0.0,0.48394525145437756,-0.48394525145437756
19->11,19,11,0.8142857142857143,0.0,0.4441922649080403,-0.4441922649080403
19->11,19,11,0.9,0.0,0.40770473025859444,-0.40770473025859444
19->11,19,11,0.9857142857142857,0.0,0.3742144116571816,-0.3742144116571816
19->11,19,11,1.0714285714285714,0.0,0.34347510710290213,-0.34347510710290213
19->11,19,11,1.157142857142857,0.0,0.3152608385040695,-0.3152608385040695
19->11,19,11,1.2428571428571429,0.0,0.28936419041427874,-0.28936419041427874
19->11,19,11,1.3285714285714287,0.0,0.2655947852306119,-0.2655947852306119
19->11,19,11,1.4142857142857141,0.0,0.24377788364449285,-0.24377788364449285
19->11,19,11,1.5,2.195619896065327,0.22375310005649293,1.971866796008834
19->11,19,11,1.5857142857142859,4.501670378619158,0.2053732235115413,4.296297155107617
19->11,19,11,1.6714285714285715,2.0981811432813626,0.18850313548671466,1.909678007794648
19->11,19,11,1.7571428571428571,0.9548997772828517,0.17301881657579302,0.7818809607070587
19->11,19,11,1.842857142857143,0.5586488492947296,0.1588064347682837,0.39984241452644587
19->11,19,11,1.9285714285714286,0.31829992576094973,0.14576150862045373,0.172538417140496
19->11,19,11,2.0142857142857142,0.1883815887156651,0.1337881391664733,0.05459344954919179
19->11,19,11,2.0999999999999996,0.13641425389754988,0.12279830492311432,0.013615948974435563
19->11,19,11,2.185714285714286,0.05196733481811425,0.11271121480527316,-0.06074387998715891
19->11,19,11,2.2714285714285714,0.019487750556792843,0.10345271419531782,-0.08396496363852497
19->11,19,11,2.357142857142857,0.02598366740905726,0.09495473980001322,-0.06897107239095596
19->11,19,11,2.442857142857143,0.019487750556792843,0.08715481928744107,-0.06766706873064822
19->11,19,11,2.5285714285714285,0.006495916852264281,0.07999561202552476,-0.07349969517326048
19->11,19,11,2.6142857142857143,0.0,0.07342448754592751,-0.07342448754592751
19->11,19,11,2.7,0.019487750556792843,0.06739313863442749,-0.04790538807763464
19->11,19,11,2.7857142857142856,0.0,0.061857226203427235,-0.061857226203427235
19->11,19,11,2.8714285714285714,0.0,0.05677605333590008,-0.05677605333590008
19->11,19,11,2.9571428571428573,0.0,0.052112266104527814,-0.052112266104527814
19->11,19,11,3.0428571428571427,0.0,0.04783157896661976,-0.04783157896661976
19->11,19,11,3.1285714285714286,0.006495916852264315,0.043902522716071216,-0.037406605863806904
19->11,19,11,3.2142857142857144,0.0,0.040296213139445945,-0.040296213139445945
19->11,19,11,3.3,0.0,0.0369861386754717,-0.0369861386754717
19->11,19,11,3.385714285714286,0.0,0.03394796551694117,-0.03394796551694117
19->11,19,11,3.4714285714285715,0.0,0.03115935872223703,-0.03115935872223703
19->11,19,11,3.557142857142857,0.025983667409057123,0.0285998180213932,-0.0026161506123360753
19->11,19,11,3.6428571428571432,0.20137342242019268,0.026250527109631196,0.1751228953105615
19->11,19,11,3.7285714285714286,0.11043058648849333,0.024094215320462204,0.08633637116803113
19->11,19,11,3.814285714285714,0.07145508537490708,0.02211503066145294,0.04934005471345414
19->11,19,11,3.9000000000000004,0.058463251670378524,0.02029842327928616,0.038164828391092365
19->11,19,11,3.9857142857142858,0.02598366740905726,0.01863103849741608,0.007352628911641179
19->11,19,11,4.071428571428571,0.02598366740905726,0.017100618639991582,0.008883048769065677
19->11,19,11,4.157142857142857,0.0,0.01569591292031223,-0.01569591292031223
19->11,19,11,4.242857142857143,0.0,0.014406594731367297,-0.014406594731367297
19->11,19,11,4.328571428571429,0.006495916852264247,0.013223185730424613,-0.006727268878160366
19->11,19,11,4.414285714285715,0.0,0.012136986159581541,-0.012136986159581541
19->11,19,11,4.5,0.0,0.011140010890034115,-0.011140010890034115
19->11,19,11,4.585714285714285,0.0,0.010224930719897714,-0.010224930719897714
19->11,19,11,4.671428571428572,0.006495916852264315,0.009385018494033781,-0.0028891016417694664
19->11,19,11,4.757142857142857,0.0,0.008614099649785918,-0.008614099649785918
19->11,19,11,4.842857142857143,0.006495916852264247,0.007906506825065263,-0.0014105899728010162
19->11,19,11,4.928571428571429,0.0,0.007257038195089519,-0.007257038195089519
19->11,19,11,5.014285714285714,0.0,0.0066609192314905025,-0.0066609192314905025
19->11,19,11,5.1,0.0,0.006113767602664896,-0.006113767602664896
19->11,19,11,5.185714285714286,0.0,0.005611560957335133,-0.005611560957335133
19->11,19,11,5.271428571428571,0.006495916852264315,0.005150607354483377,0.0013453094977809374
19->11,19,11,5.357142857142858,0.0,0.004727518122275987,-0.004727518122275987
19->11,19,11,5.442857142857143,0.0,0.0043391829464526546,-0.0043391829464526546
19->11,19,11,5.5285714285714285,0.0,0.00398274700504392,-0.00398274700504392
19->11,19,11,5.614285714285714,0.0,0.0036555899813244695,-0.0036555899813244695
19->11,19,11,5.7,0.006495916852264315,0.0033553068007171737,0.003140610051547141
19->11,19,11,5.785714285714286,0.0,0.0030796899500364562,-0.0030796899500364562
19->11,19,11,5.871428571428572,0.012991833704528494,0.0028267132490919456,0.01016512045543655
19->11,19,11,5.957142857142857,0.0,0.0025945169553504453,-0.0025945169553504453
19->13,19,13,0.04285714285714286,0.0,0.9607229454284076,-0.9607229454284076
19->13,19,13,0.12857142857142856,0.0,0.8818057410347337,-0.8818057410347337
19->13,19,13,0.21428571428571427,0.0,0.8093710768769816,-0.8093710768769816
19->13,19,13,0.3,0.0,0.7428864540123261,-0.7428864540123261
19->13,19,13,0.38571428571428573,0.0,0.6818631148576237,-0.6818631148576237
19->13,19,13,0.4714285714285714,0.0,0.6258524501183417,-0.6258524501183417
19->13,19,13,0.5571428571428572,0.0,0.574442700865141,-0.574442700865141
19->13,19,13,0.6428571428571428,0.0,0.5272559315136365,-0.5272559315136365
19->13,19,13,0.7285714285714286,0.0,0.48394525145437756,-0.48394525145437756
19->13,19,13,0.8142857142857143,0.0,0.4441922649080403,-0.4441922649080403
19->13,19,13,0.9,0.0,0.40770473025859444,-0.40770473025859444
19->13,19,13,0.9857142857142857,0.0,0.3742144116571816,-0.3742144116571816
19->13,19,13,1.0714285714285714,0.0,0.34347510710290213,-0.34347510710290213
19->13,19,13,1.157142857142857,0.0,0.3152608385040695,-0.3152608385040695
19->13,19,13,1.2428571428571429,0.0,0.28936419041427874,-0.28936419041427874
19->13,19,13,1.3285714285714287,0.0,0.2655947852306119,-0.2655947852306119
19->13,19,13,1.4142857142857141,0.0,0.24377788364449285,-0.24377788364449285
19->13,19,13,1.5,0.0,0.22375310005649293,-0.22375310005649293
19->13,19,13,1.5857142857142859,0.0,0.2053732235115413,-0.2053732235115413
19->13,19,13,1.6714285714285715,4.510254055708596,0.18850313548671466,4.321750920221881
19->13,19,13,1.7571428571428571,3.4282216100397966,0.17301881657579302,3.2552027934640035
19->13,19,13,1.842857142857143,1.360575451484544,0.1588064347682837,1.2017690167162605
19->13,19,13,1.9285714285714286,0.5570860116314655,0.14576150862045373,0.4113245030110118
19->13,19,13,2.0142857142857142,0.492806856443222,0.1337881391664733,0.35901871727674867
19->13,19,13,2.0999999999999996,0.20355065809611236,0.12279830492311432,0.08075235317299805
19->13,19,13,2.185714285714286,0.1499846954392407,0.11271121480527316,0.03727348063396754
19->13,19,13,2.2714285714285714,0.05356596265687168,0.10345271419531782,-0.04988675153844614
19->13,19,13,2.357142857142857,0.021426385062748785,0.09495473980001322,-0.07352835473726443
19->13,19,13,2.442857142857143,0.010713192531374337,0.08715481928744107,-0.07644162675606672
19->13,19,13,2.5285714285714285,0.021426385062748673,0.07999561202552476,-0.05856922696277608
19->13,19,13,2.6142857142857143,0.0,0.07342448754592751,-0.07342448754592751
19->13,19,13,2.7,0.021426385062748673,0.06739313863442749,-0.045966753571678814
19->13,19,13,2.7857142857142856,0.0,0.061857226203427235,-0.061857226203427235
19->13,19,13,2.8714285714285714,0.010713192531374392,0.05677605333590008,-0.046062860804525686
19->13,19,13,2.9571428571428573,0.0,0.052112266104527814,-0.052112266104527814
19->13,19,13,3.0428571428571427,0.0,0.04783157896661976,-0.04783157896661976
19->13,19,13,3.1285714285714286,0.010713192531374392,0.043902522716071216,-0.03318933018469682
19->13,19,13,3.2142857142857144,0.010713192531374337,0.040296213139445945,-0.02958302060807161
19->13,19,13,3.3,0.0,0.0369861386754717,-0.0369861386754717
19->13,19,13,3.385714285714286,0.0,0.03394796551694117,-0.03394796551694117
19->13,19,13,3.4714285714285715,0.0,0.03115935872223703,-0.03115935872223703
19->13,19,13,3.557142857142857,0.0,0.0285998180213932,-0.0285998180213932
19->13,19,13,3.6428571428571432,0.0,0.026250527109631196,-0.026250527109631196
19->13,19,13,3.7285714285714286,0.16069788797061588,0.024094215320462204,0.13660367265015366
19->13,19,13,3.814285714285714,0.1714110805019894,0.02211503066145294,0.14929604984053646
19->13,19,13,3.9000000000000004,0.10713192531374335,0.02029842327928616,0.0868335020344572
19->13,19,13,3.9857142857142858,0.09641873278236951,0.01863103849741608,0.07778769428495343
19->13,19,13,4.071428571428571,0.04285277012549757,0.017100618639991582,0.025752151485505987
19->13,19,13,4.157142857142857,0.053565962656871406,0.01569591292031223,0.03787004973655918
19->13,19,13,4.242857142857143,0.03213957759412318,0.014406594731367297,0.017732982862755882
19->13,19,13,4.328571428571429,0.042852770125497125,0.013223185730424613,0.02962958439507251
19->13,19,13,4.414285714285715,0.021426385062748785,0.012136986159581541,0.009289398903167243
19->13,19,13,4.5,0.0,0.011140010890034115,-0.011140010890034115
19->13,19,13,4.585714285714285,0.021426385062748562,0.010224930719897714,0.011201454342850848
19->13,19,13,4.671428571428572,0.010713192531374392,0.009385018494033781,0.0013281740373406112
19->13,19,13,4.757142857142857,0.010713192531374392,0.008614099649785918,0.0020990928815884744
19->13,19,13,4.842857142857143,0.0,0.007906506825065263,-0.007906506825065263
19->13,19,13,4.928571428571429,0.0,0.007257038195089519,-0.007257038195089519
19->13,19,13,5.014285714285714,0.0,0.0066609192314905025,-0.0066609192314905025
19->13,19,13,5.1,0.010713192531374281,0.006113767602664896,0.004599424928709385
19->13,19,13,5.185714285714286,0.0,0.005611560957335133,-0.005611560957335133
19->13,19,13,5.271428571428571,0.0,0.005150607354483377,-0.005150607354483377
19->13,19,13,5.357142857142858,0.0,0.004727518122275987,-0.004727518122275987
19->13,19,13,5.442857142857143,0.0,0.0043391829464526546,-0.0043391829464526546
19->13,19,13,5.5285714285714285,0.0,0.00398274700504392,-0.00398274700504392
19->13,19,13,5.614285714285714,0.0,0.0036555899813244695,-0.0036555899813244695
19->13,19,13,5.7,0.0,0.0033553068007171737,-0.0033553068007171737
19->13,19,13,5.785714285714286,0.0,0.0030796899500364562,-0.0030796899500364562
19->13,19,13,5.871428571428572,0.021426385062748562,0.0028267132490919456,0.018599671813656616
19->13,19,13,5.957142857142857,0.0,0.0025945169553504453,-0.0025945169553504453
19->17,19,17,0.04285714285714286,0.0,0.9607229454284076,-0.9607229454284076
19->17,19,17,0.12857142857142856,0.0,0.8818057410347337,-0.8818057410347337
19->17,19,17,0.21428571428571427,0.0,0.8093710768769816,-0.8093710768769816
19->17,19,17,0.3,0.0,0.7428864540123261,-0.7428864540123261
19->17,19,17,0.38571428571428573,0.0,0.6818631148576237,-0.6818631148576237
19->17,19,17,0.4714285714285714,0.0,0.6258524501183417,-0.6258524501183417
19->17,19,17,0.5571428571428572,0.0,0.574442700865141,-0.574442700865141
19->17,19,17,0.6428571428571428,0.0,0.5272559315136365,-0.5272559315136365
19->17,19,17,0.7285714285714286,0.0,0.48394525145437756,-0.48394525145437756
19->17,19,17,0.8142857142857143,0.0,0.4441922649080403,-0.4441922649080403
19->17,19,17,0.9,0.0,0.40770473025859444,-0.40770473025859444
19->17,19,17,0.9857142857142857,0.0,0.3742144116571816,-0.3742144116571816
19->17,19,17,1.0714285714285714,0.0,0.34347510710290213,-0.34347510710290213
19->17,19,17,1.157142857142857,0.0,0.3152608385040695,-0.3152608385040695
19->17,19,17,1.2428571428571429,0.0,0.28936419041427874,-0.28936419041427874
19->17,19,17,1.3285714285714287,0.0,0.2655947852306119,-0.2655947852306119
19->17,19,17,1.4142857142857141,0.0,0.24377788364449285,-0.24377788364449285
19->17,19,17,1.5,0.0,0.22375310005649293,-0.22375310005649293
19->17,19,17,1.5857142857142859,0.0,0.2053732235115413,-0.2053732235115413
19->17,19,17,1.6714285714285715,0.0,0.18850313548671466,-0.18850313548671466
19->17,19,17,1.7571428571428571,0.0,0.17301881657579302,-0.17301881657579302
19->17,19,17,1.842857142857143,0.0,0.1588064347682837,-0.1588064347682837
19->17,19,17,1.9285714285714286,2.95438218390804,0.14576150862045373,2.8086206752875866
19->17,19,17,2.0142857142857142,3.9852729885057596,0.1337881391664733,3.851484849339286
19->17,19,17,2.0999999999999996,1.6846264367816057,0.12279830492311432,1.5618281318584915
19->17,19,17,2.185714285714286,0.8800287356321821,0.11271121480527316,0.767317520826909
19->17,19,17,2.2714285714285714,0.5908764367816081,0.10345271419531782,0.48742372258629024
19->17,19,17,2.357142857142857,0.40229885057471393,0.09495473980001322,0.3073441107747007
19->17,19,17,2.442857142857143,0.18857758620689616,0.08715481928744107,0.10142276691945509
19->17,19,17,2.5285714285714285,0.10057471264367795,0.07999561202552476,0.020579100618153198
19->17,19,17,2.6142857142857143,0.06285919540229905,0.07342448754592751,-0.01056529214362846
19->17,19,17,2.7,0.0,0.06739313863442749,-0.06739313863442749
19->17,19,17,2.7857142857142856,0.02514367816091949,0.061857226203427235,-0.036713548042507746
19->17,19,17,2.8714285714285714,0.01257183908045981,0.05677605333590008,-0.04420421425544027
19->17,19,17,2.9571428571428573,0.012571839080459744,0.052112266104527814,-0.03954042702406807
19->17,19,17,3.0428571428571427,0.03771551724137923,0.04783157896661976,-0.01011606172524053
19->17,19,17,3.1285714285714286,0.0,0.043902522716071216,-0.043902522716071216
19->17,19,17,3.2142857142857144,0.0,0.040296213139445945,-0.040296213139445945
19->17,19,17,3.3,0.012571839080459744,0.0369861386754717,-0.024414299595011957
19->17,19,17,3.385714285714286,0.0,0.03394796551694117,-0.03394796551694117
19->17,19,17,3.4714285714285715,0.0,0.03115935872223703,-0.03115935872223703
19->17,19,17,3.557142857142857,0.0,0.0285998180213932,-0.0285998180213932
19->17,19,17,3.6428571428571432,0.0,0.026250527109631196,-0.026250527109631196
19->17,19,17,3.7285714285714286,0.0,0.024094215320462204,-0.024094215320462204
19->17,19,17,3.814285714285714,0.0,0.02211503066145294,-0.02211503066145294
19->17,19,17,3.9000000000000004,0.0,0.02029842327928616,-0.02029842327928616
19->17,19,17,3.9857142857142858,0.08800287356321866,0.01863103849741608,0.06937183506580258
19->17,19,17,4.071428571428571,0.22629310344827655,0.017100618639991582,0.20919248480828498
19->17,19,17,4.157142857142857,0.15086206896551616,0.01569591292031223,0.13516615604520393
19->17,19,17,4.242857142857143,0.07543103448275887,0.014406594731367297,0.061024439751391574
19->17,19,17,4.328571428571429,0.0628591954022984,0.013223185730424613,0.04963600967187378
19->17,19,17,4.414285714285715,0.037715517241379434,0.012136986159581541,0.025578531081797893
19->17,19,17,4.5,0.02514367816091962,0.011140010890034115,0.014003667270885506
19->17,19,17,4.585714285714285,0.02514367816091936,0.010224930719897714,0.014918747441021646
19->17,19,17,4.671428571428572,0.01257183908045981,0.009385018494033781,0.003186820586426029
19->17,19,17,4.757142857142857,0.0,0.008614099649785918,-0.008614099649785918
19->17,19,17,4.842857142857143,0.0,0.007906506825065263,-0.007906506825065263
19->17,19,17,4.928571428571429,0.0,0.007257038195089519,-0.007257038195089519
19->17,19,17,5.014285714285714,0.0,0.0066609192314905025,-0.0066609192314905025
19->17,19,17,5.1,0.01257183908045968,0.006113767602664896,0.006458071477794784
19->17,19,17,5.185714285714286,0.0,0.005611560957335133,-0.005611560957335133
19->17,19,17,5.271428571428571,0.0,0.005150607354483377,-0.005150607354483377
19->17,19,17,5.357142857142858,0.0,0.004727518122275987,-0.004727518122275987
19->17,19,17,5.442857142857143,0.0,0.0043391829464526546,-0.0043391829464526546
19->17,19,17,5.5285714285714285,0.0,0.00398274700504392,-0.00398274700504392
19->17,19,17,5.614285714285714,0.0,0.0036555899813244695,-0.0036555899813244695
19->17,19,17,5.7,0.0,0.0033553068007171737,-0.0033553068007171737
19->17,19,17,5.785714285714286,0.0,0.0030796899500364562,-0.0030796899500364562
19->17,19,17,5.871428571428572,0.0,0.0028267132490919456,-0.0028267132490919456
19->17,19,17,5.957142857142857,0.0,0.0025945169553504453,-0.0025945169553504453
19->19,19,19,0.04285714285714286,0.0,0.9607229454284076,-0.9607229454284076
19->19,19,19,0.12857142857142856,0.0,0.8818057410347337,-0.8818057410347337
19->19,19,19,0.21428571428571427,0.0,0.8093710768769816,-0.8093710768769816
19->19,19,19,0.3,0.0,0.7428864540123261,-0.7428864540123261
19->19,19,19,0.38571428571428573,0.0,0.6818631148576237,-0.6818631148576237
19->19,19,19,0.4714285714285714,0.0,0.6258524501183417,-0.6258524501183417
19->19,19,19,0.5571428571428572,0.0,0.574442700865141,-0.574442700865141
19->19,19,19,0.6428571428571428,0.0,0.5272559315136365,-0.5272559315136365
19->19,19,19,0.7285714285714286,0.0,0.48394525145437756,-0.48394525145437756
19->19,19,19,0.8142857142857143,0.0,0.4441922649080403,-0.4441922649080403
19->19,19,19,0.9,0.0,0.40770473025859444,-0.40770473025859444
19->19,19,19,0.9857142857142857,0.0,0.3742144116571816,-0.3742144116571816
19->19,19,19,1.0714285714285714,0.0,0.34347510710290213,-0.34347510710290213
19->19,19,19,1.157142857142857,0.0,0.3152608385040695,-0.3152608385040695
19->19,19,19,1.2428571428571429,0.0,0.28936419041427874,-0.28936419041427874
19->19,19,19,1.3285714285714287,0.0,0.2655947852306119,-0.2655947852306119
19->19,19,19,1.4142857142857141,0.0,0.24377788364449285,-0.24377788364449285
19->19,19,19,1.5,0.0,0.22375310005649293,-0.22375310005649293
19->19,19,19,1.5857142857142859,0.0,0.2053732235115413,-0.2053732235115413
19->19,19,19,1.6714285714285715,0.0,0.18850313548671466,-0.18850313548671466
19->19,19,19,1.7571428571428571,0.0,0.17301881657579302,-0.17301881657579302
19->19,19,19,1.842857142857143,0.0,0.1588064347682837,-0.1588064347682837
19->19,19,19,1.9285714285714286,0.0,0.14576150862045373,-0.14576150862045373
19->19,19,19,2.0142857142857142,0.0,0.1337881391664733,-0.1337881391664733
19->19,19,19,2.0999999999999996,4.576427255985265,0.12279830492311432,4.45362895106215
19->19,19,19,2.185714285714286,2.9435236341313673,0.11271121480527316,2.830812419326094
19->19,19,19,2.2714285714285714,1.6329036218538973,0.10345271419531782,1.5294509076585794
19->19,19,19,2.357142857142857,0.794966236955191,0.09495473980001322,0.7000114971551777
19->19,19,19,2.442857142857143,0.42971147943523613,0.08715481928744107,0.34255666014779507
19->19,19,19,2.5285714285714285,0.23634131368937983,0.07999561202552476,0.15634570166385509
19->19,19,19,2.6142857142857143,0.21485573971761918,0.07342448754592751,0.14143125217169167
19->19,19,19,2.7,0.15039901780233264,0.06739313863442749,0.08300587916790515
19->19,19,19,2.7857142857142856,0.042971147943523615,0.061857226203427235,-0.01888607825990362
19->19,19,19,2.8714285714285714,0.04297114794352384,0.05677605333590008,-0.013804905392376242
19->19,19,19,2.9571428571428573,0.042971147943523615,0.052112266104527814,-0.0091411181610042
19->19,19,19,3.0428571428571427,0.0,0.04783157896661976,-0.04783157896661976
19->19,19,19,3.1285714285714286,0.0,0.043902522716071216,-0.043902522716071216
19->19,19,19,3.2142857142857144,0.0,0.040296213139445945,-0.040296213139445945
19->19,19,19,3.3,0.021485573971761807,0.0369861386754717,-0.015500564703709894
19->19,19,19,3.385714285714286,0.021485573971761807,0.03394796551694117,-0.01246239154517936
19->19,19,19,3.4714285714285715,0.02148557397176192,0.03115935872223703,-0.00967378475047511
19->19,19,19,3.557142857142857,0.0,0.0285998180213932,-0.0285998180213932
19->19,19,19,3.6428571428571432,0.0,0.026250527109631196,-0.026250527109631196
19->19,19,19,3.7285714285714286,0.0,0.024094215320462204,-0.024094215320462204
19->19,19,19,3.814285714285714,0.0,0.02211503066145294,-0.02211503066145294
19->19,19,19,3.9000000000000004,0.0,0.02029842327928616,-0.02029842327928616
19->19,19,19,3.9857142857142858,0.0,0.01863103849741608,-0.01863103849741608
19->19,19,19,4.071428571428571,0.0,0.017100618639991582,-0.017100618639991582
19->19,19,19,4.157142857142857,0.10742786985880848,0.01569591292031223,0.09173195693849626
19->19,19,19,4.242857142857143,0.08594229588704767,0.014406594731367297,0.07153570115568038
19->19,19,19,4.328571428571429,0.08594229588704679,0.013223185730424613,0.07271911015662218
19->19,19,19,4.414285714285715,0.04297114794352384,0.012136986159581541,0.030834161783942295
19->19,19,19,4.5,0.04297114794352384,0.011140010890034115,0.03183113705348972
19->19,19,19,4.585714285714285,0.04297114794352339,0.010224930719897714,0.03274621722362568
19->19,19,19,4.671428571428572,0.0,0.009385018494033781,-0.009385018494033781
19->19,19,19,4.757142857142857,0.0,0.008614099649785918,-0.008614099649785918
19->19,19,19,4.842857142857143,0.04297114794352339,0.007906506825065263,0.035064641118458126
19->19,19,19,4.928571428571429,0.0,0.007257038195089519,-0.007257038195089519
19->19,19,19,5.014285714285714,0.02148557397176192,0.0066609192314905025,0.014824654740271417
19->19,19,19,5.1,0.0,0.006113767602664896,-0.006113767602664896
19->19,19,19,5.185714285714286,0.02148557397176192,0.005611560957335133,0.015874013014426785
19->19,19,19,5.271428571428571,0.0,0.005150607354483377,-0.005150607354483377
19->19,19,19,5.357142857142858,0.0,0.004727518122275987,-0.004727518122275987
19->19,19,19,5.442857142857143,0.0,0.0043391829464526546,-0.0043391829464526546
19->19,19,19,5.5285714285714285,0.0,0.00398274700504392,-0.00398274700504392
19->19,19,19,5.614285714285714,0.0,0.0036555899813244695,-0.0036555899813244695
19->19,19,19,5.7,0.0,0.0033553068007171737,-0.0033553068007171737
19->19,19,19,5.785714285714286,0.0,0.0030796899500364562,-0.0030796899500364562
19->19,19,19,5.871428571428572,0.0,0.0028267132490919456,-0.0028267132490919456
19->19,19,19,5.957142857142857,0.0,0.0025945169553504453,-0.0025945169553504453
19->23,19,23,0.04285714285714286,0.0,0.9607229454284076,-0.9607229454284076
19->23,19,23,0.12857142857142856,0.0,0.8818057410347337,-0.8818057410347337
19->23,19,23,0.21428571428571427,0.0,0.8093710768769816,-0.8093710768769816
19->23,19,23,0.3,9.759847203957666,0.7428864540123261,9.016960749945339
19->23,19,23,0.38571428571428573,0.8284801803494267,0.6818631148576237,0.14661706549180298
19->23,19,23,0.4714285714285714,0.10739557893418508,0.6258524501183417,-0.5184568711841566
19->23,19,23,0.5571428571428572,0.02410921159747009,0.574442700865141,-0.550333489267671
19->23,19,23,0.6428571428571428,0.013150479053165503,0.5272559315136365,-0.514105452460471
19->23,19,23,0.7285714285714286,0.0021917465088609174,0.48394525145437756,-0.48175350494551666
19->23,19,23,0.8142857142857143,0.0021917465088609174,0.4441922649080403,-0.4420005183991794
19->23,19,23,0.9,0.00219174650886092,0.40770473025859444,-0.40551298374973355
19->23,19,23,0.9857142857142857,0.0,0.3742144116571816,-0.3742144116571816
19->23,19,23,1.0714285714285714,0.0,0.34347510710290213,-0.34347510710290213
19->23,19,23,1.157142857142857,0.0,0.3152608385040695,-0.3152608385040695
19->23,19,23,1.2428571428571429,0.0,0.28936419041427874,-0.28936419041427874
19->23,19,23,1.3285714285714287,0.00219174650886092,0.2655947852306119,-0.26340303872175097
19->23,19,23,1.4142857142857141,0.0,0.24377788364449285,-0.24377788364449285
19->23,19,23,1.5,0.0,0.22375310005649293,-0.22375310005649293
19->23,19,23,1.5857142857142859,0.0,0.2053732235115413,-0.2053732235115413
19->23,19,23,1.6714285714285715,0.0,0.18850313548671466,-0.18850313548671466
19->23,19,23,1.7571428571428571,0.0,0.17301881657579302,-0.17301881657579302
19->23,19,23,1.842857142857143,0.0,0.1588064347682837,-0.1588064347682837
19->23,19,23,1.9285714285714286,0.0,0.14576150862045373,-0.14576150862045373
19->23,19,23,2.0142857142857142,0.0,0.1337881391664733,-0.1337881391664733
19->23,19,23,2.0999999999999996,0.0,0.12279830492311432,-0.12279830492311432
19->23,19,23,2.185714285714286,0.0,0.11271121480527316,-0.11271121480527316
19->23,19,23,2.2714285714285714,0.0,0.10345271419531782,-0.10345271419531782
19->23,19,23,2.357142857142857,0.30246101822280774,0.09495473980001322,0.2075062784227945
19->23,19,23,2.442857142857143,0.2432838624835615,0.08715481928744107,0.15612904319612045
19->23,19,23,2.5285714285714285,0.1512305091114031,0.07999561202552476,0.07123489708587834
19->23,19,23,2.6142857142857143,0.07671112781013241,0.07342448754592751,0.0032866402642049014
19->23,19,23,2.7,0.0460266766860792,0.06739313863442749,-0.021366461948348285
19->23,19,23,2.7857142857142856,0.0153422255620264,0.061857226203427235,-0.046515000641400836
19->23,19,23,2.8714285714285714,0.019725718579748332,0.05677605333590008,-0.03705033475615174
19->23,19,23,2.9571428571428573,0.019725718579748232,0.052112266104527814,-0.03238654752477958
19->23,19,23,3.0428571428571427,0.0,0.04783157896661976,-0.04783157896661976
19->23,19,23,3.1285714285714286,0.0,0.043902522716071216,-0.043902522716071216
19->23,19,23,3.2142857142857144,0.004383493017721829,0.040296213139445945,-0.03591272012172412
19->23,19,23,3.3,0.0,0.0369861386754717,-0.0369861386754717
19->23,19,23,3.385714285714286,0.0,0.03394796551694117,-0.03394796551694117
19->23,19,23,3.4714285714285715,0.0,0.03115935872223703,-0.03115935872223703
19->23,19,23,3.557142857142857,0.0,0.0285998180213932,-0.0285998180213932
19->23,19,23,3.6428571428571432,0.0,0.026250527109631196,-0.026250527109631196
19->23,19,23,3.7285714285714286,0.0,0.024094215320462204,-0.024094215320462204
19->23,19,23,3.814285714285714,0.0,0.02211503066145294,-0.02211503066145294
19->23,19,23,3.9000000000000004,0.0,0.02029842327928616,-0.02029842327928616
19->23,19,23,3.9857142857142858,0.0,0.01863103849741608,-0.01863103849741608
19->23,19,23,4.071428571428571,0.0,0.017100618639991582,-0.017100618639991582
19->23,19,23,4.157142857142857,0.0,0.01569591292031223,-0.01569591292031223
19->23,19,23,4.242857142857143,0.0,0.014406594731367297,-0.014406594731367297
19->23,19,23,4.328571428571429,0.0,0.013223185730424613,-0.013223185730424613
19->23,19,23,4.414285714285715,0.004383493017721852,0.012136986159581541,-0.007753493141859689
19->23,19,23,4.5,0.019725718579748332,0.011140010890034115,0.008585707689714218
19->23,19,23,4.585714285714285,0.008766986035443613,0.010224930719897714,-0.001457944684454102
19->23,19,23,4.671428571428572,0.004383493017721852,0.009385018494033781,-0.005001525476311929
19->23,19,23,4.757142857142857,0.004383493017721852,0.008614099649785918,-0.004230606632064066
19->23,19,23,4.842857142857143,0.0,0.007906506825065263,-0.007906506825065263
19->23,19,23,4.928571428571429,0.002191746508860926,0.007257038195089519,-0.005065291686228593
19->23,19,23,5.014285714285714,0.0,0.0066609192314905025,-0.0066609192314905025
19->23,19,23,5.1,0.0,0.006113767602664896,-0.006113767602664896
19->23,19,23,5.185714285714286,0.0,0.005611560957335133,-0.005611560957335133
19->23,19,23,5.271428571428571,0.0,0.005150607354483377,-0.005150607354483377
19->23,19,23,5.357142857142858,0.0,0.004727518122275987,-0.004727518122275987
19->23,19,23,5.442857142857143,0.0,0.0043391829464526546,-0.0043391829464526546
19->23,19,23,5.5285714285714285,0.0,0.00398274700504392,-0.00398274700504392
19->23,19,23,5.614285714285714,0.002191746508860903,0.0036555899813244695,-0.0014638434724635664
19->23,19,23,5.7,0.0,0.0033553068007171737,-0.0033553068007171737
19->23,19,23,5.785714285714286,0.0,0.0030796899500364562,-0.0030796899500364562
19->23,19,23,5.871428571428572,0.0,0.0028267132490919456,-0.0028267132490919456
19->23,19,23,5.957142857142857,0.0,0.0025945169553504453,-0.0025945169553504453
19->29,19,29,0.04285714285714286,0.0,0.9607229454284076,-0.9607229454284076
19->29,19,29,0.12857142857142856,0.0,0.8818057410347337,-0.8818057410347337
19->29,19,29,0.21428571428571427,0.0,0.8093710768769816,-0.8093710768769816
19->29,19,29,0.3,0.0,0.7428864540123261,-0.7428864540123261
19->29,19,29,0.38571428571428573,0.0,0.6818631148576237,-0.6818631148576237
19->29,19,29,0.4714285714285714,0.0,0.6258524501183417,-0.6258524501183417
19->29,19,29,0.5571428571428572,0.0,0.574442700865141,-0.574442700865141
19->29,19,29,0.6428571428571428,0.0,0.5272559315136365,-0.5272559315136365
19->29,19,29,0.7285714285714286,7.9670468948035476,0.48394525145437756,7.48310164334917
19->29,19,29,0.8142857142857143,1.9429657794676805,0.4441922649080403,1.4987735145596401
19->29,19,29,0.9,0.5885086607520074,0.40770473025859444,0.18080393049341292
19->29,19,29,0.9857142857142857,0.18631178707224355,0.3742144116571816,-0.18790262458493806
19->29,19,29,1.0714285714285714,0.0916772285593577,0.34347510710290213,-0.2517978785435444
19->29,19,29,1.157142857142857,0.04435994930291513,0.3152608385040695,-0.27090088920115435
19->29,19,29,1.2428571428571429,0.011829319814110674,0.28936419041427874,-0.27753487060016807
19->29,19,29,1.3285714285714287,0.011829319814110704,0.2655947852306119,-0.2537654654165012
19->29,19,29,1.4142857142857141,0.008871989860583027,0.24377788364449285,-0.23490589378390983
19->29,19,29,1.5,0.008871989860583004,0.22375310005649293,-0.21488111019590994
19->29,19,29,1.5857142857142859,0.0,0.2053732235115413,-0.2053732235115413
19->29,19,29,1.6714285714285715,0.0029573299535276686,0.18850313548671466,-0.18554580553318697
19->29,19,29,1.7571428571428571,0.0,0.17301881657579302,-0.17301881657579302
19->29,19,29,1.842857142857143,0.0,0.1588064347682837,-0.1588064347682837
19->29,19,29,1.9285714285714286,0.0,0.14576150862045373,-0.14576150862045373
19->29,19,29,2.0142857142857142,0.0029573299535276838,0.1337881391664733,-0.13083080921294563
19->29,19,29,2.0999999999999996,0.0,0.12279830492311432,-0.12279830492311432
19->29,19,29,2.185714285714286,0.0,0.11271121480527316,-0.11271121480527316
19->29,19,29,2.2714285714285714,0.0,0.10345271419531782,-0.10345271419531782
19->29,19,29,2.357142857142857,0.0,0.09495473980001322,-0.09495473980001322
19->29,19,29,2.442857142857143,0.0,0.08715481928744107,-0.08715481928744107
19->29,19,29,2.5285714285714285,0.0,0.07999561202552476,-0.07999561202552476
19->29,19,29,2.6142857142857143,0.0,0.07342448754592751,-0.07342448754592751
19->29,19,29,2.7,0.0,0.06739313863442749,-0.06739313863442749
19->29,19,29,2.7857142857142856,0.26911702577101776,0.061857226203427235,0.20725979956759052
19->29,19,29,2.8714285714285714,0.16265314744402257,0.05677605333590008,0.10587709410812249
19->29,19,29,2.9571428571428573,0.0916772285593577,0.052112266104527814,0.039564962454829884
19->29,19,29,3.0428571428571427,0.059146599070553356,0.04783157896661976,0.011315020103933593
19->29,19,29,3.1285714285714286,0.056189269117025986,0.043902522716071216,0.01228674640095477
19->29,19,29,3.2142857142857144,0.044359949302915015,0.040296213139445945,0.00406373616346907
19->29,19,29,3.3,0.02365863962822135,0.0369861386754717,-0.013327499047250353
19->29,19,29,3.385714285714286,0.011829319814110674,0.03394796551694117,-0.022118645702830494
19->29,19,29,3.4714285714285715,0.008871989860583051,0.03115935872223703,-0.02228736886165398
19->29,19,29,3.557142857142857,0.011829319814110674,0.0285998180213932,-0.016770498207282526
19->29,19,29,3.6428571428571432,0.005914659907055337,0.026250527109631196,-0.02033586720257586
19->29,19,29,3.7285714285714286,0.0,0.024094215320462204,-0.024094215320462204
19->29,19,29,3.814285714285714,0.0,0.02211503066145294,-0.02211503066145294
19->29,19,29,3.9000000000000004,0.0,0.02029842327928616,-0.02029842327928616
19->29,19,29,3.9857142857142858,0.0029573299535276838,0.01863103849741608,-0.015673708543888394
19->29,19,29,4.071428571428571,0.0,0.017100618639991582,-0.017100618639991582
19->29,19,29,4.157142857142857,0.0,0.01569591292031223,-0.01569591292031223
19->29,19,29,4.242857142857143,0.0,0.014406594731367297,-0.014406594731367297
19->29,19,29,4.328571428571429,0.0,0.013223185730424613,-0.013223185730424613
19->29,19,29,4.414285714285715,0.0,0.012136986159581541,-0.012136986159581541
19->29,19,29,4.5,0.0,0.011140010890034115,-0.011140010890034115
19->29,19,29,4.585714285714285,0.0,0.010224930719897714,-0.010224930719897714
19->29,19,29,4.671428571428572,0.0,0.009385018494033781,-0.009385018494033781
19->29,19,29,4.757142857142857,0.0,0.008614099649785918,-0.008614099649785918
19->29,19,29,4.842857142857143,0.011829319814110612,0.007906506825065263,0.003922812989045349
19->29,19,29,4.928571428571429,0.014786649767638417,0.007257038195089519,0.007529611572548898
19->29,19,29,5.014285714285714,0.0029573299535276838,0.0066609192314905025,-0.0037035892779628187
19->29,19,29,5.1,0.0,0.006113767602664896,-0.006113767602664896
19->29,19,29,5.185714285714286,0.008871989860583051,0.005611560957335133,0.0032604289032479184
19->29,19,29,5.271428571428571,0.0,0.005150607354483377,-0.005150607354483377
19->29,19,29,5.357142857142858,0.002957329953527653,0.004727518122275987,-0.0017701881687483341
19->29,19,29,5.442857142857143,0.0,0.0043391829464526546,-0.0043391829464526546
19->29,19,29,5.5285714285714285,0.0029573299535276838,0.00398274700504392,-0.0010254170515162364
19->29,19,29,5.614285714285714,0.002957329953527653,0.0036555899813244695,-0.0006982600277968165
19->29,19,29,5.7,0.0,0.0033553068007171737,-0.0033553068007171737
19->29,19,29,5.785714285714286,0.0029573299535276838,0.0030796899500364562,-0.00012235999650877247
19->29,19,29,5.871428571428572,0.0,0.0028267132490919456,-0.0028267132490919456
19->29,19,29,5.957142857142857,0.0,0.0025945169553504453,-0.0025945169553504453
23->1,23,1,0.04285714285714286,0.0,0.9607229454284076,-0.9607229454284076
23->1,23,1,0.12857142857142856,0.0,0.8818057410347337,-0.8818057410347337
23->1,23,1,0.21428571428571427,0.0,0.8093710768769816,-0.8093710768769816
23->1,23,1,0.3,0.0,0.7428864540123261,-0.7428864540123261
23->1,23,1,0.38571428571428573,0.0,0.6818631148576237,-0.6818631148576237
23->1,23,1,0.4714285714285714,0.0,0.6258524501183417,-0.6258524501183417
23->1,23,1,0.5571428571428572,6.864961086272562,0.574442700865141,6.29051838540742
23->1,23,1,0.6428571428571428,3.0108461665838715,0.5272559315136365,2.483590235070235
23->1,23,1,0.7285714285714286,0.6607054148037753,0.48394525145437756,0.17676016334939776
23->1,23,1,0.8142857142857143,0.17676767676767674,0.4441922649080403,-0.2674245881403636
23->1,23,1,0.9,0.06375227686703104,0.40770473025859444,-0.3439524533915634
23->1,23,1,0.9857142857142857,0.011591323066732917,0.3742144116571816,-0.3626230885904487
23->1,23,1,1.0714285714285714,0.026080476900148995,0.34347510710290213,-0.31739463020275316
23->1,23,1,1.157142857142857,0.008693492300049687,0.3152608385040695,-0.3065673462040198
23->1,23,1,1.2428571428571429,0.005795661533366443,0.28936419041427874,-0.2835685288809123
23->1,23,1,1.3285714285714287,0.0,0.2655947852306119,-0.2655947852306119
23->1,23,1,1.4142857142857141,0.0,0.24377788364449285,-0.24377788364449285
23->1,23,1,1.5,0.0,0.22375310005649293,-0.22375310005649293
23->1,23,1,1.5857142857142859,0.0,0.2053732235115413,-0.2053732235115413
23->1,23,1,1.6714285714285715,0.0,0.18850313548671466,-0.18850313548671466
23->1,23,1,1.7571428571428571,0.0,0.17301881657579302,-0.17301881657579302
23->1,23,1,1.842857142857143,0.0,0.1588064347682837,-0.1588064347682837
23->1,23,1,1.9285714285714286,0.0,0.14576150862045373,-0.14576150862045373
23->1,23,1,2.0142857142857142,0.0,0.1337881391664733,-0.1337881391664733
23->1,23,1,2.0999999999999996,0.0,0.12279830492311432,-0.12279830492311432
23->1,23,1,2.185714285714286,0.0,0.11271121480527316,-0.11271121480527316
23->1,23,1,2.2714285714285714,0.0,0.10345271419531782,-0.10345271419531782
23->1,23,1,2.357142857142857,0.0,0.09495473980001322,-0.09495473980001322
23->1,23,1,2.442857142857143,0.0,0.08715481928744107,-0.08715481928744107
23->1,23,1,2.5285714285714285,0.0,0.07999561202552476,-0.07999561202552476
23->1,23,1,2.6142857142857143,0.1506871998675283,0.07342448754592751,0.07726271232160078
23->1,23,1,2.7,0.27239609206822285,0.06739313863442749,0.20500295343379538
23->1,23,1,2.7857142857142856,0.12750455373406175,0.061857226203427235,0.06564732753063451
23->1,23,1,2.8714285714285714,0.09562841530054682,0.05677605333590008,0.03885236196464674
23->1,23,1,2.9571428571428573,0.06085444610034765,0.052112266104527814,0.008742179995819839
23->1,23,1,3.0428571428571427,0.0405696307335651,0.04783157896661976,-0.007261948233054663
23->1,23,1,3.1285714285714286,0.014489153833416184,0.043902522716071216,-0.02941336888265503
23->1,23,1,3.2142857142857144,0.014489153833416108,0.040296213139445945,-0.025807059306029837
23->1,23,1,3.3,0.011591323066732885,0.0369861386754717,-0.025394815608738817
23->1,23,1,3.385714285714286,0.011591323066732885,0.03394796551694117,-0.022356642450208283
23->1,23,1,3.4714285714285715,0.0028978307666832365,0.03115935872223703,-0.02826152795555379
23->1,23,1,3.557142857142857,0.0028978307666832214,0.0285998180213932,-0.025701987254709978
23->1,23,1,3.6428571428571432,0.0028978307666832214,0.026250527109631196,-0.023352696342947975
23->1,23,1,3.7285714285714286,0.0,0.024094215320462204,-0.024094215320462204
23->1,23,1,3.814285714285714,0.0,0.02211503066145294,-0.02211503066145294
23->1,23,1,3.9000000000000004,0.0,0.02029842327928616,-0.02029842327928616
23->1,23,1,3.9857142857142858,0.0,0.01863103849741608,-0.01863103849741608
23->1,23,1,4.071428571428571,0.0,0.017100618639991582,-0.017100618639991582
23->1,23,1,4.157142857142857,0.0,0.01569591292031223,-0.01569591292031223
23->1,23,1,4.242857142857143,0.0,0.014406594731367297,-0.014406594731367297
23->1,23,1,4.328571428571429,0.0,0.013223185730424613,-0.013223185730424613
23->1,23,1,4.414285714285715,0.0,0.012136986159581541,-0.012136986159581541
23->1,23,1,4.5,0.0,0.011140010890034115,-0.011140010890034115
23->1,23,1,4.585714285714285,0.0,0.010224930719897714,-0.010224930719897714
23->1,23,1,4.671428571428572,0.0028978307666832365,0.009385018494033781,-0.0064871877273505445
23->1,23,1,4.757142857142857,0.008693492300049711,0.008614099649785918,7.939265026379351e-05
23->1,23,1,4.842857142857143,0.0,0.007906506825065263,-0.007906506825065263
23->1,23,1,4.928571428571429,0.005795661533366473,0.007257038195089519,-0.0014613766617230456
23->1,23,1,5.014285714285714,0.0028978307666832365,0.0066609192314905025,-0.003763088464807266
23->1,23,1,5.1,0.005795661533366413,0.006113767602664896,-0.00031810606929848304
23->1,23,1,5.185714285714286,0.0,0.005611560957335133,-0.005611560957335133
23->1,23,1,5.271428571428571,0.0,0.005150607354483377,-0.005150607354483377
23->1,23,1,5.357142857142858,0.0,0.004727518122275987,-0.004727518122275987
23->1,23,1,5.442857142857143,0.0,0.0043391829464526546,-0.0043391829464526546
23->1,23,1,5.5285714285714285,0.0,0.00398274700504392,-0.00398274700504392
23->1,23,1,5.614285714285714,0.0,0.0036555899813244695,-0.0036555899813244695
23->1,23,1,5.7,0.0,0.0033553068007171737,-0.0033553068007171737
23->1,23,1,5.785714285714286,0.0028978307666832365,0.0030796899500364562,-0.0001818591833532197
23->1,23,1,5.871428571428572,0.0,0.0028267132490919456,-0.0028267132490919456
23->1,23,1,5.957142857142857,0.0,0.0025945169553504453,-0.0025945169553504453
23->7,23,7,0.04285714285714286,0.0,0.9607229454284076,-0.9607229454284076
23->7,23,7,0.12857142857142856,0.0,0.8818057410347337,-0.8818057410347337
23->7,23,7,0.21428571428571427,0.0,0.8093710768769816,-0.8093710768769816
23->7,23,7,0.3,0.0,0.7428864540123261,-0.7428864540123261
23->7,23,7,0.38571428571428573,0.0,0.6818631148576237,-0.6818631148576237
23->7,23,7,0.4714285714285714,0.0,0.6258524501183417,-0.6258524501183417
23->7,23,7,0.5571428571428572,0.0,0.574442700865141,-0.574442700865141
23->7,23,7,0.6428571428571428,0.0,0.5272559315136365,-0.5272559315136365
23->7,23,7,0.7285714285714286,0.0,0.48394525145437756,-0.48394525145437756
23->7,23,7,0.8142857142857143,0.0,0.4441922649080403,-0.4441922649080403
23->7,23,7,0.9,0.0,0.40770473025859444,-0.40770473025859444
23->7,23,7,0.9857142857142857,6.117721029212619,0.3742144116571816,5.743506617555438
23->7,23,7,1.0714285714285714,3.0233120526213915,0.34347510710290213,2.679836945518489
23->7,23,7,1.157142857142857,1.0292126136583488,0.3152608385040695,0.7139517751542793
23->7,23,7,1.2428571428571429,0.45028051847552647,0.28936419041427874,0.16091632806124773
23->7,23,7,1.3285714285714287,0.18282066163668037,0.2655947852306119,-0.08277412359393155
23->7,23,7,1.4142857142857141,0.09818146643451355,0.24377788364449285,-0.1455964172099793
23->7,23,7,1.5,0.03385567808086665,0.22375310005649293,-0.18989742197562628
23->7,23,7,1.5857142857142859,0.023698974656606715,0.2053732235115413,-0.18167424885493458
23->7,23,7,1.6714285714285715,0.023698974656606656,0.18850313548671466,-0.16480416083010802
23->7,23,7,1.7571428571428571,0.013542271232346696,0.17301881657579302,-0.15947654534344632
23->7,23,7,1.842857142857143,0.0,0.1588064347682837,-0.1588064347682837
23->7,23,7,1.9285714285714286,0.003385567808086665,0.14576150862045373,-0.14237594081236707
23->7,23,7,2.0142857142857142,0.0033855678080866826,0.1337881391664733,-0.13040257135838662
23->7,23,7,2.0999999999999996,0.00677113561617333,0.12279830492311432,-0.11602716930694099
23->7,23,7,2.185714285714286,0.0,0.11271121480527316,-0.11271121480527316
23->7,23,7,2.2714285714285714,0.0,0.10345271419531782,-0.10345271419531782
23->7,23,7,2.357142857142857,0.0,0.09495473980001322,-0.09495473980001322
23->7,23,7,2.442857142857143,0.003385567808086665,0.08715481928744107,-0.0837692514793544
23->7,23,7,2.5285714285714285,0.0,0.07999561202552476,-0.07999561202552476
23->7,23,7,2.6142857142857143,0.0,0.07342448754592751,-0.07342448754592751
23->7,23,7,2.7,0.0,0.06739313863442749,-0.06739313863442749
23->7,23,7,2.7857142857142856,0.0,0.061857226203427235,-0.061857226203427235
23->7,23,7,2.8714285714285714,0.0,0.05677605333590008,-0.05677605333590008
23->7,23,7,2.9571428571428573,0.003385567808086665,0.052112266104527814,-0.04872669829644115
23->7,23,7,3.0428571428571427,0.18959179725285324,0.04783157896661976,0.14176021828623347
23->7,23,7,3.1285714285714286,0.16589282259624744,0.043902522716071216,0.12199029988017622
23->7,23,7,3.2142857142857144,0.10495260205068661,0.040296213139445945,0.06465638891124068
23->7,23,7,3.3,0.0677113561617333,0.0369861386754717,0.030725217486261593
23->7,23,7,3.385714285714286,0.04062681369703998,0.03394796551694117,0.006678848180098812
23->7,23,7,3.4714285714285715,0.02708454246469346,0.03115935872223703,-0.004074816257543568
23->7,23,7,3.557142857142857,0.010156703424259995,0.0285998180213932,-0.018443114597133204
23->7,23,7,3.6428571428571432,0.003385567808086665,0.026250527109631196,-0.02286495930154453
23->7,23,7,3.7285714285714286,0.006771135616173365,0.024094215320462204,-0.01732307970428884
23->7,23,7,3.814285714285714,0.003385567808086665,0.02211503066145294,-0.018729462853366272
23->7,23,7,3.9000000000000004,0.003385567808086665,0.02029842327928616,-0.016912855471199494
23->7,23,7,3.9857142857142858,0.0,0.01863103849741608,-0.01863103849741608
23->7,23,7,4.071428571428571,0.0,0.017100618639991582,-0.017100618639991582
23->7,23,7,4.157142857142857,0.0,0.01569591292031223,-0.01569591292031223
23->7,23,7,4.242857142857143,0.0,0.014406594731367297,-0.014406594731367297
23->7,23,7,4.328571428571429,0.0,0.013223185730424613,-0.013223185730424613
23->7,23,7,4.414285714285715,0.0,0.012136986159581541,-0.012136986159581541
23->7,23,7,4.5,0.0,0.011140010890034115,-0.011140010890034115
23->7,23,7,4.585714285714285,0.003385567808086648,0.010224930719897714,-0.006839362911811067
23->7,23,7,4.671428571428572,0.0,0.009385018494033781,-0.009385018494033781
23->7,23,7,4.757142857142857,0.0,0.008614099649785918,-0.008614099649785918
23->7,23,7,4.842857142857143,0.0,0.007906506825065263,-0.007906506825065263
23->7,23,7,4.928571428571429,0.0,0.007257038195089519,-0.007257038195089519
23->7,23,7,5.014285714285714,0.0,0.0066609192314905025,-0.0066609192314905025
23->7,23,7,5.1,0.003385567808086648,0.006113767602664896,-0.0027281997945782484
23->7,23,7,5.185714285714286,0.0033855678080866826,0.005611560957335133,-0.0022259931492484503
23->7,23,7,5.271428571428571,0.010156703424260049,0.005150607354483377,0.005006096069776671
23->7,23,7,5.357142857142858,0.0,0.004727518122275987,-0.004727518122275987
23->7,23,7,5.442857142857143,0.0,0.0043391829464526546,-0.0043391829464526546
23->7,23,7,5.5285714285714285,0.0033855678080866826,0.00398274700504392,-0.0005971791969572376
23->7,23,7,5.614285714285714,0.003385567808086648,0.0036555899813244695,-0.00027002217323782163
23->7,23,7,5.7,0.0,0.0033553068007171737,-0.0033553068007171737
23->7,23,7,5.785714285714286,0.0,0.0030796899500364562,-0.0030796899500364562
23->7,23,7,5.871428571428572,0.0,0.0028267132490919456,-0.0028267132490919456
23->7,23,7,5.957142857142857,0.0,0.0025945169553504453,-0.0025945169553504453
23->11,23,11,0.04285714285714286,0.0,0.9607229454284076,-0.9607229454284076
23->11,23,11,0.12857142857142856,0.0,0.8818057410347337,-0.8818057410347337
23->11,23,11,0.21428571428571427,0.0,0.8093710768769816,-0.8093710768769816
23->11,23,11,0.3,0.0,0.7428864540123261,-0.7428864540123261
23->11,23,11,0.38571428571428573,0.0,0.6818631148576237,-0.6818631148576237
23->11,23,11,0.4714285714285714,0.0,0.6258524501183417,-0.6258524501183417
23->11,23,11,0.5571428571428572,0.0,0.574442700865141,-0.574442700865141
23->11,23,11,0.6428571428571428,0.0,0.5272559315136365,-0.5272559315136365
23->11,23,11,0.7285714285714286,0.0,0.48394525145437756,-0.48394525145437756
23->11,23,11,0.8142857142857143,0.0,0.4441922649080403,-0.4441922649080403
23->11,23,11,0.9,0.0,0.40770473025859444,-0.40770473025859444
23->11,23,11,0.9857142857142857,0.0,0.3742144116571816,-0.3742144116571816
23->11,23,11,1.0714285714285714,0.0,0.34347510710290213,-0.34347510710290213
23->11,23,11,1.157142857142857,0.0,0.3152608385040695,-0.3152608385040695
23->11,23,11,1.2428571428571429,4.321434730125877,0.28936419041427874,4.032070539711598
23->11,23,11,1.3285714285714287,3.748060010346616,0.2655947852306119,3.4824652251160044
23->11,23,11,1.4142857142857141,1.4364545611312312,0.24377788364449285,1.1926766774867383
23->11,23,11,1.5,0.7423693740300041,0.22375310005649293,0.5186162739735112
23->11,23,11,1.5857142857142859,0.3259182617692709,0.2053732235115413,0.12054503825772961
23->11,23,11,1.6714285714285715,0.19313674771512304,0.18850313548671466,0.004633612228408385
23->11,23,11,1.7571428571428571,0.15088808415244026,0.17301881657579302,-0.022130732423352756
23->11,23,11,1.842857142857143,0.07846180375926892,0.1588064347682837,-0.08034463100901479
23->11,23,11,1.9285714285714286,0.036213140196585565,0.14576150862045373,-0.10954836842386817
23->11,23,11,2.0142857142857142,0.012071046732195253,0.1337881391664733,-0.12171709243427806
23->11,23,11,2.0999999999999996,0.02414209346439038,0.12279830492311432,-0.09865621145872394
23->11,23,11,2.185714285714286,0.01207104673219519,0.11271121480527316,-0.10064016807307796
23->11,23,11,2.2714285714285714,0.0,0.10345271419531782,-0.10345271419531782
23->11,23,11,2.357142857142857,0.006035523366097626,0.09495473980001322,-0.0889192164339156
23->11,23,11,2.442857142857143,0.0,0.08715481928744107,-0.08715481928744107
23->11,23,11,2.5285714285714285,0.0,0.07999561202552476,-0.07999561202552476
23->11,23,11,2.6142857142857143,0.0,0.07342448754592751,-0.07342448754592751
23->11,23,11,2.7,0.0,0.06739313863442749,-0.06739313863442749
23->11,23,11,2.7857142857142856,0.0,0.061857226203427235,-0.061857226203427235
23->11,23,11,2.8714285714285714,0.0,0.05677605333590008,-0.05677605333590008
23->11,23,11,2.9571428571428573,0.0,0.052112266104527814,-0.052112266104527814
23->11,23,11,3.0428571428571427,0.0,0.04783157896661976,-0.04783157896661976
23->11,23,11,3.1285714285714286,0.0,0.043902522716071216,-0.043902522716071216
23->11,23,11,3.2142857142857144,0.0,0.040296213139445945,-0.040296213139445945
23->11,23,11,3.3,0.1026038972236591,0.0369861386754717,0.06561775854818741
23->11,23,11,3.385714285714286,0.16295913088463504,0.03394796551694117,0.12901116536769386
23->11,23,11,3.4714285714285715,0.08449732712536676,0.03115935872223703,0.053337968403129724
23->11,23,11,3.557142857142857,0.07846180375926873,0.0285998180213932,0.04986198573787553
23->11,23,11,3.6428571428571432,0.036213140196585565,0.026250527109631196,0.00996261308695437
23->11,23,11,3.7285714285714286,0.024142093464390505,0.024094215320462204,4.787814392830103e-05
23->11,23,11,3.814285714285714,0.02414209346439038,0.02211503066145294,0.002027062802937442
23->11,23,11,3.9000000000000004,0.018106570098292783,0.02029842327928616,-0.002191853180993377
23->11,23,11,3.9857142857142858,0.012071046732195253,0.01863103849741608,-0.006559991765220827
23->11,23,11,4.071428571428571,0.0,0.017100618639991582,-0.017100618639991582
23->11,23,11,4.157142857142857,0.006035523366097564,0.01569591292031223,-0.009660389554214666
23->11,23,11,4.242857142857143,0.0,0.014406594731367297,-0.014406594731367297
23->11,23,11,4.328571428571429,0.0,0.013223185730424613,-0.013223185730424613
23->11,23,11,4.414285714285715,0.0,0.012136986159581541,-0.012136986159581541
23->11,23,11,4.5,0.0,0.011140010890034115,-0.011140010890034115
23->11,23,11,4.585714285714285,0.0,0.010224930719897714,-0.010224930719897714
23->11,23,11,4.671428571428572,0.0,0.009385018494033781,-0.009385018494033781
23->11,23,11,4.757142857142857,0.0,0.008614099649785918,-0.008614099649785918
23->11,23,11,4.842857142857143,0.0,0.007906506825065263,-0.007906506825065263
23->11,23,11,4.928571428571429,0.0,0.007257038195089519,-0.007257038195089519
23->11,23,11,5.014285714285714,0.0,0.0066609192314905025,-0.0066609192314905025
23->11,23,11,5.1,0.0,0.006113767602664896,-0.006113767602664896
23->11,23,11,5.185714285714286,0.0,0.005611560957335133,-0.005611560957335133
23->11,23,11,5.271428571428571,0.0,0.005150607354483377,-0.005150607354483377
23->11,23,11,5.357142857142858,0.006035523366097564,0.004727518122275987,0.0013080052438215767
23->11,23,11,5.442857142857143,0.012071046732195253,0.0043391829464526546,0.007731863785742598
23->11,23,11,5.5285714285714285,0.006035523366097626,0.00398274700504392,0.002052776361053706
23->11,23,11,5.614285714285714,0.0,0.0036555899813244695,-0.0036555899813244695
23->11,23,11,5.7,0.006035523366097626,0.0033553068007171737,0.0026802165653804525
23->11,23,11,5.785714285714286,0.0,0.0030796899500364562,-0.0030796899500364562
23->11,23,11,5.871428571428572,0.0,0.0028267132490919456,-0.0028267132490919456
23->11,23,11,5.957142857142857,0.0,0.0025945169553504453,-0.0025945169553504453
23->13,23,13,0.04285714285714286,0.0,0.9607229454284076,-0.9607229454284076
23->13,23,13,0.12857142857142856,0.0,0.8818057410347337,-0.8818057410347337
23->13,23,13,0.21428571428571427,0.0,0.8093710768769816,-0.8093710768769816
23->13,23,13,0.3,0.0,0.7428864540123261,-0.7428864540123261
23->13,23,13,0.38571428571428573,0.0,0.6818631148576237,-0.6818631148576237
23->13,23,13,0.4714285714285714,0.0,0.6258524501183417,-0.6258524501183417
23->13,23,13,0.5571428571428572,0.0,0.574442700865141,-0.574442700865141
23->13,23,13,0.6428571428571428,0.0,0.5272559315136365,-0.5272559315136365
23->13,23,13,0.7285714285714286,0.0,0.48394525145437756,-0.48394525145437756
23->13,23,13,0.8142857142857143,0.0,0.4441922649080403,-0.4441922649080403
23->13,23,13,0.9,0.0,0.40770473025859444,-0.40770473025859444
23->13,23,13,0.9857142857142857,0.0,0.3742144116571816,-0.3742144116571816
23->13,23,13,1.0714285714285714,0.0,0.34347510710290213,-0.34347510710290213
23->13,23,13,1.157142857142857,0.0,0.3152608385040695,-0.3152608385040695
23->13,23,13,1.2428571428571429,0.0,0.28936419041427874,-0.28936419041427874
23->13,23,13,1.3285714285714287,0.0,0.2655947852306119,-0.2655947852306119
23->13,23,13,1.4142857142857141,5.730125029488092,0.24377788364449285,5.486347145843599
23->13,23,13,1.5,2.8485491861287993,0.22375310005649293,2.6247960860723065
23->13,23,13,1.5857142857142859,1.22198631752772,0.2053732235115413,1.0166130940161786
23->13,23,13,1.6714285714285715,0.619249823071478,0.18850313548671466,0.43074668758476337
23->13,23,13,1.7571428571428571,0.2724699221514511,0.17301881657579302,0.09945110557565809
23->13,23,13,1.842857142857143,0.15687662184477486,0.1588064347682837,-0.0019298129235088557
23->13,23,13,1.9285714285714286,0.08256664307619709,0.14576150862045373,-0.06319486554425664
23->13,23,13,2.0142857142857142,0.033026657230479005,0.1337881391664733,-0.1007614819359943
23->13,23,13,2.0999999999999996,0.008256664307619708,0.12279830492311432,-0.11454164061549461
23->13,23,13,2.185714285714286,0.04953998584571825,0.11271121480527316,-0.0631712289595549
23->13,23,13,2.2714285714285714,0.016513328615239416,0.10345271419531782,-0.08693938558007841
23->13,23,13,2.357142857142857,0.0,0.09495473980001322,-0.09495473980001322
23->13,23,13,2.442857142857143,0.008256664307619708,0.08715481928744107,-0.07889815497982136
23->13,23,13,2.5285714285714285,0.0,0.07999561202552476,-0.07999561202552476
23->13,23,13,2.6142857142857143,0.0,0.07342448754592751,-0.07342448754592751
23->13,23,13,2.7,0.0,0.06739313863442749,-0.06739313863442749
23->13,23,13,2.7857142857142856,0.0,0.061857226203427235,-0.061857226203427235
23->13,23,13,2.8714285714285714,0.0,0.05677605333590008,-0.05677605333590008
23->13,23,13,2.9571428571428573,0.0,0.052112266104527814,-0.052112266104527814
23->13,23,13,3.0428571428571427,0.0,0.04783157896661976,-0.04783157896661976
23->13,23,13,3.1285714285714286,0.0,0.043902522716071216,-0.043902522716071216
23->13,23,13,3.2142857142857144,0.0,0.040296213139445945,-0.040296213139445945
23->13,23,13,3.3,0.0,0.0369861386754717,-0.0369861386754717
23->13,23,13,3.385714285714286,0.0,0.03394796551694117,-0.03394796551694117
23->13,23,13,3.4714285714285715,0.15687662184477527,0.03115935872223703,0.12571726312253825
23->13,23,13,3.557142857142857,0.15687662184477447,0.0285998180213932,0.12827680382338127
23->13,23,13,3.6428571428571432,0.09082330738381679,0.026250527109631196,0.06457278027418559
23->13,23,13,3.7285714285714286,0.06605331446095801,0.024094215320462204,0.04195909914049581
23->13,23,13,3.814285714285714,0.024769992922859124,0.02211503066145294,0.002654962261406185
23->13,23,13,3.9000000000000004,0.008256664307619708,0.02029842327928616,-0.012041758971666452
23->13,23,13,3.9857142857142858,0.016513328615239502,0.01863103849741608,-0.002117709882176577
23->13,23,13,4.071428571428571,0.008256664307619751,0.017100618639991582,-0.00884395433237183
23->13,23,13,4.157142857142857,0.033026657230478665,0.01569591292031223,0.017330744310166436
23->13,23,13,4.242857142857143,0.0,0.014406594731367297,-0.014406594731367297
23->13,23,13,4.328571428571429,0.0,0.013223185730424613,-0.013223185730424613
23->13,23,13,4.414285714285715,0.0,0.012136986159581541,-0.012136986159581541
23->13,23,13,4.5,0.008256664307619751,0.011140010890034115,-0.0028833465824143634
23->13,23,13,4.585714285714285,0.0,0.010224930719897714,-0.010224930719897714
23->13,23,13,4.671428571428572,0.008256664307619751,0.009385018494033781,-0.0011283541864140299
23->13,23,13,4.757142857142857,0.0,0.008614099649785918,-0.008614099649785918
23->13,23,13,4.842857142857143,0.0,0.007906506825065263,-0.007906506825065263
23->13,23,13,4.928571428571429,0.0,0.007257038195089519,-0.007257038195089519
23->13,23,13,5.014285714285714,0.0,0.0066609192314905025,-0.0066609192314905025
23->13,23,13,5.1,0.0,0.006113767602664896,-0.006113767602664896
23->13,23,13,5.185714285714286,0.0,0.005611560957335133,-0.005611560957335133
23->13,23,13,5.271428571428571,0.0,0.005150607354483377,-0.005150607354483377
23->13,23,13,5.357142857142858,0.0,0.004727518122275987,-0.004727518122275987
23->13,23,13,5.442857142857143,0.0,0.0043391829464526546,-0.0043391829464526546
23->13,23,13,5.5285714285714285,0.0,0.00398274700504392,-0.00398274700504392
23->13,23,13,5.614285714285714,0.008256664307619666,0.0036555899813244695,0.004601074326295197
23->13,23,13,5.7,0.008256664307619751,0.0033553068007171737,0.0049013575069025775
23->13,23,13,5.785714285714286,0.024769992922859255,0.0030796899500364562,0.0216903029728228
23->13,23,13,5.871428571428572,0.0,0.0028267132490919456,-0.0028267132490919456
23->13,23,13,5.957142857142857,0.0,0.0025945169553504453,-0.0025945169553504453
23->17,23,17,0.04285714285714286,0.0,0.9607229454284076,-0.9607229454284076
23->17,23,17,0.12857142857142856,0.0,0.8818057410347337,-0.8818057410347337
23->17,23,17,0.21428571428571427,0.0,0.8093710768769816,-0.8093710768769816
23->17,23,17,0.3,0.0,0.7428864540123261,-0.7428864540123261
23->17,23,17,0.38571428571428573,0.0,0.6818631148576237,-0.6818631148576237
23->17,23,17,0.4714285714285714,0.0,0.6258524501183417,-0.6258524501183417
23->17,23,17,0.5571428571428572,0.0,0.574442700865141,-0.574442700865141
23->17,23,17,0.6428571428571428,0.0,0.5272559315136365,-0.5272559315136365
23->17,23,17,0.7285714285714286,0.0,0.48394525145437756,-0.48394525145437756
23->17,23,17,0.8142857142857143,0.0,0.4441922649080403,-0.4441922649080403
23->17,23,17,0.9,0.0,0.40770473025859444,-0.40770473025859444
23->17,23,17,0.9857142857142857,0.0,0.3742144116571816,-0.3742144116571816
23->17,23,17,1.0714285714285714,0.0,0.34347510710290213,-0.34347510710290213
23->17,23,17,1.157142857142857,0.0,0.3152608385040695,-0.3152608385040695
23->17,23,17,1.2428571428571429,0.0,0.28936419041427874,-0.28936419041427874
23->17,23,17,1.3285714285714287,0.0,0.2655947852306119,-0.2655947852306119
23->17,23,17,1.4142857142857141,0.0,0.24377788364449285,-0.24377788364449285
23->17,23,17,1.5,0.0,0.22375310005649293,-0.22375310005649293
23->17,23,17,1.5857142857142859,0.0,0.2053732235115413,-0.2053732235115413
23->17,23,17,1.6714285714285715,4.41727053140096,0.18850313548671466,4.228767395914245
23->17,23,17,1.7571428571428571,3.1808574879227094,0.17301881657579302,3.0078386713469163
23->17,23,17,1.842857142857143,1.7013888888888908,0.1588064347682837,1.5425824541206072
23->17,23,17,1.9285714285714286,0.8031400966183564,0.14576150862045373,0.6573785879979026
23->17,23,17,2.0142857142857142,0.4015700483091803,0.1337881391664733,0.267781909142707
23->17,23,17,2.0999999999999996,0.28532608695652134,0.12279830492311432,0.162527782033407
23->17,23,17,2.185714285714286,0.11624396135265684,0.11271121480527316,0.0035327465473836833
23->17,23,17,2.2714285714285714,0.02113526570048306,0.10345271419531782,-0.08231744849483476
23->17,23,17,2.357142857142857,0.0,0.09495473980001322,-0.09495473980001322
23->17,23,17,2.442857142857143,0.04227053140096612,0.08715481928744107,-0.044884287886474944
23->17,23,17,2.5285714285714285,0.01056763285024153,0.07999561202552476,-0.06942797917528323
23->17,23,17,2.6142857142857143,0.010567632850241586,0.07342448754592751,-0.06285685469568592
23->17,23,17,2.7,0.02113526570048306,0.06739313863442749,-0.04625787293394443
23->17,23,17,2.7857142857142856,0.01056763285024153,0.061857226203427235,-0.051289593353185704
23->17,23,17,2.8714285714285714,0.010567632850241586,0.05677605333590008,-0.04620842048565849
23->17,23,17,2.9571428571428573,0.0,0.052112266104527814,-0.052112266104527814
23->17,23,17,3.0428571428571427,0.0,0.04783157896661976,-0.04783157896661976
23->17,23,17,3.1285714285714286,0.0,0.043902522716071216,-0.043902522716071216
23->17,23,17,3.2142857142857144,0.0,0.040296213139445945,-0.040296213139445945
23->17,23,17,3.3,0.0,0.0369861386754717,-0.0369861386754717
23->17,23,17,3.385714285714286,0.0,0.03394796551694117,-0.03394796551694117
23->17,23,17,3.4714285714285715,0.0,0.03115935872223703,-0.03115935872223703
23->17,23,17,3.557142857142857,0.0,0.0285998180213932,-0.0285998180213932
23->17,23,17,3.6428571428571432,0.0,0.026250527109631196,-0.026250527109631196
23->17,23,17,3.7285714285714286,0.16908212560386537,0.024094215320462204,0.14498791028340316
23->17,23,17,3.814285714285714,0.11624396135265684,0.02211503066145294,0.0941289306912039
23->17,23,17,3.9000000000000004,0.0739734299516907,0.02029842327928616,0.053675006672404546
23->17,23,17,3.9857142857142858,0.08454106280193269,0.01863103849741608,0.0659100243045166
23->17,23,17,4.071428571428571,0.021135265700483172,0.017100618639991582,0.00403464706049159
23->17,23,17,4.157142857142857,0.05283816425120739,0.01569591292031223,0.03714225133089516
23->17,23,17,4.242857142857143,0.03170289855072476,0.014406594731367297,0.017296303819357463
23->17,23,17,4.328571428571429,0.021135265700482953,0.013223185730424613,0.00791207997005834
23->17,23,17,4.414285714285715,0.0,0.012136986159581541,-0.012136986159581541
23->17,23,17,4.5,0.010567632850241586,0.011140010890034115,-0.0005723780397925288
23->17,23,17,4.585714285714285,0.021135265700482953,0.010224930719897714,0.010910334980585239
23->17,23,17,4.671428571428572,0.010567632850241586,0.009385018494033781,0.0011826143562078048
23->17,23,17,4.757142857142857,0.0,0.008614099649785918,-0.008614099649785918
23->17,23,17,4.842857142857143,0.0,0.007906506825065263,-0.007906506825065263
23->17,23,17,4.928571428571429,0.0,0.007257038195089519,-0.007257038195089519
23->17,23,17,5.014285714285714,0.0,0.0066609192314905025,-0.0066609192314905025
23->17,23,17,5.1,0.0,0.006113767602664896,-0.006113767602664896
23->17,23,17,5.185714285714286,0.0,0.005611560957335133,-0.005611560957335133
23->17,23,17,5.271428571428571,0.0,0.005150607354483377,-0.005150607354483377
23->17,23,17,5.357142857142858,0.0,0.004727518122275987,-0.004727518122275987
23->17,23,17,5.442857142857143,0.0,0.0043391829464526546,-0.0043391829464526546
23->17,23,17,5.5285714285714285,0.0,0.00398274700504392,-0.00398274700504392
23->17,23,17,5.614285714285714,0.0,0.0036555899813244695,-0.0036555899813244695
23->17,23,17,5.7,0.0,0.0033553068007171737,-0.0033553068007171737
23->17,23,17,5.785714285714286,0.0,0.0030796899500364562,-0.0030796899500364562
23->17,23,17,5.871428571428572,0.021135265700482953,0.0028267132490919456,0.018308552451391007
23->17,23,17,5.957142857142857,0.0,0.0025945169553504453,-0.0025945169553504453
23->19,23,19,0.04285714285714286,0.0,0.9607229454284076,-0.9607229454284076
23->19,23,19,0.12857142857142856,0.0,0.8818057410347337,-0.8818057410347337
23->19,23,19,0.21428571428571427,0.0,0.8093710768769816,-0.8093710768769816
23->19,23,19,0.3,0.0,0.7428864540123261,-0.7428864540123261
23->19,23,19,0.38571428571428573,0.0,0.6818631148576237,-0.6818631148576237
23->19,23,19,0.4714285714285714,0.0,0.6258524501183417,-0.6258524501183417
23->19,23,19,0.5571428571428572,0.0,0.574442700865141,-0.574442700865141
23->19,23,19,0.6428571428571428,0.0,0.5272559315136365,-0.5272559315136365
23->19,23,19,0.7285714285714286,0.0,0.48394525145437756,-0.48394525145437756
23->19,23,19,0.8142857142857143,0.0,0.4441922649080403,-0.4441922649080403
23->19,23,19,0.9,0.0,0.40770473025859444,-0.40770473025859444
23->19,23,19,0.9857142857142857,0.0,0.3742144116571816,-0.3742144116571816
23->19,23,19,1.0714285714285714,0.0,0.34347510710290213,-0.34347510710290213
23->19,23,19,1.157142857142857,0.0,0.3152608385040695,-0.3152608385040695
23->19,23,19,1.2428571428571429,0.0,0.28936419041427874,-0.28936419041427874
23->19,23,19,1.3285714285714287,0.0,0.2655947852306119,-0.2655947852306119
23->19,23,19,1.4142857142857141,0.0,0.24377788364449285,-0.24377788364449285
23->19,23,19,1.5,0.0,0.22375310005649293,-0.22375310005649293
23->19,23,19,1.5857142857142859,0.0,0.2053732235115413,-0.2053732235115413
23->19,23,19,1.6714285714285715,0.0,0.18850313548671466,-0.18850313548671466
23->19,23,19,1.7571428571428571,0.753556324490581,0.17301881657579302,0.580537507914788
23->19,23,19,1.842857142857143,4.763552479815458,0.1588064347682837,4.604746045047174
23->19,23,19,1.9285714285714286,2.7181853133410168,0.14576150862045373,2.572423804720563
23->19,23,19,2.0142857142857142,1.2648981161091926,0.1337881391664733,1.1311099769427193
23->19,23,19,2.0999999999999996,0.6324490580545931,0.12279830492311432,0.5096507531314788
23->19,23,19,2.185714285714286,0.2960399846212989,0.11271121480527316,0.18332876981602572
23->19,23,19,2.2714285714285714,0.14801999231064944,0.10345271419531782,0.04456727811533162
23->19,23,19,2.357142857142857,0.13456362937331837,0.09495473980001322,0.03960888957330515
23->19,23,19,2.442857142857143,0.053825451749327076,0.08715481928744107,-0.03332936753811399
23->19,23,19,2.5285714285714285,0.053825451749327076,0.07999561202552476,-0.02617016027619768
23->19,23,19,2.6142857142857143,0.013456362937331838,0.07342448754592751,-0.05996812460859567
23->19,23,19,2.7,0.026912725874663538,0.06739313863442749,-0.040480412759763953
23->19,23,19,2.7857142857142856,0.013456362937331769,0.061857226203427235,-0.04840086326609547
23->19,23,19,2.8714285714285714,0.0,0.05677605333590008,-0.05677605333590008
23->19,23,19,2.9571428571428573,0.0,0.052112266104527814,-0.052112266104527814
23->19,23,19,3.0428571428571427,0.0,0.04783157896661976,-0.04783157896661976
23->19,23,19,3.1285714285714286,0.0,0.043902522716071216,-0.043902522716071216
23->19,23,19,3.2142857142857144,0.0,0.040296213139445945,-0.040296213139445945
23->19,23,19,3.3,0.0,0.0369861386754717,-0.0369861386754717
23->19,23,19,3.385714285714286,0.0,0.03394796551694117,-0.03394796551694117
23->19,23,19,3.4714285714285715,0.0,0.03115935872223703,-0.03115935872223703
23->19,23,19,3.557142857142857,0.0,0.0285998180213932,-0.0285998180213932
23->19,23,19,3.6428571428571432,0.0,0.026250527109631196,-0.026250527109631196
23->19,23,19,3.7285714285714286,0.0,0.024094215320462204,-0.024094215320462204
23->19,23,19,3.814285714285714,0.0,0.02211503066145294,-0.02211503066145294
23->19,23,19,3.9000000000000004,0.26912725874663534,0.02029842327928616,0.24882883546734919
23->19,23,19,3.9857142857142858,0.21530180699730941,0.01863103849741608,0.19667076849989334
23->19,23,19,4.071428571428571,0.13456362937331837,0.017100618639991582,0.11746301073332678
23->19,23,19,4.157142857142857,0.04036908881199509,0.01569591292031223,0.024673175891682858
23->19,23,19,4.242857142857143,0.06728181468665918,0.014406594731367297,0.05287521995529189
23->19,23,19,4.328571428571429,0.0134563629373317,0.013223185730424613,0.0002331772069070863
23->19,23,19,4.414285714285715,0.013456362937331838,0.012136986159581541,0.001319376777750297
23->19,23,19,4.5,0.0,0.011140010890034115,-0.011140010890034115
23->19,23,19,4.585714285714285,0.0134563629373317,0.010224930719897714,0.003231432217433985
23->19,23,19,4.671428571428572,0.013456362937331838,0.009385018494033781,0.004071344443298057
23->19,23,19,4.757142857142857,0.0,0.008614099649785918,-0.008614099649785918
23->19,23,19,4.842857142857143,0.0,0.007906506825065263,-0.007906506825065263
23->19,23,19,4.928571428571429,0.013456362937331838,0.007257038195089519,0.00619932474224232
23->19,23,19,5.014285714285714,0.0,0.0066609192314905025,-0.0066609192314905025
23->19,23,19,5.1,0.0,0.006113767602664896,-0.006113767602664896
23->19,23,19,5.185714285714286,0.0,0.005611560957335133,-0.005611560957335133
23->19,23,19,5.271428571428571,0.0,0.005150607354483377,-0.005150607354483377
23->19,23,19,5.357142857142858,0.0,0.004727518122275987,-0.004727518122275987
23->19,23,19,5.442857142857143,0.0,0.0043391829464526546,-0.0043391829464526546
23->19,23,19,5.5285714285714285,0.0,0.00398274700504392,-0.00398274700504392
23->19,23,19,5.614285714285714,0.0,0.0036555899813244695,-0.0036555899813244695
23->19,23,19,5.7,0.0,0.0033553068007171737,-0.0033553068007171737
23->19,23,19,5.785714285714286,0.0,0.0030796899500364562,-0.0030796899500364562
23->19,23,19,5.871428571428572,0.0,0.0028267132490919456,-0.0028267132490919456
23->19,23,19,5.957142857142857,0.0,0.0025945169553504453,-0.0025945169553504453
23->23,23,23,0.04285714285714286,0.0,0.9607229454284076,-0.9607229454284076
23->23,23,23,0.12857142857142856,0.0,0.8818057410347337,-0.8818057410347337
23->23,23,23,0.21428571428571427,0.0,0.8093710768769816,-0.8093710768769816
23->23,23,23,0.3,0.0,0.7428864540123261,-0.7428864540123261
23->23,23,23,0.38571428571428573,0.0,0.6818631148576237,-0.6818631148576237
23->23,23,23,0.4714285714285714,0.0,0.6258524501183417,-0.6258524501183417
23->23,23,23,0.5571428571428572,0.0,0.574442700865141,-0.574442700865141
23->23,23,23,0.6428571428571428,0.0,0.5272559315136365,-0.5272559315136365
23->23,23,23,0.7285714285714286,0.0,0.48394525145437756,-0.48394525145437756
23->23,23,23,0.8142857142857143,0.0,0.4441922649080403,-0.4441922649080403
23->23,23,23,0.9,0.0,0.40770473025859444,-0.40770473025859444
23->23,23,23,0.9857142857142857,0.0,0.3742144116571816,-0.3742144116571816
23->23,23,23,1.0714285714285714,0.0,0.34347510710290213,-0.34347510710290213
23->23,23,23,1.157142857142857,0.0,0.3152608385040695,-0.3152608385040695
23->23,23,23,1.2428571428571429,0.0,0.28936419041427874,-0.28936419041427874
23->23,23,23,1.3285714285714287,0.0,0.2655947852306119,-0.2655947852306119
23->23,23,23,1.4142857142857141,0.0,0.24377788364449285,-0.24377788364449285
23->23,23,23,1.5,0.0,0.22375310005649293,-0.22375310005649293
23->23,23,23,1.5857142857142859,0.0,0.2053732235115413,-0.2053732235115413
23->23,23,23,1.6714285714285715,0.0,0.18850313548671466,-0.18850313548671466
23->23,23,23,1.7571428571428571,0.0,0.17301881657579302,-0.17301881657579302
23->23,23,23,1.842857142857143,0.0,0.1588064347682837,-0.1588064347682837
23->23,23,23,1.9285714285714286,0.0,0.14576150862045373,-0.14576150862045373
23->23,23,23,2.0142857142857142,0.0,0.1337881391664733,-0.1337881391664733
23->23,23,23,2.0999999999999996,4.516129032258062,0.12279830492311432,4.393330727334948
23->23,23,23,2.185714285714286,3.17540322580645,0.11271121480527316,3.062692011001177
23->23,23,23,2.2714285714285714,1.340725806451612,0.10345271419531782,1.2372730922562942
23->23,23,23,2.357142857142857,0.72916666666667,0.09495473980001322,0.6342119268666567
23->23,23,23,2.442857142857143,0.4704301075268814,0.08715481928744107,0.38327528823944035
23->23,23,23,2.5285714285714285,0.2352150537634407,0.07999561202552476,0.15521944173791596
23->23,23,23,2.6142857142857143,0.21169354838709775,0.07342448754592751,0.13826906084117024
23->23,23,23,2.7,0.1646505376344085,0.06739313863442749,0.09725739899998102
23->23,23,23,2.7857142857142856,0.11760752688172035,0.061857226203427235,0.05575030067829312
23->23,23,23,2.8714285714285714,0.023521505376344197,0.05677605333590008,-0.03325454795955588
23->23,23,23,2.9571428571428573,0.023521505376344076,0.052112266104527814,-0.02859076072818374
23->23,23,23,3.0428571428571427,0.0,0.04783157896661976,-0.04783157896661976
23->23,23,23,3.1285714285714286,0.0,0.043902522716071216,-0.043902522716071216
23->23,23,23,3.2142857142857144,0.0,0.040296213139445945,-0.040296213139445945
23->23,23,23,3.3,0.0,0.0369861386754717,-0.0369861386754717
23->23,23,23,3.385714285714286,0.023521505376344076,0.03394796551694117,-0.010426460140597092
23->23,23,23,3.4714285714285715,0.0,0.03115935872223703,-0.03115935872223703
23->23,23,23,3.557142857142857,0.0,0.0285998180213932,-0.0285998180213932
23->23,23,23,3.6428571428571432,0.0,0.026250527109631196,-0.026250527109631196
23->23,23,23,3.7285714285714286,0.0,0.024094215320462204,-0.024094215320462204
23->23,23,23,3.814285714285714,0.0,0.02211503066145294,-0.02211503066145294
23->23,23,23,3.9000000000000004,0.0,0.02029842327928616,-0.02029842327928616
23->23,23,23,3.9857142857142858,0.0,0.01863103849741608,-0.01863103849741608
23->23,23,23,4.071428571428571,0.0,0.017100618639991582,-0.017100618639991582
23->23,23,23,4.157142857142857,0.11760752688171976,0.01569591292031223,0.10191161396140752
23->23,23,23,4.242857142857143,0.11760752688172098,0.014406594731367297,0.10320093215035368
23->23,23,23,4.328571428571429,0.11760752688171976,0.013223185730424613,0.10438434115129515
23->23,23,23,4.414285714285715,0.047043010752688394,0.012136986159581541,0.03490602459310685
23->23,23,23,4.5,0.0705645161290326,0.011140010890034115,0.05942450523899848
23->23,23,23,4.585714285714285,0.023521505376343954,0.010224930719897714,0.01329657465644624
23->23,23,23,4.671428571428572,0.023521505376344197,0.009385018494033781,0.014136486882310416
23->23,23,23,4.757142857142857,0.0705645161290326,0.008614099649785918,0.06195041647924668
23->23,23,23,4.842857142857143,0.023521505376343954,0.007906506825065263,0.01561499855127869
23->23,23,23,4.928571428571429,0.023521505376344197,0.007257038195089519,0.01626446718125468
23->23,23,23,5.014285714285714,0.0,0.0066609192314905025,-0.0066609192314905025
23->23,23,23,5.1,0.0,0.006113767602664896,-0.006113767602664896
23->23,23,23,5.185714285714286,0.0,0.005611560957335133,-0.005611560957335133
23->23,23,23,5.271428571428571,0.0,0.005150607354483377,-0.005150607354483377
23->23,23,23,5.357142857142858,0.0,0.004727518122275987,-0.004727518122275987
23->23,23,23,5.442857142857143,0.0,0.0043391829464526546,-0.0043391829464526546
23->23,23,23,5.5285714285714285,0.0,0.00398274700504392,-0.00398274700504392
23->23,23,23,5.614285714285714,0.0,0.0036555899813244695,-0.0036555899813244695
23->23,23,23,5.7,0.0,0.0033553068007171737,-0.0033553068007171737
23->23,23,23,5.785714285714286,0.0,0.0030796899500364562,-0.0030796899500364562
23->23,23,23,5.871428571428572,0.0,0.0028267132490919456,-0.0028267132490919456
23->23,23,23,5.957142857142857,0.0,0.0025945169553504453,-0.0025945169553504453
23->29,23,29,0.04285714285714286,0.0,0.9607229454284076,-0.9607229454284076
23->29,23,29,0.12857142857142856,0.0,0.8818057410347337,-0.8818057410347337
23->29,23,29,0.21428571428571427,0.0,0.8093710768769816,-0.8093710768769816
23->29,23,29,0.3,0.0,0.7428864540123261,-0.7428864540123261
23->29,23,29,0.38571428571428573,3.7736679876706267,0.6818631148576237,3.091804872813003
23->29,23,29,0.4714285714285714,6.067811536767947,0.6258524501183417,5.4419590866496055
23->29,23,29,0.5571428571428572,0.715543813298106,0.574442700865141,0.14110111243296497
23->29,23,29,0.6428571428571428,0.17833553500660487,0.5272559315136365,-0.3489203965070316
23->29,23,29,0.7285714285714286,0.05284015852047552,0.48394525145437756,-0.43110509293390203
23->29,23,29,0.8142857142857143,0.0220167327168648,0.4441922649080403,-0.42217553219117554
23->29,23,29,0.9,0.006605019815059449,0.40770473025859444,-0.401099710443535
23->29,23,29,0.9857142857142857,0.011008366358432414,0.3742144116571816,-0.3632060452987492
23->29,23,29,1.0714285714285714,0.004403346543372955,0.34347510710290213,-0.3390717605595292
23->29,23,29,1.157142857142857,0.002201673271686483,0.3152608385040695,-0.31305916523238303
23->29,23,29,1.2428571428571429,0.0,0.28936419041427874,-0.28936419041427874
23->29,23,29,1.3285714285714287,0.002201673271686483,0.2655947852306119,-0.26339311195892545
23->29,23,29,1.4142857142857141,0.0,0.24377788364449285,-0.24377788364449285
23->29,23,29,1.5,0.0022016732716864775,0.22375310005649293,-0.22155142678480647
23->29,23,29,1.5857142857142859,0.0,0.2053732235115413,-0.2053732235115413
23->29,23,29,1.6714285714285715,0.0,0.18850313548671466,-0.18850313548671466
23->29,23,29,1.7571428571428571,0.0,0.17301881657579302,-0.17301881657579302
23->29,23,29,1.842857142857143,0.0,0.1588064347682837,-0.1588064347682837
23->29,23,29,1.9285714285714286,0.0022016732716864775,0.14576150862045373,-0.14355983534876726
23->29,23,29,2.0142857142857142,0.0,0.1337881391664733,-0.1337881391664733
23->29,23,29,2.0999999999999996,0.0,0.12279830492311432,-0.12279830492311432
23->29,23,29,2.185714285714286,0.0,0.11271121480527316,-0.11271121480527316
23->29,23,29,2.2714285714285714,0.0,0.10345271419531782,-0.10345271419531782
23->29,23,29,2.357142857142857,0.0,0.09495473980001322,-0.09495473980001322
23->29,23,29,2.442857142857143,0.019815059445178293,0.08715481928744107,-0.06733975984226277
23->29,23,29,2.5285714285714285,0.3082342580361068,0.07999561202552476,0.22823864601058208
23->29,23,29,2.6142857142857143,0.18494055482166505,0.07342448754592751,0.11151606727573754
23->29,23,29,2.7,0.1056803170409509,0.06739313863442749,0.03828717840652342
23->29,23,29,2.7857142857142856,0.05284015852047545,0.061857226203427235,-0.009017067682951782
23->29,23,29,2.8714285714285714,0.02862175253192435,0.05677605333590008,-0.02815430080397573
23->29,23,29,2.9571428571428573,0.01761338617349182,0.052112266104527814,-0.034498879931035994
23->29,23,29,3.0428571428571427,0.01761338617349182,0.04783157896661976,-0.030218192793127943
23->29,23,29,3.1285714285714286,0.011008366358432442,0.043902522716071216,-0.032894156357638774
23->29,23,29,3.2142857142857144,0.004403346543372955,0.040296213139445945,-0.03589286659607299
23->29,23,29,3.3,0.0022016732716864775,0.0369861386754717,-0.03478446540378522
23->29,23,29,3.385714285714286,0.004403346543372955,0.03394796551694117,-0.029544618973568214
23->29,23,29,3.4714285714285715,0.0,0.03115935872223703,-0.03115935872223703
23->29,23,29,3.557142857142857,0.004403346543372955,0.0285998180213932,-0.024196471478020246
23->29,23,29,3.6428571428571432,0.0022016732716864775,0.026250527109631196,-0.02404885383794472
23->29,23,29,3.7285714285714286,0.0,0.024094215320462204,-0.024094215320462204
23->29,23,29,3.814285714285714,0.0,0.02211503066145294,-0.02211503066145294
23->29,23,29,3.9000000000000004,0.0,0.02029842327928616,-0.02029842327928616
23->29,23,29,3.9857142857142858,0.0,0.01863103849741608,-0.01863103849741608
23->29,23,29,4.071428571428571,0.0,0.017100618639991582,-0.017100618639991582
23->29,23,29,4.157142857142857,0.0,0.01569591292031223,-0.01569591292031223
23->29,23,29,4.242857142857143,0.0,0.014406594731367297,-0.014406594731367297
23->29,23,29,4.328571428571429,0.0,0.013223185730424613,-0.013223185730424613
23->29,23,29,4.414285714285715,0.0,0.012136986159581541,-0.012136986159581541
23->29,23,29,4.5,0.0,0.011140010890034115,-0.011140010890034115
23->29,23,29,4.585714285714285,0.019815059445178192,0.010224930719897714,0.009590128725280478
23->29,23,29,4.671428571428572,0.01541171290180542,0.009385018494033781,0.0060266944077716385
23->29,23,29,4.757142857142857,0.011008366358432442,0.008614099649785918,0.002394266708646524
23->29,23,29,4.842857142857143,0.004403346543372932,0.007906506825065263,-0.003503160281692331
23->29,23,29,4.928571428571429,0.0,0.007257038195089519,-0.007257038195089519
23->29,23,29,5.014285714285714,0.0,0.0066609192314905025,-0.0066609192314905025
23->29,23,29,5.1,0.004403346543372932,0.006113767602664896,-0.0017104210592919639
23->29,23,29,5.185714285714286,0.0,0.005611560957335133,-0.005611560957335133
23->29,23,29,5.271428571428571,0.0044033465433729775,0.005150607354483377,-0.0007472608111103998
23->29,23,29,5.357142857142858,0.0,0.004727518122275987,-0.004727518122275987
23->29,23,29,5.442857142857143,0.0,0.0043391829464526546,-0.0043391829464526546
23->29,23,29,5.5285714285714285,0.0022016732716864888,0.00398274700504392,-0.0017810737333574314
23->29,23,29,5.614285714285714,0.0,0.0036555899813244695,-0.0036555899813244695
23->29,23,29,5.7,0.0,0.0033553068007171737,-0.0033553068007171737
23->29,23,29,5.785714285714286,0.0,0.0030796899500364562,-0.0030796899500364562
23->29,23,29,5.871428571428572,0.0,0.0028267132490919456,-0.0028267132490919456
23->29,23,29,5.957142857142857,0.0,0.0025945169553504453,-0.0025945169553504453
29->1,29,1,0.04285714285714286,0.0,0.9607229454284076,-0.9607229454284076
29->1,29,1,0.12857142857142856,9.746614242027086,0.8818057410347337,8.864808500992352
29->1,29,1,0.21428571428571427,0.9523809523809527,0.8093710768769816,0.14300987550397104
29->1,29,1,0.3,0.03276539973787679,0.7428864540123261,-0.7101210542744494
29->1,29,1,0.38571428571428573,0.008737439930100477,0.6818631148576237,-0.6731256749275233
29->1,29,1,0.4714285714285714,0.0021843599825251223,0.6258524501183417,-0.6236680901358166
29->1,29,1,0.5571428571428572,0.0021843599825251193,0.574442700865141,-0.572258340882616
29->1,29,1,0.6428571428571428,0.0,0.5272559315136365,-0.5272559315136365
29->1,29,1,0.7285714285714286,0.0,0.48394525145437756,-0.48394525145437756
29->1,29,1,0.8142857142857143,0.0,0.4441922649080403,-0.4441922649080403
29->1,29,1,0.9,0.0,0.40770473025859444,-0.40770473025859444
29->1,29,1,0.9857142857142857,0.0,0.3742144116571816,-0.3742144116571816
29->1,29,1,1.0714285714285714,0.0,0.34347510710290213,-0.34347510710290213
29->1,29,1,1.157142857142857,0.0,0.3152608385040695,-0.3152608385040695
29->1,29,1,1.2428571428571429,0.0,0.28936419041427874,-0.28936419041427874
29->1,29,1,1.3285714285714287,0.0,0.2655947852306119,-0.2655947852306119
29->1,29,1,1.4142857142857141,0.0,0.24377788364449285,-0.24377788364449285
29->1,29,1,1.5,0.0,0.22375310005649293,-0.22375310005649293
29->1,29,1,1.5857142857142859,0.0,0.2053732235115413,-0.2053732235115413
29->1,29,1,1.6714285714285715,0.0,0.18850313548671466,-0.18850313548671466
29->1,29,1,1.7571428571428571,0.0,0.17301881657579302,-0.17301881657579302
29->1,29,1,1.842857142857143,0.0,0.1588064347682837,-0.1588064347682837
29->1,29,1,1.9285714285714286,0.0,0.14576150862045373,-0.14576150862045373
29->1,29,1,2.0142857142857142,0.0,0.1337881391664733,-0.1337881391664733
29->1,29,1,2.0999999999999996,0.0,0.12279830492311432,-0.12279830492311432
29->1,29,1,2.185714285714286,0.10921799912625582,0.11271121480527316,-0.0034932156790173363
29->1,29,1,2.2714285714285714,0.3276539973787675,0.10345271419531782,0.22420128318344967
29->1,29,1,2.357142857142857,0.20532983835736204,0.09495473980001322,0.11037509855734882
29->1,29,1,2.442857142857143,0.09611183923110513,0.08715481928744107,0.00895701994366406
29->1,29,1,2.5285714285714285,0.058977719528178145,0.07999561202552476,-0.02101789249734661
29->1,29,1,2.6142857142857143,0.02839667977282666,0.07342448754592751,-0.04502780777310085
29->1,29,1,2.7,0.017474879860200934,0.06739313863442749,-0.04991825877422655
29->1,29,1,2.7857142857142856,0.015290519877675815,0.061857226203427235,-0.04656670632575142
29->1,29,1,2.8714285714285714,0.004368719965050256,0.05677605333590008,-0.05240733337084982
29->1,29,1,2.9571428571428573,0.008737439930100467,0.052112266104527814,-0.043374826174427346
29->1,29,1,3.0428571428571427,0.0,0.04783157896661976,-0.04783157896661976
29->1,29,1,3.1285714285714286,0.0,0.043902522716071216,-0.043902522716071216
29->1,29,1,3.2142857142857144,0.0,0.040296213139445945,-0.040296213139445945
29->1,29,1,3.3,0.0,0.0369861386754717,-0.0369861386754717
29->1,29,1,3.385714285714286,0.0,0.03394796551694117,-0.03394796551694117
29->1,29,1,3.4714285714285715,0.002184359982525128,0.03115935872223703,-0.0289749987397119
29->1,29,1,3.557142857142857,0.0,0.0285998180213932,-0.0285998180213932
29->1,29,1,3.6428571428571432,0.0,0.026250527109631196,-0.026250527109631196
29->1,29,1,3.7285714285714286,0.0,0.024094215320462204,-0.024094215320462204
29->1,29,1,3.814285714285714,0.0,0.02211503066145294,-0.02211503066145294
29->1,29,1,3.9000000000000004,0.0,0.02029842327928616,-0.02029842327928616
29->1,29,1,3.9857142857142858,0.0,0.01863103849741608,-0.01863103849741608
29->1,29,1,4.071428571428571,0.0,0.017100618639991582,-0.017100618639991582
29->1,29,1,4.157142857142857,0.0,0.01569591292031223,-0.01569591292031223
29->1,29,1,4.242857142857143,0.0,0.014406594731367297,-0.014406594731367297
29->1,29,1,4.328571428571429,0.021843599825251053,0.013223185730424613,0.00862041409482644
29->1,29,1,4.414285714285715,0.008737439930100512,0.012136986159581541,-0.0033995462294810295
29->1,29,1,4.5,0.004368719965050256,0.011140010890034115,-0.006771290924983859
29->1,29,1,4.585714285714285,0.004368719965050211,0.010224930719897714,-0.005856210754847504
29->1,29,1,4.671428571428572,0.0,0.009385018494033781,-0.009385018494033781
29->1,29,1,4.757142857142857,0.002184359982525128,0.008614099649785918,-0.00642973966726079
29->1,29,1,4.842857142857143,0.0,0.007906506825065263,-0.007906506825065263
29->1,29,1,4.928571428571429,0.002184359982525128,0.007257038195089519,-0.00507267821256439
29->1,29,1,5.014285714285714,0.002184359982525128,0.0066609192314905025,-0.004476559248965374
29->1,29,1,5.1,0.0021843599825251054,0.006113767602664896,-0.003929407620139791
29->1,29,1,5.185714285714286,0.0,0.005611560957335133,-0.005611560957335133
29->1,29,1,5.271428571428571,0.0,0.005150607354483377,-0.005150607354483377
29->1,29,1,5.357142857142858,0.0,0.004727518122275987,-0.004727518122275987
29->1,29,1,5.442857142857143,0.0,0.0043391829464526546,-0.0043391829464526546
29->1,29,1,5.5285714285714285,0.0,0.00398274700504392,-0.00398274700504392
29->1,29,1,5.614285714285714,0.0,0.0036555899813244695,-0.0036555899813244695
29->1,29,1,5.7,0.0,0.0033553068007171737,-0.0033553068007171737
29->1,29,1,5.785714285714286,0.0,0.0030796899500364562,-0.0030796899500364562
29->1,29,1,5.871428571428572,0.0,0.0028267132490919456,-0.0028267132490919456
29->1,29,1,5.957142857142857,0.0,0.0025945169553504453,-0.0025945169553504453
29->7,29,7,0.04285714285714286,0.0,0.9607229454284076,-0.9607229454284076
29->7,29,7,0.12857142857142856,0.0,0.8818057410347337,-0.8818057410347337
29->7,29,7,0.21428571428571427,0.0,0.8093710768769816,-0.8093710768769816
29->7,29,7,0.3,0.0,0.7428864540123261,-0.7428864540123261
29->7,29,7,0.38571428571428573,0.0,0.6818631148576237,-0.6818631148576237
29->7,29,7,0.4714285714285714,0.0,0.6258524501183417,-0.6258524501183417
29->7,29,7,0.5571428571428572,7.005804311774461,0.574442700865141,6.4313616109093195
29->7,29,7,0.6428571428571428,2.931177446102819,0.5272559315136365,2.4039215145891824
29->7,29,7,0.7285714285714286,0.6529850746268655,0.48394525145437756,0.16903982317248795
29->7,29,7,0.8142857142857143,0.208955223880597,0.4441922649080403,-0.2352370410274433
29->7,29,7,0.9,0.07255389718076294,0.40770473025859444,-0.3351508330778315
29->7,29,7,0.9857142857142857,0.02902155887230518,0.3742144116571816,-0.34519285278487644
29->7,29,7,1.0714285714285714,0.00870646766169153,0.34347510710290213,-0.3347686394412106
29->7,29,7,1.157142857142857,0.005804311774461035,0.3152608385040695,-0.30945652672960844
29->7,29,7,1.2428571428571429,0.00290215588723051,0.28936419041427874,-0.2864620345270482
29->7,29,7,1.3285714285714287,0.01160862354892207,0.2655947852306119,-0.25398616168168986
29->7,29,7,1.4142857142857141,0.0,0.24377788364449285,-0.24377788364449285
29->7,29,7,1.5,0.0,0.22375310005649293,-0.22375310005649293
29->7,29,7,1.5857142857142859,0.0,0.2053732235115413,-0.2053732235115413
29->7,29,7,1.6714285714285715,0.0,0.18850313548671466,-0.18850313548671466
29->7,29,7,1.7571428571428571,0.0029021558872305174,0.17301881657579302,-0.1701166606885625
29->7,29,7,1.842857142857143,0.0,0.1588064347682837,-0.1588064347682837
29->7,29,7,1.9285714285714286,0.0,0.14576150862045373,-0.14576150862045373
29->7,29,7,2.0142857142857142,0.0,0.1337881391664733,-0.1337881391664733
29->7,29,7,2.0999999999999996,0.0,0.12279830492311432,-0.12279830492311432
29->7,29,7,2.185714285714286,0.0,0.11271121480527316,-0.11271121480527316
29->7,29,7,2.2714285714285714,0.0,0.10345271419531782,-0.10345271419531782
29->7,29,7,2.357142857142857,0.0,0.09495473980001322,-0.09495473980001322
29->7,29,7,2.442857142857143,0.0,0.08715481928744107,-0.08715481928744107
29->7,29,7,2.5285714285714285,0.0,0.07999561202552476,-0.07999561202552476
29->7,29,7,2.6142857142857143,0.13059701492537362,0.07342448754592751,0.057172527379446114
29->7,29,7,2.7,0.2234660033167493,0.06739313863442749,0.1560728646823218
29->7,29,7,2.7857142857142856,0.1393034825870645,0.061857226203427235,0.07744625638363725
29->7,29,7,2.8714285714285714,0.0580431177446105,0.05677605333590008,0.001267064408710425
29->7,29,7,2.9571428571428573,0.04933665008291867,0.052112266104527814,-0.0027756160216091466
29->7,29,7,3.0428571428571427,0.02611940298507459,0.04783157896661976,-0.021712175981545172
29->7,29,7,3.1285714285714286,0.0116086235489221,0.043902522716071216,-0.032293899167149115
29->7,29,7,3.2142857142857144,0.02611940298507459,0.040296213139445945,-0.014176810154371354
29->7,29,7,3.3,0.01160862354892204,0.0369861386754717,-0.025377515126549663
29->7,29,7,3.385714285714286,0.00580431177446102,0.03394796551694117,-0.028143653742480148
29->7,29,7,3.4714285714285715,0.002902155887230525,0.03115935872223703,-0.028257202835006504
29->7,29,7,3.557142857142857,0.00580431177446102,0.0285998180213932,-0.02279550624693218
29->7,29,7,3.6428571428571432,0.0,0.026250527109631196,-0.026250527109631196
29->7,29,7,3.7285714285714286,0.0,0.024094215320462204,-0.024094215320462204
29->7,29,7,3.814285714285714,0.0,0.02211503066145294,-0.02211503066145294
29->7,29,7,3.9000000000000004,0.0,0.02029842327928616,-0.02029842327928616
29->7,29,7,3.9857142857142858,0.0,0.01863103849741608,-0.01863103849741608
29->7,29,7,4.071428571428571,0.0,0.017100618639991582,-0.017100618639991582
29->7,29,7,4.157142857142857,0.0,0.01569591292031223,-0.01569591292031223
29->7,29,7,4.242857142857143,0.0,0.014406594731367297,-0.014406594731367297
29->7,29,7,4.328571428571429,0.0,0.013223185730424613,-0.013223185730424613
29->7,29,7,4.414285714285715,0.0,0.012136986159581541,-0.012136986159581541
29->7,29,7,4.5,0.0,0.011140010890034115,-0.011140010890034115
29->7,29,7,4.585714285714285,0.0,0.010224930719897714,-0.010224930719897714
29->7,29,7,4.671428571428572,0.0,0.009385018494033781,-0.009385018494033781
29->7,29,7,4.757142857142857,0.020315091210613673,0.008614099649785918,0.011700991560827755
29->7,29,7,4.842857142857143,0.00580431177446099,0.007906506825065263,-0.0021021950506042737
29->7,29,7,4.928571428571429,0.0,0.007257038195089519,-0.007257038195089519
29->7,29,7,5.014285714285714,0.002902155887230525,0.0066609192314905025,-0.0037587633442599773
29->7,29,7,5.1,0.002902155887230495,0.006113767602664896,-0.0032116117154344015
29->7,29,7,5.185714285714286,0.002902155887230525,0.005611560957335133,-0.0027094050701046077
29->7,29,7,5.271428571428571,0.002902155887230525,0.005150607354483377,-0.002248451467252852
29->7,29,7,5.357142857142858,0.002902155887230495,0.004727518122275987,-0.0018253622350454923
29->7,29,7,5.442857142857143,0.002902155887230525,0.0043391829464526546,-0.0014370270592221294
29->7,29,7,5.5285714285714285,0.0,0.00398274700504392,-0.00398274700504392
29->7,29,7,5.614285714285714,0.0,0.0036555899813244695,-0.0036555899813244695
29->7,29,7,5.7,0.0,0.0033553068007171737,-0.0033553068007171737
29->7,29,7,5.785714285714286,0.0,0.0030796899500364562,-0.0030796899500364562
29->7,29,7,5.871428571428572,0.0,0.0028267132490919456,-0.0028267132490919456
29->7,29,7,5.957142857142857,0.0,0.0025945169553504453,-0.0025945169553504453
29->11,29,11,0.04285714285714286,0.0,0.9607229454284076,-0.9607229454284076
29->11,29,11,0.12857142857142856,0.0,0.8818057410347337,-0.8818057410347337
29->11,29,11,0.21428571428571427,0.0,0.8093710768769816,-0.8093710768769816
29->11,29,11,0.3,0.0,0.7428864540123261,-0.7428864540123261
29->11,29,11,0.38571428571428573,0.0,0.6818631148576237,-0.6818631148576237
29->11,29,11,0.4714285714285714,0.0,0.6258524501183417,-0.6258524501183417
29->11,29,11,0.5571428571428572,0.0,0.574442700865141,-0.574442700865141
29->11,29,11,0.6428571428571428,0.0,0.5272559315136365,-0.5272559315136365
29->11,29,11,0.7285714285714286,0.0,0.48394525145437756,-0.48394525145437756
29->11,29,11,0.8142857142857143,4.029229904440695,0.4441922649080403,3.585037639532654
29->11,29,11,0.9,4.713884204609335,0.40770473025859444,4.30617947435074
29->11,29,11,0.9857142857142857,1.3417650365373817,0.3742144116571816,0.9675506248802
29->11,29,11,1.0714285714285714,0.41315345699831285,0.34347510710290213,0.06967834989541072
29->11,29,11,1.157142857142857,0.19673974142776857,0.3152608385040695,-0.11852109707630093
29->11,29,11,1.2428571428571429,0.10623946037099474,0.28936419041427874,-0.183124730043284
29->11,29,11,1.3285714285714287,0.03934794828555371,0.2655947852306119,-0.2262468369450582
29->11,29,11,1.4142857142857141,0.023608768971332225,0.24377788364449285,-0.22016911467316064
29->11,29,11,1.5,0.011804384485666081,0.22375310005649293,-0.21194871557082684
29->11,29,11,1.5857142857142859,0.015739179314221485,0.2053732235115413,-0.18963404419731983
29->11,29,11,1.6714285714285715,0.003934794828555361,0.18850313548671466,-0.1845683406581593
29->11,29,11,1.7571428571428571,0.0,0.17301881657579302,-0.17301881657579302
29->11,29,11,1.842857142857143,0.0,0.1588064347682837,-0.1588064347682837
29->11,29,11,1.9285714285714286,0.003934794828555361,0.14576150862045373,-0.14182671379189837
29->11,29,11,2.0142857142857142,0.0,0.1337881391664733,-0.1337881391664733
29->11,29,11,2.0999999999999996,0.0,0.12279830492311432,-0.12279830492311432
29->11,29,11,2.185714285714286,0.0,0.11271121480527316,-0.11271121480527316
29->11,29,11,2.2714285714285714,0.0,0.10345271419531782,-0.10345271419531782
29->11,29,11,2.357142857142857,0.0,0.09495473980001322,-0.09495473980001322
29->11,29,11,2.442857142857143,0.0,0.08715481928744107,-0.08715481928744107
29->11,29,11,2.5285714285714285,0.0,0.07999561202552476,-0.07999561202552476
29->11,29,11,2.6142857142857143,0.0,0.07342448754592751,-0.07342448754592751
29->11,29,11,2.7,0.0,0.06739313863442749,-0.06739313863442749
29->11,29,11,2.7857142857142856,0.0,0.061857226203427235,-0.061857226203427235
29->11,29,11,2.8714285714285714,0.1023046655424399,0.05677605333590008,0.04552861220653982
29->11,29,11,2.9571428571428573,0.27543563799887527,0.052112266104527814,0.22332337189434745
29->11,29,11,3.0428571428571427,0.17313097245643588,0.04783157896661976,0.1252993934898161
29->11,29,11,3.1285714285714286,0.07082630691399686,0.043902522716071216,0.02692378419792564
29->11,29,11,3.2142857142857144,0.04328274311410897,0.040296213139445945,0.0029865299746630256
29->11,29,11,3.3,0.019673974142776805,0.0369861386754717,-0.017312164532694897
29->11,29,11,3.385714285714286,0.019673974142776805,0.03394796551694117,-0.014273991374164362
29->11,29,11,3.4714285714285715,0.011804384485666144,0.03115935872223703,-0.019354974236570885
29->11,29,11,3.557142857142857,0.003934794828555361,0.0285998180213932,-0.024665023192837837
29->11,29,11,3.6428571428571432,0.0,0.026250527109631196,-0.026250527109631196
29->11,29,11,3.7285714285714286,0.011804384485666144,0.024094215320462204,-0.01228983083479606
29->11,29,11,3.814285714285714,0.003934794828555361,0.02211503066145294,-0.018180235832897577
29->11,29,11,3.9000000000000004,0.0,0.02029842327928616,-0.02029842327928616
29->11,29,11,3.9857142857142858,0.0,0.01863103849741608,-0.01863103849741608
29->11,29,11,4.071428571428571,0.0,0.017100618639991582,-0.017100618639991582
29->11,29,11,4.157142857142857,0.0,0.01569591292031223,-0.01569591292031223
29->11,29,11,4.242857142857143,0.0,0.014406594731367297,-0.014406594731367297
29->11,29,11,4.328571428571429,0.0,0.013223185730424613,-0.013223185730424613
29->11,29,11,4.414285714285715,0.0,0.012136986159581541,-0.012136986159581541
29->11,29,11,4.5,0.0,0.011140010890034115,-0.011140010890034115
29->11,29,11,4.585714285714285,0.0,0.010224930719897714,-0.010224930719897714
29->11,29,11,4.671428571428572,0.0,0.009385018494033781,-0.009385018494033781
29->11,29,11,4.757142857142857,0.0,0.008614099649785918,-0.008614099649785918
29->11,29,11,4.842857142857143,0.0,0.007906506825065263,-0.007906506825065263
29->11,29,11,4.928571428571429,0.0039347948285553816,0.007257038195089519,-0.003322243366534137
29->11,29,11,5.014285714285714,0.0039347948285553816,0.0066609192314905025,-0.002726124402935121
29->11,29,11,5.1,0.019673974142776704,0.006113767602664896,0.013560206540111808
29->11,29,11,5.185714285714286,0.0,0.005611560957335133,-0.005611560957335133
29->11,29,11,5.271428571428571,0.0039347948285553816,0.005150607354483377,-0.0012158125259279957
29->11,29,11,5.357142857142858,0.0,0.004727518122275987,-0.004727518122275987
29->11,29,11,5.442857142857143,0.0,0.0043391829464526546,-0.0043391829464526546
29->11,29,11,5.5285714285714285,0.0,0.00398274700504392,-0.00398274700504392
29->11,29,11,5.614285714285714,0.0,0.0036555899813244695,-0.0036555899813244695
29->11,29,11,5.7,0.0,0.0033553068007171737,-0.0033553068007171737
29->11,29,11,5.785714285714286,0.0,0.0030796899500364562,-0.0030796899500364562
29->11,29,11,5.871428571428572,0.0,0.0028267132490919456,-0.0028267132490919456
29->11,29,11,5.957142857142857,0.0,0.0025945169553504453,-0.0025945169553504453
29->13,29,13,0.04285714285714286,0.0,0.9607229454284076,-0.9607229454284076
29->13,29,13,0.12857142857142856,0.0,0.8818057410347337,-0.8818057410347337
29->13,29,13,0.21428571428571427,0.0,0.8093710768769816,-0.8093710768769816
29->13,29,13,0.3,0.0,0.7428864540123261,-0.7428864540123261
29->13,29,13,0.38571428571428573,0.0,0.6818631148576237,-0.6818631148576237
29->13,29,13,0.4714285714285714,0.0,0.6258524501183417,-0.6258524501183417
29->13,29,13,0.5571428571428572,0.0,0.574442700865141,-0.574442700865141
29->13,29,13,0.6428571428571428,0.0,0.5272559315136365,-0.5272559315136365
29->13,29,13,0.7285714285714286,0.0,0.48394525145437756,-0.48394525145437756
29->13,29,13,0.8142857142857143,0.0,0.4441922649080403,-0.4441922649080403
29->13,29,13,0.9,0.0,0.40770473025859444,-0.40770473025859444
29->13,29,13,0.9857142857142857,6.069070258848393,0.3742144116571816,5.694855847191212
29->13,29,13,1.0714285714285714,3.078446909667189,0.34347510710290213,2.734971802564287
29->13,29,13,1.157142857142857,1.100105652403593,0.3152608385040695,0.7848448138995235
29->13,29,13,1.2428571428571429,0.4344955097728465,0.28936419041427874,0.14513131935856777
29->13,29,13,1.3285714285714287,0.15715795034337043,0.2655947852306119,-0.10843683488724148
29->13,29,13,1.4142857142857141,0.06471209720021136,0.24377788364449285,-0.1790657864442815
29->13,29,13,1.5,0.060089804543053245,0.22375310005649293,-0.1636632955134397
29->13,29,13,1.5857142857142859,0.023111463285789773,0.2053732235115413,-0.18226176022575152
29->13,29,13,1.6714285714285715,0.018489170628631767,0.18850313548671466,-0.1700139648580829
29->13,29,13,1.7571428571428571,0.009244585314315908,0.17301881657579302,-0.1637742312614771
29->13,29,13,1.842857142857143,0.004622292657157954,0.1588064347682837,-0.15418414211112574
29->13,29,13,1.9285714285714286,0.004622292657157942,0.14576150862045373,-0.1411392159632958
29->13,29,13,2.0142857142857142,0.0,0.1337881391664733,-0.1337881391664733
29->13,29,13,2.0999999999999996,0.004622292657157942,0.12279830492311432,-0.11817601226595638
29->13,29,13,2.185714285714286,0.0,0.11271121480527316,-0.11271121480527316
29->13,29,13,2.2714285714285714,0.0,0.10345271419531782,-0.10345271419531782
29->13,29,13,2.357142857142857,0.0,0.09495473980001322,-0.09495473980001322
29->13,29,13,2.442857142857143,0.0,0.08715481928744107,-0.08715481928744107
29->13,29,13,2.5285714285714285,0.0,0.07999561202552476,-0.07999561202552476
29->13,29,13,2.6142857142857143,0.0,0.07342448754592751,-0.07342448754592751
29->13,29,13,2.7,0.0,0.06739313863442749,-0.06739313863442749
29->13,29,13,2.7857142857142856,0.0,0.061857226203427235,-0.061857226203427235
29->13,29,13,2.8714285714285714,0.0,0.05677605333590008,-0.05677605333590008
29->13,29,13,2.9571428571428573,0.0,0.052112266104527814,-0.052112266104527814
29->13,29,13,3.0428571428571427,0.16178024300052798,0.04783157896661976,0.11394866403390821
29->13,29,13,3.1285714285714286,0.1063127311146332,0.043902522716071216,0.062410208398561984
29->13,29,13,3.2142857142857144,0.14791336502905414,0.040296213139445945,0.10761715188960819
29->13,29,13,3.3,0.1016904384574747,0.0369861386754717,0.06470429978200301
29->13,29,13,3.385714285714286,0.02773375594294765,0.03394796551694117,-0.006214209573993518
29->13,29,13,3.4714285714285715,0.04160063391442169,0.03115935872223703,0.01044127519218466
29->13,29,13,3.557142857142857,0.02311146328578971,0.0285998180213932,-0.005488354735603489
29->13,29,13,3.6428571428571432,0.004622292657157942,0.026250527109631196,-0.021628234452473253
29->13,29,13,3.7285714285714286,0.004622292657157966,0.024094215320462204,-0.019471922663304237
29->13,29,13,3.814285714285714,0.0,0.02211503066145294,-0.02211503066145294
29->13,29,13,3.9000000000000004,0.0,0.02029842327928616,-0.02029842327928616
29->13,29,13,3.9857142857142858,0.0,0.01863103849741608,-0.01863103849741608
29->13,29,13,4.071428571428571,0.0,0.017100618639991582,-0.017100618639991582
29->13,29,13,4.157142857142857,0.004622292657157918,0.01569591292031223,-0.01107362026315431
29->13,29,13,4.242857142857143,0.0,0.014406594731367297,-0.014406594731367297
29->13,29,13,4.328571428571429,0.0,0.013223185730424613,-0.013223185730424613
29->13,29,13,4.414285714285715,0.0,0.012136986159581541,-0.012136986159581541
29->13,29,13,4.5,0.0,0.011140010890034115,-0.011140010890034115
29->13,29,13,4.585714285714285,0.0,0.010224930719897714,-0.010224930719897714
29->13,29,13,4.671428571428572,0.0,0.009385018494033781,-0.009385018494033781
29->13,29,13,4.757142857142857,0.0,0.008614099649785918,-0.008614099649785918
29->13,29,13,4.842857142857143,0.0,0.007906506825065263,-0.007906506825065263
29->13,29,13,4.928571428571429,0.0,0.007257038195089519,-0.007257038195089519
29->13,29,13,5.014285714285714,0.0,0.0066609192314905025,-0.0066609192314905025
29->13,29,13,5.1,0.0,0.006113767602664896,-0.006113767602664896
29->13,29,13,5.185714285714286,0.0,0.005611560957335133,-0.005611560957335133
29->13,29,13,5.271428571428571,0.004622292657157966,0.005150607354483377,-0.0005283146973254112
29->13,29,13,5.357142857142858,0.004622292657157918,0.004727518122275987,-0.00010522546511806865
29->13,29,13,5.442857142857143,0.004622292657157966,0.0043391829464526546,0.0002831097107053116
29->13,29,13,5.5285714285714285,0.0,0.00398274700504392,-0.00398274700504392
29->13,29,13,5.614285714285714,0.0,0.0036555899813244695,-0.0036555899813244695
29->13,29,13,5.7,0.0,0.0033553068007171737,-0.0033553068007171737
29->13,29,13,5.785714285714286,0.0,0.0030796899500364562,-0.0030796899500364562
29->13,29,13,5.871428571428572,0.0,0.0028267132490919456,-0.0028267132490919456
29->13,29,13,5.957142857142857,0.0,0.0025945169553504453,-0.0025945169553504453
29->17,29,17,0.04285714285714286,0.0,0.9607229454284076,-0.9607229454284076
29->17,29,17,0.12857142857142856,0.0,0.8818057410347337,-0.8818057410347337
29->17,29,17,0.21428571428571427,0.0,0.8093710768769816,-0.8093710768769816
29->17,29,17,0.3,0.0,0.7428864540123261,-0.7428864540123261
29->17,29,17,0.38571428571428573,0.0,0.6818631148576237,-0.6818631148576237
29->17,29,17,0.4714285714285714,0.0,0.6258524501183417,-0.6258524501183417
29->17,29,17,0.5571428571428572,0.0,0.574442700865141,-0.574442700865141
29->17,29,17,0.6428571428571428,0.0,0.5272559315136365,-0.5272559315136365
29->17,29,17,0.7285714285714286,0.0,0.48394525145437756,-0.48394525145437756
29->17,29,17,0.8142857142857143,0.0,0.4441922649080403,-0.4441922649080403
29->17,29,17,0.9,0.0,0.40770473025859444,-0.40770473025859444
29->17,29,17,0.9857142857142857,0.0,0.3742144116571816,-0.3742144116571816
29->17,29,17,1.0714285714285714,0.0,0.34347510710290213,-0.34347510710290213
29->17,29,17,1.157142857142857,0.0,0.3152608385040695,-0.3152608385040695
29->17,29,17,1.2428571428571429,4.402373247033434,0.28936419041427874,4.113009056619155
29->17,29,17,1.3285714285714287,3.7529665587918046,0.2655947852306119,3.487371773561193
29->17,29,17,1.4142857142857141,1.480043149946064,0.24377788364449285,1.2362652663015712
29->17,29,17,1.5,0.6645091693635372,0.22375310005649293,0.44075606930704425
29->17,29,17,1.5857142857142859,0.31715210355987083,0.2053732235115413,0.11177888004832953
29->17,29,17,1.6714285714285715,0.13592233009708715,0.18850313548671466,-0.052580805389627505
29->17,29,17,1.7571428571428571,0.1132686084142396,0.17301881657579302,-0.05975020816155342
29->17,29,17,1.842857142857143,0.03775620280474653,0.1588064347682837,-0.12105023196353717
29->17,29,17,1.9285714285714286,0.007551240560949287,0.14576150862045373,-0.13821026805950445
29->17,29,17,2.0142857142857142,0.0,0.1337881391664733,-0.1337881391664733
29->17,29,17,2.0999999999999996,0.0,0.12279830492311432,-0.12279830492311432
29->17,29,17,2.185714285714286,0.0,0.11271121480527316,-0.11271121480527316
29->17,29,17,2.2714285714285714,0.0,0.10345271419531782,-0.10345271419531782
29->17,29,17,2.357142857142857,0.0,0.09495473980001322,-0.09495473980001322
29->17,29,17,2.442857142857143,0.0,0.08715481928744107,-0.08715481928744107
29->17,29,17,2.5285714285714285,0.007551240560949287,0.07999561202552476,-0.07244437146457547
29->17,29,17,2.6142857142857143,0.0,0.07342448754592751,-0.07342448754592751
29->17,29,17,2.7,0.0,0.06739313863442749,-0.06739313863442749
29->17,29,17,2.7857142857142856,0.0,0.061857226203427235,-0.061857226203427235
29->17,29,17,2.8714285714285714,0.0,0.05677605333590008,-0.05677605333590008
29->17,29,17,2.9571428571428573,0.0,0.052112266104527814,-0.052112266104527814
29->17,29,17,3.0428571428571427,0.0,0.04783157896661976,-0.04783157896661976
29->17,29,17,3.1285714285714286,0.0,0.043902522716071216,-0.043902522716071216
29->17,29,17,3.2142857142857144,0.0,0.040296213139445945,-0.040296213139445945
29->17,29,17,3.3,0.1132686084142393,0.0369861386754717,0.0762824697387676
29->17,29,17,3.385714285714286,0.18122977346278288,0.03394796551694117,0.14728180794584173
29->17,29,17,3.4714285714285715,0.15857605177993583,0.03115935872223703,0.12741669305769882
29->17,29,17,3.557142857142857,0.07551240560949286,0.0285998180213932,0.046912587588099665
29->17,29,17,3.6428571428571432,0.06796116504854358,0.026250527109631196,0.04171063793891238
29->17,29,17,3.7285714285714286,0.030204962243797304,0.024094215320462204,0.0061107469233351
29->17,29,17,3.814285714285714,0.007551240560949287,0.02211503066145294,-0.01456379010050365
29->17,29,17,3.9000000000000004,0.015102481121898574,0.02029842327928616,-0.005195942157387586
29->17,29,17,3.9857142857142858,0.022653721682847978,0.01863103849741608,0.004022683185431898
29->17,29,17,4.071428571428571,0.0,0.017100618639991582,-0.017100618639991582
29->17,29,17,4.157142857142857,0.0,0.01569591292031223,-0.01569591292031223
29->17,29,17,4.242857142857143,0.0,0.014406594731367297,-0.014406594731367297
29->17,29,17,4.328571428571429,0.0,0.013223185730424613,-0.013223185730424613
29->17,29,17,4.414285714285715,0.0,0.012136986159581541,-0.012136986159581541
29->17,29,17,4.5,0.0,0.011140010890034115,-0.011140010890034115
29->17,29,17,4.585714285714285,0.0,0.010224930719897714,-0.010224930719897714
29->17,29,17,4.671428571428572,0.007551240560949326,0.009385018494033781,-0.0018337779330844552
29->17,29,17,4.757142857142857,0.0,0.008614099649785918,-0.008614099649785918
29->17,29,17,4.842857142857143,0.0,0.007906506825065263,-0.007906506825065263
29->17,29,17,4.928571428571429,0.0,0.007257038195089519,-0.007257038195089519
29->17,29,17,5.014285714285714,0.0,0.0066609192314905025,-0.0066609192314905025
29->17,29,17,5.1,0.0,0.006113767602664896,-0.006113767602664896
29->17,29,17,5.185714285714286,0.0,0.005611560957335133,-0.005611560957335133
29->17,29,17,5.271428571428571,0.0,0.005150607354483377,-0.005150607354483377
29->17,29,17,5.357142857142858,0.0,0.004727518122275987,-0.004727518122275987
29->17,29,17,5.442857142857143,0.022653721682847978,0.0043391829464526546,0.018314538736395325
29->17,29,17,5.5285714285714285,0.022653721682847978,0.00398274700504392,0.018670974677804056
29->17,29,17,5.614285714285714,0.007551240560949248,0.0036555899813244695,0.0038956505796247784
29->17,29,17,5.7,0.007551240560949326,0.0033553068007171737,0.004195933760232152
29->17,29,17,5.785714285714286,0.0,0.0030796899500364562,-0.0030796899500364562
29->17,29,17,5.871428571428572,0.0,0.0028267132490919456,-0.0028267132490919456
29->17,29,17,5.957142857142857,0.007551240560949326,0.0025945169553504453,0.004956723605598881
29->19,29,19,0.04285714285714286,0.0,0.9607229454284076,-0.9607229454284076
29->19,29,19,0.12857142857142856,0.0,0.8818057410347337,-0.8818057410347337
29->19,29,19,0.21428571428571427,0.0,0.8093710768769816,-0.8093710768769816
29->19,29,19,0.3,0.0,0.7428864540123261,-0.7428864540123261
29->19,29,19,0.38571428571428573,0.0,0.6818631148576237,-0.6818631148576237
29->19,29,19,0.4714285714285714,0.0,0.6258524501183417,-0.6258524501183417
29->19,29,19,0.5571428571428572,0.0,0.574442700865141,-0.574442700865141
29->19,29,19,0.6428571428571428,0.0,0.5272559315136365,-0.5272559315136365
29->19,29,19,0.7285714285714286,0.0,0.48394525145437756,-0.48394525145437756
29->19,29,19,0.8142857142857143,0.0,0.4441922649080403,-0.4441922649080403
29->19,29,19,0.9,0.0,0.40770473025859444,-0.40770473025859444
29->19,29,19,0.9857142857142857,0.0,0.3742144116571816,-0.3742144116571816
29->19,29,19,1.0714285714285714,0.0,0.34347510710290213,-0.34347510710290213
29->19,29,19,1.157142857142857,0.0,0.3152608385040695,-0.3152608385040695
29->19,29,19,1.2428571428571429,0.0,0.28936419041427874,-0.28936419041427874
29->19,29,19,1.3285714285714287,0.0,0.2655947852306119,-0.2655947852306119
29->19,29,19,1.4142857142857141,5.673828125000004,0.24377788364449285,5.430050241355511
29->19,29,19,1.5,2.8141276041666616,0.22375310005649293,2.590374504110169
29->19,29,19,1.5857142857142859,1.435546875000001,0.2053732235115413,1.2301736514884598
29->19,29,19,1.6714285714285715,0.512695312499999,0.18850313548671466,0.32419217701328434
29->19,29,19,1.7571428571428571,0.2734375000000002,0.17301881657579302,0.1004186834242072
29->19,29,19,1.842857142857143,0.09114583333333341,0.1588064347682837,-0.0676606014349503
29->19,29,19,1.9285714285714286,0.056966145833333225,0.14576150862045373,-0.0887953627871205
29->19,29,19,2.0142857142857142,0.045572916666666824,0.1337881391664733,-0.08821522249980648
29->19,29,19,2.0999999999999996,0.011393229166666647,0.12279830492311432,-0.11140507575644767
29->19,29,19,2.185714285714286,0.0,0.11271121480527316,-0.11271121480527316
29->19,29,19,2.2714285714285714,0.011393229166666647,0.10345271419531782,-0.09205948502865118
29->19,29,19,2.357142857142857,0.0,0.09495473980001322,-0.09495473980001322
29->19,29,19,2.442857142857143,0.0,0.08715481928744107,-0.08715481928744107
29->19,29,19,2.5285714285714285,0.011393229166666647,0.07999561202552476,-0.06860238285885811
29->19,29,19,2.6142857142857143,0.0,0.07342448754592751,-0.07342448754592751
29->19,29,19,2.7,0.0,0.06739313863442749,-0.06739313863442749
29->19,29,19,2.7857142857142856,0.0,0.061857226203427235,-0.061857226203427235
29->19,29,19,2.8714285714285714,0.0,0.05677605333590008,-0.05677605333590008
29->19,29,19,2.9571428571428573,0.0,0.052112266104527814,-0.052112266104527814
29->19,29,19,3.0428571428571427,0.0,0.04783157896661976,-0.04783157896661976
29->19,29,19,3.1285714285714286,0.0,0.043902522716071216,-0.043902522716071216
29->19,29,19,3.2142857142857144,0.0,0.040296213139445945,-0.040296213139445945
29->19,29,19,3.3,0.0,0.0369861386754717,-0.0369861386754717
29->19,29,19,3.385714285714286,0.0,0.03394796551694117,-0.03394796551694117
29->19,29,19,3.4714285714285715,0.2278645833333341,0.03115935872223703,0.19670522461109707
29->19,29,19,3.557142857142857,0.18229166666666635,0.0285998180213932,0.15369184864527316
29->19,29,19,3.6428571428571432,0.056966145833333225,0.026250527109631196,0.03071561872370203
29->19,29,19,3.7285714285714286,0.022786458333333412,0.024094215320462204,-0.001307756987128792
29->19,29,19,3.814285714285714,0.056966145833333225,0.02211503066145294,0.03485111517188029
29->19,29,19,3.9000000000000004,0.04557291666666659,0.02029842327928616,0.02527449338738043
29->19,29,19,3.9857142857142858,0.03417968750000012,0.01863103849741608,0.015548649002584038
29->19,29,19,4.071428571428571,0.011393229166666706,0.017100618639991582,-0.005707389473324876
29->19,29,19,4.157142857142857,0.0,0.01569591292031223,-0.01569591292031223
29->19,29,19,4.242857142857143,0.0,0.014406594731367297,-0.014406594731367297
29->19,29,19,4.328571428571429,0.0,0.013223185730424613,-0.013223185730424613
29->19,29,19,4.414285714285715,0.0,0.012136986159581541,-0.012136986159581541
29->19,29,19,4.5,0.011393229166666706,0.011140010890034115,0.00025321827663259133
29->19,29,19,4.585714285714285,0.0,0.010224930719897714,-0.010224930719897714
29->19,29,19,4.671428571428572,0.0,0.009385018494033781,-0.009385018494033781
29->19,29,19,4.757142857142857,0.0,0.008614099649785918,-0.008614099649785918
29->19,29,19,4.842857142857143,0.0,0.007906506825065263,-0.007906506825065263
29->19,29,19,4.928571428571429,0.0,0.007257038195089519,-0.007257038195089519
29->19,29,19,5.014285714285714,0.0,0.0066609192314905025,-0.0066609192314905025
29->19,29,19,5.1,0.0,0.006113767602664896,-0.006113767602664896
29->19,29,19,5.185714285714286,0.0,0.005611560957335133,-0.005611560957335133
29->19,29,19,5.271428571428571,0.0,0.005150607354483377,-0.005150607354483377
29->19,29,19,5.357142857142858,0.0,0.004727518122275987,-0.004727518122275987
29->19,29,19,5.442857142857143,0.0,0.0043391829464526546,-0.0043391829464526546
29->19,29,19,5.5285714285714285,0.022786458333333412,0.00398274700504392,0.018803711328289494
29->19,29,19,5.614285714285714,0.0,0.0036555899813244695,-0.0036555899813244695
29->19,29,19,5.7,0.03417968750000012,0.0033553068007171737,0.030824380699282942
29->19,29,19,5.785714285714286,0.0,0.0030796899500364562,-0.0030796899500364562
29->19,29,19,5.871428571428572,0.011393229166666588,0.0028267132490919456,0.008566515917574642
29->19,29,19,5.957142857142857,0.011393229166666706,0.0025945169553504453,0.00879871221131626
29->23,29,23,0.04285714285714286,0.0,0.9607229454284076,-0.9607229454284076
29->23,29,23,0.12857142857142856,0.0,0.8818057410347337,-0.8818057410347337
29->23,29,23,0.21428571428571427,0.0,0.8093710768769816,-0.8093710768769816
29->23,29,23,0.3,0.0,0.7428864540123261,-0.7428864540123261
29->23,29,23,0.38571428571428573,0.0,0.6818631148576237,-0.6818631148576237
29->23,29,23,0.4714285714285714,0.0,0.6258524501183417,-0.6258524501183417
29->23,29,23,0.5571428571428572,0.0,0.574442700865141,-0.574442700865141
29->23,29,23,0.6428571428571428,0.0,0.5272559315136365,-0.5272559315136365
29->23,29,23,0.7285714285714286,0.0,0.48394525145437756,-0.48394525145437756
29->23,29,23,0.8142857142857143,0.0,0.4441922649080403,-0.4441922649080403
29->23,29,23,0.9,0.0,0.40770473025859444,-0.40770473025859444
29->23,29,23,0.9857142857142857,0.0,0.3742144116571816,-0.3742144116571816
29->23,29,23,1.0714285714285714,0.0,0.34347510710290213,-0.34347510710290213
29->23,29,23,1.157142857142857,0.0,0.3152608385040695,-0.3152608385040695
29->23,29,23,1.2428571428571429,0.0,0.28936419041427874,-0.28936419041427874
29->23,29,23,1.3285714285714287,0.0,0.2655947852306119,-0.2655947852306119
29->23,29,23,1.4142857142857141,0.0,0.24377788364449285,-0.24377788364449285
29->23,29,23,1.5,0.0,0.22375310005649293,-0.22375310005649293
29->23,29,23,1.5857142857142859,0.0,0.2053732235115413,-0.2053732235115413
29->23,29,23,1.6714285714285715,4.355345911949679,0.18850313548671466,4.166842776462964
29->23,29,23,1.7571428571428571,3.6006289308176145,0.17301881657579302,3.4276101142418214
29->23,29,23,1.842857142857143,1.619496855345914,0.1588064347682837,1.46069042057763
29->23,29,23,1.9285714285714286,0.8333333333333323,0.14576150862045373,0.6875718247128786
29->23,29,23,2.0142857142857142,0.4088050314465424,0.1337881391664733,0.2750168922800691
29->23,29,23,2.0999999999999996,0.17295597484276704,0.12279830492311432,0.05015766991965272
29->23,29,23,2.185714285714286,0.0628930817610062,0.11271121480527316,-0.04981813304426695
29->23,29,23,2.2714285714285714,0.01572327044025155,0.10345271419531782,-0.08772944375506626
29->23,29,23,2.357142857142857,0.03144654088050326,0.09495473980001322,-0.06350819891950996
29->23,29,23,2.442857142857143,0.0,0.08715481928744107,-0.08715481928744107
29->23,29,23,2.5285714285714285,0.01572327044025155,0.07999561202552476,-0.0642723415852732
29->23,29,23,2.6142857142857143,0.0,0.07342448754592751,-0.07342448754592751
29->23,29,23,2.7,0.01572327044025155,0.06739313863442749,-0.05166986819417593
29->23,29,23,2.7857142857142856,0.0,0.061857226203427235,-0.061857226203427235
29->23,29,23,2.8714285714285714,0.0,0.05677605333590008,-0.05677605333590008
29->23,29,23,2.9571428571428573,0.0,0.052112266104527814,-0.052112266104527814
29->23,29,23,3.0428571428571427,0.0,0.04783157896661976,-0.04783157896661976
29->23,29,23,3.1285714285714286,0.0,0.043902522716071216,-0.043902522716071216
29->23,29,23,3.2142857142857144,0.0,0.040296213139445945,-0.040296213139445945
29->23,29,23,3.3,0.0,0.0369861386754717,-0.0369861386754717
29->23,29,23,3.385714285714286,0.0,0.03394796551694117,-0.03394796551694117
29->23,29,23,3.4714285714285715,0.0,0.03115935872223703,-0.03115935872223703
29->23,29,23,3.557142857142857,0.0,0.0285998180213932,-0.0285998180213932
29->23,29,23,3.6428571428571432,0.0,0.026250527109631196,-0.026250527109631196
29->23,29,23,3.7285714285714286,0.07861635220125815,0.024094215320462204,0.05452213688079595
29->23,29,23,3.814285714285714,0.20440251572327017,0.02211503066145294,0.18228748506181724
29->23,29,23,3.9000000000000004,0.07861635220125775,0.02029842327928616,0.05831792892197159
29->23,29,23,3.9857142857142858,0.0471698113207549,0.01863103849741608,0.02853877282333882
29->23,29,23,4.071428571428571,0.01572327044025163,0.017100618639991582,-0.0013773481997399507
29->23,29,23,4.157142857142857,0.0,0.01569591292031223,-0.01569591292031223
29->23,29,23,4.242857142857143,0.01572327044025163,0.014406594731367297,0.0013166757088843347
29->23,29,23,4.328571428571429,0.015723270440251468,0.013223185730424613,0.002500084709826855
29->23,29,23,4.414285714285715,0.01572327044025163,0.012136986159581541,0.00358628428067009
29->23,29,23,4.5,0.0,0.011140010890034115,-0.011140010890034115
29->23,29,23,4.585714285714285,0.0,0.010224930719897714,-0.010224930719897714
29->23,29,23,4.671428571428572,0.0,0.009385018494033781,-0.009385018494033781
29->23,29,23,4.757142857142857,0.0,0.008614099649785918,-0.008614099649785918
29->23,29,23,4.842857142857143,0.0,0.007906506825065263,-0.007906506825065263
29->23,29,23,4.928571428571429,0.0,0.007257038195089519,-0.007257038195089519
29->23,29,23,5.014285714285714,0.0,0.0066609192314905025,-0.0066609192314905025
29->23,29,23,5.1,0.015723270440251468,0.006113767602664896,0.009609502837586572
29->23,29,23,5.185714285714286,0.0,0.005611560957335133,-0.005611560957335133
29->23,29,23,5.271428571428571,0.0,0.005150607354483377,-0.005150607354483377
29->23,29,23,5.357142857142858,0.0,0.004727518122275987,-0.004727518122275987
29->23,29,23,5.442857142857143,0.0,0.0043391829464526546,-0.0043391829464526546
29->23,29,23,5.5285714285714285,0.0,0.00398274700504392,-0.00398274700504392
29->23,29,23,5.614285714285714,0.0,0.0036555899813244695,-0.0036555899813244695
29->23,29,23,5.7,0.0,0.0033553068007171737,-0.0033553068007171737
29->23,29,23,5.785714285714286,0.0,0.0030796899500364562,-0.0030796899500364562
29->23,29,23,5.871428571428572,0.031446540880502936,0.0028267132490919456,0.02861982763141099
29->23,29,23,5.957142857142857,0.01572327044025163,0.0025945169553504453,0.013128753484901185
29->29,29,29,0.04285714285714286,0.0,0.9607229454284076,-0.9607229454284076
29->29,29,29,0.12857142857142856,0.0,0.8818057410347337,-0.8818057410347337
29->29,29,29,0.21428571428571427,0.0,0.8093710768769816,-0.8093710768769816
29->29,29,29,0.3,0.0,0.7428864540123261,-0.7428864540123261
29->29,29,29,0.38571428571428573,0.0,0.6818631148576237,-0.6818631148576237
29->29,29,29,0.4714285714285714,0.0,0.6258524501183417,-0.6258524501183417
29->29,29,29,0.5571428571428572,0.0,0.574442700865141,-0.574442700865141
29->29,29,29,0.6428571428571428,0.0,0.5272559315136365,-0.5272559315136365
29->29,29,29,0.7285714285714286,0.0,0.48394525145437756,-0.48394525145437756
29->29,29,29,0.8142857142857143,0.0,0.4441922649080403,-0.4441922649080403
29->29,29,29,0.9,0.0,0.40770473025859444,-0.40770473025859444
29->29,29,29,0.9857142857142857,0.0,0.3742144116571816,-0.3742144116571816
29->29,29,29,1.0714285714285714,0.0,0.34347510710290213,-0.34347510710290213
29->29,29,29,1.157142857142857,0.0,0.3152608385040695,-0.3152608385040695
29->29,29,29,1.2428571428571429,0.0,0.28936419041427874,-0.28936419041427874
29->29,29,29,1.3285714285714287,0.0,0.2655947852306119,-0.2655947852306119
29->29,29,29,1.4142857142857141,0.0,0.24377788364449285,-0.24377788364449285
29->29,29,29,1.5,0.0,0.22375310005649293,-0.22375310005649293
29->29,29,29,1.5857142857142859,0.0,0.2053732235115413,-0.2053732235115413
29->29,29,29,1.6714285714285715,0.0,0.18850313548671466,-0.18850313548671466
29->29,29,29,1.7571428571428571,0.0,0.17301881657579302,-0.17301881657579302
29->29,29,29,1.842857142857143,0.0,0.1588064347682837,-0.1588064347682837
29->29,29,29,1.9285714285714286,0.0,0.14576150862045373,-0.14576150862045373
29->29,29,29,2.0142857142857142,0.0,0.1337881391664733,-0.1337881391664733
29->29,29,29,2.0999999999999996,4.666666666666665,0.12279830492311432,4.5438683617435505
29->29,29,29,2.185714285714286,2.612318840579709,0.11271121480527316,2.499607625774436
29->29,29,29,2.2714285714285714,1.8768115942028973,0.10345271419531782,1.7733588800075795
29->29,29,29,2.357142857142857,0.735507246376815,0.09495473980001322,0.6405525065768017
29->29,29,29,2.442857142857143,0.4818840579710143,0.08715481928744107,0.39472923868357324
29->29,29,29,2.5285714285714285,0.45652173913043453,0.07999561202552476,0.3765261271049098
29->29,29,29,2.6142857142857143,0.12681159420289914,0.07342448754592751,0.053387106656971633
29->29,29,29,2.7,0.0760869565217391,0.06739313863442749,0.008693817887311606
29->29,29,29,2.7857142857142856,0.0760869565217391,0.061857226203427235,0.014229730318311859
29->29,29,29,2.8714285714285714,0.02536231884057983,0.05677605333590008,-0.03141373449532025
29->29,29,29,2.9571428571428573,0.0760869565217391,0.052112266104527814,0.02397469041721128
29->29,29,29,3.0428571428571427,0.025362318840579698,0.04783157896661976,-0.022469260126040065
29->29,29,29,3.1285714285714286,0.0,0.043902522716071216,-0.043902522716071216
29->29,29,29,3.2142857142857144,0.0,0.040296213139445945,-0.040296213139445945
29->29,29,29,3.3,0.0,0.0369861386754717,-0.0369861386754717
29->29,29,29,3.385714285714286,0.0,0.03394796551694117,-0.03394796551694117
29->29,29,29,3.4714285714285715,0.0,0.03115935872223703,-0.03115935872223703
29->29,29,29,3.557142857142857,0.0,0.0285998180213932,-0.0285998180213932
29->29,29,29,3.6428571428571432,0.0,0.026250527109631196,-0.026250527109631196
29->29,29,29,3.7285714285714286,0.0,0.024094215320462204,-0.024094215320462204
29->29,29,29,3.814285714285714,0.0,0.02211503066145294,-0.02211503066145294
29->29,29,29,3.9000000000000004,0.0,0.02029842327928616,-0.02029842327928616
29->29,29,29,3.9857142857142858,0.0,0.01863103849741608,-0.01863103849741608
29->29,29,29,4.071428571428571,0.0,0.017100618639991582,-0.017100618639991582
29->29,29,29,4.157142857142857,0.10144927536231826,0.01569591292031223,0.08575336244200604
29->29,29,29,4.242857142857143,0.10144927536231932,0.014406594731367297,0.08704268063095202
29->29,29,29,4.328571428571429,0.05072463768115913,0.013223185730424613,0.03750145195073452
29->29,29,29,4.414285714285715,0.05072463768115966,0.012136986159581541,0.038587651521578115
29->29,29,29,4.5,0.05072463768115966,0.011140010890034115,0.039584626791125545
29->29,29,29,4.585714285714285,0.025362318840579566,0.010224930719897714,0.015137388120681852
29->29,29,29,4.671428571428572,0.0,0.009385018494033781,-0.009385018494033781
29->29,29,29,4.757142857142857,0.0,0.008614099649785918,-0.008614099649785918
29->29,29,29,4.842857142857143,0.025362318840579566,0.007906506825065263,0.017455812015514303
29->29,29,29,4.928571428571429,0.02536231884057983,0.007257038195089519,0.018105280645490312
29->29,29,29,5.014285714285714,0.0,0.0066609192314905025,-0.0066609192314905025
29->29,29,29,5.1,0.0,0.006113767602664896,-0.006113767602664896
29->29,29,29,5.185714285714286,0.0,0.005611560957335133,-0.005611560957335133
29->29,29,29,5.271428571428571,0.0,0.005150607354483377,-0.005150607354483377
29->29,29,29,5.357142857142858,0.0,0.004727518122275987,-0.004727518122275987
29->29,29,29,5.442857142857143,0.0,0.0043391829464526546,-0.0043391829464526546
29->29,29,29,5.5285714285714285,0.0,0.00398274700504392,-0.00398274700504392
29->29,29,29,5.614285714285714,0.0,0.0036555899813244695,-0.0036555899813244695
29->29,29,29,5.7,0.0,0.0033553068007171737,-0.0033553068007171737
29->29,29,29,5.785714285714286,0.0,0.0030796899500364562,-0.0030796899500364562
29->29,29,29,5.871428571428572,0.0,0.0028267132490919456,-0.0028267132490919456
29->29,29,29,5.957142857142857,0.0,0.0025945169553504453,-0.0025945169553504453
