source,sample,mode,incremental_error_reduction
real,-1,1,0.21493235898762253
real,-1,2,0.1989003137316383
real,-1,3,0.14674307641254225
real,-1,4,0.18035310509431113
real,-1,5,0.15645755916594126
real,-1,6,0.05199481898153845
real,-1,7,0.050618767626405305
real,-1,8,1.4012106484529846e-17
iid_shuffle,0,1,0.18784293693235377
iid_shuffle,0,2,0.17490037356240296
iid_shuffle,0,3,0.166544552884399
iid_shuffle,0,4,0.15255789355171712
iid_shuffle,0,5,0.17120613698285736
iid_shuffle,0,6,0.10973426889479895
iid_shuffle,0,7,0.0372138371914687
iid_shuffle,0,8,1.2811772154401727e-15
iid_shuffle,1,1,0.2198726159713661
iid_shuffle,1,2,0.20503895524239812
iid_shuffle,1,3,0.2213954471301784
iid_shuffle,1,4,0.1292036233651591
iid_shuffle,1,5,0.08446988678545142
iid_shuffle,1,6,0.06532290095166253
iid_shuffle,1,7,0.0746965705537834
iid_shuffle,1,8,1.3270831757743562e-16
iid_shuffle,2,1,0.2626580109070946
iid_shuffle,2,2,0.18392624063673757
iid_shuffle,2,3,0.21556577853733183
iid_shuffle,2,4,0.16011527517491228
iid_shuffle,2,5,0.0676989465187434
iid_shuffle,2,6,0.074775666541535
iid_shuffle,2,7,0.03526008168364437
iid_shuffle,2,8,6.152836900156482e-17
iid_shuffle,3,1,0.2348241214895216
iid_shuffle,3,2,0.20532100574575918
iid_shuffle,3,3,0.18580706325388607
iid_shuffle,3,4,0.17282931017862307
iid_shuffle,3,5,0.08626345299158682
iid_shuffle,3,6,0.09235335927822827
iid_shuffle,3,7,0.02260168706239247
iid_shuffle,3,8,1.551117214677765e-15
iid_shuffle,4,1,0.28135886141109323
iid_shuffle,4,2,0.1415395663331206
iid_shuffle,4,3,0.15230675594413012
iid_shuffle,4,4,0.13140609399838765
iid_shuffle,4,5,0.09469585061447855
iid_shuffle,4,6,0.1256879359382643
iid_shuffle,4,7,0.0730049357605245
iid_shuffle,4,8,2.1457973114757132e-16
iid_shuffle,5,1,0.20457131954051766
iid_shuffle,5,2,0.16881381261697515
iid_shuffle,5,3,0.18783503638488247
iid_shuffle,5,4,0.1793739010914563
iid_shuffle,5,5,0.185422162879585
iid_shuffle,5,6,0.06806438173606984
iid_shuffle,5,7,0.005919385750512378
iid_shuffle,5,8,2.6787249494080713e-17
iid_shuffle,6,1,0.32061032493598973
iid_shuffle,6,2,0.194117725318947
iid_shuffle,6,3,0.13298918431117518
iid_shuffle,6,4,0.09788265838978288
iid_shuffle,6,5,0.14396421610912918
iid_shuffle,6,6,0.06637653412584776
iid_shuffle,6,7,0.04405935680912737
iid_shuffle,6,8,3.5505218590075444e-17
iid_shuffle,7,1,0.21408877464058096
iid_shuffle,7,2,0.15826857357067747
iid_shuffle,7,3,0.15293623487101915
iid_shuffle,7,4,0.14148301294552018
iid_shuffle,7,5,0.13927874730830708
iid_shuffle,7,6,0.1934263801566783
iid_shuffle,7,7,0.0005182765072159562
iid_shuffle,7,8,9.288804349102917e-17
iid_shuffle,8,1,0.26641178885109273
iid_shuffle,8,2,0.21237058365638406
iid_shuffle,8,3,0.19339312103485606
iid_shuffle,8,4,0.1362434975213029
iid_shuffle,8,5,0.10849350763347601
iid_shuffle,8,6,0.07949847084641344
iid_shuffle,8,7,0.00358903045647261
iid_shuffle,8,8,6.556402403303346e-16
iid_shuffle,9,1,0.24214803488069336
iid_shuffle,9,2,0.18005491158262033
iid_shuffle,9,3,0.17080668128839954
iid_shuffle,9,4,0.1716783419963636
iid_shuffle,9,5,0.08274447451535669
iid_shuffle,9,6,0.13200230935329185
iid_shuffle,9,7,0.0205652463832731
iid_shuffle,9,8,1.9994216100754168e-16
iid_shuffle,10,1,0.2880767631468997
iid_shuffle,10,2,0.1613824093891738
iid_shuffle,10,3,0.16544620319847703
iid_shuffle,10,4,0.12678021194098155
iid_shuffle,10,5,0.09455674519483082
iid_shuffle,10,6,0.0508487221752916
iid_shuffle,10,7,0.1129089449543445
iid_shuffle,10,8,1.9374755417069448e-16
iid_shuffle,11,1,0.2861756887690533
iid_shuffle,11,2,0.18265594410917108
iid_shuffle,11,3,0.15519456997003261
iid_shuffle,11,4,0.13206404905305558
iid_shuffle,11,5,0.13727073079027058
iid_shuffle,11,6,0.08900682555823541
iid_shuffle,11,7,0.017632191750179767
iid_shuffle,11,8,5.22958636176702e-17
iid_shuffle,12,1,0.2369135410040334
iid_shuffle,12,2,0.20264384958744175
iid_shuffle,12,3,0.18731975860917766
iid_shuffle,12,4,0.12001596280723836
iid_shuffle,12,5,0.1567118122934467
iid_shuffle,12,6,0.050107171239349206
iid_shuffle,12,7,0.04628790445931117
iid_shuffle,12,8,1.0610666586850335e-15
iid_shuffle,13,1,0.3002982219060927
iid_shuffle,13,2,0.15328673483854538
iid_shuffle,13,3,0.18357025055737475
iid_shuffle,13,4,0.10934376298840626
iid_shuffle,13,5,0.11274486566091019
iid_shuffle,13,6,0.10445199464359156
iid_shuffle,13,7,0.036304169405078204
iid_shuffle,13,8,2.592946289225288e-16
iid_shuffle,14,1,0.23593902663916044
iid_shuffle,14,2,0.2413991246801097
iid_shuffle,14,3,0.17952691562021006
iid_shuffle,14,4,0.1341978520375199
iid_shuffle,14,5,0.07818917202936562
iid_shuffle,14,6,0.07572626540156335
iid_shuffle,14,7,0.055021643592069784
iid_shuffle,14,8,-8.2236546003178e-18
iid_shuffle,15,1,0.28125251680997865
iid_shuffle,15,2,0.20857741850926415
iid_shuffle,15,3,0.1781102290801463
iid_shuffle,15,4,0.17888873290987203
iid_shuffle,15,5,0.07987906706651211
iid_shuffle,15,6,0.03607140157955361
iid_shuffle,15,7,0.03722063404466998
iid_shuffle,15,8,9.470674256472575e-18
iid_shuffle,16,1,0.1698908153057369
iid_shuffle,16,2,0.18319075238580607
iid_shuffle,16,3,0.17338993962097965
iid_shuffle,16,4,0.20545923893722223
iid_shuffle,16,5,0.08771085229321146
iid_shuffle,16,6,0.14426948936264067
iid_shuffle,16,7,0.03608891209440116
iid_shuffle,16,8,6.973567797669836e-16
iid_shuffle,17,1,0.18835969808111697
iid_shuffle,17,2,0.15392001138479106
iid_shuffle,17,3,0.1615194602129562
iid_shuffle,17,4,0.1410029701769211
iid_shuffle,17,5,0.22910637174328674
iid_shuffle,17,6,0.1137736596487392
iid_shuffle,17,7,0.012317828752187725
iid_shuffle,17,8,2.533020460721393e-16
iid_shuffle,18,1,0.2511870434441851
iid_shuffle,18,2,0.17233078484354158
iid_shuffle,18,3,0.1540015174960146
iid_shuffle,18,4,0.12147671122680442
iid_shuffle,18,5,0.1826271885246017
iid_shuffle,18,6,0.06344529200670226
iid_shuffle,18,7,0.054931462458148866
iid_shuffle,18,8,5.678643456288467e-16
iid_shuffle,19,1,0.2607149569850069
iid_shuffle,19,2,0.2065100540275665
iid_shuffle,19,3,0.15237382321034226
iid_shuffle,19,4,0.13901521421257862
iid_shuffle,19,5,0.18287105599910655
iid_shuffle,19,6,0.040058075658169594
iid_shuffle,19,7,0.018456819907228167
iid_shuffle,19,8,5.05229625762818e-16
iid_shuffle,20,1,0.2853502631880769
iid_shuffle,20,2,0.2844563628745663
iid_shuffle,20,3,0.12669904513063995
iid_shuffle,20,4,0.13072916430408604
iid_shuffle,20,5,0.119006097515887
iid_shuffle,20,6,0.02489661910975219
iid_shuffle,20,7,0.02886244787699074
iid_shuffle,20,8,2.1269739066510082e-16
iid_shuffle,21,1,0.24972258753903753
iid_shuffle,21,2,0.1830490596361034
iid_shuffle,21,3,0.16888494877289906
iid_shuffle,21,4,0.12308360408271601
iid_shuffle,21,5,0.16954115417103302
iid_shuffle,21,6,0.07312110880259708
iid_shuffle,21,7,0.032597536995612575
iid_shuffle,21,8,5.168665261555635e-16
iid_shuffle,22,1,0.2660140092658191
iid_shuffle,22,2,0.19403942617501024
iid_shuffle,22,3,0.18035762560410323
iid_shuffle,22,4,0.14449181704727881
iid_shuffle,22,5,0.12439836104333296
iid_shuffle,22,6,0.08289116866064644
iid_shuffle,22,7,0.007807592203808272
iid_shuffle,22,8,1.8976845634577117e-16
iid_shuffle,23,1,0.3590509776021479
iid_shuffle,23,2,0.1312346310652388
iid_shuffle,23,3,0.13583023082438833
iid_shuffle,23,4,0.14187574823440643
iid_shuffle,23,5,0.09607692175126975
iid_shuffle,23,6,0.11616147054884518
iid_shuffle,23,7,0.019770019973702452
iid_shuffle,23,8,3.2914974147338005e-16
iid_shuffle,24,1,0.31307002635274506
iid_shuffle,24,2,0.1689012979259784
iid_shuffle,24,3,0.17240873248457012
iid_shuffle,24,4,0.11540515773239524
iid_shuffle,24,5,0.10706072031131043
iid_shuffle,24,6,0.11747739340415078
iid_shuffle,24,7,0.005676671788847839
iid_shuffle,24,8,5.762098641230996e-16
iid_shuffle,25,1,0.21304451226339927
iid_shuffle,25,2,0.2467970011805044
iid_shuffle,25,3,0.154363174126655
iid_shuffle,25,4,0.13359061139066014
iid_shuffle,25,5,0.10458310470622334
iid_shuffle,25,6,0.1322211526403113
iid_shuffle,25,7,0.015400443692244636
iid_shuffle,25,8,6.459182146509312e-16
iid_shuffle,26,1,0.1888177254909893
iid_shuffle,26,2,0.23977804557213578
iid_shuffle,26,3,0.1417637356039667
iid_shuffle,26,4,0.1583787670301579
iid_shuffle,26,5,0.1595301428538815
iid_shuffle,26,6,0.07812017993893627
iid_shuffle,26,7,0.03361140350993011
iid_shuffle,26,8,4.141684294849106e-17
iid_shuffle,27,1,0.18763705423456267
iid_shuffle,27,2,0.17886658104740794
iid_shuffle,27,3,0.19758973136321883
iid_shuffle,27,4,0.15997197018968917
iid_shuffle,27,5,0.13423969281072892
iid_shuffle,27,6,0.10862277555933608
iid_shuffle,27,7,0.033072194795054695
iid_shuffle,27,8,7.098802544669124e-16
iid_shuffle,28,1,0.20727027674603626
iid_shuffle,28,2,0.25057168949646924
iid_shuffle,28,3,0.17485051556111408
iid_shuffle,28,4,0.15893939108575136
iid_shuffle,28,5,0.09939972305110036
iid_shuffle,28,6,0.08820914053770362
iid_shuffle,28,7,0.02075926352182293
iid_shuffle,28,8,9.670635606349943e-16
iid_shuffle,29,1,0.29620108051501803
iid_shuffle,29,2,0.2208102159789272
iid_shuffle,29,3,0.16223485774212493
iid_shuffle,29,4,0.13903237441956245
iid_shuffle,29,5,0.08133850868703475
iid_shuffle,29,6,0.06349484454897611
iid_shuffle,29,7,0.03688811810835543
iid_shuffle,29,8,1.9953653989336584e-16
iid_shuffle,30,1,0.20080002961000565
iid_shuffle,30,2,0.252678092516464
iid_shuffle,30,3,0.16135145393823214
iid_shuffle,30,4,0.14279401552284088
iid_shuffle,30,5,0.07180321234501008
iid_shuffle,30,6,0.06256908396245643
iid_shuffle,30,7,0.10800411210498932
iid_shuffle,30,8,4.142788600583411e-16
iid_shuffle,31,1,0.29404070257862147
iid_shuffle,31,2,0.22070620723768808
iid_shuffle,31,3,0.12953719998886631
iid_shuffle,31,4,0.13437589625284482
iid_shuffle,31,5,0.07708936058821236
iid_shuffle,31,6,0.09762735418475993
iid_shuffle,31,7,0.046623279169006354
iid_shuffle,31,8,1.2217029420787037e-17
iid_shuffle,32,1,0.21481316247049298
iid_shuffle,32,2,0.16284208805162215
iid_shuffle,32,3,0.13103895622543849
iid_shuffle,32,4,0.15428598822037648
iid_shuffle,32,5,0.12969568038506132
iid_shuffle,32,6,0.1072454435260862
iid_shuffle,32,7,0.10007868112092037
iid_shuffle,32,8,2.4047062800565513e-16
iid_shuffle,33,1,0.19702920627878584
iid_shuffle,33,2,0.19013971968887544
iid_shuffle,33,3,0.19088470661633972
iid_shuffle,33,4,0.18351484183800293
iid_shuffle,33,5,0.12299945118344831
iid_shuffle,33,6,0.08127115458706877
iid_shuffle,33,7,0.03416091980747743
iid_shuffle,33,8,9.013871670945166e-16
iid_shuffle,34,1,0.21802462351628393
iid_shuffle,34,2,0.209300164395123
iid_shuffle,34,3,0.16139441099975887
iid_shuffle,34,4,0.10807735292103587
iid_shuffle,34,5,0.10850367619735304
iid_shuffle,34,6,0.08685415992681955
iid_shuffle,34,7,0.10784561204362426
iid_shuffle,34,8,1.0546242841515053e-16
iid_shuffle,35,1,0.19202772006737967
iid_shuffle,35,2,0.21290227514171456
iid_shuffle,35,3,0.19279836699832897
iid_shuffle,35,4,0.13661223369086278
iid_shuffle,35,5,0.10885803230365498
iid_shuffle,35,6,0.060666178501160045
iid_shuffle,35,7,0.0961351932968968
iid_shuffle,35,8,1.2821370205337124e-15
iid_shuffle,36,1,0.26812233420158804
iid_shuffle,36,2,0.2696586504131361
iid_shuffle,36,3,0.09018805559904869
iid_shuffle,36,4,0.10348677408750839
iid_shuffle,36,5,0.10729662229887965
iid_shuffle,36,6,0.13614617504270904
iid_shuffle,36,7,0.025101388357129162
iid_shuffle,36,8,1.3038297920421173e-16
iid_shuffle,37,1,0.2598713407690342
iid_shuffle,37,2,0.1939481381845174
iid_shuffle,37,3,0.2320930355141222
iid_shuffle,37,4,0.10138115567152484
iid_shuffle,37,5,0.09114604985310024
iid_shuffle,37,6,0.10314577797521546
iid_shuffle,37,7,0.01841450203248473
iid_shuffle,37,8,1.8534308940229607e-18
iid_shuffle,38,1,0.20435730026445742
iid_shuffle,38,2,0.23622862947094037
iid_shuffle,38,3,0.11276055376386723
iid_shuffle,38,4,0.13341202142058128
iid_shuffle,38,5,0.11031548401881608
iid_shuffle,38,6,0.06815609728095226
iid_shuffle,38,7,0.13476991378038383
iid_shuffle,38,8,3.8940069344719737e-16
iid_shuffle,39,1,0.2333940721977027
iid_shuffle,39,2,0.20220474838349933
iid_shuffle,39,3,0.15663682624436953
iid_shuffle,39,4,0.12658379931837915
iid_shuffle,39,5,0.14031303395892672
iid_shuffle,39,6,0.13588457105091067
iid_shuffle,39,7,0.004982948846210807
iid_shuffle,39,8,8.105412043334403e-17
iid_shuffle,40,1,0.16231168092192227
iid_shuffle,40,2,0.16090896861073867
iid_shuffle,40,3,0.16766721023536402
iid_shuffle,40,4,0.18454657390117163
iid_shuffle,40,5,0.20532264353605478
iid_shuffle,40,6,0.11142154775606457
iid_shuffle,40,7,0.007821375038682812
iid_shuffle,40,8,1.9652612109863847e-16
iid_shuffle,41,1,0.2775416066848827
iid_shuffle,41,2,0.18613374712045472
iid_shuffle,41,3,0.140697069796003
iid_shuffle,41,4,0.14524122555009267
iid_shuffle,41,5,0.09439716591951594
iid_shuffle,41,6,0.08027524013139535
iid_shuffle,41,7,0.07571394479765434
iid_shuffle,41,8,4.067551438947551e-16
iid_shuffle,42,1,0.36058922157503903
iid_shuffle,42,2,0.20266593306931935
iid_shuffle,42,3,0.12437246990643142
iid_shuffle,42,4,0.11453246656407717
iid_shuffle,42,5,0.09168009536875929
iid_shuffle,42,6,0.037219551206226456
iid_shuffle,42,7,0.06894026231014662
iid_shuffle,42,8,1.7779626316908848e-17
iid_shuffle,43,1,0.3043990325400284
iid_shuffle,43,2,0.17575834069337282
iid_shuffle,43,3,0.2131254581380369
iid_shuffle,43,4,0.09164378221811079
iid_shuffle,43,5,0.09539415643938096
iid_shuffle,43,6,0.09200124184322817
iid_shuffle,43,7,0.02767798812784117
iid_shuffle,43,8,1.771045872983727e-17
iid_shuffle,44,1,0.17727079032142767
iid_shuffle,44,2,0.2091709811661311
iid_shuffle,44,3,0.15052880841733585
iid_shuffle,44,4,0.1646623327274147
iid_shuffle,44,5,0.11678169298482435
iid_shuffle,44,6,0.1510239944792375
iid_shuffle,44,7,0.030561399903627783
iid_shuffle,44,8,6.081496383405351e-17
iid_shuffle,45,1,0.2602005181986299
iid_shuffle,45,2,0.24268095051725858
iid_shuffle,45,3,0.1318676265189071
iid_shuffle,45,4,0.1647473852998733
iid_shuffle,45,5,0.17021628031961383
iid_shuffle,45,6,0.021205041182478256
iid_shuffle,45,7,0.009082197963238042
iid_shuffle,45,8,3.333838193690816e-16
iid_shuffle,46,1,0.2186611032424851
iid_shuffle,46,2,0.17521831636459628
iid_shuffle,46,3,0.204940798414379
iid_shuffle,46,4,0.15655619493165482
iid_shuffle,46,5,0.11923851216822656
iid_shuffle,46,6,0.0974432273162077
iid_shuffle,46,7,0.02794184756244867
iid_shuffle,46,8,1.1534984745440903e-15
iid_shuffle,47,1,0.2581897754787388
iid_shuffle,47,2,0.19349569890557938
iid_shuffle,47,3,0.14482783921697112
iid_shuffle,47,4,0.15460703572295467
iid_shuffle,47,5,0.10118398203330647
iid_shuffle,47,6,0.12368263244595579
iid_shuffle,47,7,0.024013036196491363
iid_shuffle,47,8,1.8086647451299337e-15
iid_shuffle,48,1,0.23084644644159624
iid_shuffle,48,2,0.19993441625522934
iid_shuffle,48,3,0.18058698445390126
iid_shuffle,48,4,0.2590070797016716
iid_shuffle,48,5,0.05214833238146256
iid_shuffle,48,6,0.025983684082415193
iid_shuffle,48,7,0.05149305668372287
iid_shuffle,48,8,8.309734835572544e-17
iid_shuffle,49,1,0.22412656048630364
iid_shuffle,49,2,0.2029035555985087
iid_shuffle,49,3,0.19088963859602276
iid_shuffle,49,4,0.10520903019836142
iid_shuffle,49,5,0.13193053638249846
iid_shuffle,49,6,0.1441348568407147
iid_shuffle,49,7,0.0008058218975891874
iid_shuffle,49,8,1.0101747490009577e-16
iid_shuffle,50,1,0.20005493971025212
iid_shuffle,50,2,0.2083261146225126
iid_shuffle,50,3,0.13716298496992618
iid_shuffle,50,4,0.1313672607790045
iid_shuffle,50,5,0.1027474664623299
iid_shuffle,50,6,0.20898842534022413
iid_shuffle,50,7,0.011352808115744621
iid_shuffle,50,8,9.911944090348478e-17
iid_shuffle,51,1,0.24529466133502742
iid_shuffle,51,2,0.19906180070457047
iid_shuffle,51,3,0.14192143195888257
iid_shuffle,51,4,0.17617080387505468
iid_shuffle,51,5,0.11651060732991596
iid_shuffle,51,6,0.05819902968669867
iid_shuffle,51,7,0.06284166510984854
iid_shuffle,51,8,8.143569590698858e-16
iid_shuffle,52,1,0.19638920695750872
iid_shuffle,52,2,0.17190300721574392
iid_shuffle,52,3,0.13804614829271805
iid_shuffle,52,4,0.14619867368409833
iid_shuffle,52,5,0.1786734410914192
iid_shuffle,52,6,0.1624372106409749
iid_shuffle,52,7,0.006352312117533711
iid_shuffle,52,8,7.659683260622908e-17
iid_shuffle,53,1,0.29983908738699006
iid_shuffle,53,2,0.26584895870538544
iid_shuffle,53,3,0.12309977732614324
iid_shuffle,53,4,0.13855826487525372
iid_shuffle,53,5,0.059454989390516313
iid_shuffle,53,6,0.09192729983004469
iid_shuffle,53,7,0.02127162248566544
iid_shuffle,53,8,3.9181815449869246e-16
iid_shuffle,54,1,0.23185606501937817
iid_shuffle,54,2,0.16566422882670473
iid_shuffle,54,3,0.18108664487260956
iid_shuffle,54,4,0.15924232655933757
iid_shuffle,54,5,0.12256688521927173
iid_shuffle,54,6,0.05973483302113981
iid_shuffle,54,7,0.07984901648155712
iid_shuffle,54,8,2.11753430160116e-16
iid_shuffle,55,1,0.25109056904458005
iid_shuffle,55,2,0.14753131167463884
iid_shuffle,55,3,0.14325587084065322
iid_shuffle,55,4,0.1408936143122288
iid_shuffle,55,5,0.16074547570650422
iid_shuffle,55,6,0.12395104368801177
iid_shuffle,55,7,0.03253211473338081
iid_shuffle,55,8,1.5266256647134566e-15
iid_shuffle,56,1,0.21870387383534584
iid_shuffle,56,2,0.2057613602207754
iid_shuffle,56,3,0.14772082657652752
iid_shuffle,56,4,0.14353092316388083
iid_shuffle,56,5,0.11958050315394203
iid_shuffle,56,6,0.10757680557475599
iid_shuffle,56,7,0.05712570747477095
iid_shuffle,56,8,6.551224806536413e-17
iid_shuffle,57,1,0.23905004805791352
iid_shuffle,57,2,0.16713874021658837
iid_shuffle,57,3,0.19606161893958102
iid_shuffle,57,4,0.16540871890240838
iid_shuffle,57,5,0.11886913695068985
iid_shuffle,57,6,0.09108144932074057
iid_shuffle,57,7,0.022390287612077103
iid_shuffle,57,8,2.3946259573189773e-19
iid_shuffle,58,1,0.2343399068530465
iid_shuffle,58,2,0.19299982301933905
iid_shuffle,58,3,0.16298384223673124
iid_shuffle,58,4,0.20940935604561253
iid_shuffle,58,5,0.10127555151929231
iid_shuffle,58,6,0.07219199752698743
iid_shuffle,58,7,0.026799522798990068
iid_shuffle,58,8,6.413779038450047e-17
iid_shuffle,59,1,0.3002825809353936
iid_shuffle,59,2,0.1590467834165168
iid_shuffle,59,3,0.2054062440271735
iid_shuffle,59,4,0.17261951046290755
iid_shuffle,59,5,0.11219584587667461
iid_shuffle,59,6,0.035421787751450905
iid_shuffle,59,7,0.015027247529882128
iid_shuffle,59,8,3.1160882076435885e-16
iid_shuffle,60,1,0.19718544861636067
iid_shuffle,60,2,0.22453541378085462
iid_shuffle,60,3,0.13256595567330215
iid_shuffle,60,4,0.14358539760427347
iid_shuffle,60,5,0.13316110356957492
iid_shuffle,60,6,0.11906813356728448
iid_shuffle,60,7,0.0498985471883488
iid_shuffle,60,8,1.8585372605618237e-17
iid_shuffle,61,1,0.24324274933574752
iid_shuffle,61,2,0.16063623414258277
iid_shuffle,61,3,0.18478177955317193
iid_shuffle,61,4,0.1477372355030444
iid_shuffle,61,5,0.1061128798917303
iid_shuffle,61,6,0.12789290168291048
iid_shuffle,61,7,0.02959621989081045
iid_shuffle,61,8,9.344219300580288e-16
iid_shuffle,62,1,0.34848185854249547
iid_shuffle,62,2,0.22546191973989627
iid_shuffle,62,3,0.14338168712288057
iid_shuffle,62,4,0.12868083119725182
iid_shuffle,62,5,0.05943684465997044
iid_shuffle,62,6,0.0796745160933863
iid_shuffle,62,7,0.014882342644118349
iid_shuffle,62,8,2.0522195501661672e-16
iid_shuffle,63,1,0.21499544503222434
iid_shuffle,63,2,0.2292625485064267
iid_shuffle,63,3,0.18080188561078675
iid_shuffle,63,4,0.14795260182317763
iid_shuffle,63,5,0.09827165893463413
iid_shuffle,63,6,0.10486000470319237
iid_shuffle,63,7,0.023855855389552278
iid_shuffle,63,8,5.670525939345037e-16
iid_shuffle,64,1,0.3106180323228369
iid_shuffle,64,2,0.14769420910616105
iid_shuffle,64,3,0.19025425824174352
iid_shuffle,64,4,0.11348267046578786
iid_shuffle,64,5,0.1070097458361696
iid_shuffle,64,6,0.1139510467033251
iid_shuffle,64,7,0.01699003732397412
iid_shuffle,64,8,1.2634069280228686e-15
iid_shuffle,65,1,0.22120671630962496
iid_shuffle,65,2,0.19117435295386886
iid_shuffle,65,3,0.20066131725728958
iid_shuffle,65,4,0.1496524751756795
iid_shuffle,65,5,0.16816869611438137
iid_shuffle,65,6,0.041258576046155626
iid_shuffle,65,7,0.027877866142999416
iid_shuffle,65,8,1.909076141859135e-18
iid_shuffle,66,1,0.24594502269896013
iid_shuffle,66,2,0.16566552245947264
iid_shuffle,66,3,0.17107080064945546
iid_shuffle,66,4,0.1331785476408826
iid_shuffle,66,5,0.0951898652679658
iid_shuffle,66,6,0.18853806663277917
iid_shuffle,66,7,0.00041217465048308126
iid_shuffle,66,8,1.9827260354685559e-16
iid_shuffle,67,1,0.22983813790524488
iid_shuffle,67,2,0.231732327556315
iid_shuffle,67,3,0.17753078633378083
iid_shuffle,67,4,0.14207501114400545
iid_shuffle,67,5,0.09225701078376192
iid_shuffle,67,6,0.06223019170849868
iid_shuffle,67,7,0.06433653456839243
iid_shuffle,67,8,2.273320811430994e-16
iid_shuffle,68,1,0.26379812430626914
iid_shuffle,68,2,0.2095699722817539
iid_shuffle,68,3,0.20307198869636572
iid_shuffle,68,4,0.14707513277657533
iid_shuffle,68,5,0.10719232852012507
iid_shuffle,68,6,0.03201081664243644
iid_shuffle,68,7,0.03728163677647211
iid_shuffle,68,8,1.0642107143450098e-15
iid_shuffle,69,1,0.2591614994613364
iid_shuffle,69,2,0.1786813841127849
iid_shuffle,69,3,0.15991503339861207
iid_shuffle,69,4,0.14765377443629552
iid_shuffle,69,5,0.0875723190473259
iid_shuffle,69,6,0.16531043011463173
iid_shuffle,69,7,0.0017055594290121877
iid_shuffle,69,8,2.6315716068356517e-16
iid_shuffle,70,1,0.2377242575400791
iid_shuffle,70,2,0.24998587054536492
iid_shuffle,70,3,0.18267382042452235
iid_shuffle,70,4,0.15167766058552853
iid_shuffle,70,5,0.08635330824239931
iid_shuffle,70,6,0.09096443918341426
iid_shuffle,70,7,0.0006206434786901896
iid_shuffle,70,8,2.3422446957301136e-16
iid_shuffle,71,1,0.22437538652311084
iid_shuffle,71,2,0.1831052208076176
iid_shuffle,71,3,0.1776028793326886
iid_shuffle,71,4,0.14665592991362703
iid_shuffle,71,5,0.08645023996288256
iid_shuffle,71,6,0.15360422387541695
iid_shuffle,71,7,0.028206119584654077
iid_shuffle,71,8,0.0
iid_shuffle,72,1,0.29791454974935727
iid_shuffle,72,2,0.18159324715598413
iid_shuffle,72,3,0.17682142099014886
iid_shuffle,72,4,0.1416890264823378
iid_shuffle,72,5,0.1392454185243298
iid_shuffle,72,6,0.0558173600588052
iid_shuffle,72,7,0.006918977039034392
iid_shuffle,72,8,2.017660756751584e-15
iid_shuffle,73,1,0.20013838669554795
iid_shuffle,73,2,0.19712988149785893
iid_shuffle,73,3,0.1845228097472933
iid_shuffle,73,4,0.19180380054130888
iid_shuffle,73,5,0.08355380020538716
iid_shuffle,73,6,0.10534033495414566
iid_shuffle,73,7,0.037510986358457205
iid_shuffle,73,8,4.948688775183419e-17
iid_shuffle,74,1,0.22178974194955192
iid_shuffle,74,2,0.23104087542700602
iid_shuffle,74,3,0.16182029067487635
iid_shuffle,74,4,0.14549521104608504
iid_shuffle,74,5,0.15941151661013586
iid_shuffle,74,6,0.05278570588512392
iid_shuffle,74,7,0.027656658407219863
iid_shuffle,74,8,4.2326843793131774e-18
iid_shuffle,75,1,0.2152351226959276
iid_shuffle,75,2,0.19444759970305292
iid_shuffle,75,3,0.1835702204429141
iid_shuffle,75,4,0.1348554935455052
iid_shuffle,75,5,0.16235910097140188
iid_shuffle,75,6,0.10401609723809649
iid_shuffle,75,7,0.005516365403099802
iid_shuffle,75,8,6.431608934155782e-16
iid_shuffle,76,1,0.24102340340056738
iid_shuffle,76,2,0.17938349648735352
iid_shuffle,76,3,0.14322103836395322
iid_shuffle,76,4,0.1315730797058816
iid_shuffle,76,5,0.12350826384734775
iid_shuffle,76,6,0.17977595903402352
iid_shuffle,76,7,0.0015147591608720833
iid_shuffle,76,8,1.979743751288787e-16
iid_shuffle,77,1,0.23405395761988323
iid_shuffle,77,2,0.16199105177121287
iid_shuffle,77,3,0.155873043783001
iid_shuffle,77,4,0.17110843864689534
iid_shuffle,77,5,0.19550351872875044
iid_shuffle,77,6,0.05408230281136778
iid_shuffle,77,7,0.027387686638888332
iid_shuffle,77,8,-1.3505021699877519e-17
iid_shuffle,78,1,0.24407828201570414
iid_shuffle,78,2,0.15788488655654398
iid_shuffle,78,3,0.16168379148839407
iid_shuffle,78,4,0.1427943098202093
iid_shuffle,78,5,0.13556072882387224
iid_shuffle,78,6,0.07225718748935893
iid_shuffle,78,7,0.08574081380591608
iid_shuffle,78,8,3.5517823103834833e-16
iid_shuffle,79,1,0.1949334806613786
iid_shuffle,79,2,0.20349463419983416
iid_shuffle,79,3,0.1907408502981895
iid_shuffle,79,4,0.16450628550917795
iid_shuffle,79,5,0.17543621929498973
iid_shuffle,79,6,0.038662634888793894
iid_shuffle,79,7,0.03222589514763478
iid_shuffle,79,8,2.95700014809345e-17
iid_shuffle,80,1,0.19986851074950274
iid_shuffle,80,2,0.2197812918168739
iid_shuffle,80,3,0.19172195188736962
iid_shuffle,80,4,0.12119661706263474
iid_shuffle,80,5,0.17702852619707407
iid_shuffle,80,6,0.08445368160291465
iid_shuffle,80,7,0.005949420683628751
iid_shuffle,80,8,8.615634752654346e-17
iid_shuffle,81,1,0.18946261593878988
iid_shuffle,81,2,0.2025026692274038
iid_shuffle,81,3,0.16733177282952771
iid_shuffle,81,4,0.22620992041674806
iid_shuffle,81,5,0.09458146047279105
iid_shuffle,81,6,0.08639530517939994
iid_shuffle,81,7,0.033516255935338586
iid_shuffle,81,8,1.7137405571408825e-17
iid_shuffle,82,1,0.24740218541205128
iid_shuffle,82,2,0.17766286349329674
iid_shuffle,82,3,0.20277609256882506
iid_shuffle,82,4,0.15136362844611548
iid_shuffle,82,5,0.13144206365951527
iid_shuffle,82,6,0.03952493292469509
iid_shuffle,82,7,0.0498282334954995
iid_shuffle,82,8,8.513581112645922e-16
iid_shuffle,83,1,0.2605934014310076
iid_shuffle,83,2,0.18216141547107423
iid_shuffle,83,3,0.19897958278131278
iid_shuffle,83,4,0.13774875821241767
iid_shuffle,83,5,0.12784937395256435
iid_shuffle,83,6,0.07585646812210095
iid_shuffle,83,7,0.016811000029521433
iid_shuffle,83,8,6.132202861164445e-17
iid_shuffle,84,1,0.2370468758677441
iid_shuffle,84,2,0.24301166914585837
iid_shuffle,84,3,0.1980044547953626
iid_shuffle,84,4,0.0861019703925241
iid_shuffle,84,5,0.08533783715783225
iid_shuffle,84,6,0.12431890313891966
iid_shuffle,84,7,0.026178289501758087
iid_shuffle,84,8,1.272300122469426e-16
iid_shuffle,85,1,0.27329563092070563
iid_shuffle,85,2,0.21150853098775269
iid_shuffle,85,3,0.17729019786191785
iid_shuffle,85,4,0.08434167334111453
iid_shuffle,85,5,0.10148715947703571
iid_shuffle,85,6,0.13556769856967232
iid_shuffle,85,7,0.01650910884179911
iid_shuffle,85,8,2.2467246965240512e-17
iid_shuffle,86,1,0.22841785412577698
iid_shuffle,86,2,0.19150363012320792
iid_shuffle,86,3,0.20381145316667604
iid_shuffle,86,4,0.15446758695885568
iid_shuffle,86,5,0.0899088201207841
iid_shuffle,86,6,0.0964180584262226
iid_shuffle,86,7,0.03547259707847582
iid_shuffle,86,8,9.02399091805861e-17
iid_shuffle,87,1,0.2290950747932512
iid_shuffle,87,2,0.22786024093957513
iid_shuffle,87,3,0.14255486226098862
iid_shuffle,87,4,0.16786384956987516
iid_shuffle,87,5,0.15530756032694243
iid_shuffle,87,6,0.03331622055617123
iid_shuffle,87,7,0.04400219155319529
iid_shuffle,87,8,1.5231523544805687e-16
iid_shuffle,88,1,0.28878798490375723
iid_shuffle,88,2,0.3141401355781496
iid_shuffle,88,3,0.11336462470593456
iid_shuffle,88,4,0.10598351847285234
iid_shuffle,88,5,0.05438978507601164
iid_shuffle,88,6,0.06738127713685818
iid_shuffle,88,7,0.05595267412643512
iid_shuffle,88,8,2.087645165133147e-16
iid_shuffle,89,1,0.41495830276905254
iid_shuffle,89,2,0.16722189840017876
iid_shuffle,89,3,0.15161891671491534
iid_shuffle,89,4,0.10601350651187172
iid_shuffle,89,5,0.07039357025411673
iid_shuffle,89,6,0.0748191416543709
iid_shuffle,89,7,0.014974663695492337
iid_shuffle,89,8,6.406781872964545e-16
iid_shuffle,90,1,0.26766054170420095
iid_shuffle,90,2,0.19849018257809925
iid_shuffle,90,3,0.13443859482224757
iid_shuffle,90,4,0.1440173077579293
iid_shuffle,90,5,0.17137255616313884
iid_shuffle,90,6,0.054009750261249136
iid_shuffle,90,7,0.03001106671313311
iid_shuffle,90,8,9.790018924330486e-16
iid_shuffle,91,1,0.2850881432867297
iid_shuffle,91,2,0.24867633156914198
iid_shuffle,91,3,0.11677935348531099
iid_shuffle,91,4,0.14020101131278156
iid_shuffle,91,5,0.08097862070988157
iid_shuffle,91,6,0.09477373598740178
iid_shuffle,91,7,0.03350280364875142
iid_shuffle,91,8,1.402192133888142e-16
iid_shuffle,92,1,0.19306002019132507
iid_shuffle,92,2,0.20538733491768135
iid_shuffle,92,3,0.26828692772091967
iid_shuffle,92,4,0.11780553638924884
iid_shuffle,92,5,0.08397415542903702
iid_shuffle,92,6,0.08969022777342846
iid_shuffle,92,7,0.041795797578358336
iid_shuffle,92,8,4.3844283706947587e-16
iid_shuffle,93,1,0.2170136684471058
iid_shuffle,93,2,0.17516026189117062
iid_shuffle,93,3,0.1869216759503871
iid_shuffle,93,4,0.1418218082220563
iid_shuffle,93,5,0.10005051162123169
iid_shuffle,93,6,0.16794187080540826
iid_shuffle,93,7,0.011090203062638863
iid_shuffle,93,8,6.253226317248345e-17
iid_shuffle,94,1,0.23957762263655857
iid_shuffle,94,2,0.15801207446568544
iid_shuffle,94,3,0.1669626536853645
iid_shuffle,94,4,0.11471232165679468
iid_shuffle,94,5,0.1724687851447708
iid_shuffle,94,6,0.09018080763112152
iid_shuffle,94,7,0.05808573477970322
iid_shuffle,94,8,3.0042659436244306e-16
iid_shuffle,95,1,0.19008342943922074
iid_shuffle,95,2,0.16338918292678417
iid_shuffle,95,3,0.12849819958950237
iid_shuffle,95,4,0.1519540309058685
iid_shuffle,95,5,0.20953673204289175
iid_shuffle,95,6,0.1065869524477254
iid_shuffle,95,7,0.04995147264800538
iid_shuffle,95,8,5.529189039057349e-16
iid_shuffle,96,1,0.25020175876847006
iid_shuffle,96,2,0.22163800603027306
iid_shuffle,96,3,0.20997659779914746
iid_shuffle,96,4,0.10385681356393359
iid_shuffle,96,5,0.11888895887279838
iid_shuffle,96,6,0.0951564873639354
iid_shuffle,96,7,0.00028137760143951475
iid_shuffle,96,8,1.824738510778531e-15
iid_shuffle,97,1,0.32399589814291696
iid_shuffle,97,2,0.16903919542149293
iid_shuffle,97,3,0.18194282806106615
iid_shuffle,97,4,0.1243670611928756
iid_shuffle,97,5,0.10253262460602743
iid_shuffle,97,6,0.06640688773281456
iid_shuffle,97,7,0.03171550484280567
iid_shuffle,97,8,2.1151643346695906e-18
iid_shuffle,98,1,0.21083835354554303
iid_shuffle,98,2,0.21961131675799628
iid_shuffle,98,3,0.2130753723811572
iid_shuffle,98,4,0.13999742315836017
iid_shuffle,98,5,0.10415382278706233
iid_shuffle,98,6,0.0765358951048157
iid_shuffle,98,7,0.035787816265063666
iid_shuffle,98,8,9.812853350009485e-16
iid_shuffle,99,1,0.19119311004315231
iid_shuffle,99,2,0.19887608429412995
iid_shuffle,99,3,0.20582454413016715
iid_shuffle,99,4,0.13211657868542503
iid_shuffle,99,5,0.10499918752802556
iid_shuffle,99,6,0.1385975525718453
iid_shuffle,99,7,0.028392942747253513
iid_shuffle,99,8,5.680742848820773e-17
iid_shuffle,100,1,0.2780772893998745
iid_shuffle,100,2,0.2149876844251477
iid_shuffle,100,3,0.22574821415022844
iid_shuffle,100,4,0.1192139677169192
iid_shuffle,100,5,0.05181232900145932
iid_shuffle,100,6,0.07031458248008263
iid_shuffle,100,7,0.0398459328262859
iid_shuffle,100,8,9.505218870604763e-16
iid_shuffle,101,1,0.20010428541145586
iid_shuffle,101,2,0.24758380146148617
iid_shuffle,101,3,0.14313963042887207
iid_shuffle,101,4,0.18251477818105716
iid_shuffle,101,5,0.12133043315053005
iid_shuffle,101,6,0.056638084463705406
iid_shuffle,101,7,0.04868898690289198
iid_shuffle,101,8,3.317965088202536e-16
iid_shuffle,102,1,0.2874032441589036
iid_shuffle,102,2,0.1784755881926986
iid_shuffle,102,3,0.13423610132100228
iid_shuffle,102,4,0.13736574601620166
iid_shuffle,102,5,0.11805071400181918
iid_shuffle,102,6,0.09870099262805701
iid_shuffle,102,7,0.04576761368131327
iid_shuffle,102,8,4.428771026371324e-18
iid_shuffle,103,1,0.20906766439834235
iid_shuffle,103,2,0.2547069943807351
iid_shuffle,103,3,0.14855726281931442
iid_shuffle,103,4,0.1099458558434187
iid_shuffle,103,5,0.11777854494641579
iid_shuffle,103,6,0.11455702371462073
iid_shuffle,103,7,0.04538665389714839
iid_shuffle,103,8,3.799940655274128e-16
iid_shuffle,104,1,0.20491233933205344
iid_shuffle,104,2,0.21742920172183777
iid_shuffle,104,3,0.21073694926132697
iid_shuffle,104,4,0.19455945852945178
iid_shuffle,104,5,0.058664726469748366
iid_shuffle,104,6,0.09528567897584395
iid_shuffle,104,7,0.01841164570973645
iid_shuffle,104,8,2.403031491705013e-16
iid_shuffle,105,1,0.23644263386683984
iid_shuffle,105,2,0.22886832219682784
iid_shuffle,105,3,0.23007454510115088
iid_shuffle,105,4,0.08114076699186815
iid_shuffle,105,5,0.1264578161654899
iid_shuffle,105,6,0.0928600952547257
iid_shuffle,105,7,0.004155820423093177
iid_shuffle,105,8,1.8525578815059543e-16
iid_shuffle,106,1,0.27911081642728774
iid_shuffle,106,2,0.30271742381180194
iid_shuffle,106,3,0.17827638955990754
iid_shuffle,106,4,0.05849604766422037
iid_shuffle,106,5,0.06391907187721367
iid_shuffle,106,6,0.06622209862788708
iid_shuffle,106,7,0.0512581520316802
iid_shuffle,106,8,3.002143836681419e-16
iid_shuffle,107,1,0.2386094018032836
iid_shuffle,107,2,0.19148344669229234
iid_shuffle,107,3,0.17855310306247946
iid_shuffle,107,4,0.10793172326245198
iid_shuffle,107,5,0.09283352665436456
iid_shuffle,107,6,0.1649633427704047
iid_shuffle,107,7,0.025625455754722477
iid_shuffle,107,8,3.3929251666420017e-16
iid_shuffle,108,1,0.3093328280514751
iid_shuffle,108,2,0.16690175090657655
iid_shuffle,108,3,0.16222433287170435
iid_shuffle,108,4,0.0949551707211338
iid_shuffle,108,5,0.13574904111199057
iid_shuffle,108,6,0.09991255757282688
iid_shuffle,108,7,0.03092431876429131
iid_shuffle,108,8,1.2657183910100057e-16
iid_shuffle,109,1,0.2187145522212386
iid_shuffle,109,2,0.2306110278941157
iid_shuffle,109,3,0.10365346727455516
iid_shuffle,109,4,0.0982986271125928
iid_shuffle,109,5,0.10894918988212332
iid_shuffle,109,6,0.1655950548001908
iid_shuffle,109,7,0.07417808081518248
iid_shuffle,109,8,1.2832854454709811e-16
iid_shuffle,110,1,0.22312523868768508
iid_shuffle,110,2,0.2251888873668786
iid_shuffle,110,3,0.18442454527330115
iid_shuffle,110,4,0.1663597200033943
iid_shuffle,110,5,0.0719907509577476
iid_shuffle,110,6,0.06735805660678071
iid_shuffle,110,7,0.06155280110421087
iid_shuffle,110,8,5.714299924355752e-16
iid_shuffle,111,1,0.19315483589849125
iid_shuffle,111,2,0.22394110724582328
iid_shuffle,111,3,0.1748483506281075
iid_shuffle,111,4,0.1799248624426734
iid_shuffle,111,5,0.12833090306328937
iid_shuffle,111,6,0.07426886595051319
iid_shuffle,111,7,0.025531074771100074
iid_shuffle,111,8,7.536167781936028e-17
iid_shuffle,112,1,0.19811425918709447
iid_shuffle,112,2,0.13908172840110722
iid_shuffle,112,3,0.16354355558700584
iid_shuffle,112,4,0.1942895803968835
iid_shuffle,112,5,0.15888336857579374
iid_shuffle,112,6,0.1084987244737804
iid_shuffle,112,7,0.03758878337833382
iid_shuffle,112,8,1.9066194975618505e-17
iid_shuffle,113,1,0.20915963687903316
iid_shuffle,113,2,0.19934052930389035
iid_shuffle,113,3,0.17272742206113995
iid_shuffle,113,4,0.1410081321617403
iid_shuffle,113,5,0.11751789038559382
iid_shuffle,113,6,0.15256976509427822
iid_shuffle,113,7,0.007676624114323353
iid_shuffle,113,8,2.833876808481415e-17
iid_shuffle,114,1,0.22487498455109167
iid_shuffle,114,2,0.24531530417294722
iid_shuffle,114,3,0.15479959222349732
iid_shuffle,114,4,0.10700605369519117
iid_shuffle,114,5,0.11002362967391102
iid_shuffle,114,6,0.07135271078942547
iid_shuffle,114,7,0.08662772489393322
iid_shuffle,114,8,1.713345447467949e-17
iid_shuffle,115,1,0.23337180896549203
iid_shuffle,115,2,0.20853625725798874
iid_shuffle,115,3,0.20302323146784207
iid_shuffle,115,4,0.1303884957768272
iid_shuffle,115,5,0.09791338311310924
iid_shuffle,115,6,0.09692006447786274
iid_shuffle,115,7,0.029846758940877162
iid_shuffle,115,8,3.736993070643309e-17
iid_shuffle,116,1,0.23512250161974368
iid_shuffle,116,2,0.2250742995281415
iid_shuffle,116,3,0.15276782720284
iid_shuffle,116,4,0.12802763412122026
iid_shuffle,116,5,0.1276956450875221
iid_shuffle,116,6,0.09639752443013269
iid_shuffle,116,7,0.03491456801039762
iid_shuffle,116,8,1.5697111225100682e-15
iid_shuffle,117,1,0.20774408851250714
iid_shuffle,117,2,0.19136271407561856
iid_shuffle,117,3,0.21084684485688937
iid_shuffle,117,4,0.23145017253002906
iid_shuffle,117,5,0.06206372887776884
iid_shuffle,117,6,0.049520514554641085
iid_shuffle,117,7,0.04701193659254402
iid_shuffle,117,8,8.255728872674653e-16
iid_shuffle,118,1,0.23323779430447622
iid_shuffle,118,2,0.13824315248583707
iid_shuffle,118,3,0.15869501761126242
iid_shuffle,118,4,0.18854098887677317
iid_shuffle,118,5,0.21447204503498452
iid_shuffle,118,6,0.05489555045359216
iid_shuffle,118,7,0.011915451233073302
iid_shuffle,118,8,1.9846624159864687e-16
iid_shuffle,119,1,0.24580966097207646
iid_shuffle,119,2,0.23344587304743714
iid_shuffle,119,3,0.12359059009368045
iid_shuffle,119,4,0.1279298622226559
iid_shuffle,119,5,0.11190856216632256
iid_shuffle,119,6,0.05074652132531628
iid_shuffle,119,7,0.10656893017251018
iid_shuffle,119,8,5.293560851010467e-17
iid_shuffle,120,1,0.2614667821629243
iid_shuffle,120,2,0.20943669972981604
iid_shuffle,120,3,0.1322515921755058
iid_shuffle,120,4,0.15972564624025537
iid_shuffle,120,5,0.10650172462830396
iid_shuffle,120,6,0.08113933220488342
iid_shuffle,120,7,0.04947822285830945
iid_shuffle,120,8,7.47618231462999e-16
iid_shuffle,121,1,0.197191192228251
iid_shuffle,121,2,0.19964738011585914
iid_shuffle,121,3,0.16240677765473854
iid_shuffle,121,4,0.1317690201282018
iid_shuffle,121,5,0.15647924441522218
iid_shuffle,121,6,0.1412502691975791
iid_shuffle,121,7,0.011256116260145211
iid_shuffle,121,8,3.978756843598923e-17
iid_shuffle,122,1,0.22720912494613366
iid_shuffle,122,2,0.20879454889260796
iid_shuffle,122,3,0.1503024646381863
iid_shuffle,122,4,0.1660569817966351
iid_shuffle,122,5,0.09558163826271177
iid_shuffle,122,6,0.14323849778547706
iid_shuffle,122,7,0.008816743678246898
iid_shuffle,122,8,3.88819751582165e-17
iid_shuffle,123,1,0.1976005819625678
iid_shuffle,123,2,0.17668367637504434
iid_shuffle,123,3,0.16796370448886355
iid_shuffle,123,4,0.1448229491321762
iid_shuffle,123,5,0.11457797155749916
iid_shuffle,123,6,0.15132259625225586
iid_shuffle,123,7,0.04702852023159185
iid_shuffle,123,8,8.417573691176959e-17
iid_shuffle,124,1,0.20633892079646265
iid_shuffle,124,2,0.20292717336349664
iid_shuffle,124,3,0.15115770287094288
iid_shuffle,124,4,0.12281693837423685
iid_shuffle,124,5,0.14168971842514566
iid_shuffle,124,6,0.1440483391991859
iid_shuffle,124,7,0.031021206970528386
iid_shuffle,124,8,4.827608955328659e-17
iid_shuffle,125,1,0.23767905879927387
iid_shuffle,125,2,0.15147552638258655
iid_shuffle,125,3,0.15338085169988264
iid_shuffle,125,4,0.18345071995086493
iid_shuffle,125,5,0.13637365853155028
iid_shuffle,125,6,0.1295288504046853
iid_shuffle,125,7,0.008111334231155528
iid_shuffle,125,8,1.4538312399114574e-16
iid_shuffle,126,1,0.2541278898587417
iid_shuffle,126,2,0.27221755780822254
iid_shuffle,126,3,0.1329802168512717
iid_shuffle,126,4,0.14354443329818325
iid_shuffle,126,5,0.12098192850489614
iid_shuffle,126,6,0.04261082675414733
iid_shuffle,126,7,0.03353714692453597
iid_shuffle,126,8,6.028638711411606e-16
iid_shuffle,127,1,0.2470905220072488
iid_shuffle,127,2,0.176295638094342
iid_shuffle,127,3,0.2200295471826606
iid_shuffle,127,4,0.10654092811560995
iid_shuffle,127,5,0.1438368123407372
iid_shuffle,127,6,0.052892711793304945
iid_shuffle,127,7,0.053313840466095413
iid_shuffle,127,8,2.2123126582852593e-16
iid_shuffle,128,1,0.24365227107129306
iid_shuffle,128,2,0.31212638451329955
iid_shuffle,128,3,0.21662286576057843
iid_shuffle,128,4,0.060773886531976046
iid_shuffle,128,5,0.07981156762212109
iid_shuffle,128,6,0.06789956545087297
iid_shuffle,128,7,0.019113459049857943
iid_shuffle,128,8,-3.521377457598583e-19
iid_shuffle,129,1,0.3020194418956602
iid_shuffle,129,2,0.15653524367185812
iid_shuffle,129,3,0.11698940071983938
iid_shuffle,129,4,0.12354491989331584
iid_shuffle,129,5,0.08773425747521468
iid_shuffle,129,6,0.10461722652117413
iid_shuffle,129,7,0.10855950982293655
iid_shuffle,129,8,2.333574854161728e-16
iid_shuffle,130,1,0.24020539865197332
iid_shuffle,130,2,0.18210537663239168
iid_shuffle,130,3,0.13761761712793902
iid_shuffle,130,4,0.15085449231980858
iid_shuffle,130,5,0.09365875421785716
iid_shuffle,130,6,0.1923293508507331
iid_shuffle,130,7,0.003229010199295921
iid_shuffle,130,8,5.37515405968427e-16
iid_shuffle,131,1,0.3292379325468606
iid_shuffle,131,2,0.17800373162712468
iid_shuffle,131,3,0.15431486497907798
iid_shuffle,131,4,0.11195564918037396
iid_shuffle,131,5,0.14872217293607418
iid_shuffle,131,6,0.054868999716816864
iid_shuffle,131,7,0.022896649013669924
iid_shuffle,131,8,1.0455155703366417e-15
iid_shuffle,132,1,0.19401984007744466
iid_shuffle,132,2,0.19701366309189727
iid_shuffle,132,3,0.1709450718542032
iid_shuffle,132,4,0.1491832224132842
iid_shuffle,132,5,0.14282656818633335
iid_shuffle,132,6,0.07678906353891408
iid_shuffle,132,7,0.06922257083792104
iid_shuffle,132,8,4.577173250956204e-16
iid_shuffle,133,1,0.31758899780544025
iid_shuffle,133,2,0.16384318417939436
iid_shuffle,133,3,0.1686036202755688
iid_shuffle,133,4,0.12621184054209575
iid_shuffle,133,5,0.11193987579663173
iid_shuffle,133,6,0.08556185006550439
iid_shuffle,133,7,0.02625063133536403
iid_shuffle,133,8,1.2629125097804484e-17
iid_shuffle,134,1,0.21145988496136114
iid_shuffle,134,2,0.17726533651820564
iid_shuffle,134,3,0.19940073954422116
iid_shuffle,134,4,0.16393651314673893
iid_shuffle,134,5,0.09772224250090528
iid_shuffle,134,6,0.0911781644013788
iid_shuffle,134,7,0.05903711892718773
iid_shuffle,134,8,1.8213870503305926e-18
iid_shuffle,135,1,0.21157318195917674
iid_shuffle,135,2,0.2604414891437993
iid_shuffle,135,3,0.16652055472350197
iid_shuffle,135,4,0.20854710232620496
iid_shuffle,135,5,0.07592207015933398
iid_shuffle,135,6,0.07149499710223745
iid_shuffle,135,7,0.005500604585744296
iid_shuffle,135,8,2.1894413339342107e-16
iid_shuffle,136,1,0.20929740428517896
iid_shuffle,136,2,0.16866662446726444
iid_shuffle,136,3,0.2306920127613653
iid_shuffle,136,4,0.1293535981134677
iid_shuffle,136,5,0.11988999644950343
iid_shuffle,136,6,0.12474598727004478
iid_shuffle,136,7,0.01735437665317393
iid_shuffle,136,8,1.249855143210007e-16
iid_shuffle,137,1,0.20108439937325284
iid_shuffle,137,2,0.20676096253126097
iid_shuffle,137,3,0.15980498163084406
iid_shuffle,137,4,0.15804563508845432
iid_shuffle,137,5,0.1419971697020352
iid_shuffle,137,6,0.08704758557371461
iid_shuffle,137,7,0.04525926610043709
iid_shuffle,137,8,1.8198697747448052e-16
iid_shuffle,138,1,0.25263548051157925
iid_shuffle,138,2,0.2012516628225982
iid_shuffle,138,3,0.2473863416693724
iid_shuffle,138,4,0.09354595279803934
iid_shuffle,138,5,0.15548049481058138
iid_shuffle,138,6,0.03638776334910712
iid_shuffle,138,7,0.013312304038720255
iid_shuffle,138,8,9.745207260493372e-16
iid_shuffle,139,1,0.28162035400549834
iid_shuffle,139,2,0.20855084851849692
iid_shuffle,139,3,0.11267967943118845
iid_shuffle,139,4,0.15975356958354509
iid_shuffle,139,5,0.1680260598459693
iid_shuffle,139,6,0.04815711102528876
iid_shuffle,139,7,0.021212377590012026
iid_shuffle,139,8,4.0991332458873603e-16
iid_shuffle,140,1,0.16738771307228406
iid_shuffle,140,2,0.18506118845414765
iid_shuffle,140,3,0.16998492157711348
iid_shuffle,140,4,0.1182936221180681
iid_shuffle,140,5,0.1637819291629419
iid_shuffle,140,6,0.1392409230093753
iid_shuffle,140,7,0.05624970260606835
iid_shuffle,140,8,4.368527321646417e-17
iid_shuffle,141,1,0.23933407201108836
iid_shuffle,141,2,0.2269518731796878
iid_shuffle,141,3,0.17129768879295487
iid_shuffle,141,4,0.1571588222283164
iid_shuffle,141,5,0.09814517044350406
iid_shuffle,141,6,0.08938795134757291
iid_shuffle,141,7,0.017724421996873883
iid_shuffle,141,8,6.657157849253979e-16
iid_shuffle,142,1,0.2957895781792683
iid_shuffle,142,2,0.17809205730036592
iid_shuffle,142,3,0.16323833662977577
iid_shuffle,142,4,0.18390638539715795
iid_shuffle,142,5,0.0733216816679271
iid_shuffle,142,6,0.0965774597429893
iid_shuffle,142,7,0.009074501082514575
iid_shuffle,142,8,2.9188281423171003e-16
iid_shuffle,143,1,0.23624812928153982
iid_shuffle,143,2,0.18333705152071844
iid_shuffle,143,3,0.18318679523168452
iid_shuffle,143,4,0.12142177413580385
iid_shuffle,143,5,0.21477838014886352
iid_shuffle,143,6,0.035342474839245824
iid_shuffle,143,7,0.025685394842141232
iid_shuffle,143,8,-6.709969731356249e-18
iid_shuffle,144,1,0.23079076595383263
iid_shuffle,144,2,0.18456105112194865
iid_shuffle,144,3,0.13677774854384606
iid_shuffle,144,4,0.12406595960229716
iid_shuffle,144,5,0.1631760525946015
iid_shuffle,144,6,0.12467992625181212
iid_shuffle,144,7,0.03594849593166057
iid_shuffle,144,8,5.111259462608563e-16
iid_shuffle,145,1,0.21057508490432142
iid_shuffle,145,2,0.18247081480183602
iid_shuffle,145,3,0.21639552223790176
iid_shuffle,145,4,0.14810676688173374
iid_shuffle,145,5,0.11254968256269524
iid_shuffle,145,6,0.09658662565649777
iid_shuffle,145,7,0.033315502955012614
iid_shuffle,145,8,6.865804999634437e-16
iid_shuffle,146,1,0.2432381469034589
iid_shuffle,146,2,0.16319281146811848
iid_shuffle,146,3,0.13304901972884753
iid_shuffle,146,4,0.17652721071143962
iid_shuffle,146,5,0.14424001191149524
iid_shuffle,146,6,0.11931968591192443
iid_shuffle,146,7,0.02043311336471408
iid_shuffle,146,8,4.848672815916924e-16
iid_shuffle,147,1,0.24766074091728385
iid_shuffle,147,2,0.16300525869018134
iid_shuffle,147,3,0.15112921915272903
iid_shuffle,147,4,0.20006829500520362
iid_shuffle,147,5,0.08397418681946459
iid_shuffle,147,6,0.14090358643259743
iid_shuffle,147,7,0.013258712982539098
iid_shuffle,147,8,2.9807331071172404e-17
iid_shuffle,148,1,0.3131746073124033
iid_shuffle,148,2,0.22868859651658013
iid_shuffle,148,3,0.16472168782906021
iid_shuffle,148,4,0.14023643985386974
iid_shuffle,148,5,0.08802233037426793
iid_shuffle,148,6,0.04886641588457866
iid_shuffle,148,7,0.016289922229239345
iid_shuffle,148,8,-5.898513495519811e-20
iid_shuffle,149,1,0.21882793872038975
iid_shuffle,149,2,0.18088416353266168
iid_shuffle,149,3,0.14559684558996466
iid_shuffle,149,4,0.13137201518922892
iid_shuffle,149,5,0.16395310152079978
iid_shuffle,149,6,0.0791595235683565
iid_shuffle,149,7,0.08020641187859649
iid_shuffle,149,8,1.4415357194951544e-15
markov_synthetic,0,1,0.2618713728651053
markov_synthetic,0,2,0.1826669759410342
markov_synthetic,0,3,0.1705594501332276
markov_synthetic,0,4,0.12428922549276838
markov_synthetic,0,5,0.193680376952639
markov_synthetic,0,6,0.06414521762685355
markov_synthetic,0,7,0.0027873809883710954
markov_synthetic,0,8,-5.852357129479089e-18
markov_synthetic,1,1,0.21192315769037795
markov_synthetic,1,2,0.22296715145219181
markov_synthetic,1,3,0.14173122506944769
markov_synthetic,1,4,0.15338893060606146
markov_synthetic,1,5,0.16395654862887277
markov_synthetic,1,6,0.059888167925869776
markov_synthetic,1,7,0.04614481862717743
markov_synthetic,1,8,9.26253398726772e-17
markov_synthetic,2,1,0.23799083363777396
markov_synthetic,2,2,0.19717910085174872
markov_synthetic,2,3,0.20403478576087547
markov_synthetic,2,4,0.13319571948644054
markov_synthetic,2,5,0.0955573269293834
markov_synthetic,2,6,0.07669976234902469
markov_synthetic,2,7,0.055342470984752215
markov_synthetic,2,8,2.993576902887596e-17
markov_synthetic,3,1,0.2053254624559735
markov_synthetic,3,2,0.19990176634575563
markov_synthetic,3,3,0.21491772027313283
markov_synthetic,3,4,0.1579748929591321
markov_synthetic,3,5,0.08586522104871863
markov_synthetic,3,6,0.0635750476584144
markov_synthetic,3,7,0.07243988925886957
markov_synthetic,3,8,4.152821763295307e-16
markov_synthetic,4,1,0.20289968549761395
markov_synthetic,4,2,0.1641820822063813
markov_synthetic,4,3,0.21297186900370746
markov_synthetic,4,4,0.1874515809252213
markov_synthetic,4,5,0.17484382922961034
markov_synthetic,4,6,0.055748059704911264
markov_synthetic,4,7,0.0019028934325522806
markov_synthetic,4,8,3.6169599010520177e-16
markov_synthetic,5,1,0.20646501028210817
markov_synthetic,5,2,0.2112850749677303
markov_synthetic,5,3,0.22460193586917165
markov_synthetic,5,4,0.17563085109727483
markov_synthetic,5,5,0.15057785637810034
markov_synthetic,5,6,0.021244180270981225
markov_synthetic,5,7,0.010195091134631904
markov_synthetic,5,8,2.9503873422638264e-16
markov_synthetic,6,1,0.20868084136438603
markov_synthetic,6,2,0.16776547846237588
markov_synthetic,6,3,0.137635093665817
markov_synthetic,6,4,0.15807985156926002
markov_synthetic,6,5,0.16876890462836447
markov_synthetic,6,6,0.15025713719321593
markov_synthetic,6,7,0.008812693116579083
markov_synthetic,6,8,8.191372821848719e-16
markov_synthetic,7,1,0.1923032838673533
markov_synthetic,7,2,0.1555305013250421
markov_synthetic,7,3,0.16744439292929836
markov_synthetic,7,4,0.19906807260637627
markov_synthetic,7,5,0.15707480852570735
markov_synthetic,7,6,0.07052612407109526
markov_synthetic,7,7,0.05805281667512613
markov_synthetic,7,8,7.121157614541138e-17
markov_synthetic,8,1,0.20680871376976384
markov_synthetic,8,2,0.21557160941251996
markov_synthetic,8,3,0.22183032702702665
markov_synthetic,8,4,0.08937147300706072
markov_synthetic,8,5,0.11539943813133002
markov_synthetic,8,6,0.09858671490972942
markov_synthetic,8,7,0.05243172374256814
markov_synthetic,8,8,2.1496546050464285e-16
markov_synthetic,9,1,0.25108792220804454
markov_synthetic,9,2,0.2030568008977086
markov_synthetic,9,3,0.17800909907311963
markov_synthetic,9,4,0.1469356798569362
markov_synthetic,9,5,0.10765393594710441
markov_synthetic,9,6,0.08964414984169612
markov_synthetic,9,7,0.023612412175388797
markov_synthetic,9,8,1.0404848682880222e-15
markov_synthetic,10,1,0.2531009278348588
markov_synthetic,10,2,0.2265304510593602
markov_synthetic,10,3,0.1880367999040911
markov_synthetic,10,4,0.11005012881971832
markov_synthetic,10,5,0.09312591844443169
markov_synthetic,10,6,0.1146792919160546
markov_synthetic,10,7,0.014476482021484074
markov_synthetic,10,8,2.767198501206203e-17
markov_synthetic,11,1,0.20408604724556711
markov_synthetic,11,2,0.22071984743526474
markov_synthetic,11,3,0.16006631812972955
markov_synthetic,11,4,0.19286442322222438
markov_synthetic,11,5,0.0882542725870745
markov_synthetic,11,6,0.10697811161940396
markov_synthetic,11,7,0.027030979760734042
markov_synthetic,11,8,3.073776695564664e-16
markov_synthetic,12,1,0.236685742463546
markov_synthetic,12,2,0.1779670903349716
markov_synthetic,12,3,0.15927369036170047
markov_synthetic,12,4,0.16395135431143165
markov_synthetic,12,5,0.18264264616536935
markov_synthetic,12,6,0.06521168286557824
markov_synthetic,12,7,0.014267793497401215
markov_synthetic,12,8,8.405543487486967e-16
markov_synthetic,13,1,0.22057216405465996
markov_synthetic,13,2,0.2055560594720547
markov_synthetic,13,3,0.16996631110303612
markov_synthetic,13,4,0.2536343955434026
markov_synthetic,13,5,0.0980928114299702
markov_synthetic,13,6,0.04946776710813535
markov_synthetic,13,7,0.002710491288737234
markov_synthetic,13,8,7.614396871199261e-16
markov_synthetic,14,1,0.214069636655007
markov_synthetic,14,2,0.17292205649828252
markov_synthetic,14,3,0.16716069891844554
markov_synthetic,14,4,0.16495619352663304
markov_synthetic,14,5,0.22379984341299924
markov_synthetic,14,6,0.043847738986439955
markov_synthetic,14,7,0.013243832002191064
markov_synthetic,14,8,8.419399157443985e-16
markov_synthetic,15,1,0.3083962849995334
markov_synthetic,15,2,0.14241678296671534
markov_synthetic,15,3,0.17265792057601376
markov_synthetic,15,4,0.15262899322255086
markov_synthetic,15,5,0.1203873773701879
markov_synthetic,15,6,0.07607610452542476
markov_synthetic,15,7,0.02743653633956979
markov_synthetic,15,8,3.4608639551813127e-15
markov_synthetic,16,1,0.31476582472223935
markov_synthetic,16,2,0.19813155492402795
markov_synthetic,16,3,0.17157597558223286
markov_synthetic,16,4,0.13571688069140614
markov_synthetic,16,5,0.09184388341435246
markov_synthetic,16,6,0.07570015910451673
markov_synthetic,16,7,0.012265721561223112
markov_synthetic,16,8,2.5422982344686503e-16
markov_synthetic,17,1,0.23728228585798827
markov_synthetic,17,2,0.1348981104148086
markov_synthetic,17,3,0.14215950744614764
markov_synthetic,17,4,0.1432840480144787
markov_synthetic,17,5,0.17238975493973768
markov_synthetic,17,6,0.09307506696266438
markov_synthetic,17,7,0.07691122636417179
markov_synthetic,17,8,1.610945693062769e-17
markov_synthetic,18,1,0.25000241587479466
markov_synthetic,18,2,0.17787174728800736
markov_synthetic,18,3,0.23093950127152646
markov_synthetic,18,4,0.10008327836207634
markov_synthetic,18,5,0.13052433883065773
markov_synthetic,18,6,0.10339962772140757
markov_synthetic,18,7,0.007179090651528937
markov_synthetic,18,8,1.0728543510086913e-16
markov_synthetic,19,1,0.24670477975509464
markov_synthetic,19,2,0.21542381448774905
markov_synthetic,19,3,0.16747434208971657
markov_synthetic,19,4,0.13520088095236993
markov_synthetic,19,5,0.11393821742518713
markov_synthetic,19,6,0.11383678370809236
markov_synthetic,19,7,0.007421181581789555
markov_synthetic,19,8,8.81520610993671e-17
markov_synthetic,20,1,0.19777814683882589
markov_synthetic,20,2,0.21077329813175705
markov_synthetic,20,3,0.19014693075593536
markov_synthetic,20,4,0.10659902346167727
markov_synthetic,20,5,0.13292871811448542
markov_synthetic,20,6,0.11724312752264959
markov_synthetic,20,7,0.04453075517466769
markov_synthetic,20,8,4.89436904886456e-16
markov_synthetic,21,1,0.2349768724605621
markov_synthetic,21,2,0.1897166804315361
markov_synthetic,21,3,0.26462386358190393
markov_synthetic,21,4,0.14987572916678144
markov_synthetic,21,5,0.12359225177768951
markov_synthetic,21,6,0.0324291537437904
markov_synthetic,21,7,0.004785448837734316
markov_synthetic,21,8,1.2332048990438121e-15
markov_synthetic,22,1,0.2039751846301927
markov_synthetic,22,2,0.2218570111115581
markov_synthetic,22,3,0.14700511009819006
markov_synthetic,22,4,0.19118013557011032
markov_synthetic,22,5,0.14746208510368486
markov_synthetic,22,6,0.05338648103326642
markov_synthetic,22,7,0.03513399245299385
markov_synthetic,22,8,1.5781945744715382e-15
markov_synthetic,23,1,0.18899195735586183
markov_synthetic,23,2,0.2049185752825886
markov_synthetic,23,3,0.1674408112814258
markov_synthetic,23,4,0.12844909068453308
markov_synthetic,23,5,0.17073170120222725
markov_synthetic,23,6,0.09850997547385021
markov_synthetic,23,7,0.040957888719512114
markov_synthetic,23,8,1.2269630983375434e-17
markov_synthetic,24,1,0.2365403001383225
markov_synthetic,24,2,0.16008365236106947
markov_synthetic,24,3,0.17053661004350262
markov_synthetic,24,4,0.135773524668035
markov_synthetic,24,5,0.17215684781090151
markov_synthetic,24,6,0.055417668005605686
markov_synthetic,24,7,0.06949139697256111
markov_synthetic,24,8,2.3587992197002886e-17
markov_synthetic,25,1,0.28409145781037737
markov_synthetic,25,2,0.19959523323998385
markov_synthetic,25,3,0.19151849091622408
markov_synthetic,25,4,0.11710369323626804
markov_synthetic,25,5,0.14028046648308953
markov_synthetic,25,6,0.04566062460165608
markov_synthetic,25,7,0.021750033712399464
markov_synthetic,25,8,9.063062597102571e-16
markov_synthetic,26,1,0.2293660735571147
markov_synthetic,26,2,0.21079159954293314
markov_synthetic,26,3,0.17699606294496983
markov_synthetic,26,4,0.15486214202554635
markov_synthetic,26,5,0.09987614890334073
markov_synthetic,26,6,0.10431773047406714
markov_synthetic,26,7,0.023790242552026736
markov_synthetic,26,8,4.477313796548657e-16
markov_synthetic,27,1,0.2045380919661257
markov_synthetic,27,2,0.21143523692334265
markov_synthetic,27,3,0.19052752589074662
markov_synthetic,27,4,0.14335969003139115
markov_synthetic,27,5,0.07731455474162038
markov_synthetic,27,6,0.0660225332123722
markov_synthetic,27,7,0.10680236723440019
markov_synthetic,27,8,3.620668513647021e-16
markov_synthetic,28,1,0.21030696282490524
markov_synthetic,28,2,0.19242410620396988
markov_synthetic,28,3,0.14463755367803466
markov_synthetic,28,4,0.14676976037168282
markov_synthetic,28,5,0.07436673127057233
markov_synthetic,28,6,0.09002318910707793
markov_synthetic,28,7,0.14147169654375474
markov_synthetic,28,8,7.162625907283267e-16
markov_synthetic,29,1,0.25001228605746273
markov_synthetic,29,2,0.21899973276252105
markov_synthetic,29,3,0.17414760824895636
markov_synthetic,29,4,0.19677986563797883
markov_synthetic,29,5,0.08538185565365482
markov_synthetic,29,6,0.057264331673390706
markov_synthetic,29,7,0.01741431996603198
markov_synthetic,29,8,4.585239906442835e-16
markov_synthetic,30,1,0.34961881478736634
markov_synthetic,30,2,0.17969589829738764
markov_synthetic,30,3,0.16886737464457618
markov_synthetic,30,4,0.11131481903550167
markov_synthetic,30,5,0.07413804172117626
markov_synthetic,30,6,0.11072716325368677
markov_synthetic,30,7,0.0056378882603040316
markov_synthetic,30,8,2.9422123963908317e-17
markov_synthetic,31,1,0.21378298199820023
markov_synthetic,31,2,0.21409030263268436
markov_synthetic,31,3,0.13848642907970005
markov_synthetic,31,4,0.13639542561922552
markov_synthetic,31,5,0.22461423172571326
markov_synthetic,31,6,0.04450370712222122
markov_synthetic,31,7,0.028126921822254198
markov_synthetic,31,8,3.878101672969874e-16
markov_synthetic,32,1,0.2684773343746121
markov_synthetic,32,2,0.15142527743334278
markov_synthetic,32,3,0.14104423087222173
markov_synthetic,32,4,0.14008834570979511
markov_synthetic,32,5,0.13723321475500896
markov_synthetic,32,6,0.12309726707888671
markov_synthetic,32,7,0.038634329776131626
markov_synthetic,32,8,2.3290701911739167e-16
markov_synthetic,33,1,0.20795921997822897
markov_synthetic,33,2,0.16424072062096362
markov_synthetic,33,3,0.19833885299048737
markov_synthetic,33,4,0.1666081009521822
markov_synthetic,33,5,0.16687643222383433
markov_synthetic,33,6,0.082385012841109
markov_synthetic,33,7,0.013591660393193108
markov_synthetic,33,8,5.621573328243949e-16
markov_synthetic,34,1,0.18998980882189231
markov_synthetic,34,2,0.16345097156780797
markov_synthetic,34,3,0.185438036383742
markov_synthetic,34,4,0.16657988036593085
markov_synthetic,34,5,0.1378586221871432
markov_synthetic,34,6,0.12843484704786745
markov_synthetic,34,7,0.02824783362561525
markov_synthetic,34,8,2.719460659941271e-16
markov_synthetic,35,1,0.22819092972638877
markov_synthetic,35,2,0.2154087001715237
markov_synthetic,35,3,0.15528200682221766
markov_synthetic,35,4,0.1142137218970441
markov_synthetic,35,5,0.09884875020956313
markov_synthetic,35,6,0.1773289908254952
markov_synthetic,35,7,0.010726900347766336
markov_synthetic,35,8,2.405045033641531e-16
markov_synthetic,36,1,0.19702317887322462
markov_synthetic,36,2,0.24001740510352465
markov_synthetic,36,3,0.15352859081157022
markov_synthetic,36,4,0.13335167021530325
markov_synthetic,36,5,0.1284800945038259
markov_synthetic,36,6,0.06665677496127972
markov_synthetic,36,7,0.08094228553127074
markov_synthetic,36,8,2.263899498809894e-18
markov_synthetic,37,1,0.2193348365809774
markov_synthetic,37,2,0.18139717837040104
markov_synthetic,37,3,0.1587832015563645
markov_synthetic,37,4,0.16452126518568966
markov_synthetic,37,5,0.1293717830952413
markov_synthetic,37,6,0.1018385886384525
markov_synthetic,37,7,0.04475314657287209
markov_synthetic,37,8,2.124499914807591e-16
markov_synthetic,38,1,0.23345471300677256
markov_synthetic,38,2,0.20362031683467174
markov_synthetic,38,3,0.134194143605388
markov_synthetic,38,4,0.18799694330129457
markov_synthetic,38,5,0.16067869144092123
markov_synthetic,38,6,0.057366554439508013
markov_synthetic,38,7,0.022688637371442125
markov_synthetic,38,8,7.981944989430668e-16
markov_synthetic,39,1,0.2837565566301512
markov_synthetic,39,2,0.27164225150553234
markov_synthetic,39,3,0.1105083955341637
markov_synthetic,39,4,0.11203730186448677
markov_synthetic,39,5,0.13400395449086683
markov_synthetic,39,6,0.08578746722565886
markov_synthetic,39,7,0.0022640727491394256
markov_synthetic,39,8,2.979295182592427e-17
markov_synthetic,40,1,0.21543833446804073
markov_synthetic,40,2,0.18589449784113343
markov_synthetic,40,3,0.2224341514646756
markov_synthetic,40,4,0.16976257271452586
markov_synthetic,40,5,0.10988677981929765
markov_synthetic,40,6,0.05381498321252998
markov_synthetic,40,7,0.04276868047979568
markov_synthetic,40,8,2.2297867544208137e-19
markov_synthetic,41,1,0.25260569820066503
markov_synthetic,41,2,0.15256553747775226
markov_synthetic,41,3,0.18393199569053909
markov_synthetic,41,4,0.12334113704508876
markov_synthetic,41,5,0.15350598367225327
markov_synthetic,41,6,0.08839820119866912
markov_synthetic,41,7,0.045651446715031414
markov_synthetic,41,8,2.4350451513686667e-16
markov_synthetic,42,1,0.23269960041127025
markov_synthetic,42,2,0.24917971297718955
markov_synthetic,42,3,0.1785130191759694
markov_synthetic,42,4,0.14108617513547952
markov_synthetic,42,5,0.13398505632319754
markov_synthetic,42,6,0.05251398659478654
markov_synthetic,42,7,0.012022449382104821
markov_synthetic,42,8,1.7109128453355482e-15
markov_synthetic,43,1,0.29424420501202464
markov_synthetic,43,2,0.19168101547673155
markov_synthetic,43,3,0.14290586296465785
markov_synthetic,43,4,0.11020528033148147
markov_synthetic,43,5,0.098114492022047
markov_synthetic,43,6,0.13803906702853355
markov_synthetic,43,7,0.024810077164523197
markov_synthetic,43,8,8.815313596448786e-18
markov_synthetic,44,1,0.2316218040790452
markov_synthetic,44,2,0.2982440410523734
markov_synthetic,44,3,0.13300186373953188
markov_synthetic,44,4,0.12462205993508746
markov_synthetic,44,5,0.11595037155508905
markov_synthetic,44,6,0.08625938874550365
markov_synthetic,44,7,0.010300470893367204
markov_synthetic,44,8,2.7094967775153526e-16
markov_synthetic,45,1,0.22244364537996364
markov_synthetic,45,2,0.22406998440567105
markov_synthetic,45,3,0.1414014905874273
markov_synthetic,45,4,0.1271570063382958
markov_synthetic,45,5,0.14823384290414088
markov_synthetic,45,6,0.10900241470207378
markov_synthetic,45,7,0.027691615682426732
markov_synthetic,45,8,1.4705097937518974e-16
markov_synthetic,46,1,0.2510250317214333
markov_synthetic,46,2,0.19986990226028556
markov_synthetic,46,3,0.14339832914921496
markov_synthetic,46,4,0.18668631904293867
markov_synthetic,46,5,0.1416551551579194
markov_synthetic,46,6,0.0357975035709846
markov_synthetic,46,7,0.041567759097219006
markov_synthetic,46,8,3.675716701782197e-15
markov_synthetic,47,1,0.24517045256643066
markov_synthetic,47,2,0.1521765183878211
markov_synthetic,47,3,0.15073260521686227
markov_synthetic,47,4,0.17843135130801158
markov_synthetic,47,5,0.1327417337188225
markov_synthetic,47,6,0.05810261609962697
markov_synthetic,47,7,0.08264472270242273
markov_synthetic,47,8,1.211245998120632e-15
markov_synthetic,48,1,0.37209028430391666
markov_synthetic,48,2,0.23326736212979104
markov_synthetic,48,3,0.113351485010248
markov_synthetic,48,4,0.16039571650857137
markov_synthetic,48,5,0.05710894365546661
markov_synthetic,48,6,0.02079671761848926
markov_synthetic,48,7,0.042989490773515875
markov_synthetic,48,8,7.351169583474563e-16
markov_synthetic,49,1,0.24250678462859943
markov_synthetic,49,2,0.17588324501737806
markov_synthetic,49,3,0.15709843201679474
markov_synthetic,49,4,0.17108285986837019
markov_synthetic,49,5,0.14905925548903842
markov_synthetic,49,6,0.053206679353711775
markov_synthetic,49,7,0.05116274362610483
markov_synthetic,49,8,1.4718675588358202e-15
markov_synthetic,50,1,0.20238697116063598
markov_synthetic,50,2,0.22812602686299388
markov_synthetic,50,3,0.1325085230189747
markov_synthetic,50,4,0.15821663665965202
markov_synthetic,50,5,0.15577002598384176
markov_synthetic,50,6,0.09405451710138102
markov_synthetic,50,7,0.028937299212519575
markov_synthetic,50,8,1.6893331441492175e-16
markov_synthetic,51,1,0.29791182703667707
markov_synthetic,51,2,0.22603251608645147
markov_synthetic,51,3,0.2040251953064976
markov_synthetic,51,4,0.08547091837172768
markov_synthetic,51,5,0.08418060705577601
markov_synthetic,51,6,0.07295430879321393
markov_synthetic,51,7,0.029424627349655424
markov_synthetic,51,8,6.5025216619376e-17
markov_synthetic,52,1,0.24534216578808976
markov_synthetic,52,2,0.22310475980393807
markov_synthetic,52,3,0.19624611740965142
markov_synthetic,52,4,0.11708005596022747
markov_synthetic,52,5,0.12733148801648725
markov_synthetic,52,6,0.05891628630086995
markov_synthetic,52,7,0.0319791267207353
markov_synthetic,52,8,8.052635667882283e-17
markov_synthetic,53,1,0.2170986036697734
markov_synthetic,53,2,0.22747602604421857
markov_synthetic,53,3,0.1490424600312611
markov_synthetic,53,4,0.10961020751840828
markov_synthetic,53,5,0.1889999975364382
markov_synthetic,53,6,0.04377877723281752
markov_synthetic,53,7,0.06399392796708049
markov_synthetic,53,8,4.3432608178868374e-18
markov_synthetic,54,1,0.2606526182684993
markov_synthetic,54,2,0.212370656871133
markov_synthetic,54,3,0.1850393703663466
markov_synthetic,54,4,0.11980482572168649
markov_synthetic,54,5,0.1423499407244824
markov_synthetic,54,6,0.06298601683065409
markov_synthetic,54,7,0.0167965712171971
markov_synthetic,54,8,3.274785689597326e-16
markov_synthetic,55,1,0.2568277847679802
markov_synthetic,55,2,0.13801202171778315
markov_synthetic,55,3,0.134053463117419
markov_synthetic,55,4,0.15536145504570753
markov_synthetic,55,5,0.11816956139646223
markov_synthetic,55,6,0.15582380185730543
markov_synthetic,55,7,0.041751912097341366
markov_synthetic,55,8,4.834450671324402e-16
markov_synthetic,56,1,0.2415998810845229
markov_synthetic,56,2,0.222815840683519
markov_synthetic,56,3,0.1280903015293538
markov_synthetic,56,4,0.13958522626862108
markov_synthetic,56,5,0.14736198045884386
markov_synthetic,56,6,0.06765815346451776
markov_synthetic,56,7,0.052888616510620774
markov_synthetic,56,8,1.2503144398782778e-16
markov_synthetic,57,1,0.2262558893132225
markov_synthetic,57,2,0.20275888283330246
markov_synthetic,57,3,0.20162004354891078
markov_synthetic,57,4,0.16774917389474292
markov_synthetic,57,5,0.06881941344046755
markov_synthetic,57,6,0.07347863716255756
markov_synthetic,57,7,0.05931795980679532
markov_synthetic,57,8,2.0650918249118174e-17
markov_synthetic,58,1,0.27906809879233163
markov_synthetic,58,2,0.20040513823137274
markov_synthetic,58,3,0.13571481344935643
markov_synthetic,58,4,0.12747759208435994
markov_synthetic,58,5,0.1771126519335525
markov_synthetic,58,6,0.04355915369321358
markov_synthetic,58,7,0.036662551815812
markov_synthetic,58,8,6.939111119447891e-17
markov_synthetic,59,1,0.27721441286020987
markov_synthetic,59,2,0.25189682134052754
markov_synthetic,59,3,0.21126809992971168
markov_synthetic,59,4,0.11356700885725485
markov_synthetic,59,5,0.09202752270128264
markov_synthetic,59,6,0.0334221482965185
markov_synthetic,59,7,0.02060398601449218
markov_synthetic,59,8,8.346114356237193e-16
markov_synthetic,60,1,0.27328774244604237
markov_synthetic,60,2,0.14263541863581541
markov_synthetic,60,3,0.13200878774196362
markov_synthetic,60,4,0.17738042438859186
markov_synthetic,60,5,0.11315232072905682
markov_synthetic,60,6,0.09668628947264095
markov_synthetic,60,7,0.06484901658588571
markov_synthetic,60,8,6.115156559215798e-17
markov_synthetic,61,1,0.25860362712881346
markov_synthetic,61,2,0.21654028658606994
markov_synthetic,61,3,0.2110325089959066
markov_synthetic,61,4,0.19674017302627492
markov_synthetic,61,5,0.06021889318389033
markov_synthetic,61,6,0.05551445699046635
markov_synthetic,61,7,0.0013500540885765784
markov_synthetic,61,8,1.1700073177277713e-15
markov_synthetic,62,1,0.2687833510773985
markov_synthetic,62,2,0.2116984659131761
markov_synthetic,62,3,0.1335536553638937
markov_synthetic,62,4,0.10412781508289537
markov_synthetic,62,5,0.1540875617212341
markov_synthetic,62,6,0.10865807955369912
markov_synthetic,62,7,0.019091071287700725
markov_synthetic,62,8,4.9465977573693737e-17
markov_synthetic,63,1,0.26996065438635963
markov_synthetic,63,2,0.19807079112677384
markov_synthetic,63,3,0.16284025490554171
markov_synthetic,63,4,0.17710703568276784
markov_synthetic,63,5,0.07914933293693895
markov_synthetic,63,6,0.07378979490614097
markov_synthetic,63,7,0.03908213605547586
markov_synthetic,63,8,1.500707379068175e-16
markov_synthetic,64,1,0.22519770926529403
markov_synthetic,64,2,0.23929531072840193
markov_synthetic,64,3,0.20591099673320312
markov_synthetic,64,4,0.09563296538808702
markov_synthetic,64,5,0.14147946774930303
markov_synthetic,64,6,0.06387069384189681
markov_synthetic,64,7,0.028612856293812446
markov_synthetic,64,8,7.850617094458454e-16
markov_synthetic,65,1,0.3785799998881808
markov_synthetic,65,2,0.23470840753488365
markov_synthetic,65,3,0.15399564018513204
markov_synthetic,65,4,0.1146712283403182
markov_synthetic,65,5,0.04612519548012918
markov_synthetic,65,6,0.05606177677201083
markov_synthetic,65,7,0.015857751799342415
markov_synthetic,65,8,2.1761707372022656e-15
markov_synthetic,66,1,0.2652536192764664
markov_synthetic,66,2,0.15560235157936908
markov_synthetic,66,3,0.16926200364410604
markov_synthetic,66,4,0.16352000809361003
markov_synthetic,66,5,0.1508027661412279
markov_synthetic,66,6,0.0735725373086277
markov_synthetic,66,7,0.021986713956591453
markov_synthetic,66,8,1.9837852399046763e-16
markov_synthetic,67,1,0.2986518189915126
markov_synthetic,67,2,0.22473448022543768
markov_synthetic,67,3,0.12070506017268712
markov_synthetic,67,4,0.11775844471310257
markov_synthetic,67,5,0.09808592834956381
markov_synthetic,67,6,0.13881059510481653
markov_synthetic,67,7,0.0012536724428783683
markov_synthetic,67,8,1.4025408364696364e-16
markov_synthetic,68,1,0.24277452712709713
markov_synthetic,68,2,0.2598928296149337
markov_synthetic,68,3,0.18797950531273527
markov_synthetic,68,4,0.07916620365357407
markov_synthetic,68,5,0.07988715975015331
markov_synthetic,68,6,0.10648873013052887
markov_synthetic,68,7,0.04381104441097544
markov_synthetic,68,8,1.5213241033709435e-15
markov_synthetic,69,1,0.2847972794427759
markov_synthetic,69,2,0.22212955686326535
markov_synthetic,69,3,0.16282886888255094
markov_synthetic,69,4,0.08742459497479835
markov_synthetic,69,5,0.10463082343125846
markov_synthetic,69,6,0.10408651680651321
markov_synthetic,69,7,0.0341023595988364
markov_synthetic,69,8,4.984465385518804e-16
markov_synthetic,70,1,0.2370870610938336
markov_synthetic,70,2,0.2377931846796042
markov_synthetic,70,3,0.14581311749023323
markov_synthetic,70,4,0.09547379276386597
markov_synthetic,70,5,0.11763186864884093
markov_synthetic,70,6,0.09586877406825718
markov_synthetic,70,7,0.07033220125536367
markov_synthetic,70,8,1.7858143253282132e-16
markov_synthetic,71,1,0.2241715801694184
markov_synthetic,71,2,0.20017214418715468
markov_synthetic,71,3,0.2916472762873499
markov_synthetic,71,4,0.10457822205990086
markov_synthetic,71,5,0.09164107184981407
markov_synthetic,71,6,0.07557509296029358
markov_synthetic,71,7,0.012214612486067191
markov_synthetic,71,8,8.3454068296509565e-16
markov_synthetic,72,1,0.2198844568324244
markov_synthetic,72,2,0.16179100383878298
markov_synthetic,72,3,0.16028130493107562
markov_synthetic,72,4,0.21212337099987322
markov_synthetic,72,5,0.1828881033217963
markov_synthetic,72,6,0.03756437694891171
markov_synthetic,72,7,0.025467383127132585
markov_synthetic,72,8,1.9573815301292383e-15
markov_synthetic,73,1,0.18492413516680728
markov_synthetic,73,2,0.18913547639329098
markov_synthetic,73,3,0.19999966533802993
markov_synthetic,73,4,0.2156220645547655
markov_synthetic,73,5,0.07859345624063974
markov_synthetic,73,6,0.10248243466694502
markov_synthetic,73,7,0.029242767639517674
markov_synthetic,73,8,5.389138115334178e-17
markov_synthetic,74,1,0.23986643677942177
markov_synthetic,74,2,0.21978140962557968
markov_synthetic,74,3,0.22943875953163556
markov_synthetic,74,4,0.09932304223349706
markov_synthetic,74,5,0.0868901241925849
markov_synthetic,74,6,0.11977610120907295
markov_synthetic,74,7,0.0049241264282065675
markov_synthetic,74,8,6.363297273465314e-16
markov_synthetic,75,1,0.2033973281463073
markov_synthetic,75,2,0.2290677802780221
markov_synthetic,75,3,0.23727374536714274
markov_synthetic,75,4,0.13569901932116044
markov_synthetic,75,5,0.07577421118955328
markov_synthetic,75,6,0.07905376147637538
markov_synthetic,75,7,0.039734154221437445
markov_synthetic,75,8,1.3098872698791747e-16
markov_synthetic,76,1,0.23412369480158213
markov_synthetic,76,2,0.21102113016889446
markov_synthetic,76,3,0.17706040299600467
markov_synthetic,76,4,0.1590292503357902
markov_synthetic,76,5,0.13115157070591746
markov_synthetic,76,6,0.06934885941627683
markov_synthetic,76,7,0.018265091575533517
markov_synthetic,76,8,3.906762434625213e-18
markov_synthetic,77,1,0.16646833987859866
markov_synthetic,77,2,0.17884501335423786
markov_synthetic,77,3,0.21898182948417821
markov_synthetic,77,4,0.1341967548034837
markov_synthetic,77,5,0.12689135005800228
markov_synthetic,77,6,0.1584309236950676
markov_synthetic,77,7,0.016185788726431057
markov_synthetic,77,8,2.84704301045763e-17
markov_synthetic,78,1,0.20851569950492743
markov_synthetic,78,2,0.1766765448200538
markov_synthetic,78,3,0.15583993356131076
markov_synthetic,78,4,0.15495872304821545
markov_synthetic,78,5,0.17476802612515333
markov_synthetic,78,6,0.11426335959203973
markov_synthetic,78,7,0.014977713348298477
markov_synthetic,78,8,2.595434139049848e-16
markov_synthetic,79,1,0.26281423975971974
markov_synthetic,79,2,0.21612777977313713
markov_synthetic,79,3,0.14086862407181117
markov_synthetic,79,4,0.17703670768815108
markov_synthetic,79,5,0.08170931297608602
markov_synthetic,79,6,0.08588137820270503
markov_synthetic,79,7,0.03556195752838872
markov_synthetic,79,8,8.53865013235836e-17
markov_synthetic,80,1,0.2873113509761124
markov_synthetic,80,2,0.17249983918944767
markov_synthetic,80,3,0.1807264982664395
markov_synthetic,80,4,0.1962247965791154
markov_synthetic,80,5,0.11687891851287274
markov_synthetic,80,6,0.04569723099751455
markov_synthetic,80,7,0.0006613654784967081
markov_synthetic,80,8,2.8444921595417485e-16
markov_synthetic,81,1,0.19747350368688232
markov_synthetic,81,2,0.23518276850477415
markov_synthetic,81,3,0.16751684898570163
markov_synthetic,81,4,0.15880907639391
markov_synthetic,81,5,0.1250990946764612
markov_synthetic,81,6,0.08704888587233751
markov_synthetic,81,7,0.02886982187993237
markov_synthetic,81,8,3.416604553458169e-17
markov_synthetic,82,1,0.2801670287977691
markov_synthetic,82,2,0.21061213470130236
markov_synthetic,82,3,0.16577307873508024
markov_synthetic,82,4,0.13061142331709558
markov_synthetic,82,5,0.1011394215421751
markov_synthetic,82,6,0.08439899547814672
markov_synthetic,82,7,0.0272979174284297
markov_synthetic,82,8,1.3573414855020104e-17
markov_synthetic,83,1,0.24764452679088045
markov_synthetic,83,2,0.23213641224076909
markov_synthetic,83,3,0.14742311256574464
markov_synthetic,83,4,0.1441986147061209
markov_synthetic,83,5,0.15839328392547633
markov_synthetic,83,6,0.04404795239826512
markov_synthetic,83,7,0.026156097372742406
markov_synthetic,83,8,1.3786172554206017e-16
markov_synthetic,84,1,0.20413923436512227
markov_synthetic,84,2,0.20590415818951835
markov_synthetic,84,3,0.20578928459718837
markov_synthetic,84,4,0.12883042908153414
markov_synthetic,84,5,0.08177685681055227
markov_synthetic,84,6,0.17283073630467996
markov_synthetic,84,7,0.0007293006514039075
markov_synthetic,84,8,3.1806308338397517e-18
markov_synthetic,85,1,0.2505463257674647
markov_synthetic,85,2,0.193452567200053
markov_synthetic,85,3,0.19057060323684194
markov_synthetic,85,4,0.11561495358557111
markov_synthetic,85,5,0.13038584464244155
markov_synthetic,85,6,0.08323577921478156
markov_synthetic,85,7,0.036193926352844956
markov_synthetic,85,8,9.329250637789795e-17
markov_synthetic,86,1,0.23959347102825024
markov_synthetic,86,2,0.15505240229700024
markov_synthetic,86,3,0.19102590526053365
markov_synthetic,86,4,0.19061916253025576
markov_synthetic,86,5,0.12876930156151023
markov_synthetic,86,6,0.0784096891641752
markov_synthetic,86,7,0.01653006815827377
markov_synthetic,86,8,1.2462022100198174e-16
markov_synthetic,87,1,0.23608493876642045
markov_synthetic,87,2,0.23818655043858328
markov_synthetic,87,3,0.13038022016935835
markov_synthetic,87,4,0.12508746608724625
markov_synthetic,87,5,0.09350597521680973
markov_synthetic,87,6,0.15195054452063497
markov_synthetic,87,7,0.024804304800944907
markov_synthetic,87,8,1.3874273240785436e-15
markov_synthetic,88,1,0.22138672046788221
markov_synthetic,88,2,0.2240350738202137
markov_synthetic,88,3,0.16637936922488822
markov_synthetic,88,4,0.20136278700938257
markov_synthetic,88,5,0.10023898306955312
markov_synthetic,88,6,0.06038095617691857
markov_synthetic,88,7,0.026216110231158562
markov_synthetic,88,8,1.3457732141823583e-16
markov_synthetic,89,1,0.24728429829114007
markov_synthetic,89,2,0.15712456264959285
markov_synthetic,89,3,0.17751654047951798
markov_synthetic,89,4,0.2423143886264872
markov_synthetic,89,5,0.06861795601426407
markov_synthetic,89,6,0.05681275907764653
markov_synthetic,89,7,0.05032949486134836
markov_synthetic,89,8,2.1106997807378376e-15
markov_synthetic,90,1,0.18244985294555338
markov_synthetic,90,2,0.21462357106508223
markov_synthetic,90,3,0.1701962898022989
markov_synthetic,90,4,0.13526769356424828
markov_synthetic,90,5,0.18579372844236264
markov_synthetic,90,6,0.06733090318293683
markov_synthetic,90,7,0.044337960997516725
markov_synthetic,90,8,2.2549015477434093e-16
markov_synthetic,91,1,0.32602593642947086
markov_synthetic,91,2,0.25168096168772897
markov_synthetic,91,3,0.16904065735780777
markov_synthetic,91,4,0.1379365236277548
markov_synthetic,91,5,0.056089895375640596
markov_synthetic,91,6,0.051325230065579416
markov_synthetic,91,7,0.007900795456016145
markov_synthetic,91,8,1.5183234883858525e-16
markov_synthetic,92,1,0.2099170315207678
markov_synthetic,92,2,0.22070300727215986
markov_synthetic,92,3,0.17075234866461197
markov_synthetic,92,4,0.1251230231671489
markov_synthetic,92,5,0.15624250552055946
markov_synthetic,92,6,0.09567676718316198
markov_synthetic,92,7,0.02158531667158793
markov_synthetic,92,8,6.843997907873126e-16
markov_synthetic,93,1,0.3203131224371182
markov_synthetic,93,2,0.20398711093871452
markov_synthetic,93,3,0.14379923883282686
markov_synthetic,93,4,0.11235668247677036
markov_synthetic,93,5,0.08231501684005435
markov_synthetic,93,6,0.12117779598782255
markov_synthetic,93,7,0.01605103248669225
markov_synthetic,93,8,0.0
markov_synthetic,94,1,0.2407851331527847
markov_synthetic,94,2,0.29062495038261565
markov_synthetic,94,3,0.11471184711593124
markov_synthetic,94,4,0.14540967595550808
markov_synthetic,94,5,0.09007947984015247
markov_synthetic,94,6,0.07498016348603358
markov_synthetic,94,7,0.04340875006697335
markov_synthetic,94,8,1.2384032128765706e-16
markov_synthetic,95,1,0.26354277703783036
markov_synthetic,95,2,0.20398775499182475
markov_synthetic,95,3,0.18601691938350856
markov_synthetic,95,4,0.12897250257329532
markov_synthetic,95,5,0.09450644776590962
markov_synthetic,95,6,0.12150303692207035
markov_synthetic,95,7,0.0014705613255601763
markov_synthetic,95,8,-9.24287076666611e-19
markov_synthetic,96,1,0.22098137934691442
markov_synthetic,96,2,0.2072813933211628
markov_synthetic,96,3,0.1888905812563107
markov_synthetic,96,4,0.17869834465188894
markov_synthetic,96,5,0.08940822426614016
markov_synthetic,96,6,0.09880915126008538
markov_synthetic,96,7,0.0159309258974947
markov_synthetic,96,8,1.2067654543935574e-16
markov_synthetic,97,1,0.22658395925647756
markov_synthetic,97,2,0.24859491293077218
markov_synthetic,97,3,0.1611584911447646
markov_synthetic,97,4,0.12200135592566416
markov_synthetic,97,5,0.12134452680167813
markov_synthetic,97,6,0.04164449794395239
markov_synthetic,97,7,0.07867225599669025
markov_synthetic,97,8,-1.6383151419194992e-18
markov_synthetic,98,1,0.17181981651458356
markov_synthetic,98,2,0.19747360801559044
markov_synthetic,98,3,0.16289207771505554
markov_synthetic,98,4,0.17652154346125665
markov_synthetic,98,5,0.10019577190977641
markov_synthetic,98,6,0.09645417163337373
markov_synthetic,98,7,0.09464301075036094
markov_synthetic,98,8,4.857352009000966e-16
markov_synthetic,99,1,0.2557166017294825
markov_synthetic,99,2,0.16936284207671048
markov_synthetic,99,3,0.13930656493196314
markov_synthetic,99,4,0.16623406623343862
markov_synthetic,99,5,0.12667931675229127
markov_synthetic,99,6,0.10445001374107826
markov_synthetic,99,7,0.03825059453503415
markov_synthetic,99,8,5.374831211530686e-16
markov_synthetic,100,1,0.21865557055748175
markov_synthetic,100,2,0.23924547695504506
markov_synthetic,100,3,0.14690534988658827
markov_synthetic,100,4,0.13423662078909748
markov_synthetic,100,5,0.15418135322730386
markov_synthetic,100,6,0.09253493376402741
markov_synthetic,100,7,0.014240694820453573
markov_synthetic,100,8,1.828962135984295e-15
markov_synthetic,101,1,0.2192279986188862
markov_synthetic,101,2,0.21833163390570176
markov_synthetic,101,3,0.1987156640442535
markov_synthetic,101,4,0.10833844305986684
markov_synthetic,101,5,0.1366491998147915
markov_synthetic,101,6,0.08072981492217796
markov_synthetic,101,7,0.03800724563432122
markov_synthetic,101,8,1.1485148205652539e-16
markov_synthetic,102,1,0.22511399633254214
markov_synthetic,102,2,0.22074511448858958
markov_synthetic,102,3,0.13900921635899888
markov_synthetic,102,4,0.13359951036319212
markov_synthetic,102,5,0.20782435508938302
markov_synthetic,102,6,0.03821488494076725
markov_synthetic,102,7,0.035492922426525866
markov_synthetic,102,8,2.451613704852427e-16
markov_synthetic,103,1,0.2112796208757005
markov_synthetic,103,2,0.21872235583985844
markov_synthetic,103,3,0.13580915123613424
markov_synthetic,103,4,0.11551784393718256
markov_synthetic,103,5,0.15132874411537417
markov_synthetic,103,6,0.12513435625671077
markov_synthetic,103,7,0.042207927739037664
markov_synthetic,103,8,2.627205729299757e-16
markov_synthetic,104,1,0.26930361535392655
markov_synthetic,104,2,0.2657437009179386
markov_synthetic,104,3,0.15963649242234057
markov_synthetic,104,4,0.09403378483843186
markov_synthetic,104,5,0.09382475757521923
markov_synthetic,104,6,0.08745958193648774
markov_synthetic,104,7,0.02999806695565404
markov_synthetic,104,8,3.193082920880935e-17
markov_synthetic,105,1,0.24686382696808817
markov_synthetic,105,2,0.2662432258024067
markov_synthetic,105,3,0.18243179505888585
markov_synthetic,105,4,0.09829117948042498
markov_synthetic,105,5,0.14626193965318773
markov_synthetic,105,6,0.038927618248986565
markov_synthetic,105,7,0.020980414788018924
markov_synthetic,105,8,-4.453210693519292e-18
markov_synthetic,106,1,0.23150657830866084
markov_synthetic,106,2,0.20046002406003627
markov_synthetic,106,3,0.1885176562366041
markov_synthetic,106,4,0.1999490507990263
markov_synthetic,106,5,0.09208188402980719
markov_synthetic,106,6,0.044278105874774924
markov_synthetic,106,7,0.043206700691088736
markov_synthetic,106,8,7.16322991344672e-16
markov_synthetic,107,1,0.22885428788049977
markov_synthetic,107,2,0.218342826909125
markov_synthetic,107,3,0.1734559623799211
markov_synthetic,107,4,0.14659107254595366
markov_synthetic,107,5,0.08254321420293886
markov_synthetic,107,6,0.1408362179739338
markov_synthetic,107,7,0.009376418107626539
markov_synthetic,107,8,1.9982203472419745e-17
markov_synthetic,108,1,0.29510112232806895
markov_synthetic,108,2,0.15947363098668443
markov_synthetic,108,3,0.13791840926062887
markov_synthetic,108,4,0.12241680924568177
markov_synthetic,108,5,0.1443508497064297
markov_synthetic,108,6,0.07826435252091343
markov_synthetic,108,7,0.062474825951591116
markov_synthetic,108,8,8.290401792496625e-16
markov_synthetic,109,1,0.23674475932592032
markov_synthetic,109,2,0.2303133100247189
markov_synthetic,109,3,0.18780143998295135
markov_synthetic,109,4,0.13426993140281435
markov_synthetic,109,5,0.07812068838490618
markov_synthetic,109,6,0.11219796136620037
markov_synthetic,109,7,0.020551909512487376
markov_synthetic,109,8,3.121230271389827e-16
markov_synthetic,110,1,0.3502319148553541
markov_synthetic,110,2,0.21917273657004943
markov_synthetic,110,3,0.1400691237940911
markov_synthetic,110,4,0.12321419005140474
markov_synthetic,110,5,0.067514687693999
markov_synthetic,110,6,0.08353398888093155
markov_synthetic,110,7,0.016263358154169436
markov_synthetic,110,8,8.192616803463345e-17
markov_synthetic,111,1,0.2677148859398998
markov_synthetic,111,2,0.18153235041013527
markov_synthetic,111,3,0.15725012565280794
markov_synthetic,111,4,0.12948834894600397
markov_synthetic,111,5,0.1390140403799856
markov_synthetic,111,6,0.055744045273778034
markov_synthetic,111,7,0.06925620339738812
markov_synthetic,111,8,5.2815081626365377e-17
markov_synthetic,112,1,0.20803325771305603
markov_synthetic,112,2,0.2532655572062189
markov_synthetic,112,3,0.22183531111444027
markov_synthetic,112,4,0.11732814272988554
markov_synthetic,112,5,0.13547398412277153
markov_synthetic,112,6,0.06110528964065699
markov_synthetic,112,7,0.002958457472967062
markov_synthetic,112,8,2.9290248131114086e-15
markov_synthetic,113,1,0.2373489498312218
markov_synthetic,113,2,0.19207152303465114
markov_synthetic,113,3,0.20013528056059943
markov_synthetic,113,4,0.18286229952651462
markov_synthetic,113,5,0.12083994944127978
markov_synthetic,113,6,0.04039207345568789
markov_synthetic,113,7,0.026349924150043766
markov_synthetic,113,8,8.62765889751809e-16
markov_synthetic,114,1,0.246559158583448
markov_synthetic,114,2,0.18163061966452687
markov_synthetic,114,3,0.1517804029526928
markov_synthetic,114,4,0.15379310634738308
markov_synthetic,114,5,0.09711775172217985
markov_synthetic,114,6,0.13523512905002708
markov_synthetic,114,7,0.033883831679739414
markov_synthetic,114,8,2.2703773601984897e-15
markov_synthetic,115,1,0.2649908685651
markov_synthetic,115,2,0.22258314092688047
markov_synthetic,115,3,0.20779915909776708
markov_synthetic,115,4,0.09332517492136186
markov_synthetic,115,5,0.15738064566266624
markov_synthetic,115,6,0.04950484265238599
markov_synthetic,115,7,0.00441616817383745
markov_synthetic,115,8,6.161247729575649e-17
markov_synthetic,116,1,0.29313026528287245
markov_synthetic,116,2,0.1717071133578072
markov_synthetic,116,3,0.17452592190514404
markov_synthetic,116,4,0.08637347777811033
markov_synthetic,116,5,0.08867151638993562
markov_synthetic,116,6,0.11778232900064001
markov_synthetic,116,7,0.06780937628548937
markov_synthetic,116,8,2.1684777839558468e-16
markov_synthetic,117,1,0.27743087646072206
markov_synthetic,117,2,0.20432427448015034
markov_synthetic,117,3,0.1594766174503155
markov_synthetic,117,4,0.15689709438955907
markov_synthetic,117,5,0.14079382684899208
markov_synthetic,117,6,0.05513014497434801
markov_synthetic,117,7,0.005947165395912033
markov_synthetic,117,8,1.3576870931666509e-17
markov_synthetic,118,1,0.20196292669286775
markov_synthetic,118,2,0.20727321126689213
markov_synthetic,118,3,0.19411421487541247
markov_synthetic,118,4,0.1791470885588827
markov_synthetic,118,5,0.09450282895445171
markov_synthetic,118,6,0.11956963676492956
markov_synthetic,118,7,0.003430092886562615
markov_synthetic,118,8,7.435999343168998e-17
markov_synthetic,119,1,0.22067832781176833
markov_synthetic,119,2,0.2174882704825023
markov_synthetic,119,3,0.18808154372895114
markov_synthetic,119,4,0.13500983119316104
markov_synthetic,119,5,0.08813631329010288
markov_synthetic,119,6,0.0969245955852413
markov_synthetic,119,7,0.05368111790827215
markov_synthetic,119,8,4.3914229046836216e-17
markov_synthetic,120,1,0.2021905724945291
markov_synthetic,120,2,0.20696209600816573
markov_synthetic,120,3,0.27118981354432103
markov_synthetic,120,4,0.1253729248520089
markov_synthetic,120,5,0.07013694872422233
markov_synthetic,120,6,0.07572055734875444
markov_synthetic,120,7,0.04842708702799635
markov_synthetic,120,8,1.4147481652346777e-15
markov_synthetic,121,1,0.19432030507817755
markov_synthetic,121,2,0.19529066751456636
markov_synthetic,121,3,0.1432136411653106
markov_synthetic,121,4,0.1368195880684941
markov_synthetic,121,5,0.13416243284468962
markov_synthetic,121,6,0.14547044892282374
markov_synthetic,121,7,0.05072291640593664
markov_synthetic,121,8,4.246468997491005e-16
markov_synthetic,122,1,0.19766506133551465
markov_synthetic,122,2,0.19214479435664455
markov_synthetic,122,3,0.18436065505521188
markov_synthetic,122,4,0.21422635330385673
markov_synthetic,122,5,0.07189611199966595
markov_synthetic,122,6,0.12657605982949574
markov_synthetic,122,7,0.01313096411960686
markov_synthetic,122,8,7.008192854718425e-18
markov_synthetic,123,1,0.26474224515532474
markov_synthetic,123,2,0.16899338015467824
markov_synthetic,123,3,0.20175877384371316
markov_synthetic,123,4,0.11918836600491223
markov_synthetic,123,5,0.09055961862978279
markov_synthetic,123,6,0.07382221446551805
markov_synthetic,123,7,0.08093540174606956
markov_synthetic,123,8,2.757546974634254e-17
markov_synthetic,124,1,0.2382139364357576
markov_synthetic,124,2,0.21820189572786963
markov_synthetic,124,3,0.1275629953401481
markov_synthetic,124,4,0.09031927229586983
markov_synthetic,124,5,0.10711359042034466
markov_synthetic,124,6,0.18753099577753854
markov_synthetic,124,7,0.03105731400247004
markov_synthetic,124,8,1.8063404076434133e-16
markov_synthetic,125,1,0.2705573763130975
markov_synthetic,125,2,0.18613661752005228
markov_synthetic,125,3,0.15085082552404044
markov_synthetic,125,4,0.13783619996541713
markov_synthetic,125,5,0.13172687589015997
markov_synthetic,125,6,0.09933597402106478
markov_synthetic,125,7,0.023556130766166968
markov_synthetic,125,8,1.5587211412417854e-16
markov_synthetic,126,1,0.22846331768521788
markov_synthetic,126,2,0.20223813802903534
markov_synthetic,126,3,0.147075720140168
markov_synthetic,126,4,0.1736113278655797
markov_synthetic,126,5,0.18394024043696022
markov_synthetic,126,6,0.058782708652840625
markov_synthetic,126,7,0.005888547190196366
markov_synthetic,126,8,9.394913290046226e-16
markov_synthetic,127,1,0.19673494799197566
markov_synthetic,127,2,0.16002626564097822
markov_synthetic,127,3,0.2054507096816653
markov_synthetic,127,4,0.12318333458725922
markov_synthetic,127,5,0.1624589166132079
markov_synthetic,127,6,0.140813800266951
markov_synthetic,127,7,0.01133202521796117
markov_synthetic,127,8,6.754850720748877e-16
markov_synthetic,128,1,0.23924549127190675
markov_synthetic,128,2,0.26878145617024485
markov_synthetic,128,3,0.14955211610148855
markov_synthetic,128,4,0.18410097648403131
markov_synthetic,128,5,0.10706676420586571
markov_synthetic,128,6,0.023432368085382165
markov_synthetic,128,7,0.027820827681079557
markov_synthetic,128,8,6.639762572964929e-17
markov_synthetic,129,1,0.25031209106165664
markov_synthetic,129,2,0.19399905814172047
markov_synthetic,129,3,0.16111686766005767
markov_synthetic,129,4,0.1162614089218928
markov_synthetic,129,5,0.08066262789324843
markov_synthetic,129,6,0.12228147196795122
markov_synthetic,129,7,0.07536647435347095
markov_synthetic,129,8,1.4567225097087404e-16
markov_synthetic,130,1,0.2654593418484026
markov_synthetic,130,2,0.19653457125933582
markov_synthetic,130,3,0.20921803394381017
markov_synthetic,130,4,0.15716473084886637
markov_synthetic,130,5,0.09659812389134573
markov_synthetic,130,6,0.05068514686167046
markov_synthetic,130,7,0.02434005134656567
markov_synthetic,130,8,2.6568419270431936e-16
markov_synthetic,131,1,0.2563580616066955
markov_synthetic,131,2,0.2452181913608215
markov_synthetic,131,3,0.15686129478678312
markov_synthetic,131,4,0.12425377904960014
markov_synthetic,131,5,0.12975668176632094
markov_synthetic,131,6,0.08253282650522126
markov_synthetic,131,7,0.005019164924555568
markov_synthetic,131,8,2.5527056666309037e-16
markov_synthetic,132,1,0.18245380633338315
markov_synthetic,132,2,0.19455630073337715
markov_synthetic,132,3,0.24848116763535683
markov_synthetic,132,4,0.13298564850587882
markov_synthetic,132,5,0.14883287530372596
markov_synthetic,132,6,0.078711388927387
markov_synthetic,132,7,0.013978812560890024
markov_synthetic,132,8,3.5489762031687156e-17
markov_synthetic,133,1,0.17557322306137413
markov_synthetic,133,2,0.16377033172215438
markov_synthetic,133,3,0.16661738331347004
markov_synthetic,133,4,0.16815148358780407
markov_synthetic,133,5,0.14621928807045173
markov_synthetic,133,6,0.13620737704606833
markov_synthetic,133,7,0.043460913198676496
markov_synthetic,133,8,1.0361283999978011e-16
markov_synthetic,134,1,0.16449389460687158
markov_synthetic,134,2,0.17721151745028163
markov_synthetic,134,3,0.19760286849770026
markov_synthetic,134,4,0.22180461155532602
markov_synthetic,134,5,0.11974322895308427
markov_synthetic,134,6,0.08503417436061905
markov_synthetic,134,7,0.034109704576115674
markov_synthetic,134,8,4.660175022478945e-16
markov_synthetic,135,1,0.24032754679745438
markov_synthetic,135,2,0.2079452517332282
markov_synthetic,135,3,0.21031742935640285
markov_synthetic,135,4,0.12302873825432231
markov_synthetic,135,5,0.14046357701410933
markov_synthetic,135,6,0.05712390544309618
markov_synthetic,135,7,0.020793551401384138
markov_synthetic,135,8,8.402802406463359e-16
markov_synthetic,136,1,0.30622232858573106
markov_synthetic,136,2,0.21581832102723636
markov_synthetic,136,3,0.16541818552051646
markov_synthetic,136,4,0.10044663038585325
markov_synthetic,136,5,0.09758318602227078
markov_synthetic,136,6,0.10401996023269393
markov_synthetic,136,7,0.010491388225697024
markov_synthetic,136,8,-2.5675083894598157e-18
markov_synthetic,137,1,0.2552078541330536
markov_synthetic,137,2,0.218898461636725
markov_synthetic,137,3,0.14750539706937177
markov_synthetic,137,4,0.11449712972604398
markov_synthetic,137,5,0.07631626175005646
markov_synthetic,137,6,0.1363586628327339
markov_synthetic,137,7,0.05121623285201207
markov_synthetic,137,8,2.133782041865508e-15
markov_synthetic,138,1,0.26364987208245105
markov_synthetic,138,2,0.20152599839601848
markov_synthetic,138,3,0.1725934163245032
markov_synthetic,138,4,0.1793626654708603
markov_synthetic,138,5,0.06588040391590068
markov_synthetic,138,6,0.04197301761076426
markov_synthetic,138,7,0.07501462619950107
markov_synthetic,138,8,1.5092463253891298e-16
markov_synthetic,139,1,0.27589871357377194
markov_synthetic,139,2,0.2456981944168991
markov_synthetic,139,3,0.22086829583095324
markov_synthetic,139,4,0.11108932149658093
markov_synthetic,139,5,0.089541924317813
markov_synthetic,139,6,0.0556295865577421
markov_synthetic,139,7,0.001273963806237075
markov_synthetic,139,8,1.9112520586275407e-15
markov_synthetic,140,1,0.24226450449999937
markov_synthetic,140,2,0.22052235727128744
markov_synthetic,140,3,0.15903438212627502
markov_synthetic,140,4,0.15961179275118445
markov_synthetic,140,5,0.07745240972222273
markov_synthetic,140,6,0.06916534279560242
markov_synthetic,140,7,0.0719492108334276
markov_synthetic,140,8,1.0127013278359169e-17
markov_synthetic,141,1,0.23233864627032708
markov_synthetic,141,2,0.25932971404077165
markov_synthetic,141,3,0.18497106197790997
markov_synthetic,141,4,0.14716805531390634
markov_synthetic,141,5,0.11307402685931277
markov_synthetic,141,6,0.03271635669042616
markov_synthetic,141,7,0.030402138847345234
markov_synthetic,141,8,5.59606890974741e-17
markov_synthetic,142,1,0.36388950521979135
markov_synthetic,142,2,0.12874873282923993
markov_synthetic,142,3,0.1326259207910111
markov_synthetic,142,4,0.14998756681189435
markov_synthetic,142,5,0.06659302144303206
markov_synthetic,142,6,0.06957706350330994
markov_synthetic,142,7,0.08857818940172034
markov_synthetic,142,8,1.4998710970186858e-16
markov_synthetic,143,1,0.231064161222021
markov_synthetic,143,2,0.18679689780389075
markov_synthetic,143,3,0.14433102402242193
markov_synthetic,143,4,0.11846535842057732
markov_synthetic,143,5,0.12835149006902508
markov_synthetic,143,6,0.181107468968896
markov_synthetic,143,7,0.009883599493166981
markov_synthetic,143,8,1.3182436425329014e-16
markov_synthetic,144,1,0.24809344753644602
markov_synthetic,144,2,0.19067650967310135
markov_synthetic,144,3,0.2527019728492154
markov_synthetic,144,4,0.1386227228457265
markov_synthetic,144,5,0.11545370210409908
markov_synthetic,144,6,0.02943761847101647
markov_synthetic,144,7,0.02501402652039384
markov_synthetic,144,8,1.828596049141919e-16
markov_synthetic,145,1,0.270631783001678
markov_synthetic,145,2,0.20125726065399718
markov_synthetic,145,3,0.21739015600026101
markov_synthetic,145,4,0.14667120891681606
markov_synthetic,145,5,0.055581641180445354
markov_synthetic,145,6,0.07919072083167598
markov_synthetic,145,7,0.029277229415124985
markov_synthetic,145,8,5.070141307138522e-16
markov_synthetic,146,1,0.2279432393798887
markov_synthetic,146,2,0.21368274593707526
markov_synthetic,146,3,0.21763874370845104
markov_synthetic,146,4,0.18953665355426202
markov_synthetic,146,5,0.05158408666281682
markov_synthetic,146,6,0.04776867912673113
markov_synthetic,146,7,0.051845851630774
markov_synthetic,146,8,2.7239423009304595e-16
markov_synthetic,147,1,0.1954624245045533
markov_synthetic,147,2,0.19337788951058388
markov_synthetic,147,3,0.2451982944216174
markov_synthetic,147,4,0.1712403459264923
markov_synthetic,147,5,0.09962171890037495
markov_synthetic,147,6,0.09415295074243989
markov_synthetic,147,7,0.0009463759939372028
markov_synthetic,147,8,1.697684875397496e-16
markov_synthetic,148,1,0.1868510940651431
markov_synthetic,148,2,0.17568731742434918
markov_synthetic,148,3,0.21150787063349147
markov_synthetic,148,4,0.1489875480638611
markov_synthetic,148,5,0.1791989737213036
markov_synthetic,148,6,0.09193315906292968
markov_synthetic,148,7,0.0058340370289188094
markov_synthetic,148,8,1.6781979120384165e-16
markov_synthetic,149,1,0.18856208765827698
markov_synthetic,149,2,0.23324685342468587
markov_synthetic,149,3,0.1847490379494789
markov_synthetic,149,4,0.14097964895558318
markov_synthetic,149,5,0.1550652098175572
markov_synthetic,149,6,0.06031538160997064
markov_synthetic,149,7,0.037081780584444154
markov_synthetic,149,8,2.3672481211940336e-16
block_bootstrap,0,1,0.20970288885063704
block_bootstrap,0,2,0.20039125681056413
block_bootstrap,0,3,0.16957841872933221
block_bootstrap,0,4,0.1474557100475738
block_bootstrap,0,5,0.11294028984245136
block_bootstrap,0,6,0.1320408638461214
block_bootstrap,0,7,0.027890571873319083
block_bootstrap,0,8,5.256188467828306e-18
block_bootstrap,1,1,0.22628974004593438
block_bootstrap,1,2,0.23488068642590365
block_bootstrap,1,3,0.1373238380174177
block_bootstrap,1,4,0.16929984830404518
block_bootstrap,1,5,0.18916923549990183
block_bootstrap,1,6,0.016508451429345
block_bootstrap,1,7,0.02652820027745168
block_bootstrap,1,8,2.310548721805758e-17
block_bootstrap,2,1,0.2163343456440252
block_bootstrap,2,2,0.21034625361767534
block_bootstrap,2,3,0.1703158311730124
block_bootstrap,2,4,0.16505687440107117
block_bootstrap,2,5,0.15241149164147275
block_bootstrap,2,6,0.06914444312601188
block_bootstrap,2,7,0.01639076039672858
block_bootstrap,2,8,2.6515390061075117e-17
block_bootstrap,3,1,0.21644753979690823
block_bootstrap,3,2,0.19991729069566366
block_bootstrap,3,3,0.19511763514492192
block_bootstrap,3,4,0.1640933962453623
block_bootstrap,3,5,0.14754140586918157
block_bootstrap,3,6,0.037016083711265704
block_bootstrap,3,7,0.03986664853669539
block_bootstrap,3,8,6.076430696277649e-17
block_bootstrap,4,1,0.24790103413224918
block_bootstrap,4,2,0.21792481724409996
block_bootstrap,4,3,0.19561411010035157
block_bootstrap,4,4,0.1481730902141698
block_bootstrap,4,5,0.10082789884108621
block_bootstrap,4,6,0.06671553216819542
block_bootstrap,4,7,0.022843517299846745
block_bootstrap,4,8,5.576860414157435e-17
block_bootstrap,5,1,0.2614459291503676
block_bootstrap,5,2,0.2203199876400841
block_bootstrap,5,3,0.13992183241195827
block_bootstrap,5,4,0.13848508894918735
block_bootstrap,5,5,0.15448212914251014
block_bootstrap,5,6,0.06439590608819828
block_bootstrap,5,7,0.020949126617693003
block_bootstrap,5,8,3.181652192781752e-18
block_bootstrap,6,1,0.24680307084451236
block_bootstrap,6,2,0.1822860955316311
block_bootstrap,6,3,0.14113234666694302
block_bootstrap,6,4,0.15008589858537202
block_bootstrap,6,5,0.1708447489229507
block_bootstrap,6,6,0.10766849186639424
block_bootstrap,6,7,0.001179347582195476
block_bootstrap,6,8,4.237620448793253e-16
block_bootstrap,7,1,0.16941942259609355
block_bootstrap,7,2,0.20135150442414762
block_bootstrap,7,3,0.1980530989407039
block_bootstrap,7,4,0.19898060252828303
block_bootstrap,7,5,0.11798681089225958
block_bootstrap,7,6,0.0898713687618001
block_bootstrap,7,7,0.024337191856711148
block_bootstrap,7,8,1.1616891262442651e-17
block_bootstrap,8,1,0.21466217446475
block_bootstrap,8,2,0.18790256208628664
block_bootstrap,8,3,0.1617919151985217
block_bootstrap,8,4,0.15968006476140234
block_bootstrap,8,5,0.15035772822440802
block_bootstrap,8,6,0.09553530470355809
block_bootstrap,8,7,0.03007025056107236
block_bootstrap,8,8,9.78358366157804e-19
block_bootstrap,9,1,0.22913994582865604
block_bootstrap,9,2,0.17684743055239405
block_bootstrap,9,3,0.17481902771566243
block_bootstrap,9,4,0.14876479159670414
block_bootstrap,9,5,0.19447674285772149
block_bootstrap,9,6,0.02425210522952361
block_bootstrap,9,7,0.05169995621933696
block_bootstrap,9,8,-1.909546030085053e-18
block_bootstrap,10,1,0.2190248315172858
block_bootstrap,10,2,0.18655189979437325
block_bootstrap,10,3,0.17357016546906046
block_bootstrap,10,4,0.16043981428596277
block_bootstrap,10,5,0.1309188016932481
block_bootstrap,10,6,0.10014492771053615
block_bootstrap,10,7,0.02934955952953272
block_bootstrap,10,8,8.014438071482094e-18
block_bootstrap,11,1,0.23051951878437282
block_bootstrap,11,2,0.22206315671837962
block_bootstrap,11,3,0.17154864646258317
block_bootstrap,11,4,0.17879883089634724
block_bootstrap,11,5,0.10275106699980813
block_bootstrap,11,6,0.05157104570748154
block_bootstrap,11,7,0.042747734431026446
block_bootstrap,11,8,7.232169818213517e-17
block_bootstrap,12,1,0.21473370195772512
block_bootstrap,12,2,0.19291888230478837
block_bootstrap,12,3,0.1445977351921277
block_bootstrap,12,4,0.16244508424190962
block_bootstrap,12,5,0.14173923255750745
block_bootstrap,12,6,0.06835012953589133
block_bootstrap,12,7,0.07521523421004933
block_bootstrap,12,8,7.438879704179254e-17
block_bootstrap,13,1,0.23101220236236875
block_bootstrap,13,2,0.20660033942454314
block_bootstrap,13,3,0.17454538705653266
block_bootstrap,13,4,0.1600025640178923
block_bootstrap,13,5,0.09653097226766486
block_bootstrap,13,6,0.06104076511143061
block_bootstrap,13,7,0.07026776975956675
block_bootstrap,13,8,1.1708948028982867e-16
block_bootstrap,14,1,0.2238580570381824
block_bootstrap,14,2,0.20325625591109764
block_bootstrap,14,3,0.17396986930208064
block_bootstrap,14,4,0.1672009681867864
block_bootstrap,14,5,0.1168775673405804
block_bootstrap,14,6,0.08203280629177558
block_bootstrap,14,7,0.03280447592949606
block_bootstrap,14,8,1.7284975970140952e-16
block_bootstrap,15,1,0.2248061380149926
block_bootstrap,15,2,0.24647390943125058
block_bootstrap,15,3,0.15533780879123193
block_bootstrap,15,4,0.17751234064010143
block_bootstrap,15,5,0.12545816003881466
block_bootstrap,15,6,0.06511471905632953
block_bootstrap,15,7,0.0052969240272782055
block_bootstrap,15,8,9.360524439102662e-18
block_bootstrap,16,1,0.2427803619060238
block_bootstrap,16,2,0.178139569282877
block_bootstrap,16,3,0.158485382951778
block_bootstrap,16,4,0.11870868299479415
block_bootstrap,16,5,0.15603845395390262
block_bootstrap,16,6,0.06489576740040433
block_bootstrap,16,7,0.08095178151021745
block_bootstrap,16,8,1.9667484156475216e-18
block_bootstrap,17,1,0.20480600884486666
block_bootstrap,17,2,0.2079976742316958
block_bootstrap,17,3,0.15240857656214946
block_bootstrap,17,4,0.1917925241906069
block_bootstrap,17,5,0.12289818094914733
block_bootstrap,17,6,0.09948039358811894
block_bootstrap,17,7,0.020616641633413767
block_bootstrap,17,8,1.1098270757570657e-16
block_bootstrap,18,1,0.23555655307390477
block_bootstrap,18,2,0.20091890625401987
block_bootstrap,18,3,0.13967050633592504
block_bootstrap,18,4,0.1774285493810524
block_bootstrap,18,5,0.20192603684677712
block_bootstrap,18,6,0.036091185068140096
block_bootstrap,18,7,0.008408263040179468
block_bootstrap,18,8,-3.4461647158578112e-18
block_bootstrap,19,1,0.21854069615846072
block_bootstrap,19,2,0.19868139833815912
block_bootstrap,19,3,0.18120407358363733
block_bootstrap,19,4,0.19324824787595368
block_bootstrap,19,5,0.06938940037880975
block_bootstrap,19,6,0.048832694863531714
block_bootstrap,19,7,0.09010348880144668
block_bootstrap,19,8,-2.512266229412211e-19
block_bootstrap,20,1,0.2150358071782883
block_bootstrap,20,2,0.1473270119048703
block_bootstrap,20,3,0.16489529869849073
block_bootstrap,20,4,0.18504608222649122
block_bootstrap,20,5,0.20443182518205222
block_bootstrap,20,6,0.07704971691301614
block_bootstrap,20,7,0.0062142578967904925
block_bootstrap,20,8,1.3836297285835032e-19
block_bootstrap,21,1,0.21010359359491348
block_bootstrap,21,2,0.18729836691767088
block_bootstrap,21,3,0.17301199097360748
block_bootstrap,21,4,0.20577200284792102
block_bootstrap,21,5,0.13984397793403477
block_bootstrap,21,6,0.04938840921095935
block_bootstrap,21,7,0.03458165852089135
block_bootstrap,21,8,6.645310716367227e-17
block_bootstrap,22,1,0.2614993419960393
block_bootstrap,22,2,0.19930418189246135
block_bootstrap,22,3,0.12647380667426655
block_bootstrap,22,4,0.15393910562137775
block_bootstrap,22,5,0.1345929666588455
block_bootstrap,22,6,0.0911511934896847
block_bootstrap,22,7,0.03303940366732395
block_bootstrap,22,8,-5.877491514383446e-18
block_bootstrap,23,1,0.19053725457597948
block_bootstrap,23,2,0.1953936881308871
block_bootstrap,23,3,0.17640438045047413
block_bootstrap,23,4,0.1615170397189274
block_bootstrap,23,5,0.17938973146036535
block_bootstrap,23,6,0.06663905599290593
block_bootstrap,23,7,0.03011884967045967
block_bootstrap,23,8,5.2262651279063116e-17
block_bootstrap,24,1,0.21226320827537348
block_bootstrap,24,2,0.2227061913206838
block_bootstrap,24,3,0.14180930371505363
block_bootstrap,24,4,0.18607755708245785
block_bootstrap,24,5,0.09742821476367752
block_bootstrap,24,6,0.1314400011180077
block_bootstrap,24,7,0.008275523724745073
block_bootstrap,24,8,1.6373783345135104e-18
block_bootstrap,25,1,0.2013704918700625
block_bootstrap,25,2,0.1955909182530401
block_bootstrap,25,3,0.17977856842888879
block_bootstrap,25,4,0.17368381299809324
block_bootstrap,25,5,0.12395946563471363
block_bootstrap,25,6,0.0506831862456809
block_bootstrap,25,7,0.07493355656951992
block_bootstrap,25,8,4.50051607997109e-17
block_bootstrap,26,1,0.1913708455133427
block_bootstrap,26,2,0.210275649219145
block_bootstrap,26,3,0.15172276179973
block_bootstrap,26,4,0.168410074197878
block_bootstrap,26,5,0.14908644929961654
block_bootstrap,26,6,0.08862959335435573
block_bootstrap,26,7,0.040504626615931225
block_bootstrap,26,8,3.1458182923812025e-17
block_bootstrap,27,1,0.257419371988177
block_bootstrap,27,2,0.16771006369483643
block_bootstrap,27,3,0.15831595155205302
block_bootstrap,27,4,0.2118539156496576
block_bootstrap,27,5,0.13528075487802338
block_bootstrap,27,6,0.04628491456146765
block_bootstrap,27,7,0.02313502767578362
block_bootstrap,27,8,-2.6119124497492722e-18
block_bootstrap,28,1,0.2034951201518136
block_bootstrap,28,2,0.20059782299428364
block_bootstrap,28,3,0.17362207845977778
block_bootstrap,28,4,0.18563153540823443
block_bootstrap,28,5,0.13333814559732876
block_bootstrap,28,6,0.1005170193679817
block_bootstrap,28,7,0.0027982780205791135
block_bootstrap,28,8,1.4795791177715573e-16
block_bootstrap,29,1,0.17608301999868226
block_bootstrap,29,2,0.20537267788779934
block_bootstrap,29,3,0.16945140034876066
block_bootstrap,29,4,0.16413141684381433
block_bootstrap,29,5,0.13697387045416085
block_bootstrap,29,6,0.1251469724898637
block_bootstrap,29,7,0.022840641976917663
block_bootstrap,29,8,-1.906051013288467e-18
block_bootstrap,30,1,0.2146479254359973
block_bootstrap,30,2,0.21431650228913457
block_bootstrap,30,3,0.1655326095221587
block_bootstrap,30,4,0.14460378603480106
block_bootstrap,30,5,0.13380246752705457
block_bootstrap,30,6,0.10199920907772352
block_bootstrap,30,7,0.02509750011312901
block_bootstrap,30,8,2.355945263242414e-17
block_bootstrap,31,1,0.19963981174114442
block_bootstrap,31,2,0.21738318585176153
block_bootstrap,31,3,0.1458656120982214
block_bootstrap,31,4,0.17567938631888103
block_bootstrap,31,5,0.1274131795103097
block_bootstrap,31,6,0.10106259788350636
block_bootstrap,31,7,0.03295622659617036
block_bootstrap,31,8,6.38916224818164e-18
block_bootstrap,32,1,0.19477497060711013
block_bootstrap,32,2,0.18905958518220034
block_bootstrap,32,3,0.18320222834031402
block_bootstrap,32,4,0.13568505203396813
block_bootstrap,32,5,0.1437228123577695
block_bootstrap,32,6,0.08510282646253563
block_bootstrap,32,7,0.06845252501610123
block_bootstrap,32,8,2.1931978351397442e-17
block_bootstrap,33,1,0.20260426980336954
block_bootstrap,33,2,0.1700975502554356
block_bootstrap,33,3,0.17776334279379336
block_bootstrap,33,4,0.1913333648429214
block_bootstrap,33,5,0.13688555514828035
block_bootstrap,33,6,0.10697247998621551
block_bootstrap,33,7,0.014343437169983516
block_bootstrap,33,8,6.033880466529788e-18
block_bootstrap,34,1,0.19923679711692754
block_bootstrap,34,2,0.19025556451282333
block_bootstrap,34,3,0.2078487032085004
block_bootstrap,34,4,0.26154437089056704
block_bootstrap,34,5,0.08032367682573044
block_bootstrap,34,6,0.05965370698619506
block_bootstrap,34,7,0.0011371804592550095
block_bootstrap,34,8,1.176961970957303e-17
block_bootstrap,35,1,0.18543181995536695
block_bootstrap,35,2,0.20394742624259665
block_bootstrap,35,3,0.14807690700084275
block_bootstrap,35,4,0.17793947545260702
block_bootstrap,35,5,0.19565232376999142
block_bootstrap,35,6,0.04615595717660922
block_bootstrap,35,7,0.04279609040198533
block_bootstrap,35,8,7.300964911158252e-20
block_bootstrap,36,1,0.20268936941828597
block_bootstrap,36,2,0.19930682458048132
block_bootstrap,36,3,0.1345478080955977
block_bootstrap,36,4,0.16741239527707613
block_bootstrap,36,5,0.17872936768084918
block_bootstrap,36,6,0.09911855244524234
block_bootstrap,36,7,0.018195682502465834
block_bootstrap,36,8,1.9910782326262457e-16
block_bootstrap,37,1,0.2508976631761537
block_bootstrap,37,2,0.21120199010471974
block_bootstrap,37,3,0.1852173916534025
block_bootstrap,37,4,0.13077779570466191
block_bootstrap,37,5,0.1334097448262435
block_bootstrap,37,6,0.07458778008624886
block_bootstrap,37,7,0.013907634448569227
block_bootstrap,37,8,5.228151919232018e-17
block_bootstrap,38,1,0.23955722065408203
block_bootstrap,38,2,0.19493347039444942
block_bootstrap,38,3,0.14302583434637334
block_bootstrap,38,4,0.1353117210212565
block_bootstrap,38,5,0.17242008556107713
block_bootstrap,38,6,0.04879842231503355
block_bootstrap,38,7,0.06595324570772673
block_bootstrap,38,8,-2.5554092572880733e-19
block_bootstrap,39,1,0.2435498770640988
block_bootstrap,39,2,0.21599154965925582
block_bootstrap,39,3,0.1411824056867742
block_bootstrap,39,4,0.13927274385524857
block_bootstrap,39,5,0.20519548887777544
block_bootstrap,39,6,0.05186855137904463
block_bootstrap,39,7,0.002939383477799351
block_bootstrap,39,8,5.611415964316752e-17
block_bootstrap,40,1,0.194515473498586
block_bootstrap,40,2,0.2151710615989212
block_bootstrap,40,3,0.17157768831437947
block_bootstrap,40,4,0.17281708647885416
block_bootstrap,40,5,0.14882482185704948
block_bootstrap,40,6,0.08615933061254868
block_bootstrap,40,7,0.010934537639660234
block_bootstrap,40,8,-5.927468977601894e-19
block_bootstrap,41,1,0.18987127691069994
block_bootstrap,41,2,0.18961365570032507
block_bootstrap,41,3,0.16303171252088794
block_bootstrap,41,4,0.1406504294928974
block_bootstrap,41,5,0.17587474836003827
block_bootstrap,41,6,0.07349911766714083
block_bootstrap,41,7,0.06745905934800975
block_bootstrap,41,8,4.8797984285753e-19
block_bootstrap,42,1,0.21223465257987306
block_bootstrap,42,2,0.20158974022173137
block_bootstrap,42,3,0.1724719011881396
block_bootstrap,42,4,0.188633372369791
block_bootstrap,42,5,0.1528045237265273
block_bootstrap,42,6,0.06128147118949135
block_bootstrap,42,7,0.010984338724445389
block_bootstrap,42,8,-2.1132190092318824e-18
block_bootstrap,43,1,0.2250852468236978
block_bootstrap,43,2,0.22922515523732623
block_bootstrap,43,3,0.13656548115605976
block_bootstrap,43,4,0.1731355227359641
block_bootstrap,43,5,0.11445047495982312
block_bootstrap,43,6,0.09577918610834218
block_bootstrap,43,7,0.025758932978786255
block_bootstrap,43,8,2.938838218058486e-17
block_bootstrap,44,1,0.23147615242316621
block_bootstrap,44,2,0.18034179509356107
block_bootstrap,44,3,0.1745973418312201
block_bootstrap,44,4,0.12569207797455978
block_bootstrap,44,5,0.1385799653802901
block_bootstrap,44,6,0.0885356159059338
block_bootstrap,44,7,0.06077705139126778
block_bootstrap,44,8,5.351176711837161e-17
block_bootstrap,45,1,0.2447222073226566
block_bootstrap,45,2,0.20694862433706085
block_bootstrap,45,3,0.12580122764106805
block_bootstrap,45,4,0.1526423911728464
block_bootstrap,45,5,0.17635677918850406
block_bootstrap,45,6,0.03968066304900197
block_bootstrap,45,7,0.05384810728886124
block_bootstrap,45,8,1.0290917402599549e-16
block_bootstrap,46,1,0.240377807305318
block_bootstrap,46,2,0.18248625232990445
block_bootstrap,46,3,0.12873656999034977
block_bootstrap,46,4,0.17148255458505285
block_bootstrap,46,5,0.12655203839562115
block_bootstrap,46,6,0.0997631561852739
block_bootstrap,46,7,0.05060162120847891
block_bootstrap,46,8,0.0
block_bootstrap,47,1,0.19986769637129942
block_bootstrap,47,2,0.18595783426308865
block_bootstrap,47,3,0.1737131835613112
block_bootstrap,47,4,0.19941740751316675
block_bootstrap,47,5,0.15493856579615387
block_bootstrap,47,6,0.04870163694363872
block_bootstrap,47,7,0.03740367555134003
block_bootstrap,47,8,2.1292549141630954e-16
block_bootstrap,48,1,0.21964020612456736
block_bootstrap,48,2,0.17663180603180162
block_bootstrap,48,3,0.16235922149088838
block_bootstrap,48,4,0.18473741656401754
block_bootstrap,48,5,0.15929353560634152
block_bootstrap,48,6,0.08171626775786876
block_bootstrap,48,7,0.015621546424513553
block_bootstrap,48,8,6.487897536006271e-17
block_bootstrap,49,1,0.21552634570831386
block_bootstrap,49,2,0.2073297908721481
block_bootstrap,49,3,0.190498869072239
block_bootstrap,49,4,0.15765183173754788
block_bootstrap,49,5,0.13288088164017858
block_bootstrap,49,6,0.05133314106818367
block_bootstrap,49,7,0.044779139901388154
block_bootstrap,49,8,5.5311432945889076e-17
block_bootstrap,50,1,0.228638774217935
block_bootstrap,50,2,0.1956359101432179
block_bootstrap,50,3,0.14660292937534297
block_bootstrap,50,4,0.13941622270694937
block_bootstrap,50,5,0.12775170533159086
block_bootstrap,50,6,0.06202378199662749
block_bootstrap,50,7,0.09993067622833571
block_bootstrap,50,8,7.895711505856329e-17
block_bootstrap,51,1,0.18215701990719257
block_bootstrap,51,2,0.16824527377284992
block_bootstrap,51,3,0.2170858473158771
block_bootstrap,51,4,0.20065409976546889
block_bootstrap,51,5,0.1324217139459677
block_bootstrap,51,6,0.07652678999721008
block_bootstrap,51,7,0.022909255295432952
block_bootstrap,51,8,-6.89941488029734e-19
block_bootstrap,52,1,0.2170072589429849
block_bootstrap,52,2,0.21325970619084134
block_bootstrap,52,3,0.1627668233596829
block_bootstrap,52,4,0.147933725183733
block_bootstrap,52,5,0.1503385137963914
block_bootstrap,52,6,0.10224180550309932
block_bootstrap,52,7,0.006452167023266241
block_bootstrap,52,8,1.0979726247911375e-17
block_bootstrap,53,1,0.2389625443210579
block_bootstrap,53,2,0.1705076879010431
block_bootstrap,53,3,0.16842886211928487
block_bootstrap,53,4,0.16430117682735834
block_bootstrap,53,5,0.10977395876696489
block_bootstrap,53,6,0.10154101169036386
block_bootstrap,53,7,0.046484758373926044
block_bootstrap,53,8,-9.35624751804214e-19
block_bootstrap,54,1,0.1943399833494439
block_bootstrap,54,2,0.19860784961230016
block_bootstrap,54,3,0.1842681157219591
block_bootstrap,54,4,0.14312460070071958
block_bootstrap,54,5,0.15844057055987926
block_bootstrap,54,6,0.044260495257999896
block_bootstrap,54,7,0.07695838479769714
block_bootstrap,54,8,1.5269778476907586e-17
block_bootstrap,55,1,0.21829593833664618
block_bootstrap,55,2,0.1566062197718543
block_bootstrap,55,3,0.16219833327286914
block_bootstrap,55,4,0.19951502811961763
block_bootstrap,55,5,0.19748437148255488
block_bootstrap,55,6,0.03595559548868358
block_bootstrap,55,7,0.029944513527773664
block_bootstrap,55,8,1.671945277077651e-17
block_bootstrap,56,1,0.20929058475869555
block_bootstrap,56,2,0.1911717095192742
block_bootstrap,56,3,0.20204858934208758
block_bootstrap,56,4,0.15862577205662584
block_bootstrap,56,5,0.1464201655608829
block_bootstrap,56,6,0.030376936073880256
block_bootstrap,56,7,0.06206624268855275
block_bootstrap,56,8,1.661358797335227e-17
block_bootstrap,57,1,0.207674312963968
block_bootstrap,57,2,0.24344200205577182
block_bootstrap,57,3,0.1361031400887705
block_bootstrap,57,4,0.16089824856565937
block_bootstrap,57,5,0.13922912824097813
block_bootstrap,57,6,0.07518800201342603
block_bootstrap,57,7,0.03746516607142506
block_bootstrap,57,8,-4.8570669614892104e-18
block_bootstrap,58,1,0.19561363350685668
block_bootstrap,58,2,0.19615240130862954
block_bootstrap,58,3,0.1612195660779175
block_bootstrap,58,4,0.16031448955610916
block_bootstrap,58,5,0.16160464848523487
block_bootstrap,58,6,0.0696416073409997
block_bootstrap,58,7,0.055453653724251394
block_bootstrap,58,8,-9.547592298973557e-18
block_bootstrap,59,1,0.21164594595094965
block_bootstrap,59,2,0.2067528367844872
block_bootstrap,59,3,0.15861617852933352
block_bootstrap,59,4,0.19409406685050173
block_bootstrap,59,5,0.14251400548087065
block_bootstrap,59,6,0.053580221459247186
block_bootstrap,59,7,0.03279674494460911
block_bootstrap,59,8,5.582146785981871e-18
block_bootstrap,60,1,0.2449242138796346
block_bootstrap,60,2,0.19441938889523858
block_bootstrap,60,3,0.18430981222894272
block_bootstrap,60,4,0.14842213862190265
block_bootstrap,60,5,0.10970067466851488
block_bootstrap,60,6,0.08640160871174818
block_bootstrap,60,7,0.03182216299401733
block_bootstrap,60,8,5.054515613622544e-17
block_bootstrap,61,1,0.24104754010839247
block_bootstrap,61,2,0.1926686733320475
block_bootstrap,61,3,0.16332461366532897
block_bootstrap,61,4,0.14676870195723535
block_bootstrap,61,5,0.1599482709495016
block_bootstrap,61,6,0.0739224048964164
block_bootstrap,61,7,0.022319795091076747
block_bootstrap,61,8,1.0501357870157227e-17
block_bootstrap,62,1,0.2473997729713605
block_bootstrap,62,2,0.17176238661837107
block_bootstrap,62,3,0.14753979076527757
block_bootstrap,62,4,0.15371077925719023
block_bootstrap,62,5,0.1335239881730363
block_bootstrap,62,6,0.12486374928707496
block_bootstrap,62,7,0.021199532927688204
block_bootstrap,62,8,9.25910445911263e-19
block_bootstrap,63,1,0.2720693036166687
block_bootstrap,63,2,0.22489806153682101
block_bootstrap,63,3,0.12722999216968867
block_bootstrap,63,4,0.15445126755120214
block_bootstrap,63,5,0.12857160098703302
block_bootstrap,63,6,0.07918316070177311
block_bootstrap,63,7,0.01359661343681216
block_bootstrap,63,8,1.4597827794621283e-18
block_bootstrap,64,1,0.21777307505905918
block_bootstrap,64,2,0.18972625370181329
block_bootstrap,64,3,0.14241680200553514
block_bootstrap,64,4,0.20078812891809453
block_bootstrap,64,5,0.12905621069811493
block_bootstrap,64,6,0.05744639498580929
block_bootstrap,64,7,0.06279313463157242
block_bootstrap,64,8,9.54310737442043e-18
block_bootstrap,65,1,0.2067290179508996
block_bootstrap,65,2,0.20298655493398732
block_bootstrap,65,3,0.1219168924990045
block_bootstrap,65,4,0.1325222486754467
block_bootstrap,65,5,0.19647990366427812
block_bootstrap,65,6,0.11432998365873157
block_bootstrap,65,7,0.025035398617651153
block_bootstrap,65,8,8.453990859419051e-17
block_bootstrap,66,1,0.21386206938521946
block_bootstrap,66,2,0.21817628315397086
block_bootstrap,66,3,0.15614561821677259
block_bootstrap,66,4,0.14290767353885253
block_bootstrap,66,5,0.13352059519473708
block_bootstrap,66,6,0.05222079972114546
block_bootstrap,66,7,0.08316696078930119
block_bootstrap,66,8,-8.112103787224437e-19
block_bootstrap,67,1,0.2211280729273426
block_bootstrap,67,2,0.18941535709226942
block_bootstrap,67,3,0.16773329635165396
block_bootstrap,67,4,0.18070722349731255
block_bootstrap,67,5,0.14518167724032122
block_bootstrap,67,6,0.09339348773235594
block_bootstrap,67,7,0.0024408851587435563
block_bootstrap,67,8,1.0428994018142812e-16
block_bootstrap,68,1,0.2040416593678347
block_bootstrap,68,2,0.19761186560769972
block_bootstrap,68,3,0.15235146311272862
block_bootstrap,68,4,0.1664699300981229
block_bootstrap,68,5,0.15830756682504032
block_bootstrap,68,6,0.07512240289160825
block_bootstrap,68,7,0.04609511209696444
block_bootstrap,68,8,5.3464282379886365e-17
block_bootstrap,69,1,0.2583393816144989
block_bootstrap,69,2,0.19707067312252824
block_bootstrap,69,3,0.16503673803062252
block_bootstrap,69,4,0.1423856829970797
block_bootstrap,69,5,0.1311628318806674
block_bootstrap,69,6,0.0862114879235063
block_bootstrap,69,7,0.01979320443109634
block_bootstrap,69,8,-1.0699387212671682e-18
block_bootstrap,70,1,0.23648239692862694
block_bootstrap,70,2,0.19617819026531447
block_bootstrap,70,3,0.13412589061256736
block_bootstrap,70,4,0.13555460104020423
block_bootstrap,70,5,0.12143214048510284
block_bootstrap,70,6,0.10345942889189837
block_bootstrap,70,7,0.07276735177628507
block_bootstrap,70,8,7.222222098346225e-17
block_bootstrap,71,1,0.2089654011912021
block_bootstrap,71,2,0.18460777323424327
block_bootstrap,71,3,0.18334140702558877
block_bootstrap,71,4,0.18199591402804002
block_bootstrap,71,5,0.1712857818525621
block_bootstrap,71,6,0.032549905015514774
block_bootstrap,71,7,0.037253817652847916
block_bootstrap,71,8,-1.226368359955422e-17
block_bootstrap,72,1,0.1851422925594327
block_bootstrap,72,2,0.22194463997709402
block_bootstrap,72,3,0.1544106220062318
block_bootstrap,72,4,0.14374671123742427
block_bootstrap,72,5,0.19456714719897572
block_bootstrap,72,6,0.07694281507720915
block_bootstrap,72,7,0.02324577194363151
block_bootstrap,72,8,8.152497265474136e-17
block_bootstrap,73,1,0.22212047698323079
block_bootstrap,73,2,0.200350916500597
block_bootstrap,73,3,0.1601303823133522
block_bootstrap,73,4,0.14827812017877667
block_bootstrap,73,5,0.15156576399561292
block_bootstrap,73,6,0.056658521460740095
block_bootstrap,73,7,0.06089581856768949
block_bootstrap,73,8,3.1058534527195253e-17
block_bootstrap,74,1,0.22607088348629056
block_bootstrap,74,2,0.1832763633047817
block_bootstrap,74,3,0.19576188607289308
block_bootstrap,74,4,0.1262530826273004
block_bootstrap,74,5,0.14314265477354704
block_bootstrap,74,6,0.05532126929274997
block_bootstrap,74,7,0.07017386044243637
block_bootstrap,74,8,1.5534794973454636e-17
block_bootstrap,75,1,0.20421132215358895
block_bootstrap,75,2,0.19438120250763757
block_bootstrap,75,3,0.1674330163511939
block_bootstrap,75,4,0.1605391942820567
block_bootstrap,75,5,0.16148532251027314
block_bootstrap,75,6,0.1052259414874937
block_bootstrap,75,7,0.006724000707755283
block_bootstrap,75,8,4.581954035683818e-18
block_bootstrap,76,1,0.2629385607649025
block_bootstrap,76,2,0.2112675607617892
block_bootstrap,76,3,0.13402908636435806
block_bootstrap,76,4,0.1336930904602492
block_bootstrap,76,5,0.12691485553589407
block_bootstrap,76,6,0.059300931317370714
block_bootstrap,76,7,0.07185591479543389
block_bootstrap,76,8,-3.764564321409082e-18
block_bootstrap,77,1,0.20189297399505468
block_bootstrap,77,2,0.1907331749856116
block_bootstrap,77,3,0.13607301220743306
block_bootstrap,77,4,0.1304263349296288
block_bootstrap,77,5,0.14908490283035383
block_bootstrap,77,6,0.1380381063309057
block_bootstrap,77,7,0.0537514947210106
block_bootstrap,77,8,1.958889335883621e-17
block_bootstrap,78,1,0.24188832531128868
block_bootstrap,78,2,0.18880144003601285
block_bootstrap,78,3,0.15113027275037122
block_bootstrap,78,4,0.12610134082454988
block_bootstrap,78,5,0.1975933249257127
block_bootstrap,78,6,0.06369481694287314
block_bootstrap,78,7,0.03079047920918747
block_bootstrap,78,8,1.9544043599663405e-20
block_bootstrap,79,1,0.20641059393510552
block_bootstrap,79,2,0.16501356045886695
block_bootstrap,79,3,0.16398776915319396
block_bootstrap,79,4,0.15754559788701394
block_bootstrap,79,5,0.18920926528596532
block_bootstrap,79,6,0.07204435221827502
block_bootstrap,79,7,0.045788861061578326
block_bootstrap,79,8,-2.083397870540792e-18
block_bootstrap,80,1,0.1824882512751198
block_bootstrap,80,2,0.17619838013901545
block_bootstrap,80,3,0.1846365841453873
block_bootstrap,80,4,0.1836256333441043
block_bootstrap,80,5,0.15058562359860567
block_bootstrap,80,6,0.07035938693370744
block_bootstrap,80,7,0.05210614056405906
block_bootstrap,80,8,2.423251562319512e-16
block_bootstrap,81,1,0.20997968401275646
block_bootstrap,81,2,0.2134715177341483
block_bootstrap,81,3,0.13775244126891106
block_bootstrap,81,4,0.18190865173685544
block_bootstrap,81,5,0.11412785796687241
block_bootstrap,81,6,0.1372218235252934
block_bootstrap,81,7,0.00553802375516209
block_bootstrap,81,8,2.5682811126041594e-17
block_bootstrap,82,1,0.20409182810624638
block_bootstrap,82,2,0.16129989628171537
block_bootstrap,82,3,0.17612503974963944
block_bootstrap,82,4,0.1993419468068836
block_bootstrap,82,5,0.1947038694944583
block_bootstrap,82,6,0.04241709349476439
block_bootstrap,82,7,0.022020326066291604
block_bootstrap,82,8,4.2519865897319097e-17
block_bootstrap,83,1,0.25640458848502945
block_bootstrap,83,2,0.15905218416719624
block_bootstrap,83,3,0.17094447711422994
block_bootstrap,83,4,0.19081767890096474
block_bootstrap,83,5,0.11975385273398803
block_bootstrap,83,6,0.05655606671704465
block_bootstrap,83,7,0.046471151881546276
block_bootstrap,83,8,6.094502673416766e-17
block_bootstrap,84,1,0.2355528894614658
block_bootstrap,84,2,0.22298421183862127
block_bootstrap,84,3,0.1344350380336995
block_bootstrap,84,4,0.1663636365176897
block_bootstrap,84,5,0.10136198553725048
block_bootstrap,84,6,0.10761256586863754
block_bootstrap,84,7,0.031689672742634456
block_bootstrap,84,8,2.458952897816831e-17
block_bootstrap,85,1,0.20414527748178468
block_bootstrap,85,2,0.22195587887463564
block_bootstrap,85,3,0.1599213961734578
block_bootstrap,85,4,0.18231950672548475
block_bootstrap,85,5,0.13793047731031038
block_bootstrap,85,6,0.03944623107396365
block_bootstrap,85,7,0.05428123236036228
block_bootstrap,85,8,6.454406370792533e-17
block_bootstrap,86,1,0.23487161193501982
block_bootstrap,86,2,0.209665921753182
block_bootstrap,86,3,0.1342693041711827
block_bootstrap,86,4,0.16275116041208765
block_bootstrap,86,5,0.15516826713600718
block_bootstrap,86,6,0.056797021640380196
block_bootstrap,86,7,0.046476712952139475
block_bootstrap,86,8,6.212270437464651e-17
block_bootstrap,87,1,0.20110906075170498
block_bootstrap,87,2,0.1856389936322792
block_bootstrap,87,3,0.18901107545533724
block_bootstrap,87,4,0.14835185561680347
block_bootstrap,87,5,0.14395160961164186
block_bootstrap,87,6,0.06427841364983115
block_bootstrap,87,7,0.06765899128240094
block_bootstrap,87,8,1.6849211370371903e-17
block_bootstrap,88,1,0.20872965545963418
block_bootstrap,88,2,0.17073686130876087
block_bootstrap,88,3,0.16058777772091115
block_bootstrap,88,4,0.18427202660342246
block_bootstrap,88,5,0.20512938540270875
block_bootstrap,88,6,0.04153432137859996
block_bootstrap,88,7,0.029009972125961885
block_bootstrap,88,8,8.655497024677432e-18
block_bootstrap,89,1,0.20751562443089755
block_bootstrap,89,2,0.18244710118362673
block_bootstrap,89,3,0.1928144406138213
block_bootstrap,89,4,0.24375698759657427
block_bootstrap,89,5,0.08736753721065689
block_bootstrap,89,6,0.035700108474915886
block_bootstrap,89,7,0.05039820048950658
block_bootstrap,89,8,-1.2785963471034027e-18
block_bootstrap,90,1,0.2239170788312036
block_bootstrap,90,2,0.2060728571506758
block_bootstrap,90,3,0.14817141617683255
block_bootstrap,90,4,0.19299316929828278
block_bootstrap,90,5,0.15595828714019955
block_bootstrap,90,6,0.02658357861097485
block_bootstrap,90,7,0.04630361279182987
block_bootstrap,90,8,-7.633571894391124e-18
block_bootstrap,91,1,0.23754513399383648
block_bootstrap,91,2,0.17714366915125057
block_bootstrap,91,3,0.15420447670673604
block_bootstrap,91,4,0.13209969055331888
block_bootstrap,91,5,0.13374394383788554
block_bootstrap,91,6,0.1265307464316336
block_bootstrap,91,7,0.03873233932533813
block_bootstrap,91,8,1.4474470989695623e-17
block_bootstrap,92,1,0.21317125204493537
block_bootstrap,92,2,0.1778915931038323
block_bootstrap,92,3,0.15359172402114357
block_bootstrap,92,4,0.21557234043819198
block_bootstrap,92,5,0.09948662753505827
block_bootstrap,92,6,0.05690543037689823
block_bootstrap,92,7,0.08338103247993922
block_bootstrap,92,8,3.558992064848712e-17
block_bootstrap,93,1,0.25507815021108615
block_bootstrap,93,2,0.22818308353367778
block_bootstrap,93,3,0.13467623651647254
block_bootstrap,93,4,0.15839654819722965
block_bootstrap,93,5,0.13967670250107367
block_bootstrap,93,6,0.05975363307968472
block_bootstrap,93,7,0.02423564596077482
block_bootstrap,93,8,1.4972208407183258e-17
block_bootstrap,94,1,0.21622814033599835
block_bootstrap,94,2,0.18367014501743673
block_bootstrap,94,3,0.18543814896987748
block_bootstrap,94,4,0.16605414370330826
block_bootstrap,94,5,0.17794476870068876
block_bootstrap,94,6,0.05830802153094251
block_bootstrap,94,7,0.012356631741746884
block_bootstrap,94,8,3.5553024527018135e-17
block_bootstrap,95,1,0.20423335430735345
block_bootstrap,95,2,0.17557041399637674
block_bootstrap,95,3,0.15768633231656576
block_bootstrap,95,4,0.18479303858724294
block_bootstrap,95,5,0.16457674864946614
block_bootstrap,95,6,0.1122221944132133
block_bootstrap,95,7,0.0009179177297807413
block_bootstrap,95,8,1.2099609226988238e-16
block_bootstrap,96,1,0.20958006005941476
block_bootstrap,96,2,0.2239240185665573
block_bootstrap,96,3,0.16701125185293875
block_bootstrap,96,4,0.16077995519424418
block_bootstrap,96,5,0.12431781996709021
block_bootstrap,96,6,0.10711806174640309
block_bootstrap,96,7,0.007268832613350964
block_bootstrap,96,8,1.802438019045769e-17
block_bootstrap,97,1,0.21159783050412695
block_bootstrap,97,2,0.19898657428728994
block_bootstrap,97,3,0.17592772421781777
block_bootstrap,97,4,0.20826677941745086
block_bootstrap,97,5,0.10313446298741015
block_bootstrap,97,6,0.04570752991730675
block_bootstrap,97,7,0.05637909866859653
block_bootstrap,97,8,-4.2194556053404985e-18
block_bootstrap,98,1,0.19095608952589382
block_bootstrap,98,2,0.1933107932794509
block_bootstrap,98,3,0.18127259142927232
block_bootstrap,98,4,0.1934567358992738
block_bootstrap,98,5,0.09928432008759738
block_bootstrap,98,6,0.10611856528915631
block_bootstrap,98,7,0.03560090448935109
block_bootstrap,98,8,-7.670901795928054e-19
block_bootstrap,99,1,0.2336712578614778
block_bootstrap,99,2,0.23412156301106435
block_bootstrap,99,3,0.199806444804837
block_bootstrap,99,4,0.13098178958327256
block_bootstrap,99,5,0.1136046783058749
block_bootstrap,99,6,0.03723191942085452
block_bootstrap,99,7,0.05058234701261778
block_bootstrap,99,8,-2.5092204403443836e-19
block_bootstrap,100,1,0.24669644998334872
block_bootstrap,100,2,0.19076213344491355
block_bootstrap,100,3,0.1824162336976501
block_bootstrap,100,4,0.15264611341247752
block_bootstrap,100,5,0.11267350526284337
block_bootstrap,100,6,0.1068809506072143
block_bootstrap,100,7,0.007924613591551903
block_bootstrap,100,8,7.849349405890736e-17
block_bootstrap,101,1,0.22708254997888544
block_bootstrap,101,2,0.168062582024454
block_bootstrap,101,3,0.1539400882397391
block_bootstrap,101,4,0.16626886145957004
block_bootstrap,101,5,0.1402344306498951
block_bootstrap,101,6,0.11147573962653409
block_bootstrap,101,7,0.032935748020921043
block_bootstrap,101,8,1.7399908729707602e-17
block_bootstrap,102,1,0.2116508234260105
block_bootstrap,102,2,0.16970067344535122
block_bootstrap,102,3,0.14759506064770783
block_bootstrap,102,4,0.2105724913950377
block_bootstrap,102,5,0.14200000987453298
block_bootstrap,102,6,0.06568287128669192
block_bootstrap,102,7,0.05279806992466696
block_bootstrap,102,8,-4.565927484714969e-19
block_bootstrap,103,1,0.250830346281677
block_bootstrap,103,2,0.18074798798304292
block_bootstrap,103,3,0.19275787091269864
block_bootstrap,103,4,0.13300627237018692
block_bootstrap,103,5,0.18077767084646304
block_bootstrap,103,6,0.04181055725256415
block_bootstrap,103,7,0.020069294353366435
block_bootstrap,103,8,6.088347945237954e-17
block_bootstrap,104,1,0.20871897917647997
block_bootstrap,104,2,0.18601068977365987
block_bootstrap,104,3,0.17907505017733993
block_bootstrap,104,4,0.138781880220482
block_bootstrap,104,5,0.21431861129431015
block_bootstrap,104,6,0.03340375120273344
block_bootstrap,104,7,0.03969103815499398
block_bootstrap,104,8,5.060889102942744e-18
block_bootstrap,105,1,0.17629696135334394
block_bootstrap,105,2,0.19510199386715488
block_bootstrap,105,3,0.14025787989767313
block_bootstrap,105,4,0.16611403639309402
block_bootstrap,105,5,0.20405479876816726
block_bootstrap,105,6,0.06733107616185008
block_bootstrap,105,7,0.05084325355871457
block_bootstrap,105,8,2.363651795391802e-17
block_bootstrap,106,1,0.21373614519404527
block_bootstrap,106,2,0.21198520515295427
block_bootstrap,106,3,0.17340460592180368
block_bootstrap,106,4,0.1644218766673116
block_bootstrap,106,5,0.14442909207257953
block_bootstrap,106,6,0.0766965995857563
block_bootstrap,106,7,0.015326475405548363
block_bootstrap,106,8,3.3350281753365624e-17
block_bootstrap,107,1,0.2066335481254279
block_bootstrap,107,2,0.20318784478712337
block_bootstrap,107,3,0.15294789999974978
block_bootstrap,107,4,0.2067120028043454
block_bootstrap,107,5,0.12356970823019099
block_bootstrap,107,6,0.05851179956260079
block_bootstrap,107,7,0.04843719649055942
block_bootstrap,107,8,-9.933923398097856e-19
block_bootstrap,108,1,0.2198230231887176
block_bootstrap,108,2,0.2025549598869134
block_bootstrap,108,3,0.13657616133831402
block_bootstrap,108,4,0.16547908063347916
block_bootstrap,108,5,0.14578246318067806
block_bootstrap,108,6,0.0894941556827837
block_bootstrap,108,7,0.040290156089113106
block_bootstrap,108,8,2.7497826501582287e-18
block_bootstrap,109,1,0.18200860677773878
block_bootstrap,109,2,0.20477547990278577
block_bootstrap,109,3,0.16397642474432894
block_bootstrap,109,4,0.1766097760198344
block_bootstrap,109,5,0.12253312097530197
block_bootstrap,109,6,0.14143259908299646
block_bootstrap,109,7,0.008663992497012565
block_bootstrap,109,8,8.221393407842911e-17
block_bootstrap,110,1,0.22207098939256809
block_bootstrap,110,2,0.16690093545690876
block_bootstrap,110,3,0.17558863435661676
block_bootstrap,110,4,0.19088395624041768
block_bootstrap,110,5,0.11565452905137133
block_bootstrap,110,6,0.056855874642730564
block_bootstrap,110,7,0.0720450808593857
block_bootstrap,110,8,5.8935731961998545e-18
block_bootstrap,111,1,0.2170653897734739
block_bootstrap,111,2,0.1664483328819537
block_bootstrap,111,3,0.15184929452930768
block_bootstrap,111,4,0.205506378126721
block_bootstrap,111,5,0.13493562302842302
block_bootstrap,111,6,0.05696995106817376
block_bootstrap,111,7,0.06722503059194625
block_bootstrap,111,8,7.673552176408059e-17
block_bootstrap,112,1,0.24658153877583888
block_bootstrap,112,2,0.21562808314950466
block_bootstrap,112,3,0.1469697714472709
block_bootstrap,112,4,0.189831903308857
block_bootstrap,112,5,0.1308009890803291
block_bootstrap,112,6,0.06438704272558161
block_bootstrap,112,7,0.005800671512616983
block_bootstrap,112,8,1.8438675120902993e-17
block_bootstrap,113,1,0.18171928843779261
block_bootstrap,113,2,0.16690109411620557
block_bootstrap,113,3,0.15650544936137906
block_bootstrap,113,4,0.19786012801866543
block_bootstrap,113,5,0.171223057111414
block_bootstrap,113,6,0.05375009162168164
block_bootstrap,113,7,0.07204089133286085
block_bootstrap,113,8,1.641180680856341e-16
block_bootstrap,114,1,0.24865216234434906
block_bootstrap,114,2,0.19833387307786343
block_bootstrap,114,3,0.15506167634699813
block_bootstrap,114,4,0.2201679378138113
block_bootstrap,114,5,0.14371180495360947
block_bootstrap,114,6,0.01914121860298148
block_bootstrap,114,7,0.014931326860386177
block_bootstrap,114,8,1.3148939091582511e-17
block_bootstrap,115,1,0.21232461301238403
block_bootstrap,115,2,0.15141333778448396
block_bootstrap,115,3,0.1407457548876016
block_bootstrap,115,4,0.18262543055630004
block_bootstrap,115,5,0.13383709173625188
block_bootstrap,115,6,0.11000438914920461
block_bootstrap,115,7,0.06904938287377302
block_bootstrap,115,8,5.602157997287628e-17
block_bootstrap,116,1,0.18578953246652474
block_bootstrap,116,2,0.19752955178404585
block_bootstrap,116,3,0.17606362729105668
block_bootstrap,116,4,0.20910684676372898
block_bootstrap,116,5,0.1434204180554419
block_bootstrap,116,6,0.04928332085679815
block_bootstrap,116,7,0.038806702782402586
block_bootstrap,116,8,6.262013752207587e-17
block_bootstrap,117,1,0.19911294152147951
block_bootstrap,117,2,0.22568729145584765
block_bootstrap,117,3,0.14179788029736484
block_bootstrap,117,4,0.17014554650841457
block_bootstrap,117,5,0.12660242607545366
block_bootstrap,117,6,0.07339393653057706
block_bootstrap,117,7,0.06325997761086148
block_bootstrap,117,8,3.958887648626495e-17
block_bootstrap,118,1,0.22669420087537573
block_bootstrap,118,2,0.1896356432259455
block_bootstrap,118,3,0.17885052304370702
block_bootstrap,118,4,0.17226898940327443
block_bootstrap,118,5,0.12795589798512763
block_bootstrap,118,6,0.10211828129765631
block_bootstrap,118,7,0.0024764641689124472
block_bootstrap,118,8,1.435581304346781e-16
block_bootstrap,119,1,0.23188905870769128
block_bootstrap,119,2,0.1644727582329174
block_bootstrap,119,3,0.1777832502850969
block_bootstrap,119,4,0.1577965983933317
block_bootstrap,119,5,0.17362821095266667
block_bootstrap,119,6,0.0751846227250702
block_bootstrap,119,7,0.019245500703225032
block_bootstrap,119,8,9.706983453975187e-17
block_bootstrap,120,1,0.21150432478308412
block_bootstrap,120,2,0.1469515871874868
block_bootstrap,120,3,0.152097122374179
block_bootstrap,120,4,0.1795839722599188
block_bootstrap,120,5,0.20605717957283493
block_bootstrap,120,6,0.07206564421044051
block_bootstrap,120,7,0.03174016961205468
block_bootstrap,120,8,4.404259522759815e-17
block_bootstrap,121,1,0.2081368159609427
block_bootstrap,121,2,0.25207242455989276
block_bootstrap,121,3,0.13568897759069765
block_bootstrap,121,4,0.1275665625577927
block_bootstrap,121,5,0.23130002407068997
block_bootstrap,121,6,0.04229735797872052
block_bootstrap,121,7,0.0029378372812622717
block_bootstrap,121,8,6.331092681768982e-19
block_bootstrap,122,1,0.2256777325902123
block_bootstrap,122,2,0.16855560423232574
block_bootstrap,122,3,0.14919669028292143
block_bootstrap,122,4,0.20452253196080294
block_bootstrap,122,5,0.1833398038054353
block_bootstrap,122,6,0.046452572337072916
block_bootstrap,122,7,0.022255064791227457
block_bootstrap,122,8,7.686612510723135e-19
block_bootstrap,123,1,0.2013890042507528
block_bootstrap,123,2,0.19873979165366318
block_bootstrap,123,3,0.1755482424504367
block_bootstrap,123,4,0.15481052178213273
block_bootstrap,123,5,0.18556263806342738
block_bootstrap,123,6,0.04465223373992838
block_bootstrap,123,7,0.039297568059657464
block_bootstrap,123,8,-1.554251908783421e-17
block_bootstrap,124,1,0.23612190028955748
block_bootstrap,124,2,0.21756322531426753
block_bootstrap,124,3,0.1726615483824478
block_bootstrap,124,4,0.19141841730620324
block_bootstrap,124,5,0.11875405275350731
block_bootstrap,124,6,0.05920558444515621
block_bootstrap,124,7,0.004275271508859628
block_bootstrap,124,8,2.8147776020496776e-18
block_bootstrap,125,1,0.21729772296640992
block_bootstrap,125,2,0.20049839222006283
block_bootstrap,125,3,0.16409518824693753
block_bootstrap,125,4,0.14049031383009797
block_bootstrap,125,5,0.12862310313329972
block_bootstrap,125,6,0.12161551481546608
block_bootstrap,125,7,0.027379764787724702
block_bootstrap,125,8,4.3798827761819637e-17
block_bootstrap,126,1,0.20627272511380734
block_bootstrap,126,2,0.21790128663111163
block_bootstrap,126,3,0.15419536812499168
block_bootstrap,126,4,0.17757484504411883
block_bootstrap,126,5,0.1498624627122589
block_bootstrap,126,6,0.06646081110092583
block_bootstrap,126,7,0.027732501272784753
block_bootstrap,126,8,5.634810123463512e-17
block_bootstrap,127,1,0.23569677213288454
block_bootstrap,127,2,0.1923823397631078
block_bootstrap,127,3,0.17292816777916808
block_bootstrap,127,4,0.20577252804730878
block_bootstrap,127,5,0.1247078163579154
block_bootstrap,127,6,0.062043362772593535
block_bootstrap,127,7,0.0064690131470205555
block_bootstrap,127,8,1.2739860787502971e-16
block_bootstrap,128,1,0.2171610511131361
block_bootstrap,128,2,0.19520642069980687
block_bootstrap,128,3,0.1892687147289085
block_bootstrap,128,4,0.1523219762337854
block_bootstrap,128,5,0.15099929464538606
block_bootstrap,128,6,0.08718746379768696
block_bootstrap,128,7,0.007855078781289309
block_bootstrap,128,8,1.1818934786548939e-16
block_bootstrap,129,1,0.21360666819392338
block_bootstrap,129,2,0.15355287335501333
block_bootstrap,129,3,0.14093214772187296
block_bootstrap,129,4,0.14426982477964773
block_bootstrap,129,5,0.2144982634799442
block_bootstrap,129,6,0.11139574604455367
block_bootstrap,129,7,0.02174447642504297
block_bootstrap,129,8,5.744698999097023e-17
block_bootstrap,130,1,0.21108038298273635
block_bootstrap,130,2,0.1738227924909519
block_bootstrap,130,3,0.16941231754040248
block_bootstrap,130,4,0.13954067678826032
block_bootstrap,130,5,0.15596863323963422
block_bootstrap,130,6,0.1477337398344526
block_bootstrap,130,7,0.0024414571235612807
block_bootstrap,130,8,5.862146290839594e-18
block_bootstrap,131,1,0.20900977360132278
block_bootstrap,131,2,0.22091648096198502
block_bootstrap,131,3,0.15591548668719457
block_bootstrap,131,4,0.16934533042370853
block_bootstrap,131,5,0.10968124050333722
block_bootstrap,131,6,0.10221280444134245
block_bootstrap,131,7,0.032918883381108245
block_bootstrap,131,8,1.7841768999677816e-19
block_bootstrap,132,1,0.2325439834890124
block_bootstrap,132,2,0.15520148798623168
block_bootstrap,132,3,0.14147075775393753
block_bootstrap,132,4,0.17879667697010132
block_bootstrap,132,5,0.2204620741839093
block_bootstrap,132,6,0.04114584634586578
block_bootstrap,132,7,0.030379173270941168
block_bootstrap,132,8,5.667570879939448e-17
block_bootstrap,133,1,0.2457906473676239
block_bootstrap,133,2,0.17479895136108514
block_bootstrap,133,3,0.153290263514753
block_bootstrap,133,4,0.1218677711068743
block_bootstrap,133,5,0.14671325736771593
block_bootstrap,133,6,0.11204874105470991
block_bootstrap,133,7,0.04549036822723672
block_bootstrap,133,8,9.78523493992822e-18
block_bootstrap,134,1,0.21337812689581925
block_bootstrap,134,2,0.21075281694497672
block_bootstrap,134,3,0.13426500325199126
block_bootstrap,134,4,0.13347987249402593
block_bootstrap,134,5,0.19380151467794268
block_bootstrap,134,6,0.04287234927361207
block_bootstrap,134,7,0.07145031646162904
block_bootstrap,134,8,-3.1742141045577157e-18
block_bootstrap,135,1,0.2028408854123268
block_bootstrap,135,2,0.22242266275629718
block_bootstrap,135,3,0.15346994039269718
block_bootstrap,135,4,0.18957540865667094
block_bootstrap,135,5,0.18547280829691956
block_bootstrap,135,6,0.019035878958575378
block_bootstrap,135,7,0.027182415526512127
block_bootstrap,135,8,7.146487025866265e-18
block_bootstrap,136,1,0.2095926761056811
block_bootstrap,136,2,0.19881864631225554
block_bootstrap,136,3,0.17768826316159447
block_bootstrap,136,4,0.15785489939966824
block_bootstrap,136,5,0.12120823693289903
block_bootstrap,136,6,0.11388022316389054
block_bootstrap,136,7,0.02095705492401028
block_bootstrap,136,8,6.285793771753725e-17
block_bootstrap,137,1,0.2142009501845371
block_bootstrap,137,2,0.1886155373113042
block_bootstrap,137,3,0.15696135202774353
block_bootstrap,137,4,0.14329908977515365
block_bootstrap,137,5,0.15975198968710305
block_bootstrap,137,6,0.06809322808716092
block_bootstrap,137,7,0.06907785292699675
block_bootstrap,137,8,9.941489889488257e-17
block_bootstrap,138,1,0.20899485129988504
block_bootstrap,138,2,0.21318545456338034
block_bootstrap,138,3,0.15113302316472993
block_bootstrap,138,4,0.1823255198334925
block_bootstrap,138,5,0.18290838123978215
block_bootstrap,138,6,0.03000226931804459
block_bootstrap,138,7,0.031450500580684555
block_bootstrap,138,8,1.0085704211348307e-16
block_bootstrap,139,1,0.1970991409184124
block_bootstrap,139,2,0.17895044928104176
block_bootstrap,139,3,0.15272778687339345
block_bootstrap,139,4,0.1627569452401258
block_bootstrap,139,5,0.1955554784158229
block_bootstrap,139,6,0.0490315624894129
block_bootstrap,139,7,0.06387863678178964
block_bootstrap,139,8,2.5095392041315244e-17
block_bootstrap,140,1,0.23107706832135322
block_bootstrap,140,2,0.2198018876275144
block_bootstrap,140,3,0.15702522284935472
block_bootstrap,140,4,0.21895271714346023
block_bootstrap,140,5,0.11308941519265514
block_bootstrap,140,6,0.05379454271450444
block_bootstrap,140,7,0.00625914615115693
block_bootstrap,140,8,-4.197268300535305e-19
block_bootstrap,141,1,0.21243884714878347
block_bootstrap,141,2,0.19495981103415894
block_bootstrap,141,3,0.15560725375977086
block_bootstrap,141,4,0.15298460386528057
block_bootstrap,141,5,0.19841308207225006
block_bootstrap,141,6,0.06602942654153733
block_bootstrap,141,7,0.01956697557821787
block_bootstrap,141,8,8.417072745587192e-17
block_bootstrap,142,1,0.21570299098440526
block_bootstrap,142,2,0.17830886811044777
block_bootstrap,142,3,0.16385893075421443
block_bootstrap,142,4,0.13514628405684775
block_bootstrap,142,5,0.1499679147392643
block_bootstrap,142,6,0.09223254227779924
block_bootstrap,142,7,0.06478246907702014
block_bootstrap,142,8,5.296458873922528e-17
block_bootstrap,143,1,0.2204065747656454
block_bootstrap,143,2,0.20211397819226118
block_bootstrap,143,3,0.16468629443215738
block_bootstrap,143,4,0.12693975398245888
block_bootstrap,143,5,0.14139245760742716
block_bootstrap,143,6,0.07258626703077081
block_bootstrap,143,7,0.07187467398927845
block_bootstrap,143,8,4.640128639965775e-17
block_bootstrap,144,1,0.22782194559149826
block_bootstrap,144,2,0.16472576024591334
block_bootstrap,144,3,0.1431856430435285
block_bootstrap,144,4,0.1901260310982063
block_bootstrap,144,5,0.15812139669822656
block_bootstrap,144,6,0.07922530324490495
block_bootstrap,144,7,0.036793920077719894
block_bootstrap,144,8,1.7810501484779102e-17
block_bootstrap,145,1,0.20286992549777727
block_bootstrap,145,2,0.2213978736600879
block_bootstrap,145,3,0.13991102248752862
block_bootstrap,145,4,0.14314530826787836
block_bootstrap,145,5,0.1438767482985118
block_bootstrap,145,6,0.12428810544778844
block_bootstrap,145,7,0.0245110163404264
block_bootstrap,145,8,1.3454621155187802e-17
block_bootstrap,146,1,0.22805576541334183
block_bootstrap,146,2,0.2050320996343138
block_bootstrap,146,3,0.1490748380699874
block_bootstrap,146,4,0.14083146191378815
block_bootstrap,146,5,0.15815546803925967
block_bootstrap,146,6,0.06489851172716152
block_bootstrap,146,7,0.053951855202146896
block_bootstrap,146,8,-8.260898283006469e-19
block_bootstrap,147,1,0.208792799922082
block_bootstrap,147,2,0.21244681990358583
block_bootstrap,147,3,0.15830445628140516
block_bootstrap,147,4,0.16149547965761468
block_bootstrap,147,5,0.12525805353867267
block_bootstrap,147,6,0.04337761591110248
block_bootstrap,147,7,0.09032477478553652
block_bootstrap,147,8,6.825591500609237e-18
block_bootstrap,148,1,0.2699844898775995
block_bootstrap,148,2,0.19396640426419376
block_bootstrap,148,3,0.12995215573974267
block_bootstrap,148,4,0.16064974032579932
block_bootstrap,148,5,0.1516189756890195
block_bootstrap,148,6,0.059351182080269765
block_bootstrap,148,7,0.034477052023374685
block_bootstrap,148,8,8.35585266249367e-19
block_bootstrap,149,1,0.2801046049042677
block_bootstrap,149,2,0.19967924033865547
block_bootstrap,149,3,0.14722608628359535
block_bootstrap,149,4,0.12133288878661597
block_bootstrap,149,5,0.07633324018389837
block_bootstrap,149,6,0.08381382030486463
block_bootstrap,149,7,0.09151011919810001
block_bootstrap,149,8,-6.245266819539348e-18
