name,two_step_l2_residual,js_empirical_vs_markov,top_singular_value,rank90,rank95,entropy_rate_bits,mi_lag2_bits,mi_shuffle_lag2_bits,mi_excess_over_shuffle_bits,rank4_relative_error,rank4_improvement,sample
iid_shuffle,0.01766524458508494,5.605721849598253e-05,0.011256277753577888,4,5,2.9996781354322217,0.0002243409067513904,0.0001329787182098809,9.13621885415095e-05,0.2941211792814835,0.7058788207185165,0
iid_shuffle,0.01887262822482675,6.427094825163212e-05,0.011107264193845875,4,5,2.999759132634928,0.00025691772162283604,0.00021399115831020361,4.292656331263242e-05,0.28281917968975834,0.7171808203102417,1
iid_shuffle,0.015795037620134036,4.5121270083116506e-05,0.01017032926649413,5,5,2.9997679743214256,0.00018031353687956173,0.00024332405045053774,-6.301051357097601e-05,0.32110961290588297,0.678890387094117,2
iid_shuffle,0.018415170391791427,6.0981470991633354e-05,0.012838716905638266,4,4,2.9998504985457792,0.00024472607935270736,0.00017964463298732273,6.508144636538463e-05,0.18477729302156237,0.8152227069784377,3
iid_shuffle,0.01665711826625429,5.004702015128658e-05,0.011607678532394142,4,5,2.9997214404141412,0.00020008928721276047,0.0002544206767423252,-5.433138952956474e-05,0.2876929697514878,0.7123070302485122,4
iid_shuffle,0.017336569517277044,5.4226737132762645e-05,0.01133242299124379,5,6,2.9997536592993317,0.00021605134038614075,0.0002808775874982433,-6.482624711210257e-05,0.32617874980386674,0.6738212501961333,5
iid_shuffle,0.018520523322245245,6.191416386930383e-05,0.013209476529505824,4,4,2.9997699176384116,0.0002473045482451752,0.00023908627879098835,8.218269454186877e-06,0.2008464019194091,0.7991535980805908,6
iid_shuffle,0.01829120914683494,6.0205369817722795e-05,0.01294246713071287,4,5,2.9997801998889297,0.00024140312143207984,0.00025241318589356985,-1.101006446149001e-05,0.282145851265566,0.717854148734434,7
iid_shuffle,0.01629898536958876,4.7896444296382905e-05,0.009281496591922829,5,5,2.9997950065397183,0.00019083325823282695,0.00024722270770233116,-5.638944946950421e-05,0.3346104101704059,0.6653895898295941,8
iid_shuffle,0.019503636721517982,6.872753105884684e-05,0.014425604742449716,4,5,2.9997847481548146,0.0002743587916123538,0.0002841814148558438,-9.822623243490008e-06,0.2343061102693487,0.7656938897306513,9
iid_shuffle,0.015984833990401497,4.614725761820753e-05,0.010783775694991879,4,5,2.9998158398199797,0.00018436164802227193,0.000198781508394759,-1.4419860372487066e-05,0.22740865666140309,0.7725913433385969,10
iid_shuffle,0.01796788423160297,5.804504479825189e-05,0.010834947423535682,4,5,2.9997551944396124,0.00023362653321574013,0.00021715105114667707,1.647548206906306e-05,0.2344438615916708,0.7655561384083291,11
iid_shuffle,0.015891252721605215,4.553552562031397e-05,0.009785343454136695,5,5,2.9997648736922375,0.00018185478804995972,0.00024209216905630065,-6.023738100634094e-05,0.33459228314316936,0.6654077168568306,12
iid_shuffle,0.016756299245320596,5.061308447322709e-05,0.01200955644240651,4,5,2.999834029688409,0.00020297726103506562,0.0002760225362591638,-7.30452752240982e-05,0.23803150650045457,0.7619684934995454,13
iid_shuffle,0.0185624061261493,6.210972653916398e-05,0.011811863608901312,4,5,2.9998012748616927,0.000248670965253943,0.0001701381290524782,7.853283620146481e-05,0.26077548362646924,0.7392245163735307,14
iid_shuffle,0.017159774619334312,5.295880186219441e-05,0.01135090948990604,3,4,2.9998172461037345,0.00021219829978061163,0.00020705111383104678,5.147185949564852e-06,0.15850940918719944,0.8414905908128005,15
iid_shuffle,0.016663508209527323,5.0021139804161236e-05,0.010533616674417321,4,4,2.9996963416494333,0.00020032990910923696,0.0002764636454007901,-7.613373629155316e-05,0.21734735043417747,0.7826526495658226,16
iid_shuffle,0.016915604037776227,5.17787700492702e-05,0.010474298075344765,4,5,2.9997527295454898,0.00020675062027824314,0.00018562194231258166,2.112867796566148e-05,0.2515105284444782,0.7484894715555218,17
iid_shuffle,0.019432321577349317,6.822493187855075e-05,0.012076823939480797,4,4,2.9997763521045058,0.0002733147900570178,0.0002539423786508203,1.9372411406197497e-05,0.204502123125671,0.795497876874329,18
iid_shuffle,0.01802579908016826,5.867201558968437e-05,0.011190534901333912,4,5,2.9997148288205056,0.00023420610995330694,0.000219153760598486,1.5052349354820942e-05,0.29903972503381276,0.7009602749661872,19
iid_shuffle,0.019576741115654567,6.912409157464703e-05,0.013461889996124387,4,5,2.999803904338086,0.00027701975479018005,0.00021185108799127905,6.5168666798901e-05,0.2789786842741382,0.7210213157258618,20
iid_shuffle,0.019355870331550135,6.761223070143101e-05,0.01238715108703947,4,5,2.999770600998707,0.0002699114042935426,0.00024133116485129205,2.858023944225056e-05,0.2247302904914745,0.7752697095085255,21
iid_shuffle,0.019211702240490073,6.641375409272292e-05,0.012373154818703921,4,4,2.9997173103646277,0.0002661877377306775,0.0003205479835466247,-5.4360245815947175e-05,0.22188284757322446,0.7781171524267756,22
iid_shuffle,0.020652235137210255,7.685000644304621e-05,0.013030460114953901,4,5,2.999780962911507,0.00030744981258449254,0.000260487530016199,4.696228256829353e-05,0.2972651773511775,0.7027348226488225,23
iid_shuffle,0.017552564070516752,5.549614713516042e-05,0.011390651702709201,3,4,2.9997596694610973,0.0002211883102923871,0.00018762722960294478,3.356108068944231e-05,0.1353501762156364,0.8646498237843636,24
iid_shuffle,0.022655228349721782,9.26250971530812e-05,0.013127737691285706,5,5,2.9998265180544963,0.0003697884683568902,0.00018368659349943288,0.0001861018748574573,0.32166843590463884,0.6783315640953611,25
iid_shuffle,0.01663485652601362,4.977842890175922e-05,0.010924837263903819,4,5,2.9997104958365313,0.00019923648338829753,0.0001989104594000073,3.260239882902326e-07,0.2899005929807861,0.7100994070192139,26
iid_shuffle,0.021453429417300617,8.236359580417993e-05,0.013337890944407549,5,5,2.999761794705206,0.0003312295751442201,0.00023544020092692978,9.578937421729033e-05,0.33009870043079076,0.6699012995692093,27
iid_shuffle,0.018997458988225198,6.487089170578736e-05,0.011378945556769477,4,4,2.999751399170814,0.000259702539513559,0.0001688886348549404,9.08139046586186e-05,0.22156063095275025,0.7784393690472498,28
iid_shuffle,0.01734793407377874,5.429431391467321e-05,0.011520662225396822,4,4,2.9997339825704197,0.00021652743980519427,0.0001824463215298962,3.408111827529807e-05,0.16808284190605546,0.8319171580939445,29
iid_shuffle,0.019340366331297272,6.74138493459157e-05,0.01268829405038915,4,5,2.9997505329030245,0.00026993477558995857,0.00024557734110246363,2.4357434487494944e-05,0.23131270584007863,0.7686872941599214,30
iid_shuffle,0.017104033336516455,5.2390902383319975e-05,0.010608622634238665,4,5,2.999835253577345,0.00021022733735169576,0.00024546156646552313,-3.5234229113827365e-05,0.2521473576771208,0.7478526423228792,31
iid_shuffle,0.018502562557439105,6.200381216788508e-05,0.012009288845814156,4,5,2.999722253301214,0.00024738753426699366,0.00021696876114992485,3.041877311706881e-05,0.24028285364701746,0.7597171463529826,32
iid_shuffle,0.018170588103251166,5.964477990358965e-05,0.011789875778168212,4,5,2.9997476553762854,0.00023772796988928848,0.0002233554545275373,1.4372515361751176e-05,0.3046002493378717,0.6953997506621283,33
iid_shuffle,0.017769102274328374,5.667177012109596e-05,0.010607206265134464,4,5,2.9998069019308,0.00022708329422730685,0.00020407157924979207,2.3011714977514775e-05,0.23270131956102874,0.7672986804389712,34
iid_shuffle,0.014586598503397576,3.8481585684156474e-05,0.008637127434112645,4,5,2.999720475127898,0.00015387055738317804,0.00018653101380478368,-3.2660456421605645e-05,0.297972476516765,0.7020275234832349,35
iid_shuffle,0.01781518983089975,5.712251252556961e-05,0.010846385755072387,4,4,2.999820521471569,0.00022869732720444066,0.0002630047636935812,-3.4307436489140536e-05,0.22335170887260425,0.7766482911273958,36
iid_shuffle,0.017862345974426087,5.752114596379298e-05,0.011011186261100175,4,5,2.9997552986654252,0.00023023771307627722,0.00020353316987059653,2.6704543205680693e-05,0.24956611792325445,0.7504338820767456,37
iid_shuffle,0.01698353684396633,5.1980103188362234e-05,0.010856503764497073,4,4,2.999738031972098,0.0002067846187609097,0.0002680046666261633,-6.12200478652536e-05,0.2218167822094759,0.7781832177905241,38
iid_shuffle,0.020085054150920365,7.299230264551083e-05,0.011718636045948024,4,4,2.9997475872134043,0.0002914066804289902,0.00019796526718634367,9.344141324264652e-05,0.2166103753173185,0.7833896246826815,39
iid_shuffle,0.01885836712499717,6.424778486594478e-05,0.011992407800967483,4,4,2.9997217831086225,0.000257041617995719,0.00016528657220599467,9.175504578972434e-05,0.1605632038789119,0.8394367961210881,40
iid_shuffle,0.015142066515885668,4.132546157784877e-05,0.01022287858888206,4,5,2.9997452245954412,0.0001655044658435222,0.00016879576349904593,-3.2912976555237296e-06,0.29219010177475246,0.7078098982252475,41
iid_shuffle,0.01998725891453242,7.207630892611157e-05,0.013906374085115044,4,5,2.9997489556684727,0.0002876643771342927,0.000272352019392606,1.5312357741686662e-05,0.23435660830350113,0.7656433916964989,42
iid_shuffle,0.020573342303388493,7.652010767054794e-05,0.01339223373231005,4,5,2.999716057818708,0.00030658970696792237,0.00019282768211226675,0.00011376202485565562,0.2834103176531796,0.7165896823468204,43
iid_shuffle,0.016938412907387426,5.1564811273293115e-05,0.01111201403728151,3,4,2.9998053798343385,0.0002066201847578912,0.00021594949188090482,-9.32930712301363e-06,0.177826559149092,0.822173440850908,44
iid_shuffle,0.018602916340631197,6.243255050530593e-05,0.01201504049365213,3,4,2.999809138146854,0.0002493157806290748,0.00023250213554511375,1.6813645083961037e-05,0.13061533195206912,0.8693846680479309,45
iid_shuffle,0.016384847161610396,4.8522796510416936e-05,0.00952283555649979,5,5,2.9998229809149723,0.00019359584940213228,0.0001428394275313788,5.075642187075347e-05,0.31898441042298237,0.6810155895770176,46
iid_shuffle,0.017879456116881326,5.751912723521851e-05,0.012121199786742882,4,5,2.999701793497773,0.000229609804432353,0.00021642687322580284,1.3182931206550167e-05,0.22533565123409624,0.7746643487659037,47
iid_shuffle,0.01933689274379172,6.739179631108847e-05,0.01258892842617161,4,5,2.999669376905901,0.00026902579360491377,0.00018862200107369503,8.040379253121873e-05,0.26434197965193296,0.735658020348067,48
iid_shuffle,0.018185682560152044,5.9855248349433854e-05,0.011914587889087828,4,4,2.9997707867857324,0.0002389686206901699,0.00020069743541426053,3.8271185275909374e-05,0.18528954371283385,0.8147104562871661,49
iid_shuffle,0.017887742229138453,5.808328545488298e-05,0.012528917780255465,3,4,2.9997899571979736,0.0002323362298961038,0.00033000010052106727,-9.766387062496348e-05,0.16614748976613605,0.833852510233864,50
iid_shuffle,0.016409140442851734,4.872887272055202e-05,0.009379784350966197,5,6,2.9997753925701005,0.00019461573267523453,0.00021219487260456054,-1.757913992932601e-05,0.3479569380489371,0.6520430619510629,51
iid_shuffle,0.020273518190704908,7.423145632339964e-05,0.01330405830894619,4,5,2.9997872145472093,0.0002964262623282,0.0003145628188376781,-1.8136556509478125e-05,0.3026722338945993,0.6973277661054007,52
iid_shuffle,0.017070382649710173,5.2456299837393995e-05,0.009888730537877595,4,5,2.9997342417036705,0.0002097700029195553,0.00021808840190667332,-8.318398987118027e-06,0.2454271798274955,0.7545728201725045,53
iid_shuffle,0.0207857560609735,7.770264080364883e-05,0.012275869703166005,4,5,2.999811633827477,0.00031144787691280367,0.00019376305449121445,0.00011768482242158923,0.24907511350225656,0.7509248864977435,54
iid_shuffle,0.01575637992546182,4.472908110114209e-05,0.010558389075460469,4,4,2.9998035685120117,0.0001790382273983951,0.00022108370109192883,-4.204547369353372e-05,0.21058550105543067,0.7894144989445693,55
iid_shuffle,0.02277956555812325,9.363432542884539e-05,0.014753473274099515,4,4,2.999844368512538,0.0003749292134507812,0.0002694855620938891,0.00010544365135689213,0.20089470761091055,0.7991052923890894,56
iid_shuffle,0.017431718838094797,5.469197482271003e-05,0.010032939667721657,4,5,2.9997659262595624,0.00021912864685580405,0.00036258229509331276,-0.0001434536482375087,0.2977080830718189,0.7022919169281812,57
iid_shuffle,0.019765129538735143,7.071724769429702e-05,0.013712750271256317,4,5,2.9997346073420617,0.00028327272160327127,0.00020193492203784085,8.133779956543042e-05,0.23316636348337488,0.7668336365166251,58
iid_shuffle,0.019899503541535628,7.160769585648149e-05,0.012245212659377426,4,5,2.999815839133681,0.0002866788840382984,0.00022240353948850943,6.427534454978899e-05,0.27963776480468006,0.7203622351953199,59
iid_shuffle,0.01961025766699249,6.956977487822033e-05,0.012105248505402053,4,5,2.999788790532679,0.0002774762892143707,0.00024762725755567063,2.9849031658700054e-05,0.2463947617548328,0.7536052382451672,60
iid_shuffle,0.019729767276696918,7.047513881573009e-05,0.01242408093605008,4,4,2.9997434477429885,0.0002814006709894594,0.0003117071086407372,-3.0306437651277758e-05,0.17284366408135265,0.8271563359186473,61
iid_shuffle,0.019226752394154764,6.678840981263184e-05,0.012969163517962881,4,5,2.999702266335714,0.0002675882195226748,0.0002352088129609376,3.237940656173721e-05,0.24370209022332445,0.7562979097766755,62
iid_shuffle,0.018197110837466654,5.9748348946617516e-05,0.011780749998689517,4,4,2.9997572129727796,0.00023899676840903725,0.0002509745963272468,-1.1977827918209559e-05,0.17209262288032798,0.827907377119672,63
iid_shuffle,0.01969696075374232,6.963476977041218e-05,0.013363990260223954,4,5,2.9997849847623845,0.0002787142860033035,0.00019977703961771739,7.893724638558612e-05,0.256408163935562,0.743591836064438,64
iid_shuffle,0.02066921566705047,7.707413615398601e-05,0.01591538485088736,3,4,2.9997309342991967,0.00030953725077377493,0.0002805659782600062,2.8971272513768744e-05,0.17008232635570264,0.8299176736442974,65
iid_shuffle,0.019258823900235124,6.670366010338378e-05,0.01264284837034918,3,4,2.999814555312195,0.0002666258750928535,0.00018677347107193577,7.985240402091771e-05,0.17729863661428202,0.822701363385718,66
iid_shuffle,0.015873980305838992,4.55266920630474e-05,0.0109117688617549,4,5,2.999802735145503,0.00018187056749018437,0.00026757035212215637,-8.5699784631972e-05,0.22407660996281545,0.7759233900371846,67
iid_shuffle,0.017402349439532065,5.459698653063903e-05,0.011619512496047429,4,4,2.999714765238622,0.0002183285930191024,0.00025833611754822556,-4.000752452912315e-05,0.21507524043469378,0.7849247595653062,68
iid_shuffle,0.018145180476234743,5.9125615502936e-05,0.01113685960668799,4,5,2.9997779494969974,0.00023688937260602915,0.0002697743960565108,-3.288502345048165e-05,0.3068171140925891,0.693182885907411,69
iid_shuffle,0.01725282610390576,5.380169691843814e-05,0.011327270665152074,4,5,2.9997705953385068,0.00021465479926405226,0.000202476386552608,1.2178412711444261e-05,0.2590871907962323,0.7409128092037677,70
iid_shuffle,0.018482167412657596,6.143448472751677e-05,0.012093372676964545,4,4,2.9997015703773915,0.0002464140094157819,0.0003161621669825975,-6.974815756681562e-05,0.2152740167949299,0.7847259832050701,71
iid_shuffle,0.020421260304500317,7.549948052202479e-05,0.01300893601587251,4,5,2.9997327435483165,0.0003018682221020747,0.0001915241288415373,0.00011034409326053738,0.2914431196059788,0.7085568803940212,72
iid_shuffle,0.02074144894802273,7.764817396231234e-05,0.013275142458877072,4,5,2.999679864881177,0.00030996786689014644,0.00021067529472300613,9.929257216714031e-05,0.24022641408671305,0.7597735859132869,73
iid_shuffle,0.017214191963926304,5.34069310822395e-05,0.010169593710460782,4,4,2.999810836106768,0.0002132502600499596,0.00024615116214526803,-3.290090209530843e-05,0.22041400277308298,0.779585997226917,74
iid_shuffle,0.0211303509262146,8.036162181741517e-05,0.01294528809758893,4,4,2.999776151294362,0.00032172025397468357,0.00016754063587608699,0.00015417961809859659,0.15611511350887725,0.8438848864911228,75
iid_shuffle,0.02033715711858741,7.43782869101956e-05,0.012869785814470758,4,5,2.99979905105354,0.0002978265292452308,0.00019578544610378227,0.00010204108314144854,0.27879067790921247,0.7212093220907876,76
iid_shuffle,0.017289681926565766,5.3895772205820756e-05,0.011655800707172806,4,4,2.999666653648265,0.00021529094269490608,0.0002638042023362895,-4.851325964138343e-05,0.20243590603064496,0.797564093969355,77
iid_shuffle,0.015877737836192875,4.532563240325061e-05,0.01048061406892737,4,5,2.999854486039823,0.00018160539326845864,0.00016156478722692514,2.0040606041533504e-05,0.24006483626984598,0.759935163730154,78
iid_shuffle,0.017773873960437427,5.7087392482731486e-05,0.012236574877990333,4,4,2.9997642923935968,0.0002281002457564135,0.0002718105156438939,-4.371026988748039e-05,0.2215260911234874,0.7784739088765126,79
iid_shuffle,0.0178973613520317,5.7733050987779074e-05,0.01067163059273491,4,5,2.999847435109179,0.0002309657216762993,0.0002725919005262291,-4.162617884992978e-05,0.2574911102730089,0.7425088897269911,80
iid_shuffle,0.01772039095657131,5.6500813341798064e-05,0.01386936928801684,3,4,2.999803029032139,0.00022660015833546345,0.00017237421811315697,5.422594022230648e-05,0.1932108690950366,0.8067891309049634,81
iid_shuffle,0.017771239009597373,5.691823880562307e-05,0.011356835530427848,4,5,2.999758404351102,0.00022733219895605078,0.0001383397008688138,8.899249808723699e-05,0.2587358996699841,0.7412641003300159,82
iid_shuffle,0.017118858795305766,5.2715242052870964e-05,0.01095688686300861,4,5,2.999786639849325,0.00021047224927721095,0.0002276158651238614,-1.714361584665046e-05,0.2989351714993981,0.7010648285006019,83
iid_shuffle,0.017231605464950103,5.329480896149982e-05,0.011190462199798674,4,4,2.999783455296588,0.0002133751810346857,0.0001895873830937492,2.378779794093649e-05,0.1751948685517483,0.8248051314482517,84
iid_shuffle,0.0216217113272291,8.429832654334447e-05,0.013604350331247735,4,4,2.9997403523625765,0.0003381616514231086,0.00024163942210255786,9.652222932055076e-05,0.20004015722392113,0.7999598427760789,85
iid_shuffle,0.017513803078727127,5.5344377081855396e-05,0.010247751853654476,4,4,2.999713114528442,0.00022202496159060527,0.0002510850322398012,-2.9060070649195908e-05,0.16140016569386345,0.8385998343061365,86
iid_shuffle,0.02054783145402733,7.614205139681625e-05,0.012354126258919613,4,5,2.9997684925246375,0.0003035866873581944,0.0002150018887399056,8.85847986182888e-05,0.27432914402787983,0.7256708559721201,87
iid_shuffle,0.01657965609064069,4.959920224663643e-05,0.011023671725394273,4,4,2.999783110374196,0.00019877999905719171,0.0002381974126018993,-3.94174135447076e-05,0.15354020959155446,0.8464597904084455,88
iid_shuffle,0.018891516397154355,6.438328548980736e-05,0.010767686545468601,4,5,2.999812245800859,0.0002580861166000863,0.00024365469814948584,1.4431418450600448e-05,0.30263950805858536,0.6973604919414147,89
iid_shuffle,0.014460631630516724,3.757521640409189e-05,0.008259468074090663,4,5,2.999785634984286,0.0001506075758924432,0.00021240652939776082,-6.179895350531762e-05,0.2724166319503614,0.7275833680496386,90
iid_shuffle,0.017783225216965647,5.694115619701117e-05,0.01237010982546308,4,5,2.9997823474983623,0.0002282364540921115,0.0001985829396757871,2.9653514416324407e-05,0.2430861341120663,0.7569138658879337,91
iid_shuffle,0.017730745167115987,5.673564881034559e-05,0.01186191968278598,4,5,2.9997479750763625,0.00022660701916424894,0.00023372387749744162,-7.11685833319268e-06,0.30739459109957284,0.6926054089004272,92
iid_shuffle,0.016407059305864467,4.857791463834207e-05,0.010640918818038927,4,5,2.9997968116618194,0.0001945149199136888,0.0002469872119704452,-5.2472292056756405e-05,0.273963053514161,0.7260369464858389,93
iid_shuffle,0.014557605231490694,3.8201647570164384e-05,0.008564814440478677,4,4,2.9996992003812815,0.0001535595418825465,0.00030720544763902444,-0.00015364590575647793,0.2198801255000421,0.7801198744999579,94
iid_shuffle,0.01694333989518271,5.1794086021182025e-05,0.010892343160067229,4,5,2.9998000404715697,0.0002073624708032987,0.0003266457951929205,-0.0001192833243896218,0.22708107204480973,0.7729189279551902,95
iid_shuffle,0.015958587934281263,4.582651458219316e-05,0.00936686648803662,5,5,2.9997168669497105,0.00018285287090562892,0.0002855283626268655,-0.00010267549172123658,0.31941682141066174,0.6805831785893383,96
iid_shuffle,0.01270181368399902,2.9098928549959658e-05,0.0077099550250869465,4,5,2.999720467583863,0.0001164885024593642,0.000223971506332043,-0.0001074830038726788,0.27785966170416737,0.7221403382958327,97
iid_shuffle,0.01775720710140982,5.6755303749546655e-05,0.011503344279552673,4,5,2.999665610616293,0.0002281513352840462,0.00019082901543177993,3.732231985226626e-05,0.26090621327946645,0.7390937867205336,98
iid_shuffle,0.01629607490553841,4.772844155520588e-05,0.011317230769215876,3,4,2.9998247863303518,0.00019101530855922098,0.00020687744089780438,-1.5862132338583402e-05,0.1336109624210323,0.8663890375789677,99
iid_shuffle,0.020940864632245818,7.917916201729684e-05,0.012865438234769721,4,5,2.9997474329434675,0.0003169111776445841,0.0003058264757100484,1.1084701934535742e-05,0.2860207794017243,0.7139792205982757,100
iid_shuffle,0.018352575958601233,6.037884504218429e-05,0.011955205310949686,4,4,2.999721112436589,0.00024180964272793525,0.00019462882390386643,4.718081882406882e-05,0.22162273107540695,0.778377268924593,101
iid_shuffle,0.01842834500480995,6.177344662034506e-05,0.01085592600432187,5,6,2.9998012935847895,0.0002466333678651871,0.00019059632928982099,5.603703857536612e-05,0.35718856211647254,0.6428114378835275,102
iid_shuffle,0.016612085946670085,4.98611203023713e-05,0.009630719718995196,5,5,2.9997893392039376,0.00019969626841156863,0.00026263727675239924,-6.294100834083061e-05,0.3285779751235867,0.6714220248764133,103
iid_shuffle,0.015922328052408615,4.5655439706683054e-05,0.010672257584655724,4,5,2.999742824288446,0.0001826123489034749,0.0002091971184240578,-2.6584769520582904e-05,0.27650633846934114,0.7234936615306589,104
iid_shuffle,0.01630300348209909,4.792701141605611e-05,0.011121468765238784,4,5,2.99976716593419,0.00019117158964177954,0.0002817319220204526,-9.056033237867309e-05,0.2581169635101276,0.7418830364898724,105
iid_shuffle,0.02285081246941122,9.423359103363805e-05,0.015756761593678326,4,5,2.999798866335528,0.00037694385298811143,0.00018740571679311938,0.00018953813619499205,0.2551807427165952,0.7448192572834048,106
iid_shuffle,0.016226662306635987,4.744721171277273e-05,0.011566073661227484,3,4,2.9998289649954692,0.00018906409771742252,0.00025853750823806614,-6.947341052064362e-05,0.17711397201368684,0.8228860279863132,107
iid_shuffle,0.019154035138999985,6.60368809824654e-05,0.012938959912826925,4,5,2.9998020436119246,0.00026457089596629415,0.00030866495274307367,-4.4094056776779514e-05,0.2675003664737592,0.7324996335262408,108
iid_shuffle,0.018047007740742572,5.864283351859475e-05,0.012418079097841477,4,4,2.9997048815443743,0.00023477057370226414,0.0002598226411819921,-2.505206747972796e-05,0.21992651002435037,0.7800734899756496,109
iid_shuffle,0.01984952768591705,7.102100109770756e-05,0.012189588101720663,4,5,2.9998419785601844,0.00028438981227555993,0.00020571679644766319,7.867301582789674e-05,0.2848390399256154,0.7151609600743847,110
iid_shuffle,0.01831757343560025,6.0309342316761845e-05,0.012578804602188002,4,5,2.999756062541861,0.00024082658437321998,0.000271822581349329,-3.0995996976109007e-05,0.23725650830200956,0.7627434916979905,111
iid_shuffle,0.01719100721807946,5.33042419354604e-05,0.010646254805089626,4,5,2.999791254751589,0.00021250048893858384,0.0002478671202680542,-3.536663132947039e-05,0.2549643716462455,0.7450356283537545,112
iid_shuffle,0.019609134557934654,6.924517161243187e-05,0.011816754586071154,5,5,2.9997723826187506,0.00027665845819350337,0.0002218254402577925,5.483301793571087e-05,0.3562653594339268,0.6437346405660732,113
iid_shuffle,0.01672044806398425,5.02615052898003e-05,0.011303381346671384,3,4,2.9997589086993033,0.00020200859486301838,0.00023585049241124704,-3.384189754822867e-05,0.15281393775267155,0.8471860622473284,114
iid_shuffle,0.017067188223643275,5.246849141604836e-05,0.010462399866941353,4,5,2.9998745285868362,0.00020993140293868516,0.0002465332329518552,-3.660183001317002e-05,0.26776911749400434,0.7322308825059957,115
iid_shuffle,0.018800505477253475,6.372979461591463e-05,0.012809723812020836,4,5,2.9997964778740522,0.00025480039937590183,0.00020999044669390077,4.480995268200106e-05,0.24020200645832893,0.7597979935416711,116
iid_shuffle,0.017799822253925075,5.7187945893135336e-05,0.012182946858403949,4,4,2.9997256824037097,0.00022845840215559362,0.00024578251033477753,-1.7324108179183912e-05,0.20638015426332817,0.7936198457366719,117
iid_shuffle,0.018930453562541322,6.446683131946317e-05,0.013417063803653921,5,5,2.99976803641748,0.00025785019189056735,0.00031608185710789677,-5.8231665217329414e-05,0.33158630206265294,0.6684136979373471,118
iid_shuffle,0.018973097651587178,6.48212471232395e-05,0.012341478954844142,4,5,2.9997529433469863,0.0002593061859684203,0.0003055945663810849,-4.62883804126646e-05,0.2637592809332766,0.7362407190667234,119
iid_shuffle,0.018238934357903767,6.01567975505266e-05,0.013933179248403652,3,4,2.9997148548084676,0.00024013106490304706,0.00028615658484796745,-4.602551994492039e-05,0.17406015817802645,0.8259398418219736,120
iid_shuffle,0.0176967228026837,5.618336906898467e-05,0.011764716276564465,4,4,2.999785650048606,0.0002256213188326851,0.00021164864922185397,1.397266961083112e-05,0.21638641579283763,0.7836135842071623,121
iid_shuffle,0.015097531072450165,4.0829799824896484e-05,0.009368045464510224,4,5,2.999787097321508,0.0001642497247799135,0.00023928393346968332,-7.503420868976984e-05,0.2585213715314453,0.7414786284685547,122
iid_shuffle,0.019809013002680537,7.094971595066991e-05,0.013634351786256294,4,5,2.999824536584371,0.00028387195637748105,0.00026336495587194223,2.050700050553882e-05,0.2513753611924148,0.7486246388075852,123
iid_shuffle,0.02140552996628895,8.271259655654132e-05,0.01508909436068597,4,4,2.9998161937840906,0.00033120860405130533,0.00019547745769024708,0.00013573114636105825,0.1306749401396505,0.8693250598603495,124
iid_shuffle,0.016297690030955502,4.78471833080477e-05,0.009829703015238216,4,5,2.9997981497606587,0.0001910706768870257,0.0001516313876080947,3.9439289278930996e-05,0.2576848235175611,0.7423151764824389,125
iid_shuffle,0.01773639176067804,5.655953079366154e-05,0.0131605853835257,4,5,2.999789805310299,0.00022673052643662684,0.00020936337102260859,1.7367155414018255e-05,0.27057097899793386,0.7294290210020662,126
iid_shuffle,0.02067301665095982,7.71375411738931e-05,0.012910446323372087,4,4,2.9998557079277965,0.00030854508318305004,0.00022921164604095456,7.933343714209548e-05,0.195537075003174,0.804462924996826,127
iid_shuffle,0.020866677241761198,7.833376043553072e-05,0.012118867510580077,4,4,2.9997864296520667,0.0003135288949640927,0.0001460704520523873,0.00016745844291170538,0.17877355908937348,0.8212264409106265,128
iid_shuffle,0.019441505208888366,6.825067267236882e-05,0.013654247708634786,4,4,2.999738042477508,0.0002737268256223235,0.00025522372204242493,1.8503103579898574e-05,0.19531295433135729,0.8046870456686427,129
iid_shuffle,0.018311140383286878,6.047884674449513e-05,0.011967948539067746,4,4,2.9998264014963474,0.00024133131116386576,0.00014903563364628323,9.229567751758253e-05,0.18317826733372533,0.8168217326662747,130
iid_shuffle,0.01962422363626479,6.943662876774367e-05,0.012261887329084445,4,5,2.999796363394724,0.00027777851336559624,0.00020978354115568218,6.799497220991407e-05,0.26341766582299064,0.7365823341770094,131
iid_shuffle,0.017592677533973842,5.5854712907396234e-05,0.009909096194718612,4,5,2.9997652082685757,0.00022299117452615874,0.00032455615223041294,-0.0001015649777042542,0.2701238192826097,0.7298761807173904,132
iid_shuffle,0.018343757087505005,6.0732988233193e-05,0.012231085035940505,4,5,2.999807173795186,0.0002430728578734436,0.00028149809126580734,-3.842523339236373e-05,0.2453942890532848,0.7546057109467152,133
iid_shuffle,0.017087555887759658,5.276216371264062e-05,0.011050164003811877,4,5,2.9998248372954732,0.00021133804556054903,0.000315033213518104,-0.00010369516795755498,0.26765470826798604,0.7323452917320139,134
iid_shuffle,0.01956213805527146,6.931386619397158e-05,0.012977950616992867,4,5,2.999807768303726,0.00027660478552073674,0.0002744441008997177,2.1606846210190213e-06,0.2627896033453163,0.7372103966546837,135
iid_shuffle,0.018172209564528835,5.950776513158587e-05,0.010795924841153838,5,6,2.9998196107227386,0.00023740048911294928,0.00025516091685136007,-1.776042773841079e-05,0.3592764816288407,0.6407235183711593,136
iid_shuffle,0.015169576411064945,4.149819966958849e-05,0.010018454690983948,3,4,2.9997602983686895,0.00016608672796351062,0.00023845393715460898,-7.236720919109836e-05,0.19593063864090277,0.8040693613590972,137
iid_shuffle,0.017254063074627044,5.367059202226174e-05,0.012447368104951619,4,4,2.9997338286431914,0.00021450523998312908,0.00020636331785988253,8.14192212324655e-06,0.20246765644484532,0.7975323435551547,138
iid_shuffle,0.017055568190253077,5.254705800649702e-05,0.010370393521382363,4,4,2.9997863625664034,0.0002098045202669435,0.00020922999099570895,5.745292712345444e-07,0.19865856063992576,0.8013414393600742,139
iid_shuffle,0.019232277609756394,6.700593486597103e-05,0.013565791756420071,4,5,2.9997765168276076,0.00026827875240419515,0.000229388616174632,3.889013622956314e-05,0.25320759007013627,0.7467924099298637,140
iid_shuffle,0.018892202375399868,6.43724559713111e-05,0.012202339956971583,4,5,2.9997805919207843,0.0002574215574563033,0.0002843842340829248,-2.696267662662149e-05,0.23637421815679252,0.7636257818432075,141
iid_shuffle,0.019827660677516398,7.077043606082379e-05,0.010993506176073201,4,5,2.999837520925753,0.000283401721627537,0.00015540672512433996,0.00012799499650319702,0.289526325206551,0.710473674793449,142
iid_shuffle,0.01719731911117828,5.337124689810031e-05,0.010833946473429498,5,5,2.999787835925606,0.00021387137800014488,0.00015168743992936877,6.218393807077611e-05,0.31662721571330626,0.6833727842866937,143
iid_shuffle,0.016363428973015418,4.81630182174941e-05,0.011161343051511813,4,4,2.9997493553008385,0.00019292286929789533,0.0003113373791741896,-0.0001184145098762943,0.21186902862416088,0.7881309713758391,144
iid_shuffle,0.014477769174487566,3.766395650540986e-05,0.008589026149915429,4,5,2.999729610433868,0.0001514455024051774,0.00022748851528344634,-7.604301287826893e-05,0.2693284978111646,0.7306715021888355,145
iid_shuffle,0.0189689202431029,6.467699892949742e-05,0.011713296780937209,4,5,2.999743622970396,0.00025891539437774007,0.00024645138451490805,1.2464009862832022e-05,0.2911238186583731,0.7088761813416269,146
iid_shuffle,0.018730450312733314,6.320468377087536e-05,0.012526702493115964,4,4,2.99976207560162,0.0002533104441459654,0.00017571532926120663,7.759511488475879e-05,0.2023243421929591,0.7976756578070409,147
iid_shuffle,0.020906517611442837,7.88425585632656e-05,0.014766197462019926,4,5,2.999817072688268,0.000315620979802663,0.0001910631653098139,0.0001245578144928491,0.24117946334700716,0.7588205366529929,148
iid_shuffle,0.01773495886357307,5.6470730073874585e-05,0.011707143793141772,4,5,2.999690621082736,0.00022537219049295008,0.0002067319933411569,1.864019715179318e-05,0.23754681809405584,0.7624531819059441,149
iid_shuffle,0.018758405109537843,6.307231453549019e-05,0.011812645004876625,4,5,2.9997393336909144,0.0002530805074470185,0.00027009846659070707,-1.7017959143688548e-05,0.2947541468020244,0.7052458531979756,150
iid_shuffle,0.016261594134157276,4.760426971373454e-05,0.012199846533919291,3,4,2.999808624362051,0.00019061956800406414,0.00020435299124018543,-1.3733423236121292e-05,0.20074660750387247,0.7992533924961276,151
iid_shuffle,0.018970520010012214,6.481097232382809e-05,0.012162712604186266,4,5,2.9997028760552524,0.0002595525504704609,0.000321265929811807,-6.171337934134612e-05,0.2444708756977638,0.7555291243022362,152
iid_shuffle,0.019025244990556366,6.523400031232352e-05,0.011947918712667876,4,5,2.999737336984913,0.0002618112400177016,0.00020293356911290625,5.8877670904795355e-05,0.31261814378990976,0.6873818562100902,153
iid_shuffle,0.014866124881646235,3.9871566619234915e-05,0.010208543292592168,4,5,2.9997970192587884,0.0001601353574067165,0.00022269583150102458,-6.256047409430808e-05,0.26711479391525605,0.732885206084744,154
iid_shuffle,0.01896492651947364,6.459104273886853e-05,0.011495355572916671,4,5,2.999851738173029,0.0002586595222837662,0.00026450582236863906,-5.846300084872856e-06,0.2956943388675401,0.7043056611324598,155
iid_shuffle,0.01831339564916638,6.05076481950352e-05,0.011553432573305992,4,5,2.9997239507024913,0.00024220239380740453,0.00020776347722769497,3.443891657970956e-05,0.25926210211431633,0.7407378978856837,156
iid_shuffle,0.0159317703263743,4.5805072765528127e-05,0.009534599965688083,4,4,2.9997480352346018,0.00018296804761712375,0.00022439884900473812,-4.143080138761438e-05,0.22239438363909178,0.7776056163609082,157
iid_shuffle,0.018842637637010284,6.393951253907027e-05,0.013679932597781125,4,5,2.9998407348084797,0.0002559706607948028,0.0003679987720432128,-0.00011202811124841003,0.22641026318786275,0.7735897368121373,158
iid_shuffle,0.017886023465690418,5.7809587652328425e-05,0.0128758864693231,4,4,2.9997308021836915,0.00023159619418685617,0.00021964712115044797,1.1949073036408197e-05,0.19159548383447125,0.8084045161655288,159
iid_shuffle,0.018083550677892687,5.912214324111092e-05,0.012268360286841244,4,4,2.9997046382027635,0.00023728343929679536,0.0002687380186919975,-3.145457939520216e-05,0.2176577780706936,0.7823422219293064,160
iid_shuffle,0.015286494520330462,4.225905984938909e-05,0.009906857309114631,4,4,2.9997901423365145,0.0001687469415612532,0.0003005974727876134,-0.00013185053122636022,0.12310794860447413,0.8768920513955258,161
iid_shuffle,0.017845298339204833,5.761005286361653e-05,0.010757260512043114,4,5,2.999743054400792,0.00023067529770853391,0.0001916233930495172,3.9051904659016714e-05,0.29128581565292966,0.7087141843470703,162
iid_shuffle,0.014622781344492053,3.864574084056251e-05,0.008905831503825252,4,5,2.999783327592579,0.00015480682003427262,0.00017586931019273304,-2.106249015846042e-05,0.23713073301828552,0.7628692669817145,163
iid_shuffle,0.016865179758103248,5.122530517241116e-05,0.010336646667717818,4,5,2.9997990269455785,0.0002042885217895452,0.0002242974080345902,-2.0008886245045005e-05,0.29373742116413876,0.7062625788358612,164
iid_shuffle,0.013330937217202436,3.210249259375406e-05,0.008829047734044962,4,5,2.9997887472153484,0.0001281626768254543,0.000209707786864484,-8.15451100390297e-05,0.24854591623064745,0.7514540837693525,165
iid_shuffle,0.015471889404485368,4.3057961398924126e-05,0.00879460386513501,5,6,2.9998412802618803,0.0001727027975692722,0.00032049971121932765,-0.00014779691365005544,0.34828210171851975,0.6517178982814802,166
iid_shuffle,0.01872881484183152,6.310050251808716e-05,0.011374740920797278,4,4,2.999776040704144,0.00025244707107517736,0.00024454907673736694,7.897994337810422e-06,0.18160493144959902,0.818395068550401,167
iid_shuffle,0.0155114685509031,4.337141728021336e-05,0.00981177536116451,4,5,2.9998028273245416,0.00017419154662480353,0.0002675536318175745,-9.336208519277099e-05,0.23032887282658848,0.7696711271734116,168
iid_shuffle,0.01986597205880755,7.146704751885635e-05,0.012368009744879694,4,5,2.999765483913533,0.0002853277109377898,0.0002466923081071845,3.8635402830605324e-05,0.2548853880152077,0.7451146119847922,169
iid_shuffle,0.02091723892223687,7.902780266101509e-05,0.013150200450344242,4,5,2.9997335058722805,0.0003159069561145789,0.00028612562858764534,2.978132752693357e-05,0.25364795661153083,0.7463520433884692,170
iid_shuffle,0.016817084949215758,5.1033700543827636e-05,0.010696837291753091,4,5,2.9996716154738166,0.00020344399318260428,0.00035435766560374434,-0.00015091367242114006,0.243863576004651,0.756136423995349,171
iid_shuffle,0.018656974255703427,6.286224319745026e-05,0.011181144807257421,4,5,2.9996829182542024,0.0002510367579685248,0.00023030164183960667,2.0735116128918138e-05,0.23722488999216673,0.7627751100078333,172
iid_shuffle,0.020139344044137506,7.316291335451163e-05,0.01188546586029488,4,5,2.9997508569463567,0.0002927583270116482,0.0001939247801257111,9.883354688593708e-05,0.2989923880992723,0.7010076119007277,173
iid_shuffle,0.019207217163957378,6.630812813126667e-05,0.012893746394936047,4,5,2.999807989225844,0.00026570333111193925,0.00023322476360884822,3.2478567503091025e-05,0.2811705726007907,0.7188294273992093,174
iid_shuffle,0.01549435644374426,4.331614783335016e-05,0.00997038409689881,4,4,2.99979695549201,0.0001732320010531003,0.00024871199106991,-7.547999001680968e-05,0.15411930014879854,0.8458806998512014,175
iid_shuffle,0.017666326372583075,5.620542948473837e-05,0.011643428468730722,4,4,2.999722233115414,0.0002246697629584972,0.000276968643130195,-5.229888017169778e-05,0.22003093225642573,0.7799690677435742,176
iid_shuffle,0.01665341791176117,4.994857071781371e-05,0.009351808495285188,5,5,2.999673228114672,0.00019965558636099304,0.00018315923110835545,1.6496355252637596e-05,0.3232242833260477,0.6767757166739523,177
iid_shuffle,0.020239581619399948,7.399594298876997e-05,0.012924441577958549,4,5,2.9997914961886676,0.00029677022197830696,0.0002058317324864309,9.093848949187606e-05,0.2916412285746486,0.7083587714253514,178
iid_shuffle,0.020624164920806282,7.662524791899757e-05,0.012924798841100893,4,5,2.999678496309208,0.0003061769980481645,0.0002932958140709289,1.2881183977235587e-05,0.26383435325359805,0.736165646746402,179
iid_shuffle,0.01736309642135425,5.439455570172554e-05,0.012305861386946048,4,4,2.9997343235735054,0.00021754642016958773,0.0002853503011529594,-6.780388098337169e-05,0.19188645456316475,0.8081135454368352,180
iid_shuffle,0.01763328823530416,5.62015190932609e-05,0.012024290721702581,4,4,2.9997820883659747,0.0002245061514682839,0.00020206643428969425,2.2439717178589647e-05,0.17106378512410797,0.8289362148758921,181
iid_shuffle,0.019168995060920593,6.622990127832682e-05,0.01228062483251533,4,5,2.99979230287288,0.0002647595309544238,0.0002218986142153686,4.28609167390552e-05,0.24654952890080645,0.7534504710991936,182
iid_shuffle,0.01673302659193665,5.078168405600157e-05,0.010466915950698529,4,4,2.999756056044914,0.00020283334792933554,0.00023262595253877293,-2.9792604609437388e-05,0.21504427975766818,0.7849557202423318,183
iid_shuffle,0.019037419663942987,6.53621937803325e-05,0.014891925430735801,3,4,2.9997592823579966,0.0002607425070324268,0.00025565379676047075,5.08871027195604e-06,0.20263977090772264,0.7973602290922773,184
iid_shuffle,0.017934743108896988,5.80700997700151e-05,0.011764924010431266,4,5,2.9998004514576295,0.0002317247763576457,0.00020558709886707774,2.6137677490567957e-05,0.2620826568300165,0.7379173431699835,185
iid_shuffle,0.018675046433863102,6.279604018269468e-05,0.010936577609617233,4,5,2.9996356399300885,0.000252471277918139,0.000267700648001696,-1.5229370083556966e-05,0.2637447949344869,0.7362552050655131,186
iid_shuffle,0.020149574046646964,7.325901130360207e-05,0.01371949423237204,4,5,2.999778650663913,0.0002940749733782585,0.00026827361586745363,2.580135751080486e-05,0.26312278699100505,0.7368772130089949,187
iid_shuffle,0.01645623401805679,4.899695739969047e-05,0.009359925879938905,5,6,2.9998030697623475,0.0001958773684310611,0.00022341564127409278,-2.7538272843031662e-05,0.3394529682647344,0.6605470317352655,188
iid_shuffle,0.017902298336308405,5.76877392007208e-05,0.011647054943839504,4,5,2.999692291973776,0.00023123817536397693,0.00021333387530782065,1.7904300056156283e-05,0.23244235276057232,0.7675576472394277,189
iid_shuffle,0.014687123141995172,3.8968055712104306e-05,0.009734500307404659,4,4,2.9996773317855348,0.00015549936572166963,0.00018081090148280976,-2.5311535761140126e-05,0.17554592229932545,0.8244540777006746,190
iid_shuffle,0.016156088785954474,4.718140925908588e-05,0.009709575640894634,4,5,2.999746036478121,0.0001893492647553484,0.00020137799515763537,-1.2028730402286966e-05,0.3132337698137294,0.6867662301862706,191
iid_shuffle,0.01891660814205141,6.461253093055124e-05,0.010296125426272514,5,5,2.999717025355417,0.0002584712560644483,0.00013562292744142423,0.00012284832862302408,0.3450278765774741,0.6549721234225259,192
iid_shuffle,0.0186631634363966,6.285262792801295e-05,0.011645244551017885,4,5,2.999714617302879,0.0002525165869170311,0.00018244748388991346,7.006910302711762e-05,0.2749282603390334,0.7250717396609666,193
iid_shuffle,0.01767159847673711,5.6468921138156096e-05,0.011607919514144383,4,4,2.999794337194631,0.00022522839467216076,0.00024611339399895706,-2.0884999326796293e-05,0.20522076625072633,0.7947792337492736,194
iid_shuffle,0.021118693148637884,8.053587301915094e-05,0.0137697833519566,4,5,2.999811046895307,0.0003218634166025509,0.00021834780334883998,0.0001035156132537109,0.25937196515468514,0.7406280348453149,195
iid_shuffle,0.017440134543369595,5.498805842854676e-05,0.011152609446855498,4,4,2.9997168204782243,0.00021987732301980247,0.0003265114001284273,-0.0001066340771086248,0.1798389260733272,0.8201610739266728,196
iid_shuffle,0.015548452931031048,4.351345204659623e-05,0.00918934717275964,4,5,2.9997408029790944,0.00017395503763498242,0.00014099176734103146,3.296327029395096e-05,0.2842816067130774,0.7157183932869227,197
iid_shuffle,0.0165403887014275,4.944617382518756e-05,0.011021114916129657,4,5,2.9997658009742802,0.00019770526559156323,0.00023180127660571664,-3.409601101415341e-05,0.248612516523658,0.751387483476342,198
iid_shuffle,0.01917449292548512,6.641188913867547e-05,0.012508956739796667,4,4,2.9997487006172032,0.00026559773451338535,0.00020726782144020976,5.8329913073175584e-05,0.19170305845552996,0.8082969415444701,199
markov_synthetic,0.013914232824663147,3.545810830995983e-05,0.00825780400514003,4,5,2.672068932429193,0.037771531473055744,0.0002493098695288395,0.037522221603526903,0.27990938893542766,0.7200906110645724,0
markov_synthetic,0.0151409066373445,4.251043796940289e-05,0.008741427540122807,4,5,2.672212312763546,0.03701213441504929,0.00028766629970681325,0.036724468115342475,0.3121372284257101,0.6878627715742899,1
markov_synthetic,0.01860018241421388,5.993057830278693e-05,0.012222471119031655,4,5,2.675235968494835,0.03707641710419418,0.0002300684638720418,0.03684634864032214,0.28963640671767527,0.7103635932823247,2
markov_synthetic,0.01654118819670056,4.809578025364649e-05,0.009757140510177413,4,5,2.6766502381747377,0.03696619737462377,0.00019723780558249422,0.036768959569041276,0.2756669126964025,0.7243330873035976,3
markov_synthetic,0.018430169587802487,6.577922467958011e-05,0.01154342672129001,4,5,2.6755073896941393,0.036502622943915736,0.00021094657099482818,0.036291676372920904,0.2278751400912181,0.7721248599087819,4
markov_synthetic,0.016657586565627446,5.074305421696444e-05,0.010078559586073788,4,5,2.6731677421531064,0.03702495065802586,0.00019044235147311301,0.03683450830655274,0.31373285060036366,0.6862671493996364,5
markov_synthetic,0.01867741184517252,6.250076487557165e-05,0.013792871427619964,4,4,2.6778945252730297,0.03613941258883779,0.00023555698887774666,0.03590385559996004,0.1920195299007576,0.8079804700992423,6
markov_synthetic,0.018963542054830546,6.491756046485567e-05,0.011972472619606142,4,5,2.674137428638794,0.03717782563003628,0.00021827682518475792,0.03695954880485152,0.3119042774860033,0.6880957225139968,7
markov_synthetic,0.015725824666819894,4.8305523412727825e-05,0.009541385364648457,4,5,2.673548700648947,0.03699558475824829,0.00021330785113193553,0.03678227690711635,0.2702935981432786,0.7297064018567214,8
markov_synthetic,0.02223833116829884,8.730164513901573e-05,0.015299005893889191,3,4,2.6737178945291133,0.03761173627618785,0.0002677400127034292,0.03734399626348442,0.1715059955043916,0.8284940044956084,9
markov_synthetic,0.018451620371913398,5.929921045344564e-05,0.011634889598899524,4,4,2.6770234981739125,0.03648854275317864,0.0001738621728120142,0.03631468058036663,0.22360582539907153,0.7763941746009284,10
markov_synthetic,0.017390960263240825,5.6524230249790564e-05,0.011140316009278166,4,5,2.6785887398022767,0.034904793317292744,0.0002578573550697052,0.03464693596222304,0.2302588443582039,0.7697411556417961,11
markov_synthetic,0.015917903193669283,4.431058627492571e-05,0.009876721820457705,4,5,2.677292009414661,0.03547548521780546,0.00026483865473991266,0.03521064656306555,0.239576358757352,0.7604236412426479,12
markov_synthetic,0.019314945901800027,6.884659722394804e-05,0.013520438032219842,4,5,2.6747912797150057,0.03737401196264498,0.00024608669245528855,0.037127925270189696,0.2660226685836376,0.7339773314163625,13
markov_synthetic,0.01577893003154763,4.499549053863274e-05,0.010466157160186647,4,5,2.675837571146655,0.03774140834709572,0.00022404776740100622,0.03751736057969471,0.3037295649483393,0.6962704350516606,14
markov_synthetic,0.01492005746032924,3.970365341434849e-05,0.01011611905397138,4,5,2.672419709307625,0.038205732062469536,0.00019947238318076817,0.038006259679288765,0.22919110144091998,0.77080889855908,15
markov_synthetic,0.013267192221683204,3.327467790225297e-05,0.00897458810940415,5,6,2.671359249829825,0.03681776709057638,0.00021792471012213485,0.036599842380454245,0.3307083638519554,0.6692916361480445,16
markov_synthetic,0.015766322001612074,4.7077662576873646e-05,0.009468090214620684,4,5,2.6808192912209674,0.03590838459568655,0.0002613719460141952,0.035647012649672356,0.2812294724300554,0.7187705275699445,17
markov_synthetic,0.01600249772205877,4.8507791037307565e-05,0.01051155628856219,4,4,2.6716568868898354,0.037077791106642354,0.0002309308355906196,0.03684686027105173,0.19992664131147925,0.8000733586885207,18
markov_synthetic,0.016187231130923015,4.378018000217735e-05,0.010012580493980097,4,5,2.6762780918696873,0.0364865099550182,0.00017370512011138676,0.03631280483490681,0.23600432318874232,0.7639956768112577,19
markov_synthetic,0.017824483902616876,5.960031142285215e-05,0.01033995249268498,4,5,2.6699901677464037,0.03825673207186769,0.00019997615496000803,0.03805675591690768,0.28303080027826727,0.7169691997217327,20
markov_synthetic,0.016642328312606976,4.953916526055245e-05,0.009574105884015631,4,5,2.67457414609523,0.03711721382938793,0.0003042211935458095,0.03681299263584212,0.30307319698647334,0.6969268030135267,21
markov_synthetic,0.01785856771586225,5.6787207360443686e-05,0.011587051041380787,4,4,2.6749376322867096,0.037938819353941625,0.0002596537330890706,0.03767916562085256,0.19062876664339795,0.8093712333566021,22
markov_synthetic,0.017675324182337134,5.973829326988521e-05,0.012673619891191402,4,4,2.67617007430682,0.03656082401765261,0.00015731228484776135,0.036403511732804844,0.16143648714566627,0.8385635128543337,23
markov_synthetic,0.019090591219578797,6.66676325510599e-05,0.01149576390253494,4,5,2.6742046724298136,0.037033749353964016,0.00026512230715204383,0.03676862704681197,0.2258872643765901,0.7741127356234099,24
markov_synthetic,0.01610233217105948,4.812422273589775e-05,0.00927436931237716,4,5,2.674578862715346,0.037772177401505944,0.00021961945655972145,0.03755255794494622,0.25867431284529957,0.7413256871547005,25
markov_synthetic,0.01991577161714577,7.482312486519061e-05,0.016733947498223104,3,4,2.6759993237391284,0.037185386082873084,0.00035905370288207044,0.036826332379991014,0.2142131969435934,0.7857868030564066,26
markov_synthetic,0.01660801148897716,4.787684449111834e-05,0.010655659673469297,4,5,2.6748466982784196,0.03655609809565415,0.000263362965076057,0.036292735130578097,0.2503281563757292,0.7496718436242709,27
markov_synthetic,0.01651800462439467,4.8878375832455884e-05,0.011993575319202683,4,5,2.6757686773149687,0.036075850090009944,0.0001943922342660795,0.03588145785574386,0.24496403864083843,0.7550359613591615,28
markov_synthetic,0.01814766276658526,5.672811806779288e-05,0.012460989870999339,4,5,2.6765566473703624,0.03658224479975579,0.0002660201104833054,0.03631622468927248,0.29132867474077817,0.7086713252592218,29
markov_synthetic,0.019079434043239557,6.709482489751755e-05,0.010921147428144137,4,5,2.6763801120036876,0.03686211374826305,0.0003020857918515086,0.03656002795641154,0.2746416340381303,0.7253583659618696,30
markov_synthetic,0.017447722611422783,5.444272612734155e-05,0.011912536324051603,4,5,2.676257362160359,0.03667399300775401,0.000268506266940559,0.036405486740813446,0.3007081240492881,0.6992918759507118,31
markov_synthetic,0.016055170582392943,4.753982246624224e-05,0.010250535826995838,4,4,2.6755870283802716,0.03565646681044482,0.0002732149920639506,0.03538325181838087,0.2212728333791066,0.7787271666208934,32
markov_synthetic,0.01803129248759502,5.8034404395620865e-05,0.012463904598302085,4,5,2.679341408856045,0.035899397129088136,0.00030439536321214146,0.035595001765875996,0.2716510644804073,0.7283489355195927,33
markov_synthetic,0.018400759121324713,5.7094885334666614e-05,0.011791953327506686,4,5,2.6717331985841324,0.038646135695283544,0.00020738867762513187,0.03843874701765841,0.26440965703734004,0.73559034296266,34
markov_synthetic,0.01779848482294862,5.867481256388337e-05,0.010234814467293513,4,5,2.675284461609026,0.036557377868938604,0.00022502459672088255,0.03633235327221772,0.2246107468190319,0.7753892531809681,35
markov_synthetic,0.016651788807095363,5.493696987629151e-05,0.010491271823292774,4,5,2.6741439508623657,0.037492924928890156,0.00022948420391372362,0.037263440724976435,0.25178546710582106,0.7482145328941789,36
markov_synthetic,0.01560707845662582,4.5304561326271135e-05,0.009929223361073483,4,5,2.675459572221363,0.036290764525361154,0.00024888452981279406,0.03604187999554836,0.2733965309997825,0.7266034690002174,37
markov_synthetic,0.017442087998781608,5.310627753598183e-05,0.0100562105328363,4,5,2.6784728855718027,0.03717546173471166,0.0002376498522334547,0.0369378118824782,0.2754760478944885,0.7245239521055116,38
markov_synthetic,0.01656820814816733,5.421243011742343e-05,0.010525504451879242,4,5,2.6729201239376885,0.038668487633620435,0.00029738088541760303,0.038371106748202835,0.23276994069306658,0.7672300593069334,39
markov_synthetic,0.01712898920139128,5.2589647995254915e-05,0.011872986401116134,4,4,2.6763586633563,0.038057160208718306,0.000351793017918321,0.037705367190799984,0.22125891432081546,0.7787410856791845,40
markov_synthetic,0.01946482128801422,7.020981936477354e-05,0.014307585902821116,4,5,2.6748237936366985,0.037143162996372645,0.0002454379667059783,0.036897725029666664,0.28855197391762827,0.7114480260823717,41
markov_synthetic,0.015069213419330147,3.9671805940312826e-05,0.009312812500153922,4,5,2.6767172305010005,0.03557659758698098,0.0002509297731029697,0.03532566781387801,0.2665943106906285,0.7334056893093714,42
markov_synthetic,0.01700952467717794,5.511897212814101e-05,0.010768404770814161,4,5,2.6760634336480846,0.0351400321183864,0.0002653374668413386,0.03487469465154506,0.2641851777038554,0.7358148222961446,43
markov_synthetic,0.016585228612197064,5.197899618367727e-05,0.012002168473641692,3,4,2.6777043217529353,0.03720119808753197,0.00022321059824737658,0.036977987489284596,0.1300130392603035,0.8699869607396965,44
markov_synthetic,0.01588061845255142,4.7930696669568426e-05,0.010446893594285475,4,5,2.6752029055893,0.03770416751358069,0.0001818472406062351,0.03752232027297445,0.24134509003360122,0.7586549099663988,45
markov_synthetic,0.016216793678448253,5.231783551922824e-05,0.011369845712043424,4,4,2.6752655463275294,0.037626491859947056,0.00022434834766136256,0.03740214351228569,0.22016452254776842,0.7798354774522316,46
markov_synthetic,0.019589575639886146,6.739058712346523e-05,0.011390534590264081,4,5,2.6774836004646834,0.03466426839984846,0.0002666903048190269,0.034397578095029434,0.30481127801814045,0.6951887219818595,47
markov_synthetic,0.017756675469478497,5.842466950396097e-05,0.01071983207804766,4,5,2.673932940325629,0.03700784029994721,0.0001992175621792206,0.03680862273776799,0.25779521211058154,0.7422047878894185,48
markov_synthetic,0.017495907629143596,5.290780014119092e-05,0.011550234645256762,4,4,2.677443062988152,0.03707206300631122,0.00028321677387790076,0.036788846232433316,0.21428866890920698,0.785711331090793,49
markov_synthetic,0.02119080575574331,8.170889319713322e-05,0.014260767822231199,4,4,2.674075669380251,0.03766268630407769,0.00020435031036593763,0.03745833599371175,0.21073697968908514,0.7892630203109149,50
markov_synthetic,0.018979850605803164,6.477133635189559e-05,0.011125332691668708,4,5,2.675916759468611,0.03691892903923239,0.00021674803669628187,0.03670218100253611,0.22903049658996308,0.7709695034100369,51
markov_synthetic,0.01487421823030294,4.089421437041743e-05,0.010480494464402827,4,5,2.6770307013577015,0.035521815508498075,0.00026390325104615154,0.03525791225745192,0.23475409915462694,0.765245900845373,52
markov_synthetic,0.018466643703094508,6.0970114994096785e-05,0.013342925686159517,4,5,2.678743197572936,0.03654884342586457,0.00015579407565856297,0.03639304935020601,0.2276634913721042,0.7723365086278958,53
markov_synthetic,0.01687498721385611,5.0536356219831944e-05,0.01074846273913441,4,5,2.674131659288585,0.03851836949540943,0.0002817962709052746,0.03823657322450416,0.2838688799523796,0.7161311200476204,54
markov_synthetic,0.018547484215918772,6.124323933307659e-05,0.01092723208861022,4,5,2.6780669724027617,0.03792654733445449,0.0002279287181765632,0.03769861861627793,0.24899007155116645,0.7510099284488335,55
markov_synthetic,0.015484142356152171,4.191057538365603e-05,0.009880141503131065,4,5,2.67843162755257,0.0359869348757321,0.0002855847787532809,0.03570135009697882,0.2790664772121723,0.7209335227878277,56
markov_synthetic,0.017039655330556992,5.4954023224087126e-05,0.011608554915330593,4,4,2.6738934614373777,0.03775933880885667,0.0002218094458591823,0.03753752936299749,0.20749592685446006,0.79250407314554,57
markov_synthetic,0.018927405199923232,6.39345468805977e-05,0.013254192889759955,4,4,2.679665314897384,0.03639844202126585,0.00024549400675700724,0.03615294801450884,0.2164205954930863,0.7835794045069138,58
markov_synthetic,0.018177726175437788,6.074728343990247e-05,0.012075237632583556,4,5,2.675058877127296,0.037494360568059576,0.00019590353230841044,0.037298457035751166,0.2611393564472088,0.7388606435527911,59
markov_synthetic,0.016334102788188115,4.7408836928186657e-05,0.0096631163679575,4,5,2.6721505555795257,0.036273083913950885,0.00020354948449642472,0.03606953442945446,0.25369617477013284,0.7463038252298672,60
markov_synthetic,0.01683050052879589,5.330703550695363e-05,0.010891746567863887,4,5,2.676664861147599,0.03630314302817628,0.00028354155521892883,0.036019601472957345,0.22646900836027928,0.7735309916397207,61
markov_synthetic,0.018046507269055746,5.891374862007477e-05,0.010825717248574144,4,5,2.6779382158417304,0.03700295811655476,0.00021894072325962546,0.036784017393295135,0.30199933930223344,0.6980006606977666,62
markov_synthetic,0.016403445242292248,4.808792202876615e-05,0.00987198836555202,4,5,2.676233525321036,0.03739169273221114,0.00023469703103682209,0.03715699570117432,0.26281404253213525,0.7371859574678647,63
markov_synthetic,0.014460505757021529,4.2135703843519026e-05,0.009579654861924485,4,4,2.6776396707388157,0.038136851685599105,0.00023384190278878306,0.037903009782810325,0.20855104725091053,0.7914489527490894,64
markov_synthetic,0.01805510013824927,6.271121310423103e-05,0.01275738070816901,4,4,2.6795079690499692,0.03555903856373263,0.00017638774475990153,0.03538265081897273,0.2017339038861731,0.7982660961138269,65
markov_synthetic,0.019015230387309026,6.724925068509942e-05,0.012235681780993109,4,5,2.676163940502614,0.03719670197561682,0.00016903480091721984,0.0370276671746996,0.27501027659965693,0.7249897234003431,66
markov_synthetic,0.01480674952679935,4.1197481582012846e-05,0.010776933013453014,4,5,2.673596800656439,0.036842368872553766,0.00018192390618949108,0.036660444966364274,0.2270246762648309,0.7729753237351691,67
markov_synthetic,0.018087911222843176,5.780828765359727e-05,0.013162305867128566,4,5,2.6738100276415917,0.03796265140071812,0.00020055547399703202,0.037762095926721084,0.2539784557903089,0.7460215442096911,68
markov_synthetic,0.015763287102702587,4.6237175614102014e-05,0.009796086395094607,4,5,2.6746001213598096,0.03651061240599011,0.00018316502358840136,0.036327447382401706,0.27130482776442544,0.7286951722355746,69
markov_synthetic,0.016433796117268362,4.904532691155346e-05,0.010428937568317878,4,5,2.674256203393994,0.038830844006768374,0.00022606057105338436,0.03860478343571499,0.3132168729725222,0.6867831270274778,70
markov_synthetic,0.017239656049813104,5.5207948034053525e-05,0.010711203956062131,5,5,2.6706935408171475,0.039050023566838094,0.0001534479849930721,0.03889657558184502,0.3474954345632639,0.6525045654367361,71
markov_synthetic,0.0198488886350643,7.22775994706488e-05,0.01269059588346105,4,4,2.6752566471251673,0.035994212700572834,0.00019667753980458366,0.03579753516076825,0.18807080426531617,0.8119291957346838,72
markov_synthetic,0.01752600667020842,5.922694436076366e-05,0.01099165494100824,4,5,2.6735868011754755,0.037174039778437855,0.00018599187058456753,0.03698804790785329,0.24668386007138057,0.7533161399286195,73
markov_synthetic,0.018039330693674815,5.6567196957694114e-05,0.011188020150773779,3,4,2.6703159310393976,0.036176536114214494,0.0002145183044598015,0.03596201780975469,0.17088744686763677,0.8291125531323632,74
markov_synthetic,0.018648502156313317,6.385314036578535e-05,0.01146896821761306,4,5,2.6738303456997157,0.037433872358955386,0.00018308048974475483,0.03725079186921063,0.2451234312370542,0.7548765687629457,75
markov_synthetic,0.019785295913411174,6.986581183614588e-05,0.0121446390613548,4,5,2.675105458377595,0.03693625849711831,0.00023391505891879726,0.03670234343819952,0.23284431638732747,0.7671556836126725,76
markov_synthetic,0.015055905946782184,4.742494924032051e-05,0.010085258878255355,3,4,2.6765113193887364,0.03698981896052449,0.00025164303193883067,0.03673817592858566,0.1878428347351993,0.8121571652648008,77
markov_synthetic,0.015984880661162864,4.886710339656092e-05,0.009847608379401697,4,4,2.677718099071835,0.0360367653218414,0.00041497968624880344,0.035621785635592595,0.15975101037785241,0.8402489896221476,78
markov_synthetic,0.016554831031728365,4.939533588703501e-05,0.01224321696873784,3,4,2.6699205689865213,0.0380252098276103,0.00025349262490522665,0.03777171720270507,0.18165263357169598,0.8183473664283041,79
markov_synthetic,0.020156298091595515,7.49255060568448e-05,0.01333331391232324,4,4,2.6721287546199592,0.03721846592663771,0.0002666632581640603,0.03695180266847365,0.12065085771009577,0.8793491422899042,80
markov_synthetic,0.017197300214826846,5.578149254281063e-05,0.011720039715192513,4,4,2.673716133673214,0.0372664750531049,0.0002752441500513173,0.03699123090305358,0.1798132835686542,0.8201867164313458,81
markov_synthetic,0.01875987045824222,6.31790305037969e-05,0.011795969071802921,4,5,2.676704281952697,0.03654749970970374,0.0002688861099134692,0.03627861359979027,0.29590704045794103,0.704092959542059,82
markov_synthetic,0.017265054216873455,5.517025064956674e-05,0.012592725110833182,3,4,2.674009047266071,0.03842550767487368,0.00022488598694575,0.038200621687927934,0.15431527004590975,0.8456847299540903,83
markov_synthetic,0.018434294532877715,6.239157121473992e-05,0.012018469852069011,5,5,2.6729968282287038,0.03788960340382263,0.0001900224335051231,0.0376995809703175,0.33464904032358345,0.6653509596764166,84
markov_synthetic,0.01590308471269708,4.768690773412733e-05,0.009961750874380112,4,4,2.677917934904169,0.03649225382029968,0.000224088290497266,0.03626816552980241,0.2124593143099461,0.7875406856900539,85
markov_synthetic,0.015994557456280766,4.9515920797817785e-05,0.010411677017459675,3,4,2.6747246328875516,0.03723573239491866,0.0002466920576716981,0.03698904033724696,0.17871356084591702,0.821286439154083,86
markov_synthetic,0.01521300882582973,4.1884929820084054e-05,0.010441945537305857,5,6,2.6750454927311953,0.036971168012931405,0.00020959046670949256,0.03676157754622191,0.3411069806497206,0.6588930193502793,87
markov_synthetic,0.01957213092642762,6.865865921877627e-05,0.012151920312914356,4,4,2.679334667385312,0.035246732163257535,0.00022502920865151888,0.035021702954606014,0.17222382434688172,0.8277761756531183,88
markov_synthetic,0.01777472165824743,5.825992503632655e-05,0.011375969295845495,4,4,2.6759584694305456,0.03709557297474488,0.0001626068918684456,0.03693296608287644,0.18432330695214982,0.8156766930478502,89
markov_synthetic,0.017974813224494905,5.888713368353291e-05,0.012840709040423236,4,4,2.675816103076958,0.03583356269101162,0.00022989396289484738,0.03560366872811677,0.2219855977517076,0.7780144022482924,90
markov_synthetic,0.019010435694652775,6.544380717392727e-05,0.011761511074434152,4,5,2.6801509260099996,0.03842770472986233,0.0002041273670154267,0.03822357736284691,0.24092772583834451,0.7590722741616555,91
markov_synthetic,0.018538549152506925,5.683745407404075e-05,0.013110469047760072,4,5,2.6776485948247064,0.036132114298221205,0.00021700531005636593,0.035915108988164836,0.26875102169451587,0.7312489783054841,92
markov_synthetic,0.01571489963342193,4.498095525458494e-05,0.009249889950542583,4,5,2.6731241305641222,0.036566774198897076,0.00020238238691606432,0.03636439181198101,0.25180170783791095,0.7481982921620891,93
markov_synthetic,0.017750327799979277,5.8348925915291485e-05,0.012287612274005088,4,5,2.6757410447052807,0.03703085283573698,0.00027361283033408345,0.0367572400054029,0.3159614135304788,0.6840385864695212,94
markov_synthetic,0.016375594760075402,4.6045528165474285e-05,0.011129401076108339,3,4,2.6727991111599927,0.03678947043175021,0.00016370773671905682,0.03662576269503115,0.14769360440013915,0.8523063955998609,95
markov_synthetic,0.017385201305603604,5.175748501826607e-05,0.01048427994143675,5,5,2.6745527586508575,0.03664495841658401,0.00019121816658597705,0.036453740249998035,0.35963906595153117,0.6403609340484688,96
markov_synthetic,0.017650957837037358,5.61201792808585e-05,0.011933460972087263,4,4,2.670280735705779,0.037984723915631166,0.00019103553584033984,0.03779368837979083,0.15691875865481097,0.843081241345189,97
markov_synthetic,0.0171731721227269,5.292276143105473e-05,0.010649270923056401,3,4,2.675253924030167,0.03665772511088874,0.00024150794956029673,0.036416217161328444,0.15644834697791038,0.8435516530220897,98
markov_synthetic,0.01764095004032078,6.021131582932683e-05,0.010390518239407726,4,5,2.671892213604085,0.03737763390063209,0.00023761351915378636,0.0371400203814783,0.27535758969462243,0.7246424103053776,99
markov_synthetic,0.018849783661307677,6.206333203957675e-05,0.012407725012563554,4,4,2.671690677482111,0.03751172613709229,0.00023332264902512352,0.037278403488067165,0.19547708699600072,0.8045229130039993,100
markov_synthetic,0.01808640294727694,6.364749517617916e-05,0.013019441979939612,4,5,2.6760195856405553,0.03758629373722035,0.00026257078945493534,0.03732372294776541,0.2607520584894023,0.7392479415105977,101
markov_synthetic,0.01643817444644282,4.845220106140764e-05,0.009569795562133315,5,5,2.675129576313727,0.03701093138801266,0.0002977376746078575,0.036713193713404806,0.3396161776265091,0.6603838223734909,102
markov_synthetic,0.017435259403492952,5.697890017443332e-05,0.013115685023141541,3,4,2.6764813985510876,0.03557414476928659,0.0002349346313124337,0.035339210137974156,0.1940397105310797,0.8059602894689203,103
markov_synthetic,0.017847768858931773,5.7698470346680476e-05,0.012822474015858464,3,4,2.6728617569742608,0.0376417391546624,0.00024353211120319116,0.03739820704345921,0.17595068611015044,0.8240493138898496,104
markov_synthetic,0.019635658005208965,6.971011283960316e-05,0.013612320101373103,4,4,2.6757031994189466,0.03818908231632551,0.00025144541153513864,0.03793763690479037,0.21407277812048178,0.7859272218795182,105
markov_synthetic,0.01842052547862317,6.113510243177517e-05,0.011312642926446093,4,5,2.6731866979725964,0.03737570671040388,0.00024996022473944767,0.03712574648566443,0.24639462797353953,0.7536053720264605,106
markov_synthetic,0.016132033005008074,4.881312207038098e-05,0.011891670304395899,3,4,2.6744723642647923,0.03752832053322412,0.0002451239802367824,0.03728319655298734,0.12280756253672911,0.8771924374632709,107
markov_synthetic,0.017363523136169717,5.103682479276824e-05,0.012098865955070584,4,4,2.6719834234168847,0.03820469694813125,0.00017777550682641411,0.03802692144130484,0.18874598756176483,0.8112540124382351,108
markov_synthetic,0.018411110477726565,6.079941541918878e-05,0.012107983616745805,3,4,2.6782498701288633,0.036757945625931314,0.00026142853983096147,0.036496517086100355,0.15571548446470013,0.8442845155352998,109
markov_synthetic,0.019594645793889552,7.087059976272164e-05,0.013478970003167902,4,5,2.6726550575072934,0.03803196736245596,0.00025566646038444583,0.037776300902071513,0.2582720563433996,0.7417279436566004,110
markov_synthetic,0.01574367074037739,4.65073636791915e-05,0.009576384259446092,4,4,2.6736046403774307,0.03744251484301529,0.0002200904759222917,0.037222424367093,0.19469244306555716,0.8053075569344428,111
markov_synthetic,0.016077792550354984,4.4271898100401715e-05,0.009458704063311073,5,5,2.6756575866273833,0.03686258735332949,0.0003762485620852387,0.03648633879124425,0.34474570175731883,0.6552542982426812,112
markov_synthetic,0.011718078031709808,2.6330708130861227e-05,0.006939822904430727,4,4,2.679215044688429,0.0363995632548639,0.00023059869889538716,0.03616896455596851,0.2023777781455994,0.7976222218544006,113
markov_synthetic,0.017024243522495996,5.326330931526495e-05,0.011225062058879355,4,5,2.673617393585222,0.03737232861137269,0.00021940620803204895,0.037152922403340644,0.22776778955411525,0.7722322104458847,114
markov_synthetic,0.016528492480168015,4.92832646778137e-05,0.009677086013872384,4,5,2.6743012280198886,0.03648354064549268,0.00019011951930303635,0.03629342112618965,0.2348762383400171,0.7651237616599829,115
markov_synthetic,0.015412583403007976,4.701056988930143e-05,0.01056552739861729,4,5,2.676524048073777,0.036458760906615345,0.00017432273881761866,0.03628443816779773,0.2785715266468281,0.721428473353172,116
markov_synthetic,0.018298125463904247,6.174330933286277e-05,0.013322353777263976,4,4,2.6760041289742325,0.0379118405563556,0.00025083448093168333,0.03766100607542392,0.1655713101015515,0.8344286898984485,117
markov_synthetic,0.020075885077923423,7.29213439800704e-05,0.011872697653653367,5,6,2.6773125431322695,0.03607000525173494,0.00030112213388848317,0.035768883117846456,0.3706729724760475,0.6293270275239524,118
markov_synthetic,0.020010537086940575,7.259280191214426e-05,0.011981431673870464,4,5,2.679025711717151,0.035974949307558596,0.00017080987130279148,0.0358041394362558,0.26106832556483817,0.7389316744351618,119
markov_synthetic,0.020157301744486475,7.009452229303271e-05,0.012432947967486724,4,5,2.676690951631281,0.0374112309303733,0.0002106788183061667,0.03720055211206714,0.2290428681719992,0.7709571318280009,120
markov_synthetic,0.015247856839470187,4.26863758672911e-05,0.010682191786614488,4,4,2.678039963034364,0.036832337845486215,0.0001776357933951066,0.03665470205209111,0.13027726640367027,0.8697227335963298,121
markov_synthetic,0.02190556858725201,8.757665506750915e-05,0.01521573648174379,3,4,2.6746077893812132,0.03666404538528877,0.00022557710889110363,0.03643846827639767,0.16250525323747392,0.8374947467625261,122
markov_synthetic,0.01645395241185378,4.92369600587931e-05,0.010599519894616901,4,5,2.670896057580641,0.03839558572434656,0.00028043592962792693,0.03811514979471863,0.22743807174020345,0.7725619282597965,123
markov_synthetic,0.016734072546729616,4.9418108896653346e-05,0.012350129194732874,4,5,2.6769109836076823,0.037415472998785615,0.0002735089158386778,0.03714196408294694,0.2544103619696907,0.7455896380303093,124
markov_synthetic,0.01838352523935982,6.347811768434329e-05,0.011111052075880921,4,5,2.672731007601184,0.03803498404852694,0.0002745397178383057,0.03776044433068863,0.2668716797055917,0.7331283202944083,125
markov_synthetic,0.01566761125123547,4.324522129245365e-05,0.01101043663458333,4,5,2.6749370088139397,0.03654633846660417,0.00025094146582610444,0.036295397000778065,0.2605316794440028,0.7394683205559972,126
markov_synthetic,0.0167226982877037,5.1889090738770736e-05,0.012051727437931758,3,4,2.6769242533724267,0.03681959810301781,0.0002612552034821091,0.036558342899535703,0.11800656814201883,0.8819934318579812,127
markov_synthetic,0.017900949598290805,5.65926543768711e-05,0.010929903516847876,4,5,2.673706545931497,0.037125845964073395,0.00023340951467524325,0.03689243644939815,0.31323751544309625,0.6867624845569038,128
markov_synthetic,0.019021153201072512,6.46251393412764e-05,0.01166947196039617,4,5,2.670432873952507,0.03877183010619885,0.00022652368044736063,0.03854530642575149,0.2281615442470098,0.7718384557529903,129
markov_synthetic,0.014771273649400155,4.1878031821423454e-05,0.011217988012508772,4,4,2.674569940785765,0.03750613755274804,0.00020272187617829843,0.03730341567656974,0.19717906807624536,0.8028209319237547,130
markov_synthetic,0.016740930653202122,5.07806401625005e-05,0.011508169055500247,4,5,2.67811882429179,0.03612566942772297,0.00016035900441292548,0.03596531042331004,0.22991329392936719,0.7700867060706328,131
markov_synthetic,0.015480960900250511,4.15812039541836e-05,0.00963829144739323,4,5,2.6759053058461917,0.0375506346154572,0.0002979907043556853,0.037252643911101516,0.29626140444853505,0.703738595551465,132
markov_synthetic,0.015238339821320973,4.328840054793547e-05,0.010069722810475709,4,4,2.6744169467460783,0.038899163983259426,0.00017065861431382753,0.0387285053689456,0.17011075560199038,0.8298892443980096,133
markov_synthetic,0.019389153794874197,6.955405370822761e-05,0.013940772721085824,4,4,2.6769772179417792,0.03734559258136969,0.0002294196839283251,0.03711617289744137,0.20081034237073425,0.7991896576292657,134
markov_synthetic,0.013283040315629277,3.3119836590789515e-05,0.008801585221488764,4,4,2.673844414340543,0.03610035989052615,0.00020346081701038676,0.035896899073515766,0.17509864363679473,0.8249013563632053,135
markov_synthetic,0.018681198957070037,6.181104791282389e-05,0.012237622127313344,4,4,2.673319500633814,0.038081430491568674,0.0002261799398315937,0.03785525055173708,0.196080092845503,0.803919907154497,136
markov_synthetic,0.01853710758995183,6.432095714137094e-05,0.011904710095004207,4,4,2.675483159035377,0.03800458158101837,0.00023293390299535175,0.03777164767802302,0.17735114103673771,0.8226488589632623,137
markov_synthetic,0.015242154156711825,4.39639180370252e-05,0.00928589375354392,4,5,2.6750663596576767,0.036779991312647475,0.00018385528943487317,0.0365961360232126,0.2575098270690108,0.7424901729309892,138
markov_synthetic,0.017936905497155348,5.732009825733956e-05,0.010679102656446806,4,5,2.6783146512278577,0.03662467371380437,0.00020407437199484313,0.03642059934180953,0.2784757783458261,0.721524221654174,139
markov_synthetic,0.020985168648460072,8.158242639317906e-05,0.013256171496235106,4,5,2.6775951743087436,0.03712980272344639,0.00029180114579342123,0.03683800157765297,0.246059833425781,0.753940166574219,140
markov_synthetic,0.019923654565027343,7.44321650835505e-05,0.013958094876200396,4,5,2.673444692249251,0.035877924715672915,0.00017279976585706972,0.03570512494981585,0.2902950509772276,0.7097049490227725,141
markov_synthetic,0.01701482944140263,5.124733345625366e-05,0.010731443256175532,4,5,2.6697237393481528,0.038488647089289695,0.00018836428633193963,0.038300282802957754,0.26490204410372487,0.7350979558962751,142
markov_synthetic,0.016672091665939606,5.084933666469985e-05,0.010034659614162071,4,5,2.678900020664621,0.0362259733197081,0.0002738323825844509,0.03595214093712365,0.25817850897184164,0.7418214910281584,143
markov_synthetic,0.018137679785190614,5.824295943363371e-05,0.011155919475831165,4,5,2.6737599563246386,0.0383653413301258,0.00018154993968095003,0.03818379139044485,0.2548264443740508,0.7451735556259492,144
markov_synthetic,0.017078266615448714,5.3861855389611646e-05,0.01282699932996213,3,4,2.67912671504856,0.03679082936161303,0.00028716204335468463,0.03650366731825835,0.1569880710748059,0.843011928925194,145
markov_synthetic,0.015597652106997819,4.4779152532557534e-05,0.009742039240530829,4,5,2.673953805681406,0.03703033013074798,0.0002243599137763687,0.036805970216971615,0.2629524599702068,0.7370475400297932,146
markov_synthetic,0.01798913478001394,5.58816237572103e-05,0.011340435821459275,4,4,2.6730234211747557,0.03792663229028228,0.0001713326408988672,0.037755299649383414,0.2079690873202742,0.7920309126797258,147
markov_synthetic,0.01370849599338721,3.714941033831238e-05,0.008880867518937059,4,4,2.6764657387421407,0.03785644845360296,0.00020946064276989432,0.03764698781083307,0.1397971985252101,0.8602028014747899,148
markov_synthetic,0.01643947870391753,5.037780137904431e-05,0.009468874583984056,5,5,2.674570014333477,0.03726771556569614,0.00017020780962458874,0.037097507756071554,0.31995101901579404,0.680048980984206,149
markov_synthetic,0.017903089101116088,6.401681554862901e-05,0.011373461541198322,4,5,2.6799360663688168,0.03788805723448772,0.00020998921496671988,0.037678068019521,0.2377319788925288,0.7622680211074712,150
markov_synthetic,0.018008105904666404,6.078522050222252e-05,0.013130604088534633,3,4,2.670837977374809,0.037750962796876196,0.0003541996514754768,0.03739676314540072,0.13001292585973337,0.8699870741402667,151
markov_synthetic,0.016932895467241364,5.3126444777489334e-05,0.011488017101088238,4,4,2.673305578239726,0.03758026893782141,0.00032276699015537717,0.037257501947666034,0.18612562236459176,0.8138743776354083,152
markov_synthetic,0.017424433648472543,5.479433898028674e-05,0.01115029902876909,4,5,2.6730149186679326,0.03863907760620091,0.0002813830279139994,0.03835769457828691,0.23953665176056116,0.7604633482394388,153
markov_synthetic,0.015615783948792504,4.529971757422836e-05,0.011042325439994121,4,5,2.674995730677371,0.03697205120391597,0.00021855016061462826,0.03675350104330134,0.2843284531475043,0.7156715468524957,154
markov_synthetic,0.016658800204613543,5.0597936389918055e-05,0.010626952325642374,4,5,2.673328877704413,0.0378876358565252,0.00018200546693015825,0.03770563038959504,0.25060819093333014,0.7493918090666698,155
markov_synthetic,0.01856558268463051,5.9569735070042336e-05,0.012128763661636675,4,5,2.677966187567975,0.036239671112697006,0.00031062734379453294,0.03592904376890247,0.2858514868262112,0.7141485131737888,156
markov_synthetic,0.01866220730534371,6.453771054558896e-05,0.013542076387913179,4,4,2.678563061160098,0.03572795483933974,0.00026109293424718877,0.03546686190509255,0.17377815528460097,0.8262218447153991,157
markov_synthetic,0.01862328444859188,6.26777544572339e-05,0.011977179880323952,4,4,2.6786591710163816,0.036022233422784336,0.00020527590948697113,0.035816957513297366,0.2190136507566546,0.7809863492433454,158
markov_synthetic,0.01651738098178667,5.225792310936641e-05,0.011076654616627348,4,5,2.6771282243327965,0.036246993617971845,0.00028192081483453265,0.035965072803137314,0.276122562212138,0.7238774377878621,159
markov_synthetic,0.01697195192298787,5.516459592214958e-05,0.011451025551047147,4,4,2.6769718753295497,0.036396324174803735,0.00017760169472342315,0.03621872248008031,0.1983678239354116,0.8016321760645884,160
markov_synthetic,0.016520550015211945,5.0034820905396586e-05,0.010573392446664246,4,4,2.6753340138084836,0.038163012594922385,0.00022587710682601966,0.037937135488096366,0.2036111424021244,0.7963888575978756,161
markov_synthetic,0.017785187692381434,5.5319645201598234e-05,0.011475336321164592,4,5,2.675410494029645,0.03803918009314936,0.00027767097728799797,0.03776150911586136,0.23473415496848526,0.7652658450315147,162
markov_synthetic,0.01859678624926124,6.334641542966387e-05,0.011784890148392577,4,4,2.6743387376761953,0.03611198287230494,0.00023182624949599523,0.03588015662280894,0.21713891437646704,0.782861085623533,163
markov_synthetic,0.01768289218207002,5.7881234476469e-05,0.012203162382398327,4,5,2.6792327385380514,0.036821110926885794,0.0002091188407526356,0.03661199208613316,0.2549021880784878,0.7450978119215121,164
markov_synthetic,0.014818907553505256,3.92716629563746e-05,0.009119619169978803,4,4,2.672704755246966,0.03679652915854726,0.00022818230115568595,0.036568346857391576,0.2218928008215854,0.7781071991784145,165
markov_synthetic,0.017936579398885932,6.415219495387577e-05,0.012138243655428442,4,5,2.6722034963843053,0.037776329107728025,0.0002244395764554808,0.037551889531272545,0.24506782878609376,0.7549321712139062,166
markov_synthetic,0.016701358940258596,5.3309512499744676e-05,0.01111530718028211,4,5,2.678003907207764,0.03690538655088521,0.0002505167443796095,0.0366548698065056,0.2315681118610604,0.7684318881389396,167
markov_synthetic,0.018096375748717704,5.942519986454208e-05,0.013270537657801017,4,4,2.673557033488539,0.03604041272430827,0.00022567622161249665,0.035814736502695774,0.1676309539286109,0.8323690460713891,168
markov_synthetic,0.01380861442102504,3.4959788183305354e-05,0.009350361805316015,4,4,2.673001467735466,0.03781951388587613,0.0002874497923504666,0.03753206409352566,0.198300303641858,0.801699696358142,169
markov_synthetic,0.01767008957482323,5.5882078509886314e-05,0.012098594024103319,4,4,2.6753659731694612,0.0371271814923446,0.00019343737008835436,0.036933744122256244,0.12941238310082814,0.8705876168991719,170
markov_synthetic,0.01200693414819033,2.6605594540787066e-05,0.008704290561638111,3,5,2.679906363203822,0.035322414434029,0.00023163176617782628,0.03509078266785117,0.23822604647454712,0.7617739535254529,171
markov_synthetic,0.017888304383984876,5.432583682816638e-05,0.013146716584933113,4,4,2.6748649463695986,0.03720239234499034,0.0002651362310831409,0.036937256113907205,0.18395320170779858,0.8160467982922014,172
markov_synthetic,0.019888167493487405,6.929808945274586e-05,0.012312590006070961,4,5,2.675308250315685,0.03651643799242736,0.00019904814092282412,0.03631738985150454,0.2326867406393776,0.7673132593606224,173
markov_synthetic,0.01901539623068169,6.78408752380499e-05,0.012322288513401782,4,5,2.6746906583670675,0.0372978784885627,0.0002753556392039029,0.037022522849358794,0.25893303409448315,0.7410669659055169,174
markov_synthetic,0.01814521073044251,5.759859166754745e-05,0.012802446320104667,3,4,2.6709930142816725,0.038523418361434095,0.00026761687061318266,0.03825580149082091,0.18804776083982314,0.8119522391601769,175
markov_synthetic,0.015868826487374185,4.417086641133445e-05,0.009967558254024227,5,5,2.6762678511165,0.03770957393372001,0.00029025784376664416,0.037419316089953365,0.3263679591187236,0.6736320408812764,176
markov_synthetic,0.016799216498490435,5.1520622390504153e-05,0.011081339719374384,4,5,2.6744493007037637,0.03734400290388451,0.0002408053968648825,0.037103197507019625,0.249304860732509,0.750695139267491,177
markov_synthetic,0.01604159047025326,4.63283674600767e-05,0.01138001060933369,4,4,2.6745189922735295,0.03714227160943896,0.00018913434652659549,0.03695313726291237,0.21342506678394838,0.7865749332160517,178
markov_synthetic,0.01531252285228756,4.341115846062767e-05,0.010060248197112074,4,5,2.675530186251035,0.03716788341580896,0.00036243387265935917,0.036805449543149606,0.2386037109856334,0.7613962890143666,179
markov_synthetic,0.014992735746877948,3.916468918032332e-05,0.009441676313845303,4,4,2.675906681126853,0.035726881098372416,0.00025492679290105286,0.03547195430547136,0.20322641023945376,0.7967735897605462,180
markov_synthetic,0.015158334792112066,4.1465052540610124e-05,0.00863172417496738,4,4,2.6738574974046427,0.037710888649779846,0.00017440512961837558,0.03753648352016147,0.19178183736027385,0.8082181626397261,181
markov_synthetic,0.018630903912972303,6.316219253997272e-05,0.010822040732918375,4,4,2.677801811407146,0.03616714780862307,0.0002123187194914192,0.03595482908913165,0.21816614499544512,0.7818338550045549,182
markov_synthetic,0.016367090834392018,5.217921617874426e-05,0.011245338568034323,4,4,2.6751742495295865,0.03689607347422724,0.00028590221160967356,0.03661017126261757,0.2198736553796959,0.7801263446203042,183
markov_synthetic,0.015343196875225616,4.220666011789276e-05,0.010221727423941238,4,4,2.6744092872733853,0.03625485704145981,0.00020507148906210185,0.036049785552397705,0.1584360082846071,0.8415639917153929,184
markov_synthetic,0.017589618550313164,5.561113952528173e-05,0.01222773620842066,4,4,2.679836202261181,0.03535524653664897,0.0002845322927077868,0.03507071424394118,0.21516611323139115,0.7848338867686089,185
markov_synthetic,0.014112931781189601,3.4325506102841053e-05,0.009208125359642152,4,4,2.6765076637752743,0.03615429756756497,0.00022280213350672128,0.03593149543405825,0.20456082846918308,0.7954391715308169,186
markov_synthetic,0.014739259873896614,3.902073470544836e-05,0.010137997313951342,4,4,2.675105399167241,0.037168396946095306,0.00028310105458473854,0.036885295891510565,0.1764913332244135,0.8235086667755865,187
markov_synthetic,0.01888358576393956,6.856005113396685e-05,0.011144918017858977,4,4,2.6765026855339316,0.03699686836187555,0.00022547701090753653,0.03677139135096802,0.2167569853716794,0.7832430146283206,188
markov_synthetic,0.016671827967527243,5.6277935336978215e-05,0.010844273965076198,4,4,2.671951026079123,0.03791244967828371,0.0002011002563096973,0.03771134942197401,0.2201718150820215,0.7798281849179785,189
markov_synthetic,0.017528421722868042,5.430001564039881e-05,0.012956084188212997,4,5,2.673925171914104,0.0365055840241067,0.00019751815083986316,0.03630806587326684,0.24157270058999075,0.7584272994100092,190
markov_synthetic,0.016349329149565325,4.714881401255519e-05,0.012068798860516868,4,4,2.6771944926422044,0.03826889683229084,0.0001917716525359399,0.038077125179754895,0.19501686242977676,0.8049831375702232,191
markov_synthetic,0.015216745800054022,4.4839857108157406e-05,0.009226226294116614,4,5,2.6753646606065127,0.037250798959050244,0.000200435021149533,0.03705036393790071,0.23346388337298624,0.7665361166270137,192
markov_synthetic,0.015155000326698111,4.078424733373939e-05,0.011150371436310218,4,5,2.675253038390176,0.037361498257231236,0.00019537881053828968,0.037166119446692944,0.23897442228054427,0.7610255777194557,193
markov_synthetic,0.01517325457804867,4.052273210339745e-05,0.009073780483579956,4,5,2.6716093059566446,0.03782662400933668,0.0002278769093196466,0.03759874710001703,0.2815437969531513,0.7184562030468487,194
markov_synthetic,0.017952623130628276,6.58941274695866e-05,0.011356419670445926,5,5,2.677279761939803,0.03439833714229219,0.0003449493211687517,0.034053387821123444,0.3472954461075187,0.6527045538924813,195
markov_synthetic,0.01583472730710635,4.2691141600531825e-05,0.009455291768933833,4,4,2.675670728738091,0.036773609482614364,0.000248179119053459,0.03652543036356091,0.128353933035716,0.871646066964284,196
markov_synthetic,0.019237020945213797,6.80089778184882e-05,0.01185499825016484,4,5,2.675927954636093,0.03593319468232985,0.00019841702414714565,0.0357347776581827,0.2518400520305548,0.7481599479694452,197
markov_synthetic,0.015771783522551503,4.3868588372428206e-05,0.009593073370626442,4,5,2.677057677665368,0.03775862104450423,0.0001875233114281292,0.037571097733076105,0.2651849625610304,0.7348150374389696,198
markov_synthetic,0.01626289183921497,5.6089814332418607e-05,0.010250472301843819,5,5,2.675762014719443,0.03721278506068726,0.00023515416959110248,0.03697763089109616,0.3398940631232466,0.6601059368767535,199
block_bootstrap,0.06682671958570947,0.0007627421731891827,0.040860751361391695,4,4,2.6746730033265136,0.04101020315556951,0.000396805481871761,0.04061339767369775,0.2093132953650503,0.7906867046349497,0
block_bootstrap,0.06844714811775675,0.0007818575663170165,0.04213812360098468,4,5,2.6777287537962016,0.039718293239009675,0.0003073611316412978,0.039410932107368374,0.24480510547899634,0.7551948945210036,1
block_bootstrap,0.0685712899486595,0.0007880224537671356,0.04196121482684485,4,5,2.6797536354889284,0.040147696980401965,0.0003224493046932078,0.039825247675708754,0.22465703582090904,0.775342964179091,2
block_bootstrap,0.0668003310052752,0.0007614687397984839,0.03952568792213369,4,5,2.6840051706956745,0.03837276951197158,0.0002717040014322467,0.03810106551053933,0.2713577749757533,0.7286422250242467,3
block_bootstrap,0.07241120109817734,0.0008659575947509012,0.04567518792169065,4,5,2.6741708596957188,0.04092335240569352,0.00022143873229942633,0.04070191367339409,0.27283206734905197,0.727167932650948,4
block_bootstrap,0.06969071948338419,0.0008093288793059176,0.04062997700164794,4,5,2.6736361517137426,0.04049536917737604,0.00018702625717476794,0.04030834292020127,0.263856441973972,0.736143558026028,5
block_bootstrap,0.07329711947306068,0.0009010375636841568,0.0484400273645827,4,5,2.6795872915621466,0.039355640491401125,0.0002433455058540711,0.03911229498554705,0.236557777007293,0.763442222992707,6
block_bootstrap,0.06784233559289574,0.0007739197043222693,0.03869329541924109,4,4,2.6797429044371417,0.039629985413887986,0.00021181487103528242,0.0394181705428527,0.2181105902703045,0.7818894097296956,7
block_bootstrap,0.06766807572870392,0.0007701937744562834,0.043973261033893755,4,5,2.676641018086543,0.04108589709072734,0.00024993371400577836,0.04083596337672156,0.2994249755295815,0.7005750244704185,8
block_bootstrap,0.06844519303703402,0.0007920568679238728,0.04223026154609318,4,5,2.6774841728679935,0.03926259923807396,0.0002164505157166484,0.03904614872235731,0.27381529991272147,0.7261847000872785,9
block_bootstrap,0.0703319372082556,0.0008294623741240793,0.04361478891269596,4,5,2.6773063673869477,0.04144809252822515,0.00022372721925975283,0.041224365308965394,0.2632126256851821,0.7367873743148179,10
block_bootstrap,0.07128237412228366,0.000841721413492568,0.04476385622304499,4,5,2.680987257029426,0.03920870559683495,0.0002511846018860304,0.038957520994948924,0.24939458712837656,0.7506054128716234,11
block_bootstrap,0.07012250998869214,0.000820524581723613,0.0437807924723965,4,5,2.6736301198155834,0.04000811140187947,0.000277769118959728,0.039730342282919745,0.24770958580610763,0.7522904141938924,12
block_bootstrap,0.06883481980402889,0.0008136592100275999,0.04041437959679669,4,5,2.680059224780645,0.040514491287879595,0.00020472536711334488,0.04030976592076625,0.2833487135070055,0.7166512864929945,13
block_bootstrap,0.0649043204819015,0.0007049826503808315,0.04058871896291136,4,5,2.6837631639960216,0.03842354300745687,0.00020049775228465937,0.038223045255172214,0.2743318169612008,0.7256681830387992,14
block_bootstrap,0.07350897288843566,0.0009236130783679818,0.0473894898741118,4,5,2.6776938216503168,0.040270252473564805,0.0001863803317517049,0.0400838721418131,0.2820067027372365,0.7179932972627635,15
block_bootstrap,0.06914158582282005,0.0008054387088007901,0.04219010513507778,4,5,2.6710707715782394,0.042381441639419065,0.00019101354741588036,0.042190428092003185,0.26394448487405964,0.7360555151259404,16
block_bootstrap,0.06499128343685898,0.0007197647729866381,0.03757241357589571,4,4,2.672512021197092,0.0420476359792375,0.0001822054199529207,0.041865430559284586,0.2160783166935689,0.7839216833064311,17
block_bootstrap,0.07051541333342753,0.0008228097604253746,0.03882201184798058,4,5,2.676759931409504,0.04137004571059101,0.00019884645520067788,0.04117119925539033,0.28801452783963033,0.7119854721603697,18
block_bootstrap,0.06856990900110145,0.0007808624638197975,0.04050710451487094,4,4,2.683860843866343,0.03680881465264947,0.0001629182932395064,0.036645896359409964,0.18128464079251472,0.8187153592074853,19
block_bootstrap,0.07027453077987729,0.0008364212158721487,0.043750467826899724,4,5,2.677156207763393,0.04035208400564665,0.0001296183138831358,0.04022246569176352,0.23555842846780675,0.7644415715321933,20
block_bootstrap,0.06968444382262269,0.0008218642293828789,0.04537046155143686,4,5,2.67850334526053,0.040947015738340364,0.00026607956665731353,0.04068093617168305,0.3012742428142742,0.6987257571857258,21
block_bootstrap,0.0690082405007326,0.0007997635684177588,0.04447319896345071,4,5,2.6734764769141535,0.04150746668895186,0.00023236164180616444,0.041275105047145697,0.24779381452943436,0.7522061854705656,22
block_bootstrap,0.06795965905040506,0.0007804214569317917,0.04114085490072465,4,5,2.6828029758309913,0.038776022508119554,0.0002458139586787597,0.038530208549440795,0.3082514796283049,0.6917485203716951,23
block_bootstrap,0.07082808868344653,0.0008415980334608562,0.04660032248804552,4,5,2.6762230025691047,0.04011950089094679,0.00022177875777751847,0.03989772213316927,0.2314399547985419,0.768560045201458,24
block_bootstrap,0.06888349447123898,0.000812585796211901,0.04225431288278281,4,5,2.675806799294123,0.041601089786018175,0.0001771324277926843,0.04142395735822549,0.26799803223783114,0.7320019677621689,25
block_bootstrap,0.0644983238326123,0.0007061904113193871,0.038020882812273046,5,5,2.673148249183976,0.04178773288745394,0.00018125555212106427,0.041606477335332875,0.3194664774499092,0.6805335225500908,26
block_bootstrap,0.0673545448224171,0.0007569088490951056,0.04382855687958399,4,5,2.6818064403261648,0.038435270487863396,0.0002457237644713664,0.03818954672339203,0.2577494387913997,0.7422505612086003,27
block_bootstrap,0.07245175036920734,0.0008919412204090271,0.04350784187224335,4,5,2.6812571903397053,0.04005080499162983,0.0002463758261022361,0.039804429165527594,0.25519447102898557,0.7448055289710145,28
block_bootstrap,0.0701140557601896,0.0008262237679478756,0.04337898142615212,4,5,2.690001781423124,0.038188182573539675,0.00028258634740144185,0.03790559622613823,0.26799118204632283,0.7320088179536772,29
block_bootstrap,0.06515919880678349,0.0007196874690150075,0.04057282516645319,4,5,2.678004000364258,0.03881219908753471,0.0001501112931856412,0.03866208779434906,0.23728428128277423,0.7627157187172258,30
block_bootstrap,0.06905044845478975,0.0008091342628507967,0.042387656896452665,4,5,2.674444316041094,0.04036301612584823,0.0001820188217294043,0.04018099730411882,0.24293770229010636,0.7570622977098936,31
block_bootstrap,0.06717308830793355,0.0007838306467109278,0.045158442227323396,4,5,2.6758893613013663,0.04093772091888524,0.00031413813984896525,0.04062358277903628,0.28465119750991796,0.715348802490082,32
block_bootstrap,0.07107824338785601,0.0008471161976441161,0.04570576875060567,4,5,2.6799141706806457,0.039113276395021206,0.000298518562472074,0.03881475783254913,0.22748919928759023,0.7725108007124097,33
block_bootstrap,0.07195373470395687,0.000865664406132997,0.044721039885581716,4,4,2.677684510757457,0.0393921649470752,0.00027236399893140403,0.039119800948143796,0.22303168516830887,0.7769683148316912,34
block_bootstrap,0.07151102677274529,0.0008537206029569553,0.04429764111960144,4,5,2.6814594092204844,0.0406477388166144,0.00021652770924688707,0.04043121110736751,0.2536684585115863,0.7463315414884137,35
block_bootstrap,0.06339370442582631,0.0006842134194411706,0.041180046213338706,4,5,2.6809647645836345,0.040226008119498655,0.00018788510221011678,0.04003812301728854,0.25335095299538113,0.7466490470046189,36
block_bootstrap,0.06916559783510694,0.0008015070291627113,0.04294438576730832,4,5,2.682173333678154,0.039873617511277416,0.00023597261711980844,0.03963764489415761,0.27466643642847344,0.7253335635715266,37
block_bootstrap,0.07026289623355572,0.0008244447784686741,0.043673046467847414,4,5,2.675138486435893,0.04015012755845397,0.00023288149226996903,0.039917246066184,0.2356994295296566,0.7643005704703434,38
block_bootstrap,0.06737089212269579,0.0007788321094012274,0.040813411708877,4,5,2.6811189784304883,0.03961575566097054,0.00024615845338829035,0.03936959720758225,0.3119491864678128,0.6880508135321872,39
block_bootstrap,0.06896260176602356,0.0007949120389345325,0.0448724410638647,4,4,2.6830274650244847,0.03748691223156246,0.00027370124110169,0.03721321099046077,0.2048606939092013,0.7951393060907987,40
block_bootstrap,0.06981752271975744,0.0008220478102862073,0.043894599592833095,4,4,2.6826917576755753,0.03887815697337917,0.00026560624600778905,0.03861255072737138,0.18224575550167357,0.8177542444983265,41
block_bootstrap,0.06629187764987779,0.000739316206079983,0.04027126510794077,4,5,2.676574531595666,0.041007959386039954,0.00032423969074957986,0.040683719695290374,0.29499724487546586,0.7050027551245341,42
block_bootstrap,0.06902692853871399,0.0007883818643646284,0.04153599520972819,4,5,2.674592966720082,0.04025022480982021,0.00026682735488938743,0.039983397454930826,0.2921223370001223,0.7078776629998778,43
block_bootstrap,0.0643339778642745,0.0007069072298039065,0.03856158632633237,4,5,2.685875295068592,0.038914818739359855,0.00027396451352279614,0.03864085422583706,0.2755714767643651,0.7244285232356349,44
block_bootstrap,0.07214914752253578,0.0008917358644674506,0.04627455949089654,4,5,2.6851345499022394,0.038382342546191855,0.0003481922252876776,0.03803415032090418,0.23083111832723235,0.7691688816727676,45
block_bootstrap,0.06934164496222033,0.0007950226038283855,0.04406332039534416,4,5,2.675094217125125,0.040090747733698556,0.00017862902527952893,0.03991211870841903,0.29941593297514507,0.7005840670248549,46
block_bootstrap,0.06912236794317358,0.0008072164533712674,0.04041651514700449,4,5,2.679763297242793,0.0389644905944526,0.00035991746252152647,0.03860457313193107,0.27948337498006365,0.7205166250199364,47
block_bootstrap,0.06791266455649035,0.0007863637085314945,0.042913468016609356,4,5,2.682644271355674,0.03916230179963529,0.00035121008250276376,0.038811091717132526,0.27146032966638595,0.728539670333614,48
block_bootstrap,0.06848493707057707,0.0007976069609268463,0.043116563969544386,4,5,2.683189171230279,0.03936816079596694,0.0001952038037251722,0.03917295699224176,0.2672414058771067,0.7327585941228933,49
block_bootstrap,0.06953757531198389,0.0007991981830727725,0.042915335574558865,4,5,2.681440969981223,0.03901660483107794,0.0002738832357625958,0.038742721595315346,0.22465125107225764,0.7753487489277424,50
block_bootstrap,0.07324857018458461,0.0008868895150995423,0.048385829845732344,4,5,2.6803251058138073,0.037904864778261965,0.000279416049374631,0.03762544872888733,0.24792577833699256,0.7520742216630074,51
block_bootstrap,0.07113572455685396,0.0008662858393612357,0.04682936403128963,4,5,2.6766539925957726,0.04001667927953282,0.00027461249508560135,0.03974206678444722,0.24570236114015112,0.7542976388598489,52
block_bootstrap,0.06565122067259811,0.0007308512711592417,0.04243941884092144,4,5,2.6784390424761035,0.04105523788443778,0.000276081050003714,0.04077915683443407,0.2530916715896617,0.7469083284103383,53
block_bootstrap,0.0729168546270536,0.0008886266143822061,0.04527766134521074,4,5,2.6768944082118717,0.04058825064493182,0.0001602476447554653,0.040428003000176356,0.26429268039940984,0.7357073196005901,54
block_bootstrap,0.06577785220032589,0.0007317219437485788,0.04279094923042446,4,5,2.6815897447327703,0.037871865513315464,0.00018826070320485415,0.03768360481011061,0.30796466553378654,0.6920353344662135,55
block_bootstrap,0.06423500187708833,0.0006941017711717778,0.042410366351121526,4,5,2.6780316539470577,0.03958612755103036,0.00022705745965985092,0.03935907009137051,0.2329449113934675,0.7670550886065325,56
block_bootstrap,0.07102436356796951,0.0008259703622377212,0.04327448007539656,4,5,2.6740482111058017,0.0417743459490284,0.00031656854396038437,0.041457777405068015,0.23587092958352537,0.7641290704164746,57
block_bootstrap,0.06604165066824617,0.0007471063415529435,0.04125515003773662,4,5,2.6788462282631755,0.0406271247807579,0.0002576264590450187,0.04036949832171288,0.29266599969484547,0.7073340003051545,58
block_bootstrap,0.06626408592838678,0.0007211813242411309,0.041245136118026014,4,5,2.6805386509160867,0.03880706906399525,0.00021676422887103713,0.03859030483512422,0.22381161047366713,0.7761883895263328,59
block_bootstrap,0.0756444837850525,0.0009610140663336178,0.0450790932334054,5,5,2.6777383838656195,0.04063206645118923,0.00023067881583024985,0.040401387635358985,0.33215830600946233,0.6678416939905376,60
block_bootstrap,0.06558147100606744,0.0007275783901567346,0.03955534551996061,4,5,2.6786163415613187,0.03904995550184135,0.00028790348671207987,0.03876205201512927,0.24147606103875388,0.7585239389612461,61
block_bootstrap,0.06672841247715494,0.0007530553025359278,0.04341039998976959,4,5,2.6827624475297833,0.03968407364042405,0.00022599991603074274,0.039458073724393306,0.2268630877186234,0.7731369122813766,62
block_bootstrap,0.06637739694028359,0.0007507762321230659,0.042219905624979494,4,5,2.6797743611479903,0.03977133844795242,0.0002516092485985988,0.03951972919935382,0.26861263341145225,0.7313873665885477,63
block_bootstrap,0.06447749877558151,0.0007258424557404515,0.041853731808127285,4,5,2.6747131793108236,0.04084657467153098,0.00020684433684197537,0.040639730334689005,0.23417836253330915,0.7658216374666909,64
block_bootstrap,0.07025907415681376,0.0008386044551649509,0.04127807706929353,4,5,2.6758941721510023,0.04128829887323289,0.00027096679972712196,0.04101733207350577,0.2992170711839171,0.700782928816083,65
block_bootstrap,0.06691404597041789,0.0007646438677862898,0.04101014892511374,4,4,2.6822255487971365,0.03952462681854159,0.00024215953479888252,0.039282467283742704,0.2039607206104519,0.7960392793895481,66
block_bootstrap,0.06938142213077247,0.0008093796007091595,0.04137690891229483,4,5,2.6735806569004525,0.04135238943457702,0.00025371429909461045,0.041098675135482404,0.3110458828437921,0.6889541171562079,67
block_bootstrap,0.06622530126065965,0.0007388474762394853,0.041708478698567884,4,5,2.675137750846656,0.04174618400132753,0.0001680447429206755,0.04157813925840685,0.24660731182854978,0.7533926881714502,68
block_bootstrap,0.06644576420961772,0.000751615204425755,0.039225327466340845,4,5,2.67817489956751,0.03886879535143102,0.0002188539470130438,0.03864994140441798,0.29252578251166994,0.7074742174883301,69
block_bootstrap,0.06835307847162173,0.0007970536999788781,0.04102285678854694,4,5,2.6713570667274054,0.041994174841387635,0.00027802946388780377,0.04171614537749983,0.2815117596982736,0.7184882403017264,70
block_bootstrap,0.06577156940852565,0.0007245361048930537,0.04135212952028624,4,4,2.6836226940756687,0.037718724591395955,0.0002052259708555331,0.037513498620540424,0.18514879419219696,0.814851205807803,71
block_bootstrap,0.06867251110433435,0.0008107929153134863,0.04088177041508148,4,5,2.6729479670680214,0.042103625706290684,0.0003102180603517839,0.0417934076459389,0.2836714002199265,0.7163285997800735,72
block_bootstrap,0.0689420476704529,0.0007960461308947172,0.04487392138293489,4,5,2.683436951407847,0.03925058045922861,0.00022637792543756506,0.03902420253379104,0.25071781563611223,0.7492821843638877,73
block_bootstrap,0.06960327864704079,0.0008023768992740706,0.04354887032996744,4,5,2.681714670850883,0.03967161940913867,0.00025906902235728525,0.03941255038678139,0.2980794241818784,0.7019205758181216,74
block_bootstrap,0.06988731887063258,0.0008128799878835619,0.04281402193173138,4,5,2.6747246741297177,0.04130181335478235,0.00025708232771056306,0.04104473102707178,0.2607399748421283,0.7392600251578717,75
block_bootstrap,0.06733589206946314,0.0007611037722279087,0.041607311838076345,4,4,2.678986726733385,0.03954084693428474,0.0002456274690651988,0.039295219465219536,0.19790022647835048,0.8020997735216495,76
block_bootstrap,0.06608259300105747,0.0007430677482440765,0.040560044775098905,4,5,2.6739594063373264,0.04102761555722952,0.0001614030977297176,0.040866212459499805,0.2736939796963775,0.7263060203036225,77
block_bootstrap,0.07129198319421227,0.0008440067180993137,0.04515036929036359,4,5,2.675634502493781,0.04074419485135007,0.0002499608427795174,0.04049423400857055,0.2314581817677226,0.7685418182322774,78
block_bootstrap,0.06777420427907625,0.0007744875289552901,0.042816857229761925,4,5,2.6807393813277502,0.038934688487771846,0.00015207997225341317,0.03878260851551843,0.28389463366874673,0.7161053663312533,79
block_bootstrap,0.06836148442249346,0.0008067639854586149,0.04202519457722685,4,5,2.681074528617163,0.03941092297160553,0.00023375655828583404,0.0391771664133197,0.23947832828446894,0.7605216717155311,80
block_bootstrap,0.07093750904311016,0.00084933813146463,0.044147687471887465,4,5,2.674452706718635,0.041962023271365646,0.00027073122544663816,0.04169129204591901,0.2740044707355869,0.7259955292644131,81
block_bootstrap,0.06993910178498601,0.0008144191107924035,0.04114336155898241,4,5,2.6694249838147486,0.043390070953020776,0.0002624725712942646,0.043127598381726515,0.2718467191199627,0.7281532808800373,82
block_bootstrap,0.06864262467482263,0.0007894049266925696,0.04145684845591002,4,5,2.678742717237976,0.04079579718760626,0.00022628583160833862,0.04056951135599792,0.26972359913542165,0.7302764008645783,83
block_bootstrap,0.06892300858887178,0.0007926894469953898,0.04368801720502892,4,5,2.6728962529909532,0.0416627109170739,0.00021633724925111854,0.041446373667822785,0.2678282802747863,0.7321717197252138,84
block_bootstrap,0.06568471943769197,0.0007345667886346254,0.042453000522690264,4,5,2.678822712986103,0.039353436800023275,0.00022038412325951328,0.039133052676763765,0.2785187158598005,0.7214812841401995,85
block_bootstrap,0.07193985879375761,0.0008816134204151834,0.0457920606111841,4,5,2.6784805836211905,0.039948901109939705,0.00017358914553591208,0.039775311964403794,0.23629353457717348,0.7637064654228265,86
block_bootstrap,0.06979200669828668,0.0008118858904402799,0.044709381799831555,4,4,2.673551678863426,0.04148379160458977,0.00022454305227244276,0.04125924855231733,0.21485034304744965,0.7851496569525503,87
block_bootstrap,0.06444576992861933,0.0007051263638971779,0.0382031333930493,5,5,2.6790372532888664,0.03843783421710112,0.00016747879926362272,0.03827035541783749,0.34921068515616277,0.6507893148438373,88
block_bootstrap,0.06855232530646836,0.0007905953233962358,0.04472800263203728,4,5,2.680074576352083,0.03761483329332885,0.00023956228721328519,0.03737527100611556,0.23782253903083753,0.7621774609691625,89
block_bootstrap,0.06534485141741929,0.0007349480847444579,0.04294589691960264,5,5,2.6820892711826327,0.039203336554435135,0.00020541777767735218,0.03899791877675778,0.3188448886836801,0.6811551113163199,90
block_bootstrap,0.07109123460109192,0.0008339290840381732,0.042528928883437234,4,5,2.678119275727621,0.041364160397385816,0.00020841327295502822,0.041155747124430785,0.23887269869013533,0.7611273013098647,91
block_bootstrap,0.06754396425117619,0.0007679477503159138,0.042412854856343836,4,5,2.6809562424428117,0.03885212887372657,0.00024011108763580984,0.03861201778609076,0.22743576882162744,0.7725642311783726,92
block_bootstrap,0.0735196393316115,0.0009058689132839682,0.042709706963637795,4,5,2.671246302713164,0.042894099422997614,0.0002455364094563796,0.04264856301354124,0.2656217949908126,0.7343782050091874,93
block_bootstrap,0.07001652125854804,0.0008177436049091846,0.04227861045704935,4,5,2.681727606011958,0.0395846565007294,0.0002965642763517838,0.03928809222437762,0.23484196746774433,0.7651580325322557,94
block_bootstrap,0.06476216080493961,0.0007052694347535276,0.038510057964303575,4,5,2.674249417328976,0.040645921852682315,0.00029540465315253594,0.04035051719952978,0.27242179454988474,0.7275782054501152,95
block_bootstrap,0.06632868381356308,0.0007441325624564717,0.0433600046456694,4,5,2.6775724374292067,0.04043446566494693,0.00023451403069960303,0.040199951634247326,0.23832954470901943,0.7616704552909805,96
block_bootstrap,0.07154141271479834,0.0008496189471337296,0.045141603303209876,4,4,2.676730779182622,0.04023380165416398,0.00026941199907977567,0.039964389655084205,0.22204901251556633,0.7779509874844337,97
block_bootstrap,0.06291004545873323,0.0006582617790062829,0.03926803656272601,4,5,2.6760251716017636,0.0403361891081234,0.0002820489480124004,0.040054140160111,0.2718939604268767,0.7281060395731234,98
block_bootstrap,0.07034976676791856,0.0008342626841121522,0.04271400558288021,4,5,2.678878207153971,0.040051383709165125,0.00023255010591237868,0.039818833603252744,0.25635964736839706,0.7436403526316029,99
block_bootstrap,0.06599237076886036,0.0007176203532224813,0.03972581639784898,4,5,2.6702463522876814,0.041986552907768704,0.0002377297918576019,0.041748823115911105,0.244613902971979,0.7553860970280211,100
block_bootstrap,0.07049478802865751,0.0008358771574270174,0.04586468036011149,4,4,2.679949761319155,0.04019518186364403,0.00033075726107916755,0.03986442460256486,0.20058833732870981,0.7994116626712902,101
block_bootstrap,0.06883172727446288,0.0008042543458918366,0.04499606925396284,4,5,2.6736244545386416,0.040534770921126076,0.00025484955492046627,0.04027992136620561,0.27188971255142763,0.7281102874485723,102
block_bootstrap,0.07090693455726196,0.0008439136261558482,0.04574127216215386,4,5,2.6834471550538312,0.038822929364933895,0.000213606896047825,0.03860932246888607,0.22469345048043798,0.775306549519562,103
block_bootstrap,0.07114634067531045,0.0008458190314533015,0.0446300232823988,4,5,2.6745041286097075,0.040795365551320954,0.00025259689858363036,0.04054276865273732,0.2867916351954662,0.7132083648045338,104
block_bootstrap,0.0724615013085333,0.0008888081901820592,0.04311014294543683,4,5,2.675631718678025,0.04017306052818105,0.00022971981184919185,0.039943340716331856,0.271521594137619,0.728478405862381,105
block_bootstrap,0.06412927160715826,0.0006957773929585532,0.038845112937256863,4,5,2.67663411938663,0.04021254291255358,0.00025694838450737863,0.0399555945280462,0.26817121505308034,0.7318287849469196,106
block_bootstrap,0.06524920930331822,0.0007075201017634832,0.04089816408810206,4,5,2.6806993154335785,0.03877292049469898,0.000260728290013785,0.03851219220468519,0.28237008099859473,0.7176299190014053,107
block_bootstrap,0.06753070071230195,0.0007725199580732769,0.040199947596152134,5,5,2.6818385704897807,0.03946378817491204,0.00017959836741133594,0.03928418980750071,0.3323356657856789,0.6676643342143211,108
block_bootstrap,0.06622292744363012,0.0007419321855925151,0.04338113181225971,4,5,2.6767994759292213,0.040469471299486144,0.00023389032191968237,0.040235580977566465,0.27938993165121045,0.7206100683487895,109
block_bootstrap,0.06508943649797282,0.0006997527519336905,0.039278136418748874,4,5,2.680747869250079,0.03851955307972182,0.00024933882692802436,0.03827021425279379,0.2769227051347502,0.7230772948652497,110
block_bootstrap,0.0659406285492493,0.0007349453841919195,0.04040414334878296,4,4,2.678783788231294,0.03839761957291157,0.0002199297727033063,0.03817768980020827,0.20818279434796683,0.7918172056520332,111
block_bootstrap,0.07277429467450976,0.0008887385859559687,0.04677438370992087,4,5,2.6812444880253814,0.037998535013318804,0.0002703539237255319,0.03772818108959327,0.2759286975784932,0.7240713024215069,112
block_bootstrap,0.07193898525677607,0.0008698242676031718,0.04375295117962932,4,5,2.680566284957006,0.03978404380970466,0.00022412015657813632,0.03955992365312653,0.3109892036696559,0.6890107963303441,113
block_bootstrap,0.07087291029993614,0.0008367867432909601,0.04341200064556028,4,5,2.6805433695082392,0.038744587530676916,0.00020476145697462294,0.038539826073702294,0.23314436940722877,0.7668556305927712,114
block_bootstrap,0.0652942876070708,0.0007297592663171645,0.04206900853644504,4,5,2.683267769200191,0.037638429180158445,0.00019492349622824505,0.0374435056839302,0.22376989002402364,0.7762301099759763,115
block_bootstrap,0.07145473581971573,0.0008547873185412319,0.04343226588788848,4,4,2.6744096455089195,0.041871833685695165,0.00022811714778428555,0.04164371653791088,0.22182417395221704,0.7781758260477829,116
block_bootstrap,0.0673481992530343,0.0007561900489337335,0.04014519942201534,4,5,2.682806892044811,0.039033500559810766,0.00027161810647416103,0.0387618824533366,0.24317451081983008,0.7568254891801699,117
block_bootstrap,0.06477345622349591,0.0007056146461380139,0.04208958174831872,4,5,2.680348032263651,0.03884770707275294,0.0001937627981107292,0.03865394427464221,0.24409152504544218,0.7559084749545578,118
block_bootstrap,0.07072068743272025,0.0008368131768517466,0.042411211772851995,4,5,2.6739725130996623,0.04195699867696624,0.00025834946053199855,0.04169864921643424,0.2669373224782425,0.7330626775217575,119
block_bootstrap,0.06990541199916916,0.0008065359760890898,0.04128114356455604,4,5,2.678441714324437,0.03893474981748543,0.0002681086138984057,0.038666641203587024,0.22957541008530646,0.7704245899146935,120
block_bootstrap,0.06891698123651943,0.0008004795168544122,0.045808817976580034,4,5,2.677563815346788,0.03984278916360147,0.0002595515433863521,0.039583237620215116,0.24455374141813727,0.7554462585818628,121
block_bootstrap,0.06275400445478199,0.0006847453547701465,0.04143909648369068,4,5,2.679562642975017,0.03802264055054688,0.00020701082096276002,0.037815629729584126,0.273941372695824,0.726058627304176,122
block_bootstrap,0.06990712307313982,0.0008273688935974905,0.03995935509165796,4,5,2.6799220585471173,0.038452977597770804,0.00022199535331372287,0.03823098224445708,0.2963758523705748,0.7036241476294252,123
block_bootstrap,0.06546695606116605,0.0007508992295530387,0.04124433625004358,4,5,2.680288060794165,0.038607168653826664,0.0002569587523782291,0.03835020990144843,0.2510961316464744,0.7489038683535256,124
block_bootstrap,0.06849597768921632,0.0007838586704778838,0.04224318156584149,4,5,2.6874676471485306,0.03686709965060378,0.00031784617654237565,0.036549253474061405,0.27448888808472865,0.7255111119152713,125
block_bootstrap,0.06378987273426891,0.0006830928859030696,0.03950545754186405,4,5,2.678998287644104,0.03982251918383183,0.00023773069669202464,0.03958478848713981,0.27988788226924677,0.7201121177307532,126
block_bootstrap,0.06631605912175904,0.0007382938480679851,0.040807282599103815,4,5,2.6830834180047383,0.03815404870088158,0.00022207978211347248,0.03793196891876811,0.2671190419638597,0.7328809580361403,127
block_bootstrap,0.07057894788118853,0.0008361351820903719,0.04202657914890065,4,5,2.680194264501722,0.040069687081975496,0.0002127429948656495,0.039856944087109845,0.29752096573497105,0.7024790342650289,128
block_bootstrap,0.0670653079666132,0.0007719923577825841,0.04155315377558807,4,5,2.684207271110469,0.03853404412442966,0.0001900060489582008,0.03834403807547146,0.23324178429798004,0.76675821570202,129
block_bootstrap,0.06388346300988619,0.0007019485238742702,0.041063914327283554,4,5,2.678559172639996,0.03890172686596417,0.0001940238014410034,0.03870770306452317,0.2626709778830395,0.7373290221169605,130
block_bootstrap,0.06742146011319826,0.0007865472752662574,0.040963160219200705,4,5,2.676571452222568,0.040879038717033606,0.0002779152932630696,0.040601123423770535,0.3091778481480241,0.6908221518519759,131
block_bootstrap,0.06991666065421161,0.0008407970774722076,0.04760755685129177,4,5,2.684738047741006,0.03666095185508844,0.0002944118377003161,0.03636654001738813,0.25822806215470917,0.7417719378452908,132
block_bootstrap,0.0673771398648064,0.0007801766536961374,0.04508476880748868,4,5,2.6794543152180035,0.039348537227054343,0.00020121646662036745,0.03914732076043398,0.22858294366681703,0.771417056333183,133
block_bootstrap,0.07073549600332008,0.0008249697194222166,0.04599748656209146,4,4,2.6754773332557145,0.04015721639965888,0.0001849443776783365,0.03997227202198054,0.22342095893948424,0.7765790410605158,134
block_bootstrap,0.0667039232867756,0.0007465423180852372,0.042406311008146694,4,5,2.676454535425716,0.04067148961294259,0.00019036516766723395,0.04048112444527536,0.26402010765899797,0.735979892341002,135
block_bootstrap,0.07002108416669144,0.0008220957158726751,0.0450131926185136,4,5,2.6756475477288553,0.040180290781860306,0.00016016612778688277,0.040020124654073425,0.2781383289865294,0.7218616710134707,136
block_bootstrap,0.0693065054500125,0.0007903226573257348,0.04065047709684958,4,5,2.6775836988086112,0.04041249870729041,0.0002972025803323838,0.04011529612695803,0.26514608109171495,0.734853918908285,137
block_bootstrap,0.06546130037845535,0.000726744363850193,0.0411202097925443,4,5,2.6817561377080645,0.038521920263628086,0.00022092856280092474,0.03830099170082716,0.25495153342597837,0.7450484665740216,138
block_bootstrap,0.06673949023221973,0.000752046834810661,0.043241508551317726,4,4,2.6774185549349565,0.04026878144229347,0.00023707482831042203,0.040031706613983045,0.22241790283323004,0.77758209716677,139
block_bootstrap,0.07191488506917289,0.0008800137433670275,0.04423673933880962,4,5,2.679964514200531,0.040024575567534484,0.00020766357930121314,0.03981691198823327,0.2712036053460169,0.728796394653983,140
block_bootstrap,0.07315073976769995,0.00090141748629722,0.04571665264962365,4,5,2.6793429184612108,0.041602817724435644,0.000198396324871468,0.04140442139956418,0.268498295021636,0.731501704978364,141
block_bootstrap,0.07027904860922135,0.0008281620893781216,0.04379093258231968,4,5,2.6806265205787883,0.03919433897331048,0.00012037692541620519,0.039073962047894276,0.2925244285933492,0.7074755714066507,142
block_bootstrap,0.06833415419485019,0.0007870937881664765,0.042007833757399006,4,5,2.6786149259936525,0.03994468825164106,0.00021206460732294815,0.039732623644318114,0.27116415087362755,0.7288358491263724,143
block_bootstrap,0.06833508203955291,0.0007944265990044119,0.043356569127504796,4,5,2.676726089179876,0.0396798627769815,0.0001991761862760005,0.0394806865907055,0.28118505784164033,0.7188149421583596,144
block_bootstrap,0.06803266996103309,0.0007834537573984545,0.0402710408926407,5,5,2.6754253755650295,0.041479541828215394,0.0002052686146869436,0.04127427321352845,0.33271950761427876,0.6672804923857212,145
block_bootstrap,0.06621565143383369,0.0007369388058931785,0.04227753846324022,4,5,2.676345115860279,0.039600306599850976,0.0002707509497944159,0.03932955565005656,0.26528222826492626,0.7347177717350737,146
block_bootstrap,0.06903402629702918,0.0007969786529109311,0.04394861670360589,4,5,2.6793341975419467,0.03979302722838156,0.00022354359417943272,0.039569483634202124,0.22491551948544156,0.7750844805145585,147
block_bootstrap,0.06806445572082327,0.0007930969493092189,0.042321028175624116,4,5,2.6786404262467873,0.04072757052136957,0.00035254119101704474,0.04037502933035252,0.26623439670011106,0.7337656032998889,148
block_bootstrap,0.06712040009036778,0.0007530718781969054,0.039185152970869705,4,5,2.677009012466516,0.040701705499144036,0.00021197273157815325,0.040489732767565886,0.3004334863019346,0.6995665136980653,149
block_bootstrap,0.06992026890403806,0.0008215890287075606,0.04560341710720241,4,4,2.677565140150946,0.04098967215665765,0.00028200751061302053,0.04070766464604463,0.19223377547160148,0.8077662245283985,150
block_bootstrap,0.06396387413715059,0.0006703960285997031,0.038750325860016484,4,5,2.6897987760040127,0.03484253416132054,0.0002343054866828158,0.034608228674637725,0.27933086796654305,0.720669132033457,151
block_bootstrap,0.0652468080948505,0.0007227456423651739,0.04023245330065878,4,5,2.679021710544497,0.03963462839174683,0.00019937737589155883,0.039435251015855266,0.24694584795500982,0.7530541520449902,152
block_bootstrap,0.06990075623061003,0.0008239014276767137,0.04292093804713527,4,5,2.6802310461108734,0.03994357395793843,0.0002153003772940336,0.0397282735806444,0.2916479502252625,0.7083520497747375,153
block_bootstrap,0.06345663715342205,0.0006952934013580642,0.03944489036925828,4,5,2.685271082203297,0.03708378187606769,0.0002176962054349874,0.0368660856706327,0.22822914715526807,0.7717708528447319,154
block_bootstrap,0.06924798374613135,0.0007983526251989,0.043057717279124566,4,5,2.6776271057628236,0.040650072799445235,0.00026988530377347695,0.04038018749567176,0.23992438716887815,0.7600756128311219,155
block_bootstrap,0.06338426955340724,0.000662772469916923,0.03985742444672182,4,5,2.6803350058948925,0.03921082891845827,0.00013050852012014925,0.03908032039833812,0.22792564917384453,0.7720743508261555,156
block_bootstrap,0.06676794638380243,0.0007593707792422614,0.04173174187271923,4,5,2.6781751683724697,0.0399801522440755,0.00018736516705010595,0.039792787077025396,0.24800113480292538,0.7519988651970746,157
block_bootstrap,0.06905292166084567,0.0007877910667895537,0.043354427533122276,4,4,2.6799420369716955,0.03782973198032544,0.00032412333158514243,0.03750560864874029,0.20314589874958655,0.7968541012504134,158
block_bootstrap,0.06973539087916795,0.0008173703115379174,0.043635314056237315,4,5,2.6758515814887844,0.04129114148215299,0.00021372649680282687,0.04107741498535016,0.24613925426931513,0.7538607457306848,159
block_bootstrap,0.06619919646998529,0.0007348123289158723,0.039886539281012774,4,5,2.6857357582209342,0.03763524019204281,0.0003255348226167611,0.03730970536942605,0.2829160262554947,0.7170839737445053,160
block_bootstrap,0.06997822798298539,0.0008391406242320911,0.04189205633568925,4,5,2.6802998703572545,0.040712704899214545,0.0002423056178817284,0.040470399281332815,0.3041610426965855,0.6958389573034145,161
block_bootstrap,0.0691572008034507,0.0008115348530294947,0.04360043375734031,4,5,2.6770438634589837,0.04182958269747204,0.00025432672493573354,0.04157525597253631,0.2570229445523017,0.7429770554476983,162
block_bootstrap,0.06733089733479504,0.0007749484051830866,0.039481661492076575,4,5,2.6738748589528862,0.04143455688506213,0.00024678331739088076,0.041187773567671254,0.2845184547251087,0.7154815452748913,163
block_bootstrap,0.06716688502693616,0.0007468075936358687,0.03923691693331057,4,4,2.679587193011478,0.039682882031289904,0.00022881913961349208,0.03945406289167641,0.21893716840493532,0.7810628315950647,164
block_bootstrap,0.0676784998963791,0.0007731409430827576,0.04162617901678733,4,5,2.6722533036076763,0.04112696564277421,0.000254399861674901,0.04087256578109931,0.2551209556057868,0.7448790443942133,165
block_bootstrap,0.06435515700348553,0.0006969855330673368,0.04062471091780243,4,4,2.6775958990928617,0.04063364151684254,0.00022699372050981063,0.040406647796332726,0.21814897046441736,0.7818510295355826,166
block_bootstrap,0.06674700412495442,0.0007371774477066716,0.040047534017633696,4,5,2.6788995277848624,0.039192712781331615,0.0003480184623101404,0.038844694319021475,0.3032051239126043,0.6967948760873957,167
block_bootstrap,0.06892694264187216,0.0007885094374211878,0.04132550749845489,4,5,2.6797233499988162,0.039352908312629734,0.0001909165404680575,0.039161991772161675,0.2383054990175819,0.7616945009824181,168
block_bootstrap,0.07175606187221695,0.0008667145353404456,0.04308230690291252,4,5,2.675826811342997,0.04046228618868479,0.00022355767728319084,0.040238728511401596,0.2969411933215083,0.7030588066784917,169
block_bootstrap,0.07296052618831392,0.0008863245506582391,0.044684793731098786,4,5,2.683764216465597,0.03756357317149343,0.00015151105359594813,0.037412062117897486,0.28030251633150527,0.7196974836684947,170
block_bootstrap,0.0696762103317066,0.0008376069864278432,0.04286126464870853,4,5,2.6821750420871657,0.03831648481696031,0.00015199187358415117,0.038164492943376156,0.27260193308165925,0.7273980669183407,171
block_bootstrap,0.06623748527428076,0.0007419684368032834,0.039520268529852624,5,5,2.6795697314086944,0.03998584763907351,0.00023129564386221968,0.03975455199521129,0.32061326077833613,0.6793867392216639,172
block_bootstrap,0.06511754492816953,0.0007079700249887894,0.0368204280235452,4,5,2.679715385257973,0.03866445843750266,0.0002069224979972956,0.03845753593950536,0.30338454742675214,0.6966154525732479,173
block_bootstrap,0.06748313784794847,0.000744084612619565,0.04202546024941768,4,5,2.6778358859952576,0.040364529423294056,0.00021376924722921967,0.04015076017606484,0.26480804650133455,0.7351919534986655,174
block_bootstrap,0.06691973202448985,0.0007686515883737475,0.04290933854307883,4,5,2.689544940755591,0.037186666514141827,0.00033145719731277463,0.03685520931682905,0.2769994882739246,0.7230005117260754,175
block_bootstrap,0.06539345087443793,0.0007112592425453847,0.0408433668780056,4,4,2.671696434401449,0.04127369118097395,0.00020145354640866667,0.04107223763456529,0.21927118232177956,0.7807288176782204,176
block_bootstrap,0.07084743095421493,0.0008481793073158875,0.046003979481792946,4,5,2.680615998879465,0.03985007904025542,0.0002499018344028067,0.03960017720585261,0.29487913604838695,0.7051208639516131,177
block_bootstrap,0.07036531367117703,0.0008180554026049689,0.04360594911647808,4,5,2.6780332341512705,0.04055974422254299,0.0002511094034876448,0.04030863481905535,0.23290083211879242,0.7670991678812076,178
block_bootstrap,0.06884123773446167,0.0008006198481186522,0.04199983226643032,5,5,2.6775722519764287,0.04064438977730694,0.00023845016519163156,0.040405939612115305,0.32120302530225286,0.6787969746977471,179
block_bootstrap,0.06721829519936483,0.0007576273776755506,0.04086174096242916,4,5,2.6812614043810963,0.040333461822728935,0.00034230790632977536,0.03999115391639916,0.2829455562670765,0.7170544437329235,180
block_bootstrap,0.06819184722645767,0.0007861729690360453,0.0446991953233315,4,5,2.676380463877986,0.038920922062237795,0.0002254743378114282,0.03869544772442637,0.2717908001465778,0.7282091998534221,181
block_bootstrap,0.06586044600195068,0.0007423545190211308,0.04362893741727307,4,5,2.6754546616462256,0.04027295473150695,0.0002390402114939946,0.04003391452001296,0.24262186260463753,0.7573781373953625,182
block_bootstrap,0.06637924919691379,0.0007395566770067373,0.041194958570428576,4,5,2.680071905714796,0.04101390965033307,0.0002927615731140606,0.040721148077219015,0.3028709439734937,0.6971290560265063,183
block_bootstrap,0.06849226969993807,0.0008111581260043355,0.04394722509578808,4,5,2.675694081688041,0.040021117361632635,0.0002630626351501566,0.03975805472648248,0.3038360034886717,0.6961639965113283,184
block_bootstrap,0.06820556724861979,0.0007788107998896083,0.04165846185393907,4,5,2.6764517473045846,0.03900277542919939,0.0001981129880732859,0.038804662441126105,0.2271831079778655,0.7728168920221345,185
block_bootstrap,0.07115668992876742,0.0008461928919715359,0.04135636929228919,4,5,2.671374953417574,0.04147992204462507,0.00015664034219705454,0.041323281702428015,0.30922703500377713,0.6907729649962229,186
block_bootstrap,0.06751565239201672,0.0007762992070057904,0.0451041745436228,4,5,2.681724118006291,0.039335753754746794,0.0002122673541841615,0.03912348640056263,0.24331342728629737,0.7566865727137027,187
block_bootstrap,0.06503113572810465,0.0007104369730616259,0.04247701808240508,4,5,2.6790470268559283,0.04003873668878024,0.0002787446601506986,0.039759992028629544,0.23553933720787373,0.7644606627921262,188
block_bootstrap,0.06633050472831013,0.0007336456161321598,0.04251768080768529,4,5,2.67881252464669,0.03999708054942687,0.0002649130177024762,0.03973216753172439,0.22998060694442146,0.7700193930555785,189
block_bootstrap,0.06611493854827821,0.0007263527389761813,0.03918788779761957,4,5,2.6826220369459755,0.0383397167783359,0.0002184168816037598,0.03812129989673214,0.2316630611716752,0.7683369388283248,190
block_bootstrap,0.07497361081645185,0.0009585579311487053,0.04794970292937128,4,5,2.675341634524101,0.041048710175398115,0.00020663147410070654,0.040842078701297406,0.26499278300003803,0.735007216999962,191
block_bootstrap,0.0677145200968404,0.0007721150228408268,0.04263330277447336,4,5,2.678835430403999,0.03951204128284623,0.00019331223367133373,0.0393187290491749,0.27399166112505197,0.7260083388749481,192
block_bootstrap,0.0666854234747623,0.0007559773158031273,0.03773484737045601,4,5,2.6739557215716294,0.04246346397605138,0.00018481523793962654,0.042278648738111754,0.26601201418707177,0.7339879858129282,193
block_bootstrap,0.0656139761040569,0.0007209559909189273,0.04249480865937295,4,4,2.6713906962826357,0.041313126213102944,0.0002192666918927081,0.04109385952121024,0.22324712471227753,0.7767528752877224,194
block_bootstrap,0.06761953335085398,0.0007744539524192548,0.03848463920584056,4,5,2.6809733144240737,0.041012656538143274,0.0002386558870942848,0.04077400065104899,0.264126272796269,0.735873727203731,195
block_bootstrap,0.07095511666199522,0.000844062050036632,0.043683761705276845,4,5,2.682011566379943,0.03899505599402434,0.00028755831713647137,0.03870749767688787,0.25994224524614123,0.7400577547538587,196
block_bootstrap,0.06854139073291567,0.0007769370034488329,0.040342587664090955,4,5,2.676505747298749,0.039789981586535225,0.0002763639643478331,0.03951361762218739,0.3000653154002093,0.6999346845997907,197
block_bootstrap,0.07078478560820664,0.0008499891813829449,0.0465805945207399,4,5,2.6776186354236273,0.040451154858834534,0.0002620466986426979,0.04018910816019183,0.23725467076452836,0.7627453292354717,198
block_bootstrap,0.06943642890685181,0.0008401592528986111,0.041323159670240285,4,5,2.680395389422361,0.040447212017361,0.00022500548908981692,0.04022220652827118,0.232463870870914,0.767536129129086,199
window_bootstrap,0.06712554601001577,0.0007739984860506443,0.046043333126364765,4,4,2.6865449507676007,0.03631053708734817,0.00016542597375139147,0.03614511111359678,0.2053838942028515,0.7946161057971485,0
window_bootstrap,0.0728786115044311,0.0009044030928843913,0.048288123878053896,4,5,2.6795956179398335,0.03981667986032741,0.00023005434492728526,0.03958662551540012,0.2884503465119278,0.7115496534880722,1
window_bootstrap,0.0681521576777988,0.0007930887390079331,0.04230471834815907,4,5,2.67591889769638,0.04005422945485043,0.00023623461705388492,0.03981799483779655,0.22525573056204304,0.7747442694379569,2
window_bootstrap,0.07265915516216018,0.0008933226158617537,0.0490439043485484,4,5,2.6800566292953216,0.03842426351112853,0.00022514664642824924,0.03819911686470028,0.2401678741631801,0.7598321258368199,3
window_bootstrap,0.07297915407620041,0.0009143617090607735,0.05323839672881016,4,5,2.703476025698707,0.032667678857226747,0.0002623511951338276,0.03240532766209292,0.2477435589689174,0.7522564410310826,4
window_bootstrap,0.07258294921725118,0.0008783207399047213,0.0440088500679874,4,5,2.6582804515881553,0.04560641512852336,0.0001934317495162303,0.045412983379007135,0.23610718788320006,0.7638928121167999,5
window_bootstrap,0.07423818966112537,0.0009339202311034807,0.04855418203463673,4,5,2.661329423209228,0.043888535944967375,0.0002582942476032248,0.04363024169736415,0.24418627767285214,0.7558137223271478,6
window_bootstrap,0.07737475870985414,0.0010102246951693198,0.04807784840049498,4,5,2.6646132342719073,0.0443912012120039,0.00019613359748765194,0.04419506761451625,0.26243778164216747,0.7375622183578325,7
window_bootstrap,0.06891917307244494,0.0008150687555549132,0.0451176668270631,4,5,2.6846053209020564,0.03770534934440504,0.00021699439937683667,0.0374883549450282,0.27242612652990683,0.7275738734700932,8
window_bootstrap,0.06788049406238511,0.0007973782012341781,0.04630581487107666,4,5,2.6957907487114645,0.03466922291598289,0.0001874020493537909,0.034481820866629105,0.2436911199833457,0.7563088800166543,9
window_bootstrap,0.0730334453851188,0.0009172867990407808,0.04890574070404928,4,5,2.6706969812694212,0.04234710412626205,0.00031118239071053247,0.04203592173555152,0.2504953571049919,0.7495046428950081,10
window_bootstrap,0.07565408932775275,0.0009534008536784931,0.047640123428648075,4,5,2.671106738615319,0.04119685836624289,0.00018808430763463308,0.04100877405860826,0.23282373596569536,0.7671762640343046,11
window_bootstrap,0.07192586268835059,0.000877370921047237,0.04574798152431739,4,5,2.660319401629152,0.04351696522159224,0.00022883128913894654,0.043288133932453295,0.2350907924591657,0.7649092075408344,12
window_bootstrap,0.07406964520082776,0.0009259180845124472,0.04763895883909932,4,5,2.6863271221588216,0.037563950751413264,0.0001680563123416939,0.03739589443907157,0.2606266332745537,0.7393733667254463,13
window_bootstrap,0.06878409562837624,0.0008066836757797184,0.044122834309692,4,5,2.6684134978777942,0.04221265057139989,0.00021887333800066694,0.041993777233399227,0.2853252273728412,0.7146747726271587,14
window_bootstrap,0.07191940329647732,0.0008772732392734819,0.046187476660457166,4,5,2.683891947364945,0.038441185464148125,0.00026951525429910414,0.03817167020984902,0.2920770861152306,0.7079229138847694,15
window_bootstrap,0.07398963818305228,0.00092487552426765,0.04688016362566772,4,5,2.666197511839906,0.04397991777942982,0.00028348007681050464,0.043696437702619315,0.2669523402587591,0.733047659741241,16
window_bootstrap,0.06994434526547791,0.0008258864096864647,0.04621775977039637,4,5,2.6906184510336213,0.0359417156158294,0.0002634374451008835,0.035678278170728515,0.23413424330196198,0.765865756698038,17
window_bootstrap,0.07381100025579805,0.0009164269109660725,0.047580750314162076,4,5,2.6739973594102446,0.040133452609809654,0.00021491155823474936,0.039918541051574906,0.23873939839733152,0.7612606016026685,18
window_bootstrap,0.07491554547309934,0.0009532656832870125,0.04675357229411878,4,5,2.6685202200993867,0.04290889976579476,0.0001903307293229833,0.042718569036471775,0.24615948123816664,0.7538405187618333,19
window_bootstrap,0.0720235538154552,0.0008840944870674442,0.04804922331483457,4,5,2.690634789872471,0.036587563049584805,0.0002481254851047815,0.03633943756448002,0.26394051647303546,0.7360594835269645,20
window_bootstrap,0.06918952049468705,0.0008171774307955864,0.04436958610326726,4,5,2.672564808717162,0.0410363679727514,0.00023936700667520822,0.04079700096607619,0.24678852120306996,0.7532114787969301,21
window_bootstrap,0.0711855643357925,0.0008621121432786095,0.04459176537318637,4,5,2.6817033238263748,0.03951894161268393,0.0002520925193581552,0.03926684909332578,0.2611509528341601,0.7388490471658399,22
window_bootstrap,0.07219811303190231,0.0008740471686551918,0.04689590867665845,4,5,2.662239299267367,0.04346537348274629,0.0002830185130865091,0.04318235496965978,0.2444003329562327,0.7555996670437672,23
window_bootstrap,0.07359083002140616,0.0009253280797940932,0.04827164888799284,4,5,2.685772993415234,0.03836039644356118,0.0002914390642536179,0.03806895737930756,0.2823471324778114,0.7176528675221886,24
window_bootstrap,0.07437370147686416,0.0009329519330572519,0.04393588273197469,4,5,2.660920256311562,0.046198290902554576,0.0002455154777833758,0.0459527754247712,0.27205591048809913,0.7279440895119009,25
window_bootstrap,0.07122888634228018,0.0008648001324104517,0.04630442393659067,4,5,2.67391235657375,0.04060945450968009,0.00026085543136581177,0.040348599078314284,0.25942201528973247,0.7405779847102676,26
window_bootstrap,0.07316152101981213,0.0009162272738561727,0.048235298266519705,4,4,2.6675953593501536,0.04127256700929142,0.00027345021036200934,0.04099911679892941,0.18325927381999427,0.8167407261800057,27
window_bootstrap,0.07389587808100498,0.0009191902304384856,0.047352244138311426,4,5,2.6704994152295853,0.04110164874504441,0.00018954975480892046,0.04091209899023549,0.22941854169458162,0.7705814583054184,28
window_bootstrap,0.07388440057074351,0.0009331744007551853,0.04870524846651335,4,5,2.7010164703027164,0.03412397966429801,0.0002140385382655926,0.03390994112603242,0.24193943884837926,0.7580605611516207,29
window_bootstrap,0.06890776012090075,0.0008100793870206781,0.044731401450162626,4,5,2.674151597164867,0.03924449515361111,0.0002047100576662334,0.03903978509594487,0.24897312709541364,0.7510268729045864,30
window_bootstrap,0.06970860427917495,0.0008414447481674533,0.04962192085880535,4,5,2.681441395917297,0.03850834068257933,0.00026978256722377347,0.03823855811535556,0.2827866230337113,0.7172133769662887,31
window_bootstrap,0.07528552552690516,0.0009669351780990758,0.047199800211039616,4,5,2.677474267432006,0.040630033715521305,0.0001935821305537037,0.0404364515849676,0.2745646975504369,0.7254353024495631,32
window_bootstrap,0.07139020848674678,0.000865714846589591,0.044896099948010415,4,5,2.67458737781564,0.04110587333209912,0.00022847890974800653,0.04087739442235112,0.2469036868183079,0.7530963131816921,33
window_bootstrap,0.07042173003961073,0.0008454454758057977,0.045534983553875676,4,5,2.666365782777688,0.04181720531195192,0.0001943889551121849,0.04162281635683973,0.22876574308494832,0.7712342569150517,34
window_bootstrap,0.07252513071765908,0.0008832091423518445,0.04410001594934081,4,5,2.6753983637363077,0.0412888201167243,0.00036055206225710495,0.0409282680544672,0.2476190767089157,0.7523809232910843,35
window_bootstrap,0.07254646905996137,0.0008888957312994088,0.0475239246385178,4,5,2.691781609498568,0.0354980666549643,0.00017521924003821454,0.035322847414926084,0.24819286661781564,0.7518071333821843,36
window_bootstrap,0.06999738824323716,0.0008338012505257058,0.045725788228452593,4,4,2.6988771709584976,0.03389697560348365,0.00023939100324614368,0.0336575846002375,0.21705244229913911,0.7829475577008609,37
window_bootstrap,0.08190270763305739,0.0011124398597543205,0.046413416209552666,4,4,2.6136375413138495,0.06054827877928291,0.00020290005024151873,0.060345378729041395,0.2227094125622189,0.7772905874377811,38
window_bootstrap,0.0705084511701357,0.0008612408717297088,0.048411906047458084,4,5,2.6700158025647487,0.040970115539551835,0.0001826188059079266,0.04078749673364391,0.25617176384193463,0.7438282361580654,39
window_bootstrap,0.0709306468576445,0.000854599308421,0.043821660427917394,4,5,2.6741946266293963,0.04172755435868053,0.0002159662777509243,0.041511588080929605,0.2821860196032417,0.7178139803967583,40
window_bootstrap,0.0709762999926772,0.0008526888717252202,0.04480253394832125,4,5,2.6753951140449566,0.039886110065858946,0.00025897653820167047,0.039627133527657274,0.2407303091593543,0.7592696908406457,41
window_bootstrap,0.0723032345527709,0.0008843274837793064,0.04633067152189654,4,4,2.681242564698072,0.03944835580662355,0.00016862892215957452,0.039279726884463975,0.2206862565799347,0.7793137434200653,42
window_bootstrap,0.07521401085606404,0.0009315657774931921,0.045410939094227776,4,5,2.654121509950913,0.04816538022417881,0.0002059362503880545,0.047959443973790754,0.28555929442408773,0.7144407055759123,43
window_bootstrap,0.06942120596132297,0.0008172210730308862,0.04497341266646058,4,5,2.68978461505793,0.03680539841837427,0.00016898788187169432,0.03663641053650257,0.27248314618305114,0.7275168538169489,44
window_bootstrap,0.06965309211866905,0.0008213788932630707,0.045898806276379746,4,5,2.6872365945650984,0.037127252353918935,0.00015098174360614602,0.03697627061031279,0.24235728900329231,0.7576427109967077,45
window_bootstrap,0.0755816693631211,0.0009488071106908619,0.046022618572328235,4,5,2.662094768989603,0.04499989644266846,0.0002686740174547313,0.04473122242521373,0.26177009337004853,0.7382299066299515,46
window_bootstrap,0.07125623343350772,0.0008699302216346993,0.04860854106177714,4,5,2.6868637966902993,0.037293487214494825,0.0002596014759365978,0.037033885738558224,0.23995605781910637,0.7600439421808937,47
window_bootstrap,0.06513144869164983,0.0007337163924940767,0.04147429131809863,4,5,2.680414681527255,0.03854861602005654,0.00019573910854636556,0.038352876911510174,0.2358084915180227,0.7641915084819773,48
window_bootstrap,0.07284837619951826,0.0008948192452471262,0.047428787489931894,4,5,2.6887120827624176,0.03740226038613201,0.00026256527362229564,0.03713969511250971,0.27230954853600603,0.7276904514639939,49
window_bootstrap,0.07153828012952329,0.0008650746971447319,0.046775127311548356,4,4,2.6895194420321746,0.03633614132943833,0.00030196439984442043,0.03603417692959391,0.22091644980235442,0.7790835501976456,50
window_bootstrap,0.06974187347206501,0.0008315054762227853,0.047467186000453056,4,5,2.69531525213288,0.03542387099330892,0.0002502843636569541,0.03517358662965196,0.2431844126113872,0.7568155873886128,51
window_bootstrap,0.07217272292612459,0.0008910299818849169,0.049016144920050124,4,5,2.6706423561614465,0.041468963191709285,0.0002683288826765906,0.041200634309032695,0.2767865289895012,0.7232134710104988,52
window_bootstrap,0.07322174492046006,0.0009105899870751337,0.04820678142785824,4,5,2.6952826535930394,0.035083590007387894,0.0002683252228324116,0.03481526478455548,0.26395574092616175,0.7360442590738383,53
window_bootstrap,0.07003003799478143,0.0008306203914813044,0.04777545533855219,4,5,2.674632883448011,0.0399833243211057,0.0002756073776843268,0.03970771694342137,0.2274978893969734,0.7725021106030265,54
window_bootstrap,0.07352554542882937,0.0009127614485474368,0.04362672884062624,4,5,2.6740939563279804,0.04237895010279251,0.0002832710811125564,0.04209567902167995,0.27412943791960614,0.7258705620803938,55
window_bootstrap,0.06964647357860657,0.0008307018536094278,0.04324601971332375,4,4,2.6794529905396747,0.039482452324441975,0.00016487409579209013,0.03931757822864988,0.17683016513380387,0.8231698348661961,56
window_bootstrap,0.07077129566063455,0.000845194502634437,0.04833161792176719,4,5,2.6766272990798496,0.040086574155524586,0.0001818218228081637,0.039904752332716426,0.2552102658360664,0.7447897341639336,57
window_bootstrap,0.07416463093343129,0.0009322747637480827,0.04648189788072593,4,5,2.6597873179752884,0.04587349827489061,0.00024460691023314165,0.04562889136465747,0.27219261107948084,0.7278073889205192,58
window_bootstrap,0.07417978249488465,0.000927581546979817,0.047223437741676186,4,5,2.671360525994835,0.0416205447019681,0.0001877374298872407,0.04143280727208086,0.2817889982031379,0.7182110017968621,59
window_bootstrap,0.07196169519705144,0.0008725096235885879,0.04638316976485104,4,5,2.6767761834023354,0.03997881044775606,0.00025235720251489145,0.03972645324524117,0.2718296044183145,0.7281703955816855,60
window_bootstrap,0.06949296857864802,0.0008238383471690835,0.04670940761578169,4,5,2.6837646123837007,0.037594389798229454,0.00024114483043130444,0.03735324496779815,0.23660988643333894,0.7633901135666611,61
window_bootstrap,0.07275558779685533,0.0008927718736629552,0.0469990387467874,4,4,2.668057345648833,0.042522664928430175,0.00025229512680213025,0.042270369801628044,0.21379370899637576,0.7862062910036243,62
window_bootstrap,0.06877946753102329,0.0008090730527864309,0.04544879733516779,4,5,2.690217087433732,0.03675085844814495,0.00024580579484940584,0.036505052653295546,0.2586359820632014,0.7413640179367986,63
window_bootstrap,0.07318527136905482,0.0009071057577654366,0.045576293588509044,4,5,2.6826749142825412,0.0390739840395455,0.00018059252431086543,0.03889339151523463,0.24736050905365467,0.7526394909463453,64
window_bootstrap,0.0781122134214434,0.0010271574973663112,0.04514594250955013,4,5,2.6334218868309445,0.05395057347228491,0.00018150269144282284,0.05376907078084209,0.283782906998736,0.716217093001264,65
window_bootstrap,0.07105195432953632,0.0008561335003764609,0.046486608035899636,4,5,2.678026852110807,0.03933931820856836,0.00015714754006068465,0.039182170668507675,0.2727119151594922,0.7272880848405078,66
window_bootstrap,0.06989499925992476,0.0008408399388043673,0.0476652687391873,4,4,2.669990453151149,0.040845587718435473,0.0002855566696639317,0.04056003104877154,0.21480793126514788,0.7851920687348521,67
window_bootstrap,0.07438908515920443,0.0009335669574925217,0.04776040238526893,4,5,2.6753963591295986,0.040886603742977604,0.00024750884129146554,0.040639094901686136,0.2596296633131392,0.7403703366868608,68
window_bootstrap,0.07367880399085433,0.0009238614455196659,0.04558363591195264,4,5,2.6667166385945418,0.04353704756967291,0.000254013281101902,0.043283034288571005,0.26297279427244896,0.7370272057275511,69
window_bootstrap,0.07509193521109608,0.0009488910906326226,0.04766728447901548,4,5,2.66186928113863,0.044581872668853606,0.00029144125337748005,0.044290431415476124,0.2694326000598985,0.7305673999401014,70
window_bootstrap,0.07117525665259831,0.000856602880119061,0.044218482949519335,4,5,2.6922476672893594,0.03717742084356497,0.0002544995547646686,0.0369229212888003,0.2594563821448812,0.7405436178551188,71
window_bootstrap,0.07211761316712201,0.0008851899740367502,0.04841673052723945,4,5,2.6959142339847153,0.034135532943323596,0.0002458315230555464,0.03388970142026805,0.23393703824803386,0.7660629617519661,72
window_bootstrap,0.07030507307183195,0.000845177724072573,0.04549051657976571,4,5,2.684411853739442,0.03851046053766086,0.0002138909644903451,0.038296569573170514,0.2845285752940273,0.7154714247059727,73
window_bootstrap,0.06692377515530847,0.0007660404041592169,0.04585803510415253,4,5,2.678917229449158,0.038658965686756926,0.00029433009384761716,0.038364635592909306,0.22949576085288,0.77050423914712,74
window_bootstrap,0.07146851240130841,0.0008690610221355416,0.04667281639649887,4,5,2.6811102026346574,0.03874526608853977,0.00031289513025918136,0.038432370958280594,0.25458339713168,0.74541660286832,75
window_bootstrap,0.07180009407768505,0.0008783167303468818,0.05008280376788071,4,4,2.6919993561854727,0.03506019254701681,0.00032101307236243894,0.03473917947465437,0.21528781059927624,0.7847121894007237,76
window_bootstrap,0.07163828461834608,0.0008641245114913604,0.04541752698272862,4,5,2.6607138529251677,0.04480032230427417,0.0003270293528398053,0.044473292951434366,0.2718906367733673,0.7281093632266327,77
window_bootstrap,0.07315785360206538,0.000916633940008141,0.04435533289557456,4,5,2.6606334514433923,0.044894871173301806,0.0002614695395195344,0.04463340163378227,0.2622704777389255,0.7377295222610745,78
window_bootstrap,0.07167104649428606,0.0008791031810641241,0.05005459170055551,4,4,2.6787070669617075,0.03770104313203515,0.00022576482444700517,0.03747527830758814,0.1837757947401054,0.8162242052598946,79
window_bootstrap,0.07162317686700144,0.0008788325580932455,0.048962283400150935,4,5,2.6888148790081723,0.03687078854645373,0.00028534269245028527,0.036585445854003446,0.265027854210084,0.734972145789916,80
window_bootstrap,0.0714771406247,0.000866105607158195,0.046901873391252354,4,5,2.663595677208712,0.04432811528432212,0.0002415409677801475,0.04408657431654198,0.25695324561974814,0.7430467543802519,81
window_bootstrap,0.07595160969964004,0.0009737339044867204,0.04941453199300126,4,5,2.673006644454411,0.041556352739423055,0.00015801641040811157,0.04139833632901494,0.2947226507483568,0.7052773492516432,82
window_bootstrap,0.0717896754823218,0.0008673161566314157,0.04811381890655577,4,5,2.6917513343376855,0.036389145321182606,0.00017949595966895203,0.036209649361513656,0.30666458850232436,0.6933354114976756,83
window_bootstrap,0.07072601561282899,0.0008602376552164921,0.04673311069504806,4,5,2.673361186464647,0.041332744210258426,0.00024464739162506166,0.04108809681863337,0.2676943921642448,0.7323056078357553,84
window_bootstrap,0.0673882053217528,0.0007769139642469815,0.0452989357770184,4,5,2.6801330110594366,0.038429289982595566,0.00022011762476213534,0.03820917235783343,0.2313136069099774,0.7686863930900226,85
window_bootstrap,0.07348569720155457,0.0009205373319648815,0.046781194886470506,4,5,2.690838936335999,0.03660677578950815,0.00015884090380032157,0.03644793488570783,0.22836458590607675,0.7716354140939232,86
window_bootstrap,0.06958593570629333,0.0008300075518052324,0.045797720281558846,4,4,2.693197346964281,0.035511004903311674,0.00032093076220267,0.035190074141109,0.21054348078899526,0.7894565192110048,87
window_bootstrap,0.07512119212935144,0.0009675320070322594,0.051380664497569485,4,5,2.682844544499504,0.03817562002293278,0.00026374852713129706,0.03791187149580148,0.2718352922312942,0.7281647077687058,88
window_bootstrap,0.07098199343938799,0.0008545240125189323,0.045313243415895335,4,5,2.6772495876166875,0.03910349163226799,0.00022011586468729757,0.03888337576758069,0.2447451166363674,0.7552548833636326,89
window_bootstrap,0.07132148559701552,0.0008644735513460733,0.04634730224882233,4,5,2.675675940302035,0.04084341931360498,0.00017143577532671798,0.040671983538278264,0.28232080423931544,0.7176791957606845,90
window_bootstrap,0.07058233223850686,0.0008403569313231255,0.04607023592510741,4,5,2.686574818959704,0.03768974730052244,0.00024312147993526642,0.03744662582058718,0.26066360513792153,0.7393363948620785,91
window_bootstrap,0.07146136862119379,0.0008667772099805732,0.04349159247246089,4,5,2.674966238203183,0.04092331706009818,0.0001852618040509719,0.040738055256047206,0.24439495160377583,0.7556050483962242,92
window_bootstrap,0.06935117931325943,0.0008257817747659799,0.0444584656620782,4,5,2.687779176519173,0.03722451975762501,0.000274772610995689,0.03694974714662932,0.23406128264606024,0.7659387173539398,93
window_bootstrap,0.07395025441000251,0.0009220224699427723,0.044386660281922515,4,5,2.657117617813176,0.04625912749101145,0.00032769607215797994,0.04593143141885347,0.2454175119536916,0.7545824880463083,94
window_bootstrap,0.07272860629329507,0.0008972091318976739,0.04384431550385872,4,5,2.6650739449422653,0.044767124264871644,0.00021432435414729981,0.04455279991072435,0.2680372324914283,0.7319627675085717,95
window_bootstrap,0.07261116518893956,0.0009026673408708209,0.05018054012558699,4,5,2.691408380186492,0.036037813355782156,0.00022611352469223772,0.035811699831089915,0.24865572084579143,0.7513442791542085,96
window_bootstrap,0.07118886129381277,0.0008537000992873882,0.047277910104032914,4,5,2.6752253607100873,0.04025784970681895,0.00018846992385511792,0.04006937978296383,0.2701999048396444,0.7298000951603556,97
window_bootstrap,0.07059612803270016,0.0008532490783052174,0.04318278946458536,4,5,2.6727972018376804,0.04165642811896908,0.0001923657305707914,0.04146406238839829,0.2472931703939823,0.7527068296060178,98
window_bootstrap,0.0673939570736175,0.0007802959242110682,0.045108956693640796,4,5,2.6913183181403553,0.03565073831534332,0.00023383673794956304,0.03541690157739376,0.23609992683440348,0.7639000731655965,99
window_bootstrap,0.07164490170421475,0.0008806865305813233,0.0490185631830659,4,4,2.6976805419293153,0.033531886557363846,0.0003029922903302479,0.0332288942670336,0.1980447936619339,0.8019552063380662,100
window_bootstrap,0.07350526133079244,0.0009146470955734836,0.047696667153419324,4,5,2.6734086477956565,0.040989704500172364,0.00022718479242868936,0.04076251970774367,0.2568295216785193,0.7431704783214808,101
window_bootstrap,0.07644970148848251,0.0009889140058334665,0.04819190876124254,4,5,2.6830284518002796,0.03960994406950762,0.00024250910149258166,0.03936743496801504,0.27435728826042904,0.725642711739571,102
window_bootstrap,0.07208682812884132,0.0008769063004558577,0.047301690352561696,4,5,2.683591327490116,0.03744516540934875,0.0003313029072724331,0.037113862502076315,0.2587488588696679,0.7412511411303321,103
window_bootstrap,0.07137024790085371,0.0008643902037014657,0.04482430561268436,4,5,2.683272705874306,0.03898825663074883,0.000310949596704799,0.038677307034044026,0.24730867064017187,0.7526913293598281,104
window_bootstrap,0.071388462342616,0.0008617718949129583,0.04793437986065907,4,5,2.6808088114201434,0.03888656137173172,0.00022027675934671497,0.038666284612385006,0.25552112018270795,0.7444788798172921,105
window_bootstrap,0.07633170864562393,0.0009758480215636186,0.047176027254528956,4,5,2.668309924966172,0.041911042542871674,0.00029780157961789913,0.04161324096325378,0.22989546270792757,0.7701045372920724,106
window_bootstrap,0.07769942221078108,0.0010098582147724264,0.047182298559320685,4,5,2.669174731470997,0.04340715995655703,0.00018387919378866618,0.043223280762768365,0.2938272042187575,0.7061727957812425,107
window_bootstrap,0.07300857438715946,0.0009042251270073772,0.04467412929036663,4,5,2.6641452904940364,0.04515987068284985,0.00021239094733451982,0.04494747973551533,0.26220400444524006,0.7377959955547599,108
window_bootstrap,0.0712004490795735,0.000863262465738792,0.04639113488288184,4,5,2.668897973198843,0.04224087420561552,0.0001782775819569945,0.04206259662365853,0.2633277389632804,0.7366722610367196,109
window_bootstrap,0.06832273969433139,0.0007982363477154509,0.04524336776016266,4,5,2.6720402894988986,0.04107818067654961,0.0002288470694619391,0.040849333607087666,0.24553638620352708,0.7544636137964729,110
window_bootstrap,0.07422650430479345,0.0009252323999928331,0.04764328781057395,4,5,2.678148961048638,0.03920611944669404,0.00020688400224512965,0.03899923544444891,0.2380344561100732,0.7619655438899268,111
window_bootstrap,0.0703250419322617,0.0008421278393884847,0.0441338404322669,4,5,2.6707509852427704,0.042554121383020435,0.00032558228616951467,0.04222853909685092,0.29297982085321117,0.7070201791467888,112
window_bootstrap,0.07317321272493758,0.0009007401275253339,0.04845963074382151,4,4,2.681734613491513,0.03692030124671407,0.00032011129832251804,0.03660018994839155,0.2212131653232382,0.7787868346767618,113
window_bootstrap,0.07400862088043451,0.0009266819371739788,0.05020137672000446,4,5,2.6919441219583367,0.03527908155254702,0.00029290808398845544,0.03498617346855856,0.24150474119753726,0.7584952588024627,114
window_bootstrap,0.07156240090365623,0.0008753525723296392,0.04602366525826083,4,5,2.6696524052361714,0.04218833591820975,0.0002782057707279162,0.041910130147481836,0.25880089972102016,0.7411991002789798,115
window_bootstrap,0.07148705742084441,0.0008694601282699598,0.048946071149444784,4,5,2.6937813852461234,0.034508195517545734,0.00022965457694941075,0.034278540940596326,0.2297457631744695,0.7702542368255305,116
window_bootstrap,0.06824096155605561,0.0007943229215113177,0.045003798857461086,4,5,2.6838728913429724,0.03744377481002214,0.00024202643636075054,0.037201748373661386,0.2401361765608072,0.7598638234391928,117
window_bootstrap,0.07294430808356278,0.0009011525873519155,0.0491423199623936,4,4,2.6892730440608177,0.035776049326264076,0.00022488264624650843,0.035551166680017565,0.217330669445868,0.782669330554132,118
window_bootstrap,0.0697901551878765,0.0008214314004733287,0.04411369988319878,4,5,2.668703914423128,0.042798715694097544,0.000271919660065637,0.04252679603403191,0.2768623783794191,0.7231376216205809,119
window_bootstrap,0.07556890819920213,0.0009537359217754436,0.048278620232277684,4,5,2.663444981763717,0.043268832342209795,0.0001957497537910499,0.04307308258841874,0.26904123292557647,0.7309587670744235,120
window_bootstrap,0.07079922868864832,0.0008473142428748754,0.042828247682577585,4,5,2.6811273758719327,0.039848241545067595,0.00024785521496952445,0.03960038633009807,0.2515030729067336,0.7484969270932664,121
window_bootstrap,0.06977383811605947,0.0008218765542091946,0.046037307894459346,4,5,2.672146937930511,0.04002652597617789,0.0002236422043643894,0.0398028837718135,0.22922561817512457,0.7707743818248755,122
window_bootstrap,0.07103518321339955,0.0008587466315885989,0.046799141429733626,4,4,2.672248353062213,0.040721163984057354,0.0002738124972532512,0.0404473514868041,0.22132862983644186,0.7786713701635581,123
window_bootstrap,0.07020232068316837,0.0008440931194097941,0.04459927052633569,4,5,2.689998792614898,0.03694223993173038,0.00023096375355359367,0.03671127617817679,0.24992597615395298,0.750074023846047,124
window_bootstrap,0.07231805795871485,0.0008826401086287104,0.04623269213007103,4,5,2.66172283746724,0.04410924877788493,0.00023465759584891265,0.043874591182036016,0.2531883118533452,0.7468116881466548,125
window_bootstrap,0.07505728672778929,0.0009428572991239937,0.047116521848723905,4,4,2.6395939225717107,0.049775447257747726,0.00021087574616099867,0.049564571511586726,0.20434963209220866,0.7956503679077913,126
window_bootstrap,0.07665482044089346,0.000981121925367244,0.04456033525973543,4,5,2.656024894456651,0.04803376347060096,0.00020257806758073514,0.04783118540302023,0.2858954743965199,0.7141045256034801,127
window_bootstrap,0.07285044952867994,0.0009033148780588234,0.04922900028902871,4,5,2.6730686795241403,0.04164723701675122,0.0002924454368952313,0.04135479157985599,0.2939295983654688,0.7060704016345312,128
window_bootstrap,0.070384124662663,0.0008317894620565216,0.04354207514338485,4,5,2.6563840179226905,0.045213282859132224,0.00023284436521938794,0.04498043849391284,0.22567471130469488,0.7743252886953051,129
window_bootstrap,0.07120874598759376,0.0008595322401720467,0.04770032031575415,4,4,2.6755829717460435,0.03909326177514791,0.0002548034262452129,0.0388384583489027,0.21987547335333196,0.7801245266466681,130
window_bootstrap,0.07493782419513902,0.000930470726217584,0.045848424511460636,4,5,2.6557284369797207,0.04643177793271192,0.00026326062287051566,0.04616851730984141,0.27994910196437545,0.7200508980356246,131
window_bootstrap,0.0698527107631409,0.0008304966998452463,0.04706873671787339,4,5,2.6867566081365504,0.03719402997307794,0.0001827194322140205,0.03701131054086392,0.25269726655212993,0.7473027334478701,132
window_bootstrap,0.06881488424184727,0.0008121874944213696,0.04436946920462002,4,5,2.666648610007733,0.04237195693382843,0.00023221814017782228,0.04213973879365061,0.24894162619007987,0.7510583738099201,133
window_bootstrap,0.07084656082779377,0.0008505208154634234,0.045033279680642295,4,5,2.6686135021324384,0.042254754611848855,0.00025438900509911606,0.04200036560674974,0.2629931678276953,0.7370068321723047,134
window_bootstrap,0.07217517196739777,0.0008772299048732822,0.046434597346860014,4,5,2.685810203707647,0.03884816058008825,0.0002386480171191792,0.038609512562969066,0.28299633339164576,0.7170036666083542,135
window_bootstrap,0.06825149912284738,0.0007969813084498366,0.04259693685621723,4,5,2.671552912454909,0.04174197403986113,0.0002589186807263955,0.041483055359134734,0.2509614030059254,0.7490385969940746,136
window_bootstrap,0.07124040633670069,0.0008529318190775507,0.04584823510110878,4,5,2.673103822180789,0.04090494861395723,0.0002492326802863744,0.04065571593367086,0.2474817886777593,0.7525182113222407,137
window_bootstrap,0.0713401627410176,0.0008536317747199676,0.044072391457004284,4,5,2.6679389142540066,0.04267702995845338,0.00017546653309327335,0.04250156342536011,0.24550330997609104,0.754496690023909,138
window_bootstrap,0.07530347162115984,0.0009684914330454008,0.04664128588484735,4,5,2.6936702166180297,0.03677809963542554,0.0002775001454716747,0.036500599489953864,0.24896369180879113,0.7510363081912088,139
window_bootstrap,0.07246121657174759,0.0008947848982317364,0.046469209123726825,4,5,2.6678115205310293,0.042104808047736815,0.00020823280993026227,0.04189657523780655,0.24793589672406585,0.7520641032759341,140
window_bootstrap,0.07321486649233307,0.00090502412714406,0.04744712379415348,4,5,2.678105035140861,0.03986892783091457,0.00023967513230170904,0.039629252698612866,0.25080225016962726,0.7491977498303728,141
window_bootstrap,0.07403861919598359,0.0009253565408886538,0.04607009991599023,4,5,2.6792629542830944,0.04003838106596014,0.00023236464259873286,0.03980601642336141,0.2774217896938683,0.7225782103061317,142
window_bootstrap,0.07270256307303408,0.0008917588756498613,0.04564900455874434,4,5,2.6526028230560463,0.04672444211596439,0.00022170203017918326,0.046502740085785206,0.2394924039014997,0.7605075960985003,143
window_bootstrap,0.07034617437899571,0.0008380847195026006,0.04309040779487913,4,5,2.672508013652089,0.04136349493864035,0.00033506208486201744,0.04102843285377833,0.23563775301375744,0.7643622469862426,144
window_bootstrap,0.07303269132632183,0.0009036147874823883,0.05081480683195492,4,4,2.698493957653373,0.03360162087741368,0.00024258588959668968,0.03335903498781699,0.22265114927291585,0.7773488507270842,145
window_bootstrap,0.07865460827034433,0.0010318067155046502,0.04905274682534119,4,5,2.6464431295211517,0.04935162136839644,0.00024378129588933627,0.0491078400725071,0.25601270480231064,0.7439872951976894,146
window_bootstrap,0.07396176006624326,0.0009227021637226334,0.047307741066314454,4,5,2.6676584515717106,0.041857844380134124,0.0001623228834230611,0.04169552149671106,0.2290598352502912,0.7709401647497088,147
window_bootstrap,0.06945904349479282,0.0008143585062948992,0.04434829737891863,4,5,2.67749882612919,0.040495408571888214,0.00021661433323742714,0.040278794238650786,0.2926300488436353,0.7073699511563647,148
window_bootstrap,0.07126920777066081,0.0008601493185763375,0.04541696869899321,4,4,2.690334705603031,0.03703472778756306,0.00021478953749726616,0.03681993825006579,0.21946910609535109,0.7805308939046489,149
window_bootstrap,0.06788911378625649,0.0007900690392961045,0.04659063802596547,4,5,2.68385420892683,0.03722540280618046,0.00024513471215355736,0.0369802680940269,0.24292607885947137,0.7570739211405286,150
window_bootstrap,0.07261356207407478,0.0009008619239032169,0.046062797679253545,4,5,2.681679789491808,0.039227441359511055,0.00020460803570271626,0.03902283332380834,0.26299239293145615,0.7370076070685438,151
window_bootstrap,0.07167168321332569,0.0008755231762239626,0.045051252256968224,4,5,2.6954074677140873,0.03667409065936792,0.00028703470001454647,0.036387055959353376,0.2627655617640521,0.7372344382359479,152
window_bootstrap,0.07070434517414671,0.0008467812009847281,0.04357742376669188,4,4,2.6513695597892157,0.04695090258920819,0.00021555802469767316,0.04673534456451052,0.22337378683252507,0.7766262131674749,153
window_bootstrap,0.07312961717076302,0.0009141603775657608,0.05056846175773427,4,5,2.685777087909684,0.03746426517049699,0.0001905138344447009,0.037273751336052284,0.28800248562967534,0.7119975143703247,154
window_bootstrap,0.06911509011935231,0.0008137067209681669,0.046043181082614494,4,5,2.6894045135665414,0.036496475297107034,0.00022786753357728428,0.03626860776352975,0.24956656128332366,0.7504334387166763,155
window_bootstrap,0.07295286463492041,0.0008901871804442852,0.0460046869237548,4,4,2.6595016319826756,0.04445323528394764,0.00020194557634950125,0.04425128970759814,0.21948620671342747,0.7805137932865726,156
window_bootstrap,0.07417421361890493,0.0009259922950072251,0.04385200672012032,4,4,2.646646319838944,0.04937160780256489,0.0001820244150714684,0.04918958338749342,0.21359253171714768,0.7864074682828524,157
window_bootstrap,0.06931324420516322,0.0008306410001096679,0.046603765685912756,4,5,2.68275600638948,0.03862115605400297,0.000248121865698663,0.03837303418830431,0.24403180689043066,0.7559681931095693,158
window_bootstrap,0.07117487098335878,0.0008631993996436969,0.04509154136926343,4,5,2.680925867259768,0.03937228820343426,0.0002794290068298223,0.03909285919660444,0.23311903649672475,0.7668809635032753,159
window_bootstrap,0.07386307437047503,0.0009177175154904847,0.04781886046528682,4,5,2.66409366408892,0.04251754331441561,0.00019699502498888896,0.04232054828942672,0.22704277401234918,0.7729572259876508,160
window_bootstrap,0.07097187907547027,0.000858211499633821,0.0481695043041632,4,5,2.6813282813342796,0.038016602368693024,0.00017972772321274576,0.03783687464548028,0.22726918250755634,0.7727308174924437,161
window_bootstrap,0.06865218900996609,0.0008222244613580853,0.04585712356370793,4,5,2.6870974456804775,0.037195406683569875,0.00020303839985583882,0.036992368283714036,0.2564892333472681,0.7435107666527319,162
window_bootstrap,0.07309841040880591,0.0009092474748532175,0.049527773005254926,4,5,2.672502553186294,0.040129350930675184,0.0002057764017027755,0.03992357452897241,0.23084319345001936,0.7691568065499806,163
window_bootstrap,0.06981978563932513,0.0008299083262066189,0.04622618008537841,4,5,2.6867572471204415,0.03733965662940974,0.0002686070187578425,0.0370710496106519,0.24305757081311483,0.7569424291868851,164
window_bootstrap,0.07220342451902777,0.0008985622374217562,0.049315259307296806,4,5,2.689347340057499,0.03740229781455569,0.00030347206327535224,0.03709882575128034,0.28777646503902315,0.7122235349609769,165
window_bootstrap,0.07423717491711013,0.0009478855692593477,0.046464598776191565,4,5,2.6939824255063427,0.037233427350167714,0.0002185992881258333,0.03701482806204188,0.28303430528734735,0.7169656947126526,166
window_bootstrap,0.07475682732651312,0.000947104978626544,0.04720984568419498,4,5,2.6575840773954202,0.046555343025165105,0.0002577227780863556,0.04629762024707875,0.2678773914712229,0.7321226085287771,167
window_bootstrap,0.07182287330564908,0.0008795435396939275,0.04571193441739272,4,5,2.677184434028745,0.03954731521000976,0.0002048230644151158,0.03934249214559464,0.2469388076749364,0.7530611923250636,168
window_bootstrap,0.07098657611312431,0.0008574135890041486,0.043147848177237026,4,4,2.680259670017127,0.03939516146363083,0.0002269641095341856,0.03916819735409665,0.20510333091863478,0.7948966690813652,169
window_bootstrap,0.07161871113798984,0.000868788990568958,0.04513908565374974,4,5,2.6635040234594394,0.04410439053618801,0.00032241496094882955,0.04378197557523918,0.2495562254920526,0.7504437745079474,170
window_bootstrap,0.06805540495236001,0.0007818770171231317,0.04485359775535827,4,4,2.688563079406595,0.03614269393802738,0.00023376525215895033,0.03590892868586843,0.21242883110460253,0.7875711688953975,171
window_bootstrap,0.0672601912554448,0.0007781052572643846,0.04426586714398311,4,5,2.6826028220178584,0.03830282413501442,0.00019820481942357186,0.03810461931559085,0.2854033826110676,0.7145966173889324,172
window_bootstrap,0.06679442341016287,0.000763111773726403,0.04443910937328596,4,4,2.684255235066258,0.03724288121130419,0.00029142106958205576,0.03695146014172213,0.2158997283832488,0.7841002716167512,173
window_bootstrap,0.07119094806059782,0.0008558959966905198,0.044771083764683674,4,5,2.6760442118999386,0.0403569952583088,0.00030705320262543764,0.04004994205568336,0.23553786919950534,0.7644621308004946,174
window_bootstrap,0.07404579666409436,0.0009200793647494779,0.04600667062198807,4,5,2.6704948999530225,0.042104800855833645,0.00014600917270153458,0.04195879168313211,0.2314161708274212,0.7685838291725788,175
window_bootstrap,0.06850558188001611,0.0008038045263772523,0.04646624087630955,4,4,2.683275955630404,0.03693228739761026,0.00016482181160194963,0.03676746558600831,0.19814862934662988,0.8018513706533701,176
window_bootstrap,0.07053429715220856,0.0008429458301422456,0.042498422465991385,4,5,2.6759169939227747,0.04076791337851955,0.00023433394004066367,0.040533579438478885,0.22778796522474964,0.7722120347752504,177
window_bootstrap,0.06659205280452579,0.0007627712824897904,0.04507541137244189,4,4,2.6837622586920125,0.037052596379033194,0.0002156683855407532,0.03683692799349244,0.21147320119034094,0.788526798809659,178
window_bootstrap,0.07389929292882658,0.0009298765027129489,0.04768794509641892,4,4,2.6783473681630823,0.03917133308743725,0.00023824094034204126,0.03893309214709521,0.21040561819662332,0.7895943818033767,179
window_bootstrap,0.0740772481657746,0.0009369754214689076,0.04770130991490352,4,5,2.6792474479272532,0.03961148417646958,0.0001596201835875356,0.039451863992882044,0.27663389392629795,0.723366106073702,180
window_bootstrap,0.07575685389679912,0.0009660906689057545,0.04617895308414546,4,5,2.6739323705421727,0.04174639176355732,0.00020866993241145765,0.04153772183114587,0.26397469659348277,0.7360253034065172,181
window_bootstrap,0.07195521687240558,0.0008739614910002801,0.04357399876463834,4,4,2.6644124597398195,0.043988886634651635,0.000181116277339133,0.0438077703573125,0.22123292725556049,0.7787670727444396,182
window_bootstrap,0.07160046777105096,0.000875678698628215,0.04678556772063353,4,5,2.6871466566350612,0.03776987389583901,0.0002261733681893614,0.037543700527649645,0.25463044687853464,0.7453695531214654,183
window_bootstrap,0.06936524113655149,0.0008277755166899383,0.04966829128433606,4,5,2.690921823011073,0.035609171525233345,0.00023744991651377566,0.03537172160871957,0.2540467941582838,0.7459532058417162,184
window_bootstrap,0.07035727148554528,0.000845308076233962,0.04839188090063313,4,5,2.6919400905610416,0.035625053972563776,0.0002798678512996624,0.03534518612126411,0.2359236443352939,0.7640763556647061,185
window_bootstrap,0.07076214489830081,0.0008629574196595791,0.04652333175160591,4,5,2.6715154508680983,0.04079220353239328,0.00019047101658197524,0.040601732515811305,0.24514937143478838,0.7548506285652117,186
window_bootstrap,0.07178551112863468,0.0008734361418561484,0.04468262509417165,4,5,2.659870714642131,0.045342000442081296,0.00028611868672801124,0.045055881755353286,0.2556620424688353,0.7443379575311647,187
window_bootstrap,0.06904065033613979,0.0008072510249536088,0.04502038132031207,4,5,2.668053172662067,0.0422090318257632,0.0002223120916916546,0.041986719734071545,0.2551930449305983,0.7448069550694016,188
window_bootstrap,0.07340527224454582,0.0009114228547149354,0.04778703966394299,4,5,2.6707906269461987,0.042041475396068395,0.0002609204950686743,0.041780554900999724,0.2961806638432981,0.7038193361567019,189
window_bootstrap,0.07363154680801334,0.0009081039211252579,0.04713616564700761,4,5,2.6851192424894306,0.03749712508514878,0.00027033605055356864,0.03722678903459521,0.23390392625994763,0.7660960737400524,190
window_bootstrap,0.0774090433641684,0.0010132769446619294,0.05052218684576846,4,5,2.6844464155331282,0.039232043232948856,0.00027566892821558357,0.038956374304733275,0.2840072242738092,0.7159927757261908,191
window_bootstrap,0.07101220659243113,0.0008555110882820664,0.045664964741766546,4,5,2.6755560323320893,0.040567776587032624,0.00027686173604815514,0.04029091485098447,0.2689512604752632,0.7310487395247368,192
window_bootstrap,0.07213652814508785,0.0008854401958295762,0.047732209902833195,4,5,2.68537744886938,0.03791130818857031,0.00024555285493510357,0.037665755333635205,0.2687887626072352,0.7312112373927648,193
window_bootstrap,0.0726455664450626,0.0008924072601927102,0.046948002555085355,4,4,2.6669427333506857,0.04174770243599688,0.00028357552810660683,0.041464126907890274,0.22296911649354653,0.7770308835064534,194
window_bootstrap,0.07302721389514234,0.0008958074841298346,0.045812511467851334,4,5,2.6652108223409225,0.043527648463062577,0.00023668160397304292,0.043290966859089536,0.2484563806466885,0.7515436193533115,195
window_bootstrap,0.07252377701088446,0.0008861997546295601,0.04700958104378474,4,5,2.679932260151025,0.03993158007602704,0.00025735796968439636,0.039674222106342645,0.2889151692446582,0.7110848307553418,196
window_bootstrap,0.07543803367240083,0.0009603900197364822,0.04798147990270546,4,5,2.6729014299679275,0.041150755650790766,0.0002850697002926056,0.04086568595049816,0.2531461678519537,0.7468538321480462,197
window_bootstrap,0.07073010516393707,0.0008514908875961649,0.044724405061662226,4,5,2.6674536904824424,0.042917396031882174,0.0003017403810531786,0.042615655650829,0.28512032476257937,0.7148796752374207,198
window_bootstrap,0.07352008914136716,0.0009096924116006309,0.046497782988808745,4,5,2.684409250267558,0.03865885113748001,0.00035736378989941885,0.03830148734758059,0.26711743942482774,0.7328825605751723,199
