null_model,sample,rank,singular_value
iid_shuffle,0,1,0.013229218481218467
iid_shuffle,0,2,0.007358624462124767
iid_shuffle,0,3,0.00698467330427607
iid_shuffle,0,4,0.004722919920367728
iid_shuffle,0,5,0.003401374700035891
iid_shuffle,0,6,0.0016241664607649503
iid_shuffle,0,7,0.0009111523401125213
iid_shuffle,0,8,1.0686222637433076e-17
iid_shuffle,1,1,0.013987887809914343
iid_shuffle,1,2,0.010206879130427242
iid_shuffle,1,3,0.008694845410538698
iid_shuffle,1,4,0.0074552845767841
iid_shuffle,1,5,0.004833854815645316
iid_shuffle,1,6,0.002158256362146023
iid_shuffle,1,7,0.0012640140534534725
iid_shuffle,1,8,3.9855467255019613e-19
iid_shuffle,2,1,0.012267669111983162
iid_shuffle,2,2,0.009508561596345288
iid_shuffle,2,3,0.008893191355299413
iid_shuffle,2,4,0.005860364944339151
iid_shuffle,2,5,0.004057687448195961
iid_shuffle,2,6,0.002204907499431969
iid_shuffle,2,7,0.0007736715736858872
iid_shuffle,2,8,3.140082377304643e-18
iid_shuffle,3,1,0.011578930624776388
iid_shuffle,3,2,0.008093580181962427
iid_shuffle,3,3,0.005480097440466869
iid_shuffle,3,4,0.00433435884346141
iid_shuffle,3,5,0.002852691057888322
iid_shuffle,3,6,0.002521515443384224
iid_shuffle,3,7,0.0009007418711538222
iid_shuffle,3,8,8.482384910503712e-18
iid_shuffle,4,1,0.012729666739749573
iid_shuffle,4,2,0.007169886017415552
iid_shuffle,4,3,0.0060149371491398426
iid_shuffle,4,4,0.00472965538950346
iid_shuffle,4,5,0.0036233316651585316
iid_shuffle,4,6,0.002534395658983131
iid_shuffle,4,7,0.0006450431310742184
iid_shuffle,4,8,4.411390023953313e-18
iid_shuffle,5,1,0.012244287670569978
iid_shuffle,5,2,0.010461748129293683
iid_shuffle,5,3,0.0071532635682137365
iid_shuffle,5,4,0.005771853621530715
iid_shuffle,5,5,0.004077706427968715
iid_shuffle,5,6,0.0035085712301603533
iid_shuffle,5,7,9.214926240264329e-05
iid_shuffle,5,8,2.326557130217705e-17
iid_shuffle,6,1,0.010275541040262246
iid_shuffle,6,2,0.009180519240862824
iid_shuffle,6,3,0.0062828010464366256
iid_shuffle,6,4,0.005521975532789829
iid_shuffle,6,5,0.004585059373191492
iid_shuffle,6,6,0.0016082021168073285
iid_shuffle,6,7,0.0008958777634076137
iid_shuffle,6,8,2.224981054865823e-18
iid_shuffle,7,1,0.010420105612821176
iid_shuffle,7,2,0.00854060996359046
iid_shuffle,7,3,0.0063420310380023865
iid_shuffle,7,4,0.004426097251226202
iid_shuffle,7,5,0.003168224523172302
iid_shuffle,7,6,0.0025734382584346152
iid_shuffle,7,7,0.0003860524834887664
iid_shuffle,7,8,1.850741621361315e-17
iid_shuffle,8,1,0.010220612838187653
iid_shuffle,8,2,0.007146759005556361
iid_shuffle,8,3,0.006397774766128946
iid_shuffle,8,4,0.004569079620104594
iid_shuffle,8,5,0.002788276709774875
iid_shuffle,8,6,0.0017134622562332206
iid_shuffle,8,7,0.0007807689940262922
iid_shuffle,8,8,3.320925490315411e-18
iid_shuffle,9,1,0.012206083204746084
iid_shuffle,9,2,0.009603002286532226
iid_shuffle,9,3,0.008465628363674153
iid_shuffle,9,4,0.005741483956664131
iid_shuffle,9,5,0.004196061013954031
iid_shuffle,9,6,0.002097596811353276
iid_shuffle,9,7,0.0005349135553425204
iid_shuffle,9,8,1.274907913504561e-17
iid_shuffle,10,1,0.01014869276725002
iid_shuffle,10,2,0.007383857675343021
iid_shuffle,10,3,0.0064262444249709155
iid_shuffle,10,4,0.005685573306144092
iid_shuffle,10,5,0.00394148682337863
iid_shuffle,10,6,0.0020474846339809997
iid_shuffle,10,7,0.0002502324937659703
iid_shuffle,10,8,1.749420136314218e-17
iid_shuffle,11,1,0.011639426171279266
iid_shuffle,11,2,0.009145571318716331
iid_shuffle,11,3,0.00847387407013689
iid_shuffle,11,4,0.006597190970276111
iid_shuffle,11,5,0.004559231153217627
iid_shuffle,11,6,0.0025799578482121875
iid_shuffle,11,7,0.00019964043329124057
iid_shuffle,11,8,3.2622097423754e-17
iid_shuffle,12,1,0.0161246414749883
iid_shuffle,12,2,0.009212186415816462
iid_shuffle,12,3,0.007510028974555939
iid_shuffle,12,4,0.005674614970272852
iid_shuffle,12,5,0.004500762786396343
iid_shuffle,12,6,0.00301304222920377
iid_shuffle,12,7,0.0007386695266643164
iid_shuffle,12,8,2.7097958900758486e-18
iid_shuffle,13,1,0.012985862239673941
iid_shuffle,13,2,0.011297581218754798
iid_shuffle,13,3,0.007911289176840813
iid_shuffle,13,4,0.005720472351645312
iid_shuffle,13,5,0.004746057227907947
iid_shuffle,13,6,0.0033256429105902835
iid_shuffle,13,7,0.002883894711345326
iid_shuffle,13,8,2.903338554275432e-17
iid_shuffle,14,1,0.00904662743907685
iid_shuffle,14,2,0.008000484307346166
iid_shuffle,14,3,0.006197235538195736
iid_shuffle,14,4,0.005639698047325397
iid_shuffle,14,5,0.0029212340334607554
iid_shuffle,14,6,0.002512352895216623
iid_shuffle,14,7,1.883149392738079e-05
iid_shuffle,14,8,8.785078848574208e-19
iid_shuffle,15,1,0.009715248594368092
iid_shuffle,15,2,0.007720549523860119
iid_shuffle,15,3,0.006911461627949671
iid_shuffle,15,4,0.0062412539066760645
iid_shuffle,15,5,0.004587126142339458
iid_shuffle,15,6,0.0010667818704064478
iid_shuffle,15,7,0.0003481026082452084
iid_shuffle,15,8,2.7426767315614126e-17
iid_shuffle,16,1,0.01326638421212527
iid_shuffle,16,2,0.010275386917518564
iid_shuffle,16,3,0.008195316778292704
iid_shuffle,16,4,0.006880591423359434
iid_shuffle,16,5,0.004051992786425421
iid_shuffle,16,6,0.002843961757416123
iid_shuffle,16,7,5.8373575942120085e-05
iid_shuffle,16,8,1.104941622327049e-17
iid_shuffle,17,1,0.010680969671088236
iid_shuffle,17,2,0.00922632152766842
iid_shuffle,17,3,0.005984596137258906
iid_shuffle,17,4,0.004547141477958184
iid_shuffle,17,5,0.0028987244168493503
iid_shuffle,17,6,0.0011758067535835852
iid_shuffle,17,7,0.0006666221911499372
iid_shuffle,17,8,2.408421961605185e-17
iid_shuffle,18,1,0.010565621108444279
iid_shuffle,18,2,0.008966945492293741
iid_shuffle,18,3,0.008787757430003516
iid_shuffle,18,4,0.005040685604949706
iid_shuffle,18,5,0.004543808741133604
iid_shuffle,18,6,0.0012081297674709128
iid_shuffle,18,7,0.0007010468827641775
iid_shuffle,18,8,3.039590184548359e-17
iid_shuffle,19,1,0.011737514740897487
iid_shuffle,19,2,0.00886372047651501
iid_shuffle,19,3,0.005280199282660667
iid_shuffle,19,4,0.004531850417053402
iid_shuffle,19,5,0.0039148577413930345
iid_shuffle,19,6,0.0030162069463330774
iid_shuffle,19,7,0.0010461691794889552
iid_shuffle,19,8,2.0328601502107217e-17
iid_shuffle,20,1,0.009769178796395073
iid_shuffle,20,2,0.007368317275643881
iid_shuffle,20,3,0.006961690469152535
iid_shuffle,20,4,0.005535440337927548
iid_shuffle,20,5,0.003925737374349539
iid_shuffle,20,6,0.003117799723873128
iid_shuffle,20,7,0.000563507728784734
iid_shuffle,20,8,1.389352171071221e-18
iid_shuffle,21,1,0.014230036708384804
iid_shuffle,21,2,0.009645762937494777
iid_shuffle,21,3,0.00891154616308514
iid_shuffle,21,4,0.006638785266115311
iid_shuffle,21,5,0.004979936885317077
iid_shuffle,21,6,0.001296083750000786
iid_shuffle,21,7,5.6217606321220737e-05
iid_shuffle,21,8,3.903877437777687e-17
iid_shuffle,22,1,0.010689417856026168
iid_shuffle,22,2,0.009328358858061617
iid_shuffle,22,3,0.008082133490247294
iid_shuffle,22,4,0.00489788958170714
iid_shuffle,22,5,0.0035374817849193017
iid_shuffle,22,6,0.0016281479558690078
iid_shuffle,22,7,0.0007304498062138282
iid_shuffle,22,8,2.3942715961043022e-17
iid_shuffle,23,1,0.011383059263698082
iid_shuffle,23,2,0.008777150391833171
iid_shuffle,23,3,0.0063853903335502945
iid_shuffle,23,4,0.005224878423975142
iid_shuffle,23,5,0.002757872139175668
iid_shuffle,23,6,0.0012366685011943469
iid_shuffle,23,7,9.23553837624665e-05
iid_shuffle,23,8,1.416135349677764e-17
iid_shuffle,24,1,0.01244541442797444
iid_shuffle,24,2,0.010599191791283194
iid_shuffle,24,3,0.008264918708250623
iid_shuffle,24,4,0.005105260839234516
iid_shuffle,24,5,0.004488329514171915
iid_shuffle,24,6,0.0027269993295867523
iid_shuffle,24,7,9.322133752521059e-05
iid_shuffle,24,8,1.5805906192924322e-17
iid_shuffle,25,1,0.012963022571692764
iid_shuffle,25,2,0.01031538290607281
iid_shuffle,25,3,0.008527020525977381
iid_shuffle,25,4,0.006059875044398971
iid_shuffle,25,5,0.003524524741950462
iid_shuffle,25,6,0.0016252456336953744
iid_shuffle,25,7,0.0004984330184028616
iid_shuffle,25,8,1.107390820914823e-19
iid_shuffle,26,1,0.008967357640712824
iid_shuffle,26,2,0.007821169999264225
iid_shuffle,26,3,0.006017588141807179
iid_shuffle,26,4,0.0034129672235297948
iid_shuffle,26,5,0.00214800462776628
iid_shuffle,26,6,0.0019505458515228743
iid_shuffle,26,7,0.0012797804561128314
iid_shuffle,26,8,4.181918136993617e-17
iid_shuffle,27,1,0.011967918649592395
iid_shuffle,27,2,0.00997127716975904
iid_shuffle,27,3,0.00737626560372865
iid_shuffle,27,4,0.004340077477540612
iid_shuffle,27,5,0.0025883446846675807
iid_shuffle,27,6,0.0017224620395058338
iid_shuffle,27,7,0.00031880659417413577
iid_shuffle,27,8,8.872138731167631e-18
iid_shuffle,28,1,0.01159782893819391
iid_shuffle,28,2,0.007915484444114636
iid_shuffle,28,3,0.006198215575332584
iid_shuffle,28,4,0.004348926900859816
iid_shuffle,28,5,0.003415558095788351
iid_shuffle,28,6,0.002142809642878319
iid_shuffle,28,7,0.00020968290288294028
iid_shuffle,28,8,2.4211514667235618e-18
iid_shuffle,29,1,0.012015248642673818
iid_shuffle,29,2,0.009194879954989275
iid_shuffle,29,3,0.006138679943452831
iid_shuffle,29,4,0.004951642568813125
iid_shuffle,29,5,0.003951949202523721
iid_shuffle,29,6,0.0031077172982937776
iid_shuffle,29,7,0.0010161432055282313
iid_shuffle,29,8,1.3205724870678167e-17
iid_shuffle,30,1,0.010660312939948758
iid_shuffle,30,2,0.009388659413677952
iid_shuffle,30,3,0.006967348164975801
iid_shuffle,30,4,0.00616883542361384
iid_shuffle,30,5,0.0036795239286301178
iid_shuffle,30,6,0.0026998931534047083
iid_shuffle,30,7,0.00043183682530603787
iid_shuffle,30,8,2.1108519394363538e-17
iid_shuffle,31,1,0.010940232583991226
iid_shuffle,31,2,0.01024108735161733
iid_shuffle,31,3,0.006636651110254951
iid_shuffle,31,4,0.005776860968861617
iid_shuffle,31,5,0.004667697881851492
iid_shuffle,31,6,0.0017977681821961977
iid_shuffle,31,7,0.0009957154474804506
iid_shuffle,31,8,1.3560187716661062e-18
iid_shuffle,32,1,0.01177226908177687
iid_shuffle,32,2,0.009311471973769423
iid_shuffle,32,3,0.007300486389144036
iid_shuffle,32,4,0.0063959725370199266
iid_shuffle,32,5,0.005283659369601465
iid_shuffle,32,6,0.003935498101241827
iid_shuffle,32,7,0.0006357431132856426
iid_shuffle,32,8,2.268319780106148e-17
iid_shuffle,33,1,0.011463014702196064
iid_shuffle,33,2,0.008738680083191935
iid_shuffle,33,3,0.00764242745739089
iid_shuffle,33,4,0.005934873492665036
iid_shuffle,33,5,0.0040530077698179515
iid_shuffle,33,6,0.002715685420886507
iid_shuffle,33,7,0.0012884694086098957
iid_shuffle,33,8,1.9204995843370286e-18
iid_shuffle,34,1,0.010358885402881799
iid_shuffle,34,2,0.009407779370922909
iid_shuffle,34,3,0.006666580675910277
iid_shuffle,34,4,0.00527294202037495
iid_shuffle,34,5,0.003542358157912384
iid_shuffle,34,6,0.0014349872422500533
iid_shuffle,34,7,0.0004033138671104108
iid_shuffle,34,8,1.1187018041497308e-17
iid_shuffle,35,1,0.01274997134676877
iid_shuffle,35,2,0.008752227464735184
iid_shuffle,35,3,0.007803473118578011
iid_shuffle,35,4,0.004826362359135816
iid_shuffle,35,5,0.003817000905326889
iid_shuffle,35,6,0.0014169365094609237
iid_shuffle,35,7,0.0002816015755530449
iid_shuffle,35,8,1.9044990258067475e-17
iid_shuffle,36,1,0.011837882091915207
iid_shuffle,36,2,0.010774187599724988
iid_shuffle,36,3,0.009025921537006584
iid_shuffle,36,4,0.005524584744702097
iid_shuffle,36,5,0.0031625926216573863
iid_shuffle,36,6,0.0013790593084098402
iid_shuffle,36,7,0.0010930083341155088
iid_shuffle,36,8,3.665717823694466e-17
iid_shuffle,37,1,0.012292101537960735
iid_shuffle,37,2,0.010233857485847476
iid_shuffle,37,3,0.007638878844939309
iid_shuffle,37,4,0.0060259995639900185
iid_shuffle,37,5,0.002973112910543994
iid_shuffle,37,6,0.001539234922759511
iid_shuffle,37,7,0.0013281549515505391
iid_shuffle,37,8,1.1396042293095562e-18
iid_shuffle,38,1,0.012733498082236344
iid_shuffle,38,2,0.011459531294915
iid_shuffle,38,3,0.00961077303289232
iid_shuffle,38,4,0.006216815766408611
iid_shuffle,38,5,0.005647046496423744
iid_shuffle,38,6,0.002679472326873216
iid_shuffle,38,7,0.0013051683452208222
iid_shuffle,38,8,3.3783064802444436e-17
iid_shuffle,39,1,0.012006174063710517
iid_shuffle,39,2,0.008122597038337773
iid_shuffle,39,3,0.0064429993142176714
iid_shuffle,39,4,0.005701528618264511
iid_shuffle,39,5,0.004192569407161428
iid_shuffle,39,6,0.0014460641725210217
iid_shuffle,39,7,0.0005876701593967635
iid_shuffle,39,8,4.0267032346430627e-17
iid_shuffle,40,1,0.012104074324240783
iid_shuffle,40,2,0.00810677841190585
iid_shuffle,40,3,0.006819222956219238
iid_shuffle,40,4,0.0047709228746576895
iid_shuffle,40,5,0.0037824646635349433
iid_shuffle,40,6,0.0005778817260234973
iid_shuffle,40,7,5.10211763024016e-05
iid_shuffle,40,8,1.652828281398738e-17
iid_shuffle,41,1,0.011064397157281736
iid_shuffle,41,2,0.010688514834918093
iid_shuffle,41,3,0.0069534850205149774
iid_shuffle,41,4,0.006106434955171926
iid_shuffle,41,5,0.004243817760604612
iid_shuffle,41,6,0.0022015391744875344
iid_shuffle,41,7,0.00048056074057478346
iid_shuffle,41,8,2.3730916992949663e-17
iid_shuffle,42,1,0.009728881864210778
iid_shuffle,42,2,0.007361655814753606
iid_shuffle,42,3,0.005955532824731811
iid_shuffle,42,4,0.004620670289660309
iid_shuffle,42,5,0.0036910148968819973
iid_shuffle,42,6,0.002201521747884633
iid_shuffle,42,7,0.0004920537221339256
iid_shuffle,42,8,1.3303638028099553e-18
iid_shuffle,43,1,0.00903213837191546
iid_shuffle,43,2,0.006882720814885577
iid_shuffle,43,3,0.006473864640514505
iid_shuffle,43,4,0.003550517557453766
iid_shuffle,43,5,0.0033665770641228567
iid_shuffle,43,6,0.0024823037634302985
iid_shuffle,43,7,0.0008776552144550917
iid_shuffle,43,8,3.942695164103973e-18
iid_shuffle,44,1,0.01297822055810746
iid_shuffle,44,2,0.01053265311337029
iid_shuffle,44,3,0.008053362628366853
iid_shuffle,44,4,0.006303161478996687
iid_shuffle,44,5,0.005256275593683726
iid_shuffle,44,6,0.0026784435480713045
iid_shuffle,44,7,0.0008674516561215196
iid_shuffle,44,8,1.0054914705268684e-17
iid_shuffle,45,1,0.012217045610174638
iid_shuffle,45,2,0.008948966601533378
iid_shuffle,45,3,0.008025743808975803
iid_shuffle,45,4,0.004289362029654331
iid_shuffle,45,5,0.0031248655773657404
iid_shuffle,45,6,0.0011841358624122115
iid_shuffle,45,7,0.0005510738214209879
iid_shuffle,45,8,5.461245372051035e-18
iid_shuffle,46,1,0.01024380294332193
iid_shuffle,46,2,0.008388889451270129
iid_shuffle,46,3,0.006866178085349029
iid_shuffle,46,4,0.005094941634321649
iid_shuffle,46,5,0.0026057993935921175
iid_shuffle,46,6,0.0013288275582327288
iid_shuffle,46,7,5.918571028150623e-05
iid_shuffle,46,8,1.4972328241187967e-17
iid_shuffle,47,1,0.014036814591678689
iid_shuffle,47,2,0.010563805171850262
iid_shuffle,47,3,0.008128319568197583
iid_shuffle,47,4,0.005334981709082321
iid_shuffle,47,5,0.002918560266865684
iid_shuffle,47,6,0.0020814432657897735
iid_shuffle,47,7,2.8090599957028848e-05
iid_shuffle,47,8,2.5159544274762474e-17
iid_shuffle,48,1,0.011781491857585823
iid_shuffle,48,2,0.010059950547364313
iid_shuffle,48,3,0.006883985093196102
iid_shuffle,48,4,0.005970728547602182
iid_shuffle,48,5,0.00298475589345117
iid_shuffle,48,6,0.002295301523382852
iid_shuffle,48,7,6.390228988558343e-05
iid_shuffle,48,8,1.572305084888672e-17
iid_shuffle,49,1,0.011967572587068636
iid_shuffle,49,2,0.008682864566795593
iid_shuffle,49,3,0.00642595272726586
iid_shuffle,49,4,0.00518816039853084
iid_shuffle,49,5,0.00397547451940613
iid_shuffle,49,6,0.0007763370013534393
iid_shuffle,49,7,4.936611974572507e-05
iid_shuffle,49,8,2.8550250337072537e-18
iid_shuffle,50,1,0.012964444367626038
iid_shuffle,50,2,0.0071687739140288914
iid_shuffle,50,3,0.006618399666073485
iid_shuffle,50,4,0.0038585014946362632
iid_shuffle,50,5,0.002036626077030859
iid_shuffle,50,6,0.0011140145869861153
iid_shuffle,50,7,0.000848539900651455
iid_shuffle,50,8,1.700492039204528e-17
iid_shuffle,51,1,0.014516638170707037
iid_shuffle,51,2,0.008062307810411312
iid_shuffle,51,3,0.006452522608474781
iid_shuffle,51,4,0.0043835210049558175
iid_shuffle,51,5,0.003580591747728402
iid_shuffle,51,6,0.0018132098958186043
iid_shuffle,51,7,0.0005139421287036301
iid_shuffle,51,8,4.3415782551597985e-18
iid_shuffle,52,1,0.010324821277723252
iid_shuffle,52,2,0.008721914967536586
iid_shuffle,52,3,0.00718965811428714
iid_shuffle,52,4,0.005113198463704082
iid_shuffle,52,5,0.0036871186156468105
iid_shuffle,52,6,0.002212913168718726
iid_shuffle,52,7,0.000176645391781154
iid_shuffle,52,8,2.1208697888473654e-17
iid_shuffle,53,1,0.012152040899710372
iid_shuffle,53,2,0.010962822987165624
iid_shuffle,53,3,0.00629724190948589
iid_shuffle,53,4,0.003872951991668617
iid_shuffle,53,5,0.0028270377243288913
iid_shuffle,53,6,0.0016464998813725583
iid_shuffle,53,7,0.0003619010916050432
iid_shuffle,53,8,3.497326056776941e-17
iid_shuffle,54,1,0.012047764818141403
iid_shuffle,54,2,0.008491029421067914
iid_shuffle,54,3,0.007813872882514245
iid_shuffle,54,4,0.005986713224598864
iid_shuffle,54,5,0.004718468542269969
iid_shuffle,54,6,0.00222614563358466
iid_shuffle,54,7,0.0010641421284499572
iid_shuffle,54,8,7.17855699351453e-18
iid_shuffle,55,1,0.010944625259005754
iid_shuffle,55,2,0.009519180341537661
iid_shuffle,55,3,0.008375822460263254
iid_shuffle,55,4,0.006977670718155401
iid_shuffle,55,5,0.005169380723060864
iid_shuffle,55,6,0.004327814537564046
iid_shuffle,55,7,0.00015146941728526068
iid_shuffle,55,8,9.449123511090985e-18
iid_shuffle,56,1,0.011758798478057527
iid_shuffle,56,2,0.008680891515699504
iid_shuffle,56,3,0.007843267396582214
iid_shuffle,56,4,0.005589180245816446
iid_shuffle,56,5,0.0035063445944156415
iid_shuffle,56,6,0.003145539986553033
iid_shuffle,56,7,0.0007944080831831224
iid_shuffle,56,8,5.526940190828709e-18
iid_shuffle,57,1,0.009765649973222736
iid_shuffle,57,2,0.007182281971415415
iid_shuffle,57,3,0.004965862016868648
iid_shuffle,57,4,0.004008219220584248
iid_shuffle,57,5,0.002645929678129609
iid_shuffle,57,6,0.0013820381523977634
iid_shuffle,57,7,8.774087548408869e-05
iid_shuffle,57,8,1.842605944170361e-17
iid_shuffle,58,1,0.011338226966313356
iid_shuffle,58,2,0.008882281344972601
iid_shuffle,58,3,0.007899599224939675
iid_shuffle,58,4,0.003670169656897609
iid_shuffle,58,5,0.0028949275919887786
iid_shuffle,58,6,0.0018804384437712558
iid_shuffle,58,7,0.0004539584388252176
iid_shuffle,58,8,4.444189733958314e-19
iid_shuffle,59,1,0.013398424408204636
iid_shuffle,59,2,0.012099512608958033
iid_shuffle,59,3,0.006422415275718255
iid_shuffle,59,4,0.004039611307796902
iid_shuffle,59,5,0.0024756816631182456
iid_shuffle,59,6,0.0019890440714626393
iid_shuffle,59,7,0.0007356744910573584
iid_shuffle,59,8,1.900412167548301e-17
iid_shuffle,60,1,0.010005680695863021
iid_shuffle,60,2,0.009605238900599911
iid_shuffle,60,3,0.00735937305333634
iid_shuffle,60,4,0.005474200657017043
iid_shuffle,60,5,0.0048094178927635236
iid_shuffle,60,6,0.0019662824701702584
iid_shuffle,60,7,0.0006262432613129643
iid_shuffle,60,8,9.307473650500302e-18
iid_shuffle,61,1,0.011238726511700003
iid_shuffle,61,2,0.010405508991537112
iid_shuffle,61,3,0.006657757786158255
iid_shuffle,61,4,0.00464865225067648
iid_shuffle,61,5,0.002708324520118344
iid_shuffle,61,6,0.0010680431778865773
iid_shuffle,61,7,0.000575070508152457
iid_shuffle,61,8,1.0085627076545752e-17
iid_shuffle,62,1,0.014795443417765121
iid_shuffle,62,2,0.013042731901548525
iid_shuffle,62,3,0.006788551768006104
iid_shuffle,62,4,0.005921191988620218
iid_shuffle,62,5,0.0033091312197175734
iid_shuffle,62,6,0.0012806201775289157
iid_shuffle,62,7,0.0007350856532428638
iid_shuffle,62,8,2.0673873649538607e-18
iid_shuffle,63,1,0.012327000617783341
iid_shuffle,63,2,0.010486667577810773
iid_shuffle,63,3,0.006974675236280535
iid_shuffle,63,4,0.0043202721602423715
iid_shuffle,63,5,0.0028449714160004693
iid_shuffle,63,6,0.0021404145404405476
iid_shuffle,63,7,0.00016043182410469594
iid_shuffle,63,8,2.2305923144753986e-17
iid_shuffle,64,1,0.011514505414746095
iid_shuffle,64,2,0.009222230990798634
iid_shuffle,64,3,0.006476585680730297
iid_shuffle,64,4,0.005562124805762448
iid_shuffle,64,5,0.004672761589410996
iid_shuffle,64,6,0.003257061606455826
iid_shuffle,64,7,0.0019665716469069094
iid_shuffle,64,8,4.141929741840235e-17
iid_shuffle,65,1,0.010988106419771292
iid_shuffle,65,2,0.009699326877447121
iid_shuffle,65,3,0.0083434707356361
iid_shuffle,65,4,0.00660315533944776
iid_shuffle,65,5,0.004875730220286737
iid_shuffle,65,6,0.0013621051097185961
iid_shuffle,65,7,0.0009156777671727655
iid_shuffle,65,8,1.8539246675659605e-17
iid_shuffle,66,1,0.010635857296773597
iid_shuffle,66,2,0.009732029688164065
iid_shuffle,66,3,0.007736514689199989
iid_shuffle,66,4,0.006316090549466797
iid_shuffle,66,5,0.003622432073517773
iid_shuffle,66,6,0.0014638410858102968
iid_shuffle,66,7,0.0008127766147644052
iid_shuffle,66,8,9.769252948086786e-18
iid_shuffle,67,1,0.012811157455252424
iid_shuffle,67,2,0.010122580358393135
iid_shuffle,67,3,0.007505968630663167
iid_shuffle,67,4,0.006190200868794086
iid_shuffle,67,5,0.005193360907622677
iid_shuffle,67,6,0.002251705225346721
iid_shuffle,67,7,7.562940598584762e-05
iid_shuffle,67,8,3.4501249272014976e-17
iid_shuffle,68,1,0.011568861663789972
iid_shuffle,68,2,0.009165278327913614
iid_shuffle,68,3,0.008085041085750144
iid_shuffle,68,4,0.005684826358587722
iid_shuffle,68,5,0.0035963193518661223
iid_shuffle,68,6,0.0023995645498382763
iid_shuffle,68,7,0.0008207346081653945
iid_shuffle,68,8,2.1224747540733965e-17
iid_shuffle,69,1,0.009858753146175544
iid_shuffle,69,2,0.007244874011404296
iid_shuffle,69,3,0.006879426009079408
iid_shuffle,69,4,0.006030959559243407
iid_shuffle,69,5,0.004473667109343115
iid_shuffle,69,6,0.0024199347783424776
iid_shuffle,69,7,0.00215089964797163
iid_shuffle,69,8,6.943939392830578e-18
iid_shuffle,70,1,0.012427204884662434
iid_shuffle,70,2,0.008775833386088998
iid_shuffle,70,3,0.00694386169613865
iid_shuffle,70,4,0.0055998998406426425
iid_shuffle,70,5,0.004204764971289632
iid_shuffle,70,6,0.0008872394327659385
iid_shuffle,70,7,0.0005432798722844152
iid_shuffle,70,8,2.6081435968559315e-17
iid_shuffle,71,1,0.010027937804497606
iid_shuffle,71,2,0.006788074946248383
iid_shuffle,71,3,0.005651248533573372
iid_shuffle,71,4,0.0046925660652015104
iid_shuffle,71,5,0.003275788250646867
iid_shuffle,71,6,0.0020503434007136242
iid_shuffle,71,7,0.001301743308404463
iid_shuffle,71,8,1.9042599885204262e-17
iid_shuffle,72,1,0.010522944859118383
iid_shuffle,72,2,0.008872194756058497
iid_shuffle,72,3,0.008211133825738737
iid_shuffle,72,4,0.0057079277223661
iid_shuffle,72,5,0.003672273407629397
iid_shuffle,72,6,0.0019949987585190527
iid_shuffle,72,7,0.001127413963964038
iid_shuffle,72,8,3.118077303863427e-18
iid_shuffle,73,1,0.00986557476500831
iid_shuffle,73,2,0.007692748641628376
iid_shuffle,73,3,0.007642333407665252
iid_shuffle,73,4,0.006083813416480022
iid_shuffle,73,5,0.0039049248310610565
iid_shuffle,73,6,0.002844421556495723
iid_shuffle,73,7,0.001016388405527866
iid_shuffle,73,8,3.1275943241740036e-18
iid_shuffle,74,1,0.009817781312565171
iid_shuffle,74,2,0.00932809362846946
iid_shuffle,74,3,0.007525254826064204
iid_shuffle,74,4,0.005399368394829077
iid_shuffle,74,5,0.005248314251402949
iid_shuffle,74,6,0.002668250253829233
iid_shuffle,74,7,0.0011029196181029676
iid_shuffle,74,8,3.440930494610851e-17
iid_shuffle,75,1,0.013281708045810015
iid_shuffle,75,2,0.010298111540150366
iid_shuffle,75,3,0.008823637595705244
iid_shuffle,75,4,0.004907544462055321
iid_shuffle,75,5,0.0035827719877396112
iid_shuffle,75,6,0.0016462579326611128
iid_shuffle,75,7,0.00046469157701014023
iid_shuffle,75,8,1.3207638398601241e-17
iid_shuffle,76,1,0.01165076131066365
iid_shuffle,76,2,0.010146951981750913
iid_shuffle,76,3,0.00635127397668301
iid_shuffle,76,4,0.004052434141639793
iid_shuffle,76,5,0.0024682941409521365
iid_shuffle,76,6,0.0016205846133617028
iid_shuffle,76,7,0.0004700631998831079
iid_shuffle,76,8,6.906052523393304e-18
iid_shuffle,77,1,0.00801745568748224
iid_shuffle,77,2,0.007800419297933721
iid_shuffle,77,3,0.006805220073711472
iid_shuffle,77,4,0.0050634892287764605
iid_shuffle,77,5,0.0036861860196048383
iid_shuffle,77,6,0.0015166015161600422
iid_shuffle,77,7,0.0009589418791343612
iid_shuffle,77,8,1.8767852338944305e-17
iid_shuffle,78,1,0.013533053653331396
iid_shuffle,78,2,0.00904230468413141
iid_shuffle,78,3,0.007698893981686991
iid_shuffle,78,4,0.004085938401809033
iid_shuffle,78,5,0.0035914847036313405
iid_shuffle,78,6,0.0021525028639072167
iid_shuffle,78,7,0.0007886409199273882
iid_shuffle,78,8,1.864939461297998e-18
iid_shuffle,79,1,0.009528410898837688
iid_shuffle,79,2,0.008631509740877178
iid_shuffle,79,3,0.0065519872008917065
iid_shuffle,79,4,0.005681774099240632
iid_shuffle,79,5,0.0029576945941528652
iid_shuffle,79,6,0.002575879420474721
iid_shuffle,79,7,0.0015012141222197262
iid_shuffle,79,8,3.904810803091198e-18
iid_shuffle,80,1,0.011808102749044603
iid_shuffle,80,2,0.009163962508044656
iid_shuffle,80,3,0.006535338581787859
iid_shuffle,80,4,0.004885536749302712
iid_shuffle,80,5,0.0019757737318800406
iid_shuffle,80,6,0.0008413743304260669
iid_shuffle,80,7,8.534077442814945e-05
iid_shuffle,80,8,1.2727579787164066e-17
iid_shuffle,81,1,0.010440084410579102
iid_shuffle,81,2,0.00952396118086924
iid_shuffle,81,3,0.008458795521485964
iid_shuffle,81,4,0.0065711623475583495
iid_shuffle,81,5,0.004024543791788953
iid_shuffle,81,6,0.003085019000052696
iid_shuffle,81,7,5.006238727347538e-05
iid_shuffle,81,8,9.134410850754223e-18
iid_shuffle,82,1,0.009399426066927528
iid_shuffle,82,2,0.006829790214358883
iid_shuffle,82,3,0.006098427263781327
iid_shuffle,82,4,0.004329382871210507
iid_shuffle,82,5,0.0032539012509515985
iid_shuffle,82,6,0.0016498884864457922
iid_shuffle,82,7,0.00010987610557819087
iid_shuffle,82,8,2.3756399027700767e-17
iid_shuffle,83,1,0.013300640888350986
iid_shuffle,83,2,0.01055791828720992
iid_shuffle,83,3,0.007649131807113304
iid_shuffle,83,4,0.004964705938553612
iid_shuffle,83,5,0.004451927579015879
iid_shuffle,83,6,0.002279549839957054
iid_shuffle,83,7,0.0007520190921607962
iid_shuffle,83,8,3.883748067966707e-17
iid_shuffle,84,1,0.011259651938455217
iid_shuffle,84,2,0.010155276576934477
iid_shuffle,84,3,0.008089827769053143
iid_shuffle,84,4,0.005416201704391367
iid_shuffle,84,5,0.004386246690639924
iid_shuffle,84,6,0.0018266723914067322
iid_shuffle,84,7,4.256885229419047e-05
iid_shuffle,84,8,1.477928305633823e-17
iid_shuffle,85,1,0.012057317444310895
iid_shuffle,85,2,0.009495971698591368
iid_shuffle,85,3,0.006773038602272232
iid_shuffle,85,4,0.004577287466256859
iid_shuffle,85,5,0.0032637621510077566
iid_shuffle,85,6,0.001299883774380079
iid_shuffle,85,7,0.00011855875620641797
iid_shuffle,85,8,2.4994504774595818e-17
iid_shuffle,86,1,0.011102187543785546
iid_shuffle,86,2,0.009182335464772678
iid_shuffle,86,3,0.007441478642391934
iid_shuffle,86,4,0.004730781386309666
iid_shuffle,86,5,0.0027828704858725126
iid_shuffle,86,6,0.0019394935934747295
iid_shuffle,86,7,5.493339413305294e-05
iid_shuffle,86,8,2.3312846304907793e-17
iid_shuffle,87,1,0.016800518370698993
iid_shuffle,87,2,0.011382948447120863
iid_shuffle,87,3,0.008051745105167749
iid_shuffle,87,4,0.005488412040834931
iid_shuffle,87,5,0.003939237057078294
iid_shuffle,87,6,0.0031502131602940808
iid_shuffle,87,7,0.0008889693339202928
iid_shuffle,87,8,1.48169734336268e-17
iid_shuffle,88,1,0.013253973387180177
iid_shuffle,88,2,0.008370953617603457
iid_shuffle,88,3,0.00644882709734344
iid_shuffle,88,4,0.0054449686869179805
iid_shuffle,88,5,0.0028592844101537652
iid_shuffle,88,6,0.0014367201902709043
iid_shuffle,88,7,0.0006973705776142821
iid_shuffle,88,8,1.1499701133266482e-17
iid_shuffle,89,1,0.01127377462651997
iid_shuffle,89,2,0.008237114620699157
iid_shuffle,89,3,0.007833808876122842
iid_shuffle,89,4,0.004254520533756327
iid_shuffle,89,5,0.002700847878190058
iid_shuffle,89,6,0.0013766123286660201
iid_shuffle,89,7,0.00016145459433892687
iid_shuffle,89,8,1.6647136908310515e-17
iid_shuffle,90,1,0.010156247007592179
iid_shuffle,90,2,0.008134544060611565
iid_shuffle,90,3,0.007400620192712699
iid_shuffle,90,4,0.00628853172372425
iid_shuffle,90,5,0.005205238019358032
iid_shuffle,90,6,0.0017447681989008034
iid_shuffle,90,7,0.0011232723026118336
iid_shuffle,90,8,2.9477913338328043e-17
iid_shuffle,91,1,0.011386090244237895
iid_shuffle,91,2,0.006748836327464153
iid_shuffle,91,3,0.0056765964124386005
iid_shuffle,91,4,0.004765921393339295
iid_shuffle,91,5,0.0043440702789226925
iid_shuffle,91,6,0.0023199043930192133
iid_shuffle,91,7,0.0005053908410281824
iid_shuffle,91,8,1.2408118508575781e-17
iid_shuffle,92,1,0.013549044665916164
iid_shuffle,92,2,0.010519712381335086
iid_shuffle,92,3,0.009222756201870215
iid_shuffle,92,4,0.005470087205133337
iid_shuffle,92,5,0.0038433872974587245
iid_shuffle,92,6,0.0032381611872186297
iid_shuffle,92,7,0.00023849017453935275
iid_shuffle,92,8,1.731562785442124e-17
iid_shuffle,93,1,0.011043005115995142
iid_shuffle,93,2,0.009122596875168358
iid_shuffle,93,3,0.006939022165616961
iid_shuffle,93,4,0.005873128330987991
iid_shuffle,93,5,0.004515472380846025
iid_shuffle,93,6,0.0023975601828661367
iid_shuffle,93,7,0.0014584139886538456
iid_shuffle,93,8,1.2739400086100447e-17
iid_shuffle,94,1,0.011397287981788622
iid_shuffle,94,2,0.008987408118276745
iid_shuffle,94,3,0.007704669078742665
iid_shuffle,94,4,0.0067934726861854896
iid_shuffle,94,5,0.0042383257913614835
iid_shuffle,94,6,0.0019248188825556388
iid_shuffle,94,7,0.0009466081688567063
iid_shuffle,94,8,3.3096659948106128e-18
iid_shuffle,95,1,0.010023198726822603
iid_shuffle,95,2,0.008011902234380029
iid_shuffle,95,3,0.006930359148971042
iid_shuffle,95,4,0.004505515846794042
iid_shuffle,95,5,0.0034379502018428622
iid_shuffle,95,6,0.002400039016598152
iid_shuffle,95,7,0.0005316752375658752
iid_shuffle,95,8,1.1700627979063377e-17
iid_shuffle,96,1,0.012474534290052729
iid_shuffle,96,2,0.008430762833732409
iid_shuffle,96,3,0.006250858686086416
iid_shuffle,96,4,0.004050060071677149
iid_shuffle,96,5,0.0019765471580869523
iid_shuffle,96,6,0.0014788638512198556
iid_shuffle,96,7,0.0003617237322790762
iid_shuffle,96,8,2.110002412841097e-17
iid_shuffle,97,1,0.011100177452884
iid_shuffle,97,2,0.010068999182227827
iid_shuffle,97,3,0.006387322991880923
iid_shuffle,97,4,0.00398851636029485
iid_shuffle,97,5,0.0024428157476778446
iid_shuffle,97,6,0.00128131286010863
iid_shuffle,97,7,0.00044080607486859556
iid_shuffle,97,8,5.110989390785883e-19
iid_shuffle,98,1,0.00950583482008918
iid_shuffle,98,2,0.007995354249972931
iid_shuffle,98,3,0.006799085678252112
iid_shuffle,98,4,0.006419496361376116
iid_shuffle,98,5,0.004147672941939631
iid_shuffle,98,6,0.0013266215825146052
iid_shuffle,98,7,0.0010101911203640244
iid_shuffle,98,8,1.0371389547575244e-17
iid_shuffle,99,1,0.011478109838818916
iid_shuffle,99,2,0.009638953794027913
iid_shuffle,99,3,0.006707548905055903
iid_shuffle,99,4,0.005906798165808005
iid_shuffle,99,5,0.004169612481451096
iid_shuffle,99,6,0.0029253756693778973
iid_shuffle,99,7,0.0001106472885419364
iid_shuffle,99,8,2.6924542987142926e-18
iid_shuffle,100,1,0.014168567113194917
iid_shuffle,100,2,0.007921323229003342
iid_shuffle,100,3,0.005532780372197029
iid_shuffle,100,4,0.004681174850663973
iid_shuffle,100,5,0.0035906947251538213
iid_shuffle,100,6,0.0028232801856681667
iid_shuffle,100,7,0.0007636165130173585
iid_shuffle,100,8,4.634503048451149e-18
iid_shuffle,101,1,0.009217969495568605
iid_shuffle,101,2,0.007732219169093938
iid_shuffle,101,3,0.006468089824229217
iid_shuffle,101,4,0.0036600026027521376
iid_shuffle,101,5,0.003347843111554287
iid_shuffle,101,6,0.0019786777195243996
iid_shuffle,101,7,0.0014403581654889091
iid_shuffle,101,8,1.272135906413079e-17
iid_shuffle,102,1,0.013032203749233601
iid_shuffle,102,2,0.008479536730227989
iid_shuffle,102,3,0.006598073237580868
iid_shuffle,102,4,0.005203445427187311
iid_shuffle,102,5,0.003971023082037212
iid_shuffle,102,6,0.003109734021665083
iid_shuffle,102,7,0.00011332618717266626
iid_shuffle,102,8,8.648574680875664e-18
iid_shuffle,103,1,0.011492518580462687
iid_shuffle,103,2,0.007894051796172533
iid_shuffle,103,3,0.00708054131244835
iid_shuffle,103,4,0.0067575151340395125
iid_shuffle,103,5,0.0027722216032633543
iid_shuffle,103,6,0.0020874214168228175
iid_shuffle,103,7,0.0002637543582353254
iid_shuffle,103,8,1.601732823876761e-17
iid_shuffle,104,1,0.010167450574739468
iid_shuffle,104,2,0.00719016060029697
iid_shuffle,104,3,0.007043950702974347
iid_shuffle,104,4,0.004276818882192576
iid_shuffle,104,5,0.003726802713368905
iid_shuffle,104,6,0.0017817107612143493
iid_shuffle,104,7,0.0005006051843134371
iid_shuffle,104,8,4.849494462834797e-18
iid_shuffle,105,1,0.012127980028227101
iid_shuffle,105,2,0.007805039570786663
iid_shuffle,105,3,0.006373087580490181
iid_shuffle,105,4,0.003964713607744653
iid_shuffle,105,5,0.0038473286984621997
iid_shuffle,105,6,0.002164751387811256
iid_shuffle,105,7,0.001588278788971218
iid_shuffle,105,8,1.8824099937443353e-17
iid_shuffle,106,1,0.012115970283462556
iid_shuffle,106,2,0.008786519446556777
iid_shuffle,106,3,0.008454997666825918
iid_shuffle,106,4,0.004685135630496361
iid_shuffle,106,5,0.004385649883271564
iid_shuffle,106,6,0.0012769559798795171
iid_shuffle,106,7,0.0007389825137897293
iid_shuffle,106,8,1.3951301589128548e-18
iid_shuffle,107,1,0.010773009651668615
iid_shuffle,107,2,0.008413331830471153
iid_shuffle,107,3,0.00711537203316753
iid_shuffle,107,4,0.0046913549488806555
iid_shuffle,107,5,0.004261948695333989
iid_shuffle,107,6,0.0036736584033686516
iid_shuffle,107,7,0.0012250543924659132
iid_shuffle,107,8,3.8860529421287734e-17
iid_shuffle,108,1,0.01421440367626016
iid_shuffle,108,2,0.00951831183777489
iid_shuffle,108,3,0.00784152675182838
iid_shuffle,108,4,0.006679072006923181
iid_shuffle,108,5,0.00397758381516366
iid_shuffle,108,6,0.0037154570609787565
iid_shuffle,108,7,0.001219676187896667
iid_shuffle,108,8,1.2367200717116514e-17
iid_shuffle,109,1,0.00932543147710677
iid_shuffle,109,2,0.007287709167833176
iid_shuffle,109,3,0.006343490813507582
iid_shuffle,109,4,0.005178363670552369
iid_shuffle,109,5,0.004273581181218392
iid_shuffle,109,6,0.0031882012767292245
iid_shuffle,109,7,0.0019004160627796517
iid_shuffle,109,8,3.956013055279398e-17
iid_shuffle,110,1,0.014131574059145849
iid_shuffle,110,2,0.007819848693428891
iid_shuffle,110,3,0.006937030657576197
iid_shuffle,110,4,0.004326400683601017
iid_shuffle,110,5,0.003044272534901021
iid_shuffle,110,6,0.001537577571050664
iid_shuffle,110,7,3.9690695407884666e-05
iid_shuffle,110,8,1.2959954751987381e-17
iid_shuffle,111,1,0.010922524282674635
iid_shuffle,111,2,0.010007398724806289
iid_shuffle,111,3,0.007606295105230037
iid_shuffle,111,4,0.0070925391488237954
iid_shuffle,111,5,0.003938397302439006
iid_shuffle,111,6,0.001985501030216538
iid_shuffle,111,7,0.0011039364193490414
iid_shuffle,111,8,1.4922463339174652e-17
iid_shuffle,112,1,0.011255775931998377
iid_shuffle,112,2,0.010080196525993068
iid_shuffle,112,3,0.008857966584232295
iid_shuffle,112,4,0.0050619073425959395
iid_shuffle,112,5,0.0036975794657318727
iid_shuffle,112,6,0.0031124408759717675
iid_shuffle,112,7,0.0013905682077332304
iid_shuffle,112,8,1.1067168734818526e-17
iid_shuffle,113,1,0.013817824517047396
iid_shuffle,113,2,0.01049776188289144
iid_shuffle,113,3,0.008659269118158607
iid_shuffle,113,4,0.006506652883316424
iid_shuffle,113,5,0.0056110270827574036
iid_shuffle,113,6,0.002829300808006999
iid_shuffle,113,7,0.002061696041902046
iid_shuffle,113,8,2.7895010636406226e-17
iid_shuffle,114,1,0.011973167582195942
iid_shuffle,114,2,0.010045887420310621
iid_shuffle,114,3,0.006879339230540243
iid_shuffle,114,4,0.0062199294634921135
iid_shuffle,114,5,0.0034514391422827604
iid_shuffle,114,6,0.002249258638591935
iid_shuffle,114,7,0.00018208243269751513
iid_shuffle,114,8,1.2026867116847531e-17
iid_shuffle,115,1,0.013991512526554308
iid_shuffle,115,2,0.008216640245601278
iid_shuffle,115,3,0.0069341146355512565
iid_shuffle,115,4,0.005283046660142918
iid_shuffle,115,5,0.004256145387895238
iid_shuffle,115,6,0.0022762557642951754
iid_shuffle,115,7,0.0008481338746679787
iid_shuffle,115,8,2.4391580059487794e-17
iid_shuffle,116,1,0.014978978198910345
iid_shuffle,116,2,0.010215352108948427
iid_shuffle,116,3,0.009315378873901888
iid_shuffle,116,4,0.005630272359699054
iid_shuffle,116,5,0.003208893566097208
iid_shuffle,116,6,0.0019352472383690738
iid_shuffle,116,7,0.00012068115740760708
iid_shuffle,116,8,2.514870352097314e-17
iid_shuffle,117,1,0.010112435310727712
iid_shuffle,117,2,0.007944163790335834
iid_shuffle,117,3,0.00710996496749697
iid_shuffle,117,4,0.0057185937673957495
iid_shuffle,117,5,0.0032910506020650417
iid_shuffle,117,6,0.002481509687623829
iid_shuffle,117,7,0.00033954051205003317
iid_shuffle,117,8,1.975445302613312e-18
iid_shuffle,118,1,0.009951340025706036
iid_shuffle,118,2,0.008365945854690644
iid_shuffle,118,3,0.006743070842871768
iid_shuffle,118,4,0.00517836743309093
iid_shuffle,118,5,0.004244681088634123
iid_shuffle,118,6,0.00037593235085370773
iid_shuffle,118,7,9.070152109012154e-05
iid_shuffle,118,8,4.023539950485304e-17
iid_shuffle,119,1,0.012417143291721455
iid_shuffle,119,2,0.00948638156770029
iid_shuffle,119,3,0.007306598924593114
iid_shuffle,119,4,0.005385915749156742
iid_shuffle,119,5,0.003180798072590619
iid_shuffle,119,6,0.0027602217694682575
iid_shuffle,119,7,0.0012969697410146832
iid_shuffle,119,8,4.8091045142913595e-18
iid_shuffle,120,1,0.010146615533533004
iid_shuffle,120,2,0.009750881050804964
iid_shuffle,120,3,0.007701682873746444
iid_shuffle,120,4,0.006467049795938247
iid_shuffle,120,5,0.00530499795368087
iid_shuffle,120,6,0.003569844545300474
iid_shuffle,120,7,0.0016253761076145384
iid_shuffle,120,8,6.434401302799776e-18
iid_shuffle,121,1,0.011293060362337074
iid_shuffle,121,2,0.009631474429200513
iid_shuffle,121,3,0.0073400967902325495
iid_shuffle,121,4,0.00431365575335217
iid_shuffle,121,5,0.003974906416095163
iid_shuffle,121,6,0.003135745070803358
iid_shuffle,121,7,0.0026085436991288447
iid_shuffle,121,8,1.4617647203595196e-17
iid_shuffle,122,1,0.012962489467109099
iid_shuffle,122,2,0.01147129968237861
iid_shuffle,122,3,0.010553395461834604
iid_shuffle,122,4,0.00785806883142558
iid_shuffle,122,5,0.005284791965629687
iid_shuffle,122,6,0.0037538252956502384
iid_shuffle,122,7,0.0006947233375442679
iid_shuffle,122,8,8.255242312761507e-18
iid_shuffle,123,1,0.010968469949505484
iid_shuffle,123,2,0.009418338365890224
iid_shuffle,123,3,0.006968253529634824
iid_shuffle,123,4,0.004581823236034508
iid_shuffle,123,5,0.0036523486059502346
iid_shuffle,123,6,0.002325207943471636
iid_shuffle,123,7,0.001090529843082938
iid_shuffle,123,8,7.402417055945269e-18
iid_shuffle,124,1,0.007863762213023085
iid_shuffle,124,2,0.007459245277457084
iid_shuffle,124,3,0.005060840959518951
iid_shuffle,124,4,0.004551124265591652
iid_shuffle,124,5,0.003822090007379576
iid_shuffle,124,6,0.002511878322779171
iid_shuffle,124,7,0.0008266282129414047
iid_shuffle,124,8,2.3931723227172043e-17
iid_shuffle,125,1,0.010936386418289187
iid_shuffle,125,2,0.009922203059120987
iid_shuffle,125,3,0.008548567508856885
iid_shuffle,125,4,0.0058513652868257375
iid_shuffle,125,5,0.0035333504064841707
iid_shuffle,125,6,0.0011687590166854942
iid_shuffle,125,7,0.0005666793153966671
iid_shuffle,125,8,1.901640601947976e-17
iid_shuffle,126,1,0.011682857771162488
iid_shuffle,126,2,0.009591947379728889
iid_shuffle,126,3,0.008383673817317746
iid_shuffle,126,4,0.007213207376812543
iid_shuffle,126,5,0.0024414849978134697
iid_shuffle,126,6,0.0018803854361144326
iid_shuffle,126,7,0.0009200544916656124
iid_shuffle,126,8,2.1884596835080833e-17
iid_shuffle,127,1,0.013395752632640904
iid_shuffle,127,2,0.008465270971182319
iid_shuffle,127,3,0.007782468954977881
iid_shuffle,127,4,0.0062442073370586595
iid_shuffle,127,5,0.004041083614417059
iid_shuffle,127,6,0.0011390256166020334
iid_shuffle,127,7,0.00043937662548148003
iid_shuffle,127,8,1.0277981265519967e-17
iid_shuffle,128,1,0.012089109793332858
iid_shuffle,128,2,0.009946840351094652
iid_shuffle,128,3,0.00694302452179177
iid_shuffle,128,4,0.00477021715777613
iid_shuffle,128,5,0.004303535054759482
iid_shuffle,128,6,0.0016129179107013036
iid_shuffle,128,7,0.0009420412076088819
iid_shuffle,128,8,2.8057671395283915e-17
iid_shuffle,129,1,0.010455556202381621
iid_shuffle,129,2,0.009375663710538416
iid_shuffle,129,3,0.007626998309491991
iid_shuffle,129,4,0.0062559256874126015
iid_shuffle,129,5,0.0031168781007783956
iid_shuffle,129,6,0.001368462472012816
iid_shuffle,129,7,0.0007398516604872239
iid_shuffle,129,8,1.0953653119541466e-17
iid_shuffle,130,1,0.010984610281496249
iid_shuffle,130,2,0.008026756312555937
iid_shuffle,130,3,0.007222963806180329
iid_shuffle,130,4,0.004542604873170688
iid_shuffle,130,5,0.0036399050000642703
iid_shuffle,130,6,0.002056924520890845
iid_shuffle,130,7,0.0008643705205067851
iid_shuffle,130,8,1.311821102451589e-19
iid_shuffle,131,1,0.012385453848751024
iid_shuffle,131,2,0.009239095065377633
iid_shuffle,131,3,0.006749331695556578
iid_shuffle,131,4,0.0060012025884651115
iid_shuffle,131,5,0.003701954492495017
iid_shuffle,131,6,0.0006827205406391018
iid_shuffle,131,7,0.0003964577189491123
iid_shuffle,131,8,1.1894557934450221e-17
iid_shuffle,132,1,0.009656467034676352
iid_shuffle,132,2,0.008118823436973642
iid_shuffle,132,3,0.005575610383973295
iid_shuffle,132,4,0.003131492855574493
iid_shuffle,132,5,0.0024443858998218653
iid_shuffle,132,6,0.0017964445860274053
iid_shuffle,132,7,0.0005904994258643813
iid_shuffle,132,8,2.3520403580128935e-17
iid_shuffle,133,1,0.012212501972124232
iid_shuffle,133,2,0.00913789185160137
iid_shuffle,133,3,0.007740404147369805
iid_shuffle,133,4,0.006508899220679415
iid_shuffle,133,5,0.003913438663265339
iid_shuffle,133,6,0.0014861728820457375
iid_shuffle,133,7,0.0007259378251193729
iid_shuffle,133,8,2.5572188525659806e-17
iid_shuffle,134,1,0.00888192998677968
iid_shuffle,134,2,0.007698510023579535
iid_shuffle,134,3,0.006099567619465351
iid_shuffle,134,4,0.004212358350100212
iid_shuffle,134,5,0.0037093898635354385
iid_shuffle,134,6,0.0030975484288451828
iid_shuffle,134,7,0.0009301532673133785
iid_shuffle,134,8,1.8376283981640025e-17
iid_shuffle,135,1,0.01292295863407558
iid_shuffle,135,2,0.010884794365102536
iid_shuffle,135,3,0.008694633332926109
iid_shuffle,135,4,0.006049059994915957
iid_shuffle,135,5,0.003499396724589845
iid_shuffle,135,6,0.0022898754924077936
iid_shuffle,135,7,0.00044400432589581794
iid_shuffle,135,8,2.0747591538967956e-17
iid_shuffle,136,1,0.009728747124795057
iid_shuffle,136,2,0.008046232635323294
iid_shuffle,136,3,0.006957712550980794
iid_shuffle,136,4,0.005428898768572108
iid_shuffle,136,5,0.0032313527568194173
iid_shuffle,136,6,0.0017688526846479037
iid_shuffle,136,7,5.532068506871682e-05
iid_shuffle,136,8,2.0052680897884834e-17
iid_shuffle,137,1,0.013657077559398422
iid_shuffle,137,2,0.011022357007655694
iid_shuffle,137,3,0.009006103304156033
iid_shuffle,137,4,0.007844301036292448
iid_shuffle,137,5,0.006000672719090167
iid_shuffle,137,6,0.003870447573638332
iid_shuffle,137,7,0.0034217975447121
iid_shuffle,137,8,1.3983905822611454e-17
iid_shuffle,138,1,0.01455048867576235
iid_shuffle,138,2,0.011821898818170145
iid_shuffle,138,3,0.008671984833378398
iid_shuffle,138,4,0.008187207975323125
iid_shuffle,138,5,0.004708787984299984
iid_shuffle,138,6,0.0029590187637427243
iid_shuffle,138,7,0.00107849098427771
iid_shuffle,138,8,9.598193552686625e-18
iid_shuffle,139,1,0.012670304957986683
iid_shuffle,139,2,0.008985754525767645
iid_shuffle,139,3,0.006912756596961017
iid_shuffle,139,4,0.005273278699434556
iid_shuffle,139,5,0.0032263074507471383
iid_shuffle,139,6,0.0030235044290315683
iid_shuffle,139,7,0.0007922735916184504
iid_shuffle,139,8,1.2697873252905919e-17
iid_shuffle,140,1,0.01102103677929591
iid_shuffle,140,2,0.008175729369070494
iid_shuffle,140,3,0.007742015391342149
iid_shuffle,140,4,0.006401648029219974
iid_shuffle,140,5,0.005020371321088343
iid_shuffle,140,6,0.0019267122005045948
iid_shuffle,140,7,0.00013218747128390153
iid_shuffle,140,8,2.7302855101160967e-17
iid_shuffle,141,1,0.009286756908543694
iid_shuffle,141,2,0.008251837105334772
iid_shuffle,141,3,0.0066896201578815545
iid_shuffle,141,4,0.003181140897977769
iid_shuffle,141,5,0.0026972382793549895
iid_shuffle,141,6,0.0009377805266194601
iid_shuffle,141,7,1.9929209705935256e-05
iid_shuffle,141,8,2.327921683909725e-17
iid_shuffle,142,1,0.01222884308217633
iid_shuffle,142,2,0.00807861295396766
iid_shuffle,142,3,0.007440592822478506
iid_shuffle,142,4,0.0056762075689094854
iid_shuffle,142,5,0.003111139702675812
iid_shuffle,142,6,0.0014537386811531762
iid_shuffle,142,7,0.0006821477676939232
iid_shuffle,142,8,4.2402481742146035e-18
iid_shuffle,143,1,0.011123182895613828
iid_shuffle,143,2,0.010018558881504009
iid_shuffle,143,3,0.005974047961542531
iid_shuffle,143,4,0.005236433127770187
iid_shuffle,143,5,0.003848775647646283
iid_shuffle,143,6,0.0014146378470810384
iid_shuffle,143,7,0.00011373268504754339
iid_shuffle,143,8,3.1054491827117874e-17
iid_shuffle,144,1,0.012469399321167494
iid_shuffle,144,2,0.009772071588606665
iid_shuffle,144,3,0.009231560971691246
iid_shuffle,144,4,0.00597404806072875
iid_shuffle,144,5,0.004052065475792586
iid_shuffle,144,6,0.0012716700708161706
iid_shuffle,144,7,0.0002169456280731747
iid_shuffle,144,8,5.240820111461845e-17
iid_shuffle,145,1,0.011563939387629282
iid_shuffle,145,2,0.007809369386972702
iid_shuffle,145,3,0.0050157474478598
iid_shuffle,145,4,0.0043512111305057935
iid_shuffle,145,5,0.003390136511237023
iid_shuffle,145,6,0.0017630333804648467
iid_shuffle,145,7,1.3853271306233346e-05
iid_shuffle,145,8,1.5373972446604782e-18
iid_shuffle,146,1,0.011479247697306736
iid_shuffle,146,2,0.009194155478594092
iid_shuffle,146,3,0.007932632116093958
iid_shuffle,146,4,0.006009337362778974
iid_shuffle,146,5,0.005024823991068145
iid_shuffle,146,6,0.002610983113824462
iid_shuffle,146,7,0.0005956816620477154
iid_shuffle,146,8,1.3947143406520357e-17
iid_shuffle,147,1,0.011459662679514919
iid_shuffle,147,2,0.008795367522454137
iid_shuffle,147,3,0.007331478704125705
iid_shuffle,147,4,0.004023088725521673
iid_shuffle,147,5,0.003427120852761791
iid_shuffle,147,6,0.0017958379620248268
iid_shuffle,147,7,9.682503255780116e-05
iid_shuffle,147,8,4.3270361201862934e-18
iid_shuffle,148,1,0.012035912978822994
iid_shuffle,148,2,0.007749050477285393
iid_shuffle,148,3,0.006847702219602915
iid_shuffle,148,4,0.00442659187183472
iid_shuffle,148,5,0.0032575013005495825
iid_shuffle,148,6,0.002250392827264791
iid_shuffle,148,7,0.00011761252664449366
iid_shuffle,148,8,7.904607496170104e-18
iid_shuffle,149,1,0.011765785465794314
iid_shuffle,149,2,0.00953296580557011
iid_shuffle,149,3,0.007207112393132459
iid_shuffle,149,4,0.006497238147080365
iid_shuffle,149,5,0.0048721163901091985
iid_shuffle,149,6,0.0015460632812433922
iid_shuffle,149,7,0.0013778556791086461
iid_shuffle,149,8,1.4659904615254343e-17
markov_synthetic,0,1,0.01445973025214141
markov_synthetic,0,2,0.008220071328360121
markov_synthetic,0,3,0.006773899806704108
markov_synthetic,0,4,0.005660891820332409
markov_synthetic,0,5,0.004674044667156366
markov_synthetic,0,6,0.0030692937384160187
markov_synthetic,0,7,0.0018698853515658111
markov_synthetic,0,8,2.058488818269425e-18
markov_synthetic,1,1,0.011024894774486831
markov_synthetic,1,2,0.009229585613264498
markov_synthetic,1,3,0.005378154498189717
markov_synthetic,1,4,0.00490191736669496
markov_synthetic,1,5,0.002247382904909121
markov_synthetic,1,6,0.001773560877224631
markov_synthetic,1,7,0.0010036961620830851
markov_synthetic,1,8,7.18191289027838e-18
markov_synthetic,2,1,0.012835415311702809
markov_synthetic,2,2,0.009384319956789141
markov_synthetic,2,3,0.0073422665167195
markov_synthetic,2,4,0.005938832608722967
markov_synthetic,2,5,0.004413031204115874
markov_synthetic,2,6,0.0015976188526981743
markov_synthetic,2,7,0.0009909829992037506
markov_synthetic,2,8,1.2317271711365463e-17
markov_synthetic,3,1,0.010642996678160835
markov_synthetic,3,2,0.0067821196835562364
markov_synthetic,3,3,0.006368536082613035
markov_synthetic,3,4,0.004683723773004384
markov_synthetic,3,5,0.003350949969008101
markov_synthetic,3,6,0.002287278492920251
markov_synthetic,3,7,0.0006907386810475085
markov_synthetic,3,8,3.9264637297425357e-17
markov_synthetic,4,1,0.01069526768693308
markov_synthetic,4,2,0.007686125814498522
markov_synthetic,4,3,0.005105239071328663
markov_synthetic,4,4,0.004295545454177788
markov_synthetic,4,5,0.003782673936533819
markov_synthetic,4,6,0.002310557510310714
markov_synthetic,4,7,0.0004714933094833261
markov_synthetic,4,8,3.437351969524772e-17
markov_synthetic,5,1,0.010601160063323607
markov_synthetic,5,2,0.008466365315786699
markov_synthetic,5,3,0.007801133718997427
markov_synthetic,5,4,0.005760552752888651
markov_synthetic,5,5,0.0034336242603414217
markov_synthetic,5,6,0.0023106146023109007
markov_synthetic,5,7,3.379349141244022e-05
markov_synthetic,5,8,2.852577964729191e-18
markov_synthetic,6,1,0.01108423521760248
markov_synthetic,6,2,0.009634911962878743
markov_synthetic,6,3,0.00613988829692586
markov_synthetic,6,4,0.005345856415020475
markov_synthetic,6,5,0.004451096406160208
markov_synthetic,6,6,0.001966751098666239
markov_synthetic,6,7,0.00042084405736850976
markov_synthetic,6,8,6.005455255977319e-18
markov_synthetic,7,1,0.013513172500171942
markov_synthetic,7,2,0.009374433091543613
markov_synthetic,7,3,0.004694449859736468
markov_synthetic,7,4,0.0035706777263699997
markov_synthetic,7,5,0.002851850232103056
markov_synthetic,7,6,0.001149060415164405
markov_synthetic,7,7,0.0005052065791939893
markov_synthetic,7,8,5.799540575572258e-18
markov_synthetic,8,1,0.00899157466595447
markov_synthetic,8,2,0.007725928381471836
markov_synthetic,8,3,0.006351768154043624
markov_synthetic,8,4,0.0044761394828398875
markov_synthetic,8,5,0.003372860438370212
markov_synthetic,8,6,0.0013308724436488807
markov_synthetic,8,7,0.00027872489962504134
markov_synthetic,8,8,5.1135900749935455e-18
markov_synthetic,9,1,0.014747571007670914
markov_synthetic,9,2,0.009130802733098412
markov_synthetic,9,3,0.007076919269028455
markov_synthetic,9,4,0.004772614916143703
markov_synthetic,9,5,0.004509581984987015
markov_synthetic,9,6,0.0025455494690739613
markov_synthetic,9,7,0.0017215737740703034
markov_synthetic,9,8,1.660234461800267e-17
markov_synthetic,10,1,0.012628075448062943
markov_synthetic,10,2,0.007899905028546596
markov_synthetic,10,3,0.0067894245375332936
markov_synthetic,10,4,0.006073541851328803
markov_synthetic,10,5,0.0037476980185470092
markov_synthetic,10,6,0.003455314896500967
markov_synthetic,10,7,0.0021926435859246224
markov_synthetic,10,8,9.481582091838482e-18
markov_synthetic,11,1,0.010058071881907299
markov_synthetic,11,2,0.008631185265873434
markov_synthetic,11,3,0.008162138645317021
markov_synthetic,11,4,0.005368223064180227
markov_synthetic,11,5,0.003912467836006768
markov_synthetic,11,6,0.0022738290570340053
markov_synthetic,11,7,0.0004484792791234538
markov_synthetic,11,8,8.980332553223416e-18
markov_synthetic,12,1,0.014119618696270394
markov_synthetic,12,2,0.009770419992898476
markov_synthetic,12,3,0.008005602225674611
markov_synthetic,12,4,0.006353197737604734
markov_synthetic,12,5,0.005064367583631631
markov_synthetic,12,6,0.0021094953591900686
markov_synthetic,12,7,0.0003449630318167805
markov_synthetic,12,8,1.2466133442156287e-17
markov_synthetic,13,1,0.010709748827863423
markov_synthetic,13,2,0.007977660825619418
markov_synthetic,13,3,0.0067376405098477955
markov_synthetic,13,4,0.005243861229004667
markov_synthetic,13,5,0.0033754521748976243
markov_synthetic,13,6,0.0012736886835105238
markov_synthetic,13,7,0.0006423472066832882
markov_synthetic,13,8,2.7944683587181345e-17
markov_synthetic,14,1,0.013355012308235558
markov_synthetic,14,2,0.009428389866159232
markov_synthetic,14,3,0.007475808717499264
markov_synthetic,14,4,0.004656722700164647
markov_synthetic,14,5,0.003911687446264571
markov_synthetic,14,6,0.0027674684075255055
markov_synthetic,14,7,0.0003331468126608603
markov_synthetic,14,8,1.2709565192691396e-17
markov_synthetic,15,1,0.010474298887636
markov_synthetic,15,2,0.007917414888908129
markov_synthetic,15,3,0.0063844380994893335
markov_synthetic,15,4,0.005689193973598217
markov_synthetic,15,5,0.0027478589690163083
markov_synthetic,15,6,0.0015953296619455155
markov_synthetic,15,7,0.0005648361686231126
markov_synthetic,15,8,3.4504914508625176e-17
markov_synthetic,16,1,0.011516574230649243
markov_synthetic,16,2,0.009491504615344261
markov_synthetic,16,3,0.005733391892648493
markov_synthetic,16,4,0.004110739336163878
markov_synthetic,16,5,0.001899698172212407
markov_synthetic,16,6,0.0016281418603141726
markov_synthetic,16,7,0.0005345712104535298
markov_synthetic,16,8,4.903967398420185e-18
markov_synthetic,17,1,0.013409819971508998
markov_synthetic,17,2,0.01009676618895732
markov_synthetic,17,3,0.007535039464363957
markov_synthetic,17,4,0.004160074042019728
markov_synthetic,17,5,0.0035994663062814446
markov_synthetic,17,6,0.0013358279720642118
markov_synthetic,17,7,0.00011848444523009776
markov_synthetic,17,8,1.0981878633907934e-17
markov_synthetic,18,1,0.012286268016100752
markov_synthetic,18,2,0.009677692593981239
markov_synthetic,18,3,0.008965751554201233
markov_synthetic,18,4,0.0056113468212693465
markov_synthetic,18,5,0.0030945571215278598
markov_synthetic,18,6,0.002704836071389244
markov_synthetic,18,7,0.0017687298024353705
markov_synthetic,18,8,2.78827442062131e-17
markov_synthetic,19,1,0.012663734090425698
markov_synthetic,19,2,0.009499660524620864
markov_synthetic,19,3,0.007742328490333577
markov_synthetic,19,4,0.005032897225926905
markov_synthetic,19,5,0.0031688252677097586
markov_synthetic,19,6,0.0024732264751199324
markov_synthetic,19,7,0.0002870745881316057
markov_synthetic,19,8,1.1865862561939113e-17
markov_synthetic,20,1,0.010383162138376357
markov_synthetic,20,2,0.010202856459705855
markov_synthetic,20,3,0.008726674275652371
markov_synthetic,20,4,0.00574849154867455
markov_synthetic,20,5,0.003633622925016973
markov_synthetic,20,6,0.002065289585701601
markov_synthetic,20,7,0.0015912111071946342
markov_synthetic,20,8,1.5824803030970195e-17
markov_synthetic,21,1,0.008861869165812513
markov_synthetic,21,2,0.007594430956007458
markov_synthetic,21,3,0.007068115026240245
markov_synthetic,21,4,0.005021685304860334
markov_synthetic,21,5,0.0035220913179910105
markov_synthetic,21,6,0.0019131640645343587
markov_synthetic,21,7,0.00023060050186783437
markov_synthetic,21,8,1.5271255485772363e-17
markov_synthetic,22,1,0.011355806423168363
markov_synthetic,22,2,0.01005715312665308
markov_synthetic,22,3,0.006808617328332565
markov_synthetic,22,4,0.005566807146193068
markov_synthetic,22,5,0.003016876885160199
markov_synthetic,22,6,0.0023996146245294303
markov_synthetic,22,7,0.000809921393409804
markov_synthetic,22,8,6.533870630151839e-18
markov_synthetic,23,1,0.009076060243631204
markov_synthetic,23,2,0.007820444215391631
markov_synthetic,23,3,0.007200773241478087
markov_synthetic,23,4,0.005623766316525316
markov_synthetic,23,5,0.0035930577020290284
markov_synthetic,23,6,0.0023670537110141356
markov_synthetic,23,7,0.0006310154058434209
markov_synthetic,23,8,3.6697440648257107e-17
markov_synthetic,24,1,0.011231891032132709
markov_synthetic,24,2,0.009635327779003968
markov_synthetic,24,3,0.007316100782450362
markov_synthetic,24,4,0.005942328083919685
markov_synthetic,24,5,0.004041575953787312
markov_synthetic,24,6,0.0015928873898725824
markov_synthetic,24,7,0.00019364182169070963
markov_synthetic,24,8,4.103742043395408e-18
markov_synthetic,25,1,0.012472037404552896
markov_synthetic,25,2,0.007895532639415939
markov_synthetic,25,3,0.0073033292384374615
markov_synthetic,25,4,0.004006512489523246
markov_synthetic,25,5,0.0027562794173100645
markov_synthetic,25,6,0.002264422085679898
markov_synthetic,25,7,0.00030517640020037224
markov_synthetic,25,8,1.4046074473714068e-19
markov_synthetic,26,1,0.01264216607418176
markov_synthetic,26,2,0.008371558841163404
markov_synthetic,26,3,0.0068966672464404535
markov_synthetic,26,4,0.006306349674608964
markov_synthetic,26,5,0.0025595778077207414
markov_synthetic,26,6,0.0016353764268616424
markov_synthetic,26,7,0.0005307564288544224
markov_synthetic,26,8,1.0763327100050895e-17
markov_synthetic,27,1,0.013637632378508919
markov_synthetic,27,2,0.009616091640067733
markov_synthetic,27,3,0.008451710750152677
markov_synthetic,27,4,0.005574973807655226
markov_synthetic,27,5,0.003540610089023738
markov_synthetic,27,6,0.0022255670843539387
markov_synthetic,27,7,4.000232792423881e-05
markov_synthetic,27,8,5.029840979334255e-18
markov_synthetic,28,1,0.012610159267819167
markov_synthetic,28,2,0.009588305209025642
markov_synthetic,28,3,0.007160041783330818
markov_synthetic,28,4,0.005045187073957596
markov_synthetic,28,5,0.0037538635184174653
markov_synthetic,28,6,0.002595398289829328
markov_synthetic,28,7,0.0003967687649354378
markov_synthetic,28,8,8.678189777097337e-18
markov_synthetic,29,1,0.015410446716809722
markov_synthetic,29,2,0.008634102064711584
markov_synthetic,29,3,0.007763211132773655
markov_synthetic,29,4,0.005368536119738826
markov_synthetic,29,5,0.00453283034567632
markov_synthetic,29,6,0.0017116512179946497
markov_synthetic,29,7,0.0011706924351037986
markov_synthetic,29,8,1.3802848628902345e-17
markov_synthetic,30,1,0.010868759165978695
markov_synthetic,30,2,0.008028221374554043
markov_synthetic,30,3,0.006877588409635171
markov_synthetic,30,4,0.0044406408854542586
markov_synthetic,30,5,0.003420384738055012
markov_synthetic,30,6,0.0020056774261521942
markov_synthetic,30,7,0.0007788922349778496
markov_synthetic,30,8,1.238838638556589e-17
markov_synthetic,31,1,0.010880567827750234
markov_synthetic,31,2,0.008207334119399678
markov_synthetic,31,3,0.0066754470906061495
markov_synthetic,31,4,0.005187279544212819
markov_synthetic,31,5,0.003370702740058557
markov_synthetic,31,6,0.002127087152660928
markov_synthetic,31,7,0.0005303070638935911
markov_synthetic,31,8,4.0253838659477416e-17
markov_synthetic,32,1,0.009821580990458332
markov_synthetic,32,2,0.008064608009334317
markov_synthetic,32,3,0.006783645084011123
markov_synthetic,32,4,0.004828628569974316
markov_synthetic,32,5,0.0020071775582027798
markov_synthetic,32,6,0.0015070157345944836
markov_synthetic,32,7,0.0004598585182243788
markov_synthetic,32,8,1.9068137406666707e-18
markov_synthetic,33,1,0.012568582056500138
markov_synthetic,33,2,0.009321225885472621
markov_synthetic,33,3,0.008931060789765615
markov_synthetic,33,4,0.005991675481535743
markov_synthetic,33,5,0.0027827941998600438
markov_synthetic,33,6,0.0015147029145974017
markov_synthetic,33,7,0.001071890425802028
markov_synthetic,33,8,7.474789294430393e-18
markov_synthetic,34,1,0.011668956062450322
markov_synthetic,34,2,0.008915905709291013
markov_synthetic,34,3,0.008607649830012805
markov_synthetic,34,4,0.008138563217841545
markov_synthetic,34,5,0.0032786538384302296
markov_synthetic,34,6,0.0021625593324556083
markov_synthetic,34,7,0.0003732761510218892
markov_synthetic,34,8,6.945673163988014e-18
markov_synthetic,35,1,0.011482733287180719
markov_synthetic,35,2,0.008693463426300006
markov_synthetic,35,3,0.007458161964829505
markov_synthetic,35,4,0.0051610504666977555
markov_synthetic,35,5,0.0037621918372492754
markov_synthetic,35,6,0.0026693168053023345
markov_synthetic,35,7,0.0008349348872019676
markov_synthetic,35,8,2.5466768739129916e-17
markov_synthetic,36,1,0.010733218197971869
markov_synthetic,36,2,0.007278554784343483
markov_synthetic,36,3,0.006104912944260212
markov_synthetic,36,4,0.0033045984512162264
markov_synthetic,36,5,0.0028864616559621495
markov_synthetic,36,6,0.0018639019048673929
markov_synthetic,36,7,0.0003893752150054395
markov_synthetic,36,8,2.5533863534014796e-17
markov_synthetic,37,1,0.011409253083057874
markov_synthetic,37,2,0.007936150045653938
markov_synthetic,37,3,0.005129249107258809
markov_synthetic,37,4,0.004692696644551795
markov_synthetic,37,5,0.0033129474835573327
markov_synthetic,37,6,0.0009621707759960255
markov_synthetic,37,7,0.0005875825581245715
markov_synthetic,37,8,9.996628048852239e-18
markov_synthetic,38,1,0.010661099654038423
markov_synthetic,38,2,0.009489602678341464
markov_synthetic,38,3,0.006379794958967667
markov_synthetic,38,4,0.005197913393705589
markov_synthetic,38,5,0.0041103198659609
markov_synthetic,38,6,0.0014060701369919533
markov_synthetic,38,7,0.000380198588136676
markov_synthetic,38,8,5.728532227654741e-19
markov_synthetic,39,1,0.012198350470659213
markov_synthetic,39,2,0.00898431538047089
markov_synthetic,39,3,0.007281849287804643
markov_synthetic,39,4,0.0038206424925979303
markov_synthetic,39,5,0.0027045003189434397
markov_synthetic,39,6,0.00208611230105055
markov_synthetic,39,7,0.00038169467388583664
markov_synthetic,39,8,1.09380783415001e-17
markov_synthetic,40,1,0.010825502651590315
markov_synthetic,40,2,0.00877335578050147
markov_synthetic,40,3,0.007200348151790318
markov_synthetic,40,4,0.004877931248000656
markov_synthetic,40,5,0.003269013396953304
markov_synthetic,40,6,0.0018552461783082018
markov_synthetic,40,7,0.00018449212666362316
markov_synthetic,40,8,2.897808106315145e-17
markov_synthetic,41,1,0.010744876706808447
markov_synthetic,41,2,0.010079425686783867
markov_synthetic,41,3,0.008391454511322415
markov_synthetic,41,4,0.004887195655873845
markov_synthetic,41,5,0.002558001789606967
markov_synthetic,41,6,0.0017566849287071358
markov_synthetic,41,7,0.00046602154158316314
markov_synthetic,41,8,2.911814159201091e-18
markov_synthetic,42,1,0.010250459081139276
markov_synthetic,42,2,0.009019337221795742
markov_synthetic,42,3,0.007690266232192176
markov_synthetic,42,4,0.006077910707828562
markov_synthetic,42,5,0.003199618224506663
markov_synthetic,42,6,0.0016321657743581582
markov_synthetic,42,7,0.0006637252756750569
markov_synthetic,42,8,3.276557344496311e-17
markov_synthetic,43,1,0.011865588156112111
markov_synthetic,43,2,0.010382646510581224
markov_synthetic,43,3,0.005917561451033256
markov_synthetic,43,4,0.005650334964463167
markov_synthetic,43,5,0.003338451254902202
markov_synthetic,43,6,0.0006838520826125063
markov_synthetic,43,7,0.00035059618038331885
markov_synthetic,43,8,1.8336810622366268e-17
markov_synthetic,44,1,0.012389049006189323
markov_synthetic,44,2,0.010542778580458014
markov_synthetic,44,3,0.006452471705244936
markov_synthetic,44,4,0.004668077095155198
markov_synthetic,44,5,0.0013621693597921532
markov_synthetic,44,6,0.0008446099827962276
markov_synthetic,44,7,0.0002693470733494316
markov_synthetic,44,8,3.179739604544426e-17
markov_synthetic,45,1,0.009585961139791658
markov_synthetic,45,2,0.007697138544934595
markov_synthetic,45,3,0.0065768904767865306
markov_synthetic,45,4,0.004752075481635942
markov_synthetic,45,5,0.0021877157196993164
markov_synthetic,45,6,0.001801331786448204
markov_synthetic,45,7,0.0008863442769117088
markov_synthetic,45,8,4.158626341783365e-17
markov_synthetic,46,1,0.011561423036439715
markov_synthetic,46,2,0.008966808969201965
markov_synthetic,46,3,0.005894851949911752
markov_synthetic,46,4,0.0055196805431985884
markov_synthetic,46,5,0.0035736545744278797
markov_synthetic,46,6,0.0015241634231029809
markov_synthetic,46,7,0.00024320844207314555
markov_synthetic,46,8,1.9033053891234325e-17
markov_synthetic,47,1,0.01071158880881074
markov_synthetic,47,2,0.009056706746396501
markov_synthetic,47,3,0.0077255948424481274
markov_synthetic,47,4,0.004659199411549715
markov_synthetic,47,5,0.0026953587997627384
markov_synthetic,47,6,0.002415172297614496
markov_synthetic,47,7,0.0012864073924536215
markov_synthetic,47,8,5.3249868269919035e-18
markov_synthetic,48,1,0.0096622886914339
markov_synthetic,48,2,0.006504495015348829
markov_synthetic,48,3,0.005875608732692652
markov_synthetic,48,4,0.003069710485897741
markov_synthetic,48,5,0.0021421118416721178
markov_synthetic,48,6,0.0015289507176937446
markov_synthetic,48,7,0.00014256280907679698
markov_synthetic,48,8,2.255052472301531e-17
markov_synthetic,49,1,0.012740897553766192
markov_synthetic,49,2,0.007607051082769475
markov_synthetic,49,3,0.006307010052593211
markov_synthetic,49,4,0.005991475032853449
markov_synthetic,49,5,0.003398520042815383
markov_synthetic,49,6,0.0012730558321910306
markov_synthetic,49,7,0.00010015032923575724
markov_synthetic,49,8,6.512275544965603e-18
markov_synthetic,50,1,0.011425624935075903
markov_synthetic,50,2,0.007153375593985694
markov_synthetic,50,3,0.00668150239507265
markov_synthetic,50,4,0.004369670190354452
markov_synthetic,50,5,0.00379056347768415
markov_synthetic,50,6,0.0009008789164113157
markov_synthetic,50,7,0.00034155786099319946
markov_synthetic,50,8,3.028096644333482e-17
markov_synthetic,51,1,0.013558497733474856
markov_synthetic,51,2,0.011047280525160536
markov_synthetic,51,3,0.008040778146168633
markov_synthetic,51,4,0.005260464156324326
markov_synthetic,51,5,0.005067321160057601
markov_synthetic,51,6,0.004011133146053399
markov_synthetic,51,7,0.0006464045585296422
markov_synthetic,51,8,1.8746746958538872e-17
markov_synthetic,52,1,0.01028296999741491
markov_synthetic,52,2,0.008899458927916716
markov_synthetic,52,3,0.007759422110413677
markov_synthetic,52,4,0.005008480465653803
markov_synthetic,52,5,0.0034985915752454902
markov_synthetic,52,6,0.0030352435710262167
markov_synthetic,52,7,0.0007672138428217018
markov_synthetic,52,8,2.507898145957107e-17
markov_synthetic,53,1,0.012648038157798077
markov_synthetic,53,2,0.009555140706494604
markov_synthetic,53,3,0.006714600522514072
markov_synthetic,53,4,0.004785172418297145
markov_synthetic,53,5,0.0038632604196930627
markov_synthetic,53,6,0.0014662064473258969
markov_synthetic,53,7,0.00025837999288952644
markov_synthetic,53,8,3.2150096141052026e-17
markov_synthetic,54,1,0.00972107810135587
markov_synthetic,54,2,0.007447676646203295
markov_synthetic,54,3,0.005963496332677178
markov_synthetic,54,4,0.004446583700681276
markov_synthetic,54,5,0.0029733268068457123
markov_synthetic,54,6,0.0022940219114795045
markov_synthetic,54,7,8.492585505245248e-05
markov_synthetic,54,8,1.4995323057856148e-17
markov_synthetic,55,1,0.009089701821096828
markov_synthetic,55,2,0.008065347626100021
markov_synthetic,55,3,0.006597269611624249
markov_synthetic,55,4,0.0050862830910627845
markov_synthetic,55,5,0.003839792308093748
markov_synthetic,55,6,0.002482469643218026
markov_synthetic,55,7,0.0002504008939881945
markov_synthetic,55,8,1.1709645663068625e-17
markov_synthetic,56,1,0.012143850222454391
markov_synthetic,56,2,0.008924093921969179
markov_synthetic,56,3,0.005538048755209817
markov_synthetic,56,4,0.005035088796123022
markov_synthetic,56,5,0.0024644408418757224
markov_synthetic,56,6,0.0017050243181934662
markov_synthetic,56,7,0.000500844425126588
markov_synthetic,56,8,3.4631307404417095e-17
markov_synthetic,57,1,0.012681968337386022
markov_synthetic,57,2,0.010128179216226576
markov_synthetic,57,3,0.008282355134018527
markov_synthetic,57,4,0.006477936049093354
markov_synthetic,57,5,0.004354937473820263
markov_synthetic,57,6,0.0023906990833819056
markov_synthetic,57,7,0.0005012603132496305
markov_synthetic,57,8,2.5726339635419155e-19
markov_synthetic,58,1,0.012027404922980121
markov_synthetic,58,2,0.008572457228064
markov_synthetic,58,3,0.0074368991423335515
markov_synthetic,58,4,0.0061255215826101425
markov_synthetic,58,5,0.00333810159363329
markov_synthetic,58,6,0.002767043692573881
markov_synthetic,58,7,0.0019930519157209878
markov_synthetic,58,8,3.348665739138833e-17
markov_synthetic,59,1,0.010276378333222327
markov_synthetic,59,2,0.009527873077300361
markov_synthetic,59,3,0.006456121439278216
markov_synthetic,59,4,0.005647033751807754
markov_synthetic,59,5,0.003957519592845919
markov_synthetic,59,6,0.001917967724589123
markov_synthetic,59,7,0.0004683537200740856
markov_synthetic,59,8,1.0643873738199938e-17
markov_synthetic,60,1,0.014329795764874127
markov_synthetic,60,2,0.008663540136463633
markov_synthetic,60,3,0.006254201614184299
markov_synthetic,60,4,0.006173961228373668
markov_synthetic,60,5,0.003242345066437858
markov_synthetic,60,6,0.001870367688520902
markov_synthetic,60,7,0.00022212878299312047
markov_synthetic,60,8,1.7037649157795346e-17
markov_synthetic,61,1,0.011448039265310066
markov_synthetic,61,2,0.008278730030342796
markov_synthetic,61,3,0.007945479681521352
markov_synthetic,61,4,0.004940831611548851
markov_synthetic,61,5,0.002919304581618642
markov_synthetic,61,6,0.001541840914354836
markov_synthetic,61,7,0.00020443530665347306
markov_synthetic,61,8,3.202697299365468e-18
markov_synthetic,62,1,0.009399845195195692
markov_synthetic,62,2,0.007289629713960026
markov_synthetic,62,3,0.006408431692700744
markov_synthetic,62,4,0.005260147653919738
markov_synthetic,62,5,0.004712249987198614
markov_synthetic,62,6,0.0012283338929057449
markov_synthetic,62,7,5.800328761095529e-06
markov_synthetic,62,8,2.7332781459623913e-17
markov_synthetic,63,1,0.010142746328011779
markov_synthetic,63,2,0.008481285292043318
markov_synthetic,63,3,0.007411627524081753
markov_synthetic,63,4,0.006062802705511975
markov_synthetic,63,5,0.003113903676951612
markov_synthetic,63,6,0.00143197853509117
markov_synthetic,63,7,0.0008776627516999334
markov_synthetic,63,8,2.0925391163990452e-17
markov_synthetic,64,1,0.012212867392127881
markov_synthetic,64,2,0.0075115793702612635
markov_synthetic,64,3,0.005920934807906884
markov_synthetic,64,4,0.004408977733482879
markov_synthetic,64,5,0.0034785381822837833
markov_synthetic,64,6,0.0016951320305132525
markov_synthetic,64,7,0.0005700103094913979
markov_synthetic,64,8,8.550852683760827e-18
markov_synthetic,65,1,0.009319223376479826
markov_synthetic,65,2,0.0076315512448827715
markov_synthetic,65,3,0.005904196575671828
markov_synthetic,65,4,0.0046910900242273495
markov_synthetic,65,5,0.0034499930631073966
markov_synthetic,65,6,0.0020123543751785675
markov_synthetic,65,7,0.0008039374146774841
markov_synthetic,65,8,3.1388511327958517e-18
markov_synthetic,66,1,0.008899456008058053
markov_synthetic,66,2,0.0073360310159782645
markov_synthetic,66,3,0.004992582466487831
markov_synthetic,66,4,0.004845153638591488
markov_synthetic,66,5,0.003957031356039337
markov_synthetic,66,6,0.0013753682684464797
markov_synthetic,66,7,0.001010932069185141
markov_synthetic,66,8,8.577618692135782e-18
markov_synthetic,67,1,0.009738599878904861
markov_synthetic,67,2,0.008667870144321488
markov_synthetic,67,3,0.008110924779594995
markov_synthetic,67,4,0.005096043227141252
markov_synthetic,67,5,0.0033933765223123132
markov_synthetic,67,6,0.0027694998393439554
markov_synthetic,67,7,0.0014586478650124393
markov_synthetic,67,8,7.686216827452165e-18
markov_synthetic,68,1,0.012276016405649874
markov_synthetic,68,2,0.010112337298682229
markov_synthetic,68,3,0.007831297511367985
markov_synthetic,68,4,0.005781824487744725
markov_synthetic,68,5,0.0052087290392815785
markov_synthetic,68,6,0.002776066877220191
markov_synthetic,68,7,0.001328458446583767
markov_synthetic,68,8,2.5693750843047436e-18
markov_synthetic,69,1,0.011057811768702486
markov_synthetic,69,2,0.007738898094559601
markov_synthetic,69,3,0.005452432150899732
markov_synthetic,69,4,0.004787034151337205
markov_synthetic,69,5,0.003575959617729236
markov_synthetic,69,6,0.00234694965955801
markov_synthetic,69,7,0.0012118719582845014
markov_synthetic,69,8,8.138874482972853e-18
markov_synthetic,70,1,0.010219441627477855
markov_synthetic,70,2,0.007721986396812188
markov_synthetic,70,3,0.006761882558519919
markov_synthetic,70,4,0.004964181747886105
markov_synthetic,70,5,0.00324814629138716
markov_synthetic,70,6,0.0017581022745123808
markov_synthetic,70,7,0.0006769448610461197
markov_synthetic,70,8,1.815415950934825e-18
markov_synthetic,71,1,0.010695211133391157
markov_synthetic,71,2,0.008324714997173143
markov_synthetic,71,3,0.007956943850365654
markov_synthetic,71,4,0.006170055309881303
markov_synthetic,71,5,0.004311904738242977
markov_synthetic,71,6,0.0015638640604738682
markov_synthetic,71,7,9.287603461264086e-05
markov_synthetic,71,8,3.989571869611542e-17
markov_synthetic,72,1,0.011731870555236704
markov_synthetic,72,2,0.007237622990241802
markov_synthetic,72,3,0.006822008353828502
markov_synthetic,72,4,0.00478588310547235
markov_synthetic,72,5,0.0029173179543627217
markov_synthetic,72,6,0.001136411845125701
markov_synthetic,72,7,0.0008177337898384206
markov_synthetic,72,8,4.075812494411315e-17
markov_synthetic,73,1,0.011779219835974315
markov_synthetic,73,2,0.007893975615470278
markov_synthetic,73,3,0.00547344956669612
markov_synthetic,73,4,0.0042319816305058265
markov_synthetic,73,5,0.003155779360736228
markov_synthetic,73,6,0.0015869400637967285
markov_synthetic,73,7,0.00019012332980341233
markov_synthetic,73,8,3.245967812754724e-18
markov_synthetic,74,1,0.013866215548237899
markov_synthetic,74,2,0.008876539152052693
markov_synthetic,74,3,0.006636710330609393
markov_synthetic,74,4,0.006002358012652852
markov_synthetic,74,5,0.003708074651629883
markov_synthetic,74,6,0.0014095580290731245
markov_synthetic,74,7,9.104390602013485e-05
markov_synthetic,74,8,1.8882763423079484e-17
markov_synthetic,75,1,0.010738359790164454
markov_synthetic,75,2,0.009582757952016742
markov_synthetic,75,3,0.007145198216103535
markov_synthetic,75,4,0.004712360646236485
markov_synthetic,75,5,0.004204869531137299
markov_synthetic,75,6,0.0029207028768690807
markov_synthetic,75,7,0.0020519525362682105
markov_synthetic,75,8,1.380535807620524e-17
markov_synthetic,76,1,0.00941883513223372
markov_synthetic,76,2,0.008100464574215068
markov_synthetic,76,3,0.005016555130615655
markov_synthetic,76,4,0.004224074898514871
markov_synthetic,76,5,0.003847518273117632
markov_synthetic,76,6,0.002190677456385331
markov_synthetic,76,7,0.00015868461608565192
markov_synthetic,76,8,1.2692391843145028e-17
markov_synthetic,77,1,0.01100990283281215
markov_synthetic,77,2,0.009628106653968826
markov_synthetic,77,3,0.007553661703265196
markov_synthetic,77,4,0.004902371068693365
markov_synthetic,77,5,0.004082150385286377
markov_synthetic,77,6,0.0008222517882613531
markov_synthetic,77,7,0.0001185477296021211
markov_synthetic,77,8,5.802156210943171e-19
markov_synthetic,78,1,0.010914014548549213
markov_synthetic,78,2,0.009642896632109791
markov_synthetic,78,3,0.006726964800399093
markov_synthetic,78,4,0.005499596241806212
markov_synthetic,78,5,0.004667732462913788
markov_synthetic,78,6,0.0028854668656136152
markov_synthetic,78,7,0.0016022557527449468
markov_synthetic,78,8,5.616502207120521e-18
markov_synthetic,79,1,0.010302665595742956
markov_synthetic,79,2,0.007766676155188674
markov_synthetic,79,3,0.0060495505284102
markov_synthetic,79,4,0.005290370884280515
markov_synthetic,79,5,0.0029578353325376665
markov_synthetic,79,6,0.0008419615128528286
markov_synthetic,79,7,0.0004160635910599919
markov_synthetic,79,8,1.6039100376156437e-17
markov_synthetic,80,1,0.01051938246444654
markov_synthetic,80,2,0.008413345724330983
markov_synthetic,80,3,0.006834604131291859
markov_synthetic,80,4,0.0053305341754027085
markov_synthetic,80,5,0.003980116639860778
markov_synthetic,80,6,0.002081936449114926
markov_synthetic,80,7,4.428923125813022e-05
markov_synthetic,80,8,2.4405866717085436e-17
markov_synthetic,81,1,0.012106082264427819
markov_synthetic,81,2,0.007124201485601489
markov_synthetic,81,3,0.006641014563789685
markov_synthetic,81,4,0.004800277895072015
markov_synthetic,81,5,0.0037462750228683737
markov_synthetic,81,6,0.0019397249523538244
markov_synthetic,81,7,0.0008524487870673575
markov_synthetic,81,8,1.707981160247374e-17
markov_synthetic,82,1,0.010788876968870641
markov_synthetic,82,2,0.00929033812032707
markov_synthetic,82,3,0.0070595639788375054
markov_synthetic,82,4,0.006447802614142153
markov_synthetic,82,5,0.003226150322662505
markov_synthetic,82,6,0.0029171504687226873
markov_synthetic,82,7,0.0010174144302927597
markov_synthetic,82,8,5.710085909289041e-18
markov_synthetic,83,1,0.012228473936216608
markov_synthetic,83,2,0.007974874155831457
markov_synthetic,83,3,0.007077100337617877
markov_synthetic,83,4,0.005093279992461704
markov_synthetic,83,5,0.004552845856836535
markov_synthetic,83,6,0.0030578126275384197
markov_synthetic,83,7,0.0005117441616308955
markov_synthetic,83,8,8.61062267708484e-18
markov_synthetic,84,1,0.011188665169054724
markov_synthetic,84,2,0.00788816587497021
markov_synthetic,84,3,0.007184711763587342
markov_synthetic,84,4,0.0064712066953377225
markov_synthetic,84,5,0.00496880613837819
markov_synthetic,84,6,0.0030024978213853163
markov_synthetic,84,7,0.0013469256538268394
markov_synthetic,84,8,1.635596913314875e-17
markov_synthetic,85,1,0.010786300549034818
markov_synthetic,85,2,0.00811486217118258
markov_synthetic,85,3,0.006246995316216577
markov_synthetic,85,4,0.005411274833521108
markov_synthetic,85,5,0.002911902335678841
markov_synthetic,85,6,0.0027453989488210036
markov_synthetic,85,7,0.0008166722329808359
markov_synthetic,85,8,2.6268794555765872e-17
markov_synthetic,86,1,0.008861290065224476
markov_synthetic,86,2,0.008264326202197029
markov_synthetic,86,3,0.005576335507989705
markov_synthetic,86,4,0.004420351640990944
markov_synthetic,86,5,0.003591364138617277
markov_synthetic,86,6,0.0021511545069164565
markov_synthetic,86,7,0.000857294474855648
markov_synthetic,86,8,2.8552186731385435e-17
markov_synthetic,87,1,0.009896946487701494
markov_synthetic,87,2,0.008940604861984993
markov_synthetic,87,3,0.006753787214357265
markov_synthetic,87,4,0.005598313678948028
markov_synthetic,87,5,0.003452771327178581
markov_synthetic,87,6,0.0016905828174959407
markov_synthetic,87,7,0.0011660282995226993
markov_synthetic,87,8,5.977597474371963e-19
markov_synthetic,88,1,0.011350723407411905
markov_synthetic,88,2,0.007493918422314701
markov_synthetic,88,3,0.006569589469704261
markov_synthetic,88,4,0.0042733875818245035
markov_synthetic,88,5,0.0034073833538567533
markov_synthetic,88,6,0.0030503889224164204
markov_synthetic,88,7,0.0005314927486256416
markov_synthetic,88,8,1.9906089882161694e-18
markov_synthetic,89,1,0.013233316928899636
markov_synthetic,89,2,0.008934506068013486
markov_synthetic,89,3,0.0060836959837782915
markov_synthetic,89,4,0.0052735258288394956
markov_synthetic,89,5,0.0032508422585078483
markov_synthetic,89,6,0.0010864189540375922
markov_synthetic,89,7,0.000818410737077254
markov_synthetic,89,8,1.6743811953037e-17
markov_synthetic,90,1,0.010036742605081826
markov_synthetic,90,2,0.008210317593485984
markov_synthetic,90,3,0.00550192576899026
markov_synthetic,90,4,0.004315696560391057
markov_synthetic,90,5,0.0031686966381552608
markov_synthetic,90,6,0.0013436399080005803
markov_synthetic,90,7,0.00027551879874174065
markov_synthetic,90,8,1.5448032641439435e-17
markov_synthetic,91,1,0.01196458967669876
markov_synthetic,91,2,0.009064375030171127
markov_synthetic,91,3,0.007512718955391142
markov_synthetic,91,4,0.005821662072034116
markov_synthetic,91,5,0.0035912825698834745
markov_synthetic,91,6,0.0013388375447507827
markov_synthetic,91,7,0.00014374518608412212
markov_synthetic,91,8,2.044086735804261e-17
markov_synthetic,92,1,0.01078928382775239
markov_synthetic,92,2,0.00681763966366871
markov_synthetic,92,3,0.00601551652413547
markov_synthetic,92,4,0.00538071084297302
markov_synthetic,92,5,0.0015849032956760435
markov_synthetic,92,6,0.0013662309888541938
markov_synthetic,92,7,0.0001277799865373402
markov_synthetic,92,8,1.1466858046415323e-18
markov_synthetic,93,1,0.012242837002461269
markov_synthetic,93,2,0.009550433458001602
markov_synthetic,93,3,0.006852986677410369
markov_synthetic,93,4,0.004821636018106651
markov_synthetic,93,5,0.003465702712456888
markov_synthetic,93,6,0.0012582161062446326
markov_synthetic,93,7,0.0009948988182706025
markov_synthetic,93,8,6.250163342519513e-18
markov_synthetic,94,1,0.011558696535254142
markov_synthetic,94,2,0.008880102323997616
markov_synthetic,94,3,0.008497634142926104
markov_synthetic,94,4,0.00533938676005442
markov_synthetic,94,5,0.00328060890914751
markov_synthetic,94,6,0.002113068428706333
markov_synthetic,94,7,0.0004997515497081422
markov_synthetic,94,8,3.676072132666435e-18
markov_synthetic,95,1,0.009880854386162844
markov_synthetic,95,2,0.007554236215590793
markov_synthetic,95,3,0.00560114514075328
markov_synthetic,95,4,0.0033864998066411808
markov_synthetic,95,5,0.0027070336681958877
markov_synthetic,95,6,0.0006803990535175508
markov_synthetic,95,7,0.00027842527648639195
markov_synthetic,95,8,3.657238211887416e-17
markov_synthetic,96,1,0.010350690153654016
markov_synthetic,96,2,0.007992434881524077
markov_synthetic,96,3,0.0059506870101130455
markov_synthetic,96,4,0.0046806026683056555
markov_synthetic,96,5,0.003420432437890363
markov_synthetic,96,6,0.001892325434781874
markov_synthetic,96,7,0.00024792801098194795
markov_synthetic,96,8,3.437144079719175e-17
markov_synthetic,97,1,0.010461639233208923
markov_synthetic,97,2,0.007386251418897803
markov_synthetic,97,3,0.005862677918041334
markov_synthetic,97,4,0.00510956270970697
markov_synthetic,97,5,0.0026775562903455993
markov_synthetic,97,6,0.0015559639750657086
markov_synthetic,97,7,0.00043744344416199915
markov_synthetic,97,8,1.387857828147286e-17
markov_synthetic,98,1,0.009762809338257681
markov_synthetic,98,2,0.007293748987587409
markov_synthetic,98,3,0.005872066724657323
markov_synthetic,98,4,0.004561856534001526
markov_synthetic,98,5,0.0032383307711446405
markov_synthetic,98,6,0.001998815579349093
markov_synthetic,98,7,0.0007617228106751739
markov_synthetic,98,8,2.2566573264926628e-17
markov_synthetic,99,1,0.012222652233989193
markov_synthetic,99,2,0.007738077430627415
markov_synthetic,99,3,0.006624161913882878
markov_synthetic,99,4,0.004861486569970655
markov_synthetic,99,5,0.0038009423754264155
markov_synthetic,99,6,0.0024676634090340216
markov_synthetic,99,7,0.0005237911465029117
markov_synthetic,99,8,1.8494526565814745e-17
markov_synthetic,100,1,0.010528573105281868
markov_synthetic,100,2,0.008293642931380008
markov_synthetic,100,3,0.006091932389678975
markov_synthetic,100,4,0.005027869138158946
markov_synthetic,100,5,0.003261659702431398
markov_synthetic,100,6,0.0020285483005781082
markov_synthetic,100,7,0.0015238341044105843
markov_synthetic,100,8,8.792611628569547e-18
markov_synthetic,101,1,0.010696667795970666
markov_synthetic,101,2,0.009683207526404771
markov_synthetic,101,3,0.007203296283545663
markov_synthetic,101,4,0.00523667586986745
markov_synthetic,101,5,0.004216072711282404
markov_synthetic,101,6,0.000939634940678337
markov_synthetic,101,7,0.0003206957569682674
markov_synthetic,101,8,2.220657774352523e-17
markov_synthetic,102,1,0.009838615745626231
markov_synthetic,102,2,0.007891022512903826
markov_synthetic,102,3,0.006098380597899168
markov_synthetic,102,4,0.005568166973142739
markov_synthetic,102,5,0.002542859966048438
markov_synthetic,102,6,0.0017108866965956213
markov_synthetic,102,7,0.0006360127195070084
markov_synthetic,102,8,1.7438504866462295e-17
markov_synthetic,103,1,0.01149506082261194
markov_synthetic,103,2,0.008686946506415693
markov_synthetic,103,3,0.0052712041459911695
markov_synthetic,103,4,0.0044237439991211235
markov_synthetic,103,5,0.003165369591959252
markov_synthetic,103,6,0.0017122034178035784
markov_synthetic,103,7,0.0007794491052303502
markov_synthetic,103,8,3.9067195099387635e-17
markov_synthetic,104,1,0.012228797191268344
markov_synthetic,104,2,0.01040312686026371
markov_synthetic,104,3,0.007504325897471724
markov_synthetic,104,4,0.006825865575777474
markov_synthetic,104,5,0.0033644173131199004
markov_synthetic,104,6,0.0019730443450536933
markov_synthetic,104,7,0.00047169943474661524
markov_synthetic,104,8,2.045047700931793e-17
markov_synthetic,105,1,0.009793190402257235
markov_synthetic,105,2,0.007795472652115255
markov_synthetic,105,3,0.006525928583061257
markov_synthetic,105,4,0.005918202567932458
markov_synthetic,105,5,0.0051146204621096494
markov_synthetic,105,6,0.004473991762066158
markov_synthetic,105,7,0.0019716842929031267
markov_synthetic,105,8,1.128048866589075e-17
markov_synthetic,106,1,0.012446166183267918
markov_synthetic,106,2,0.009358306759859715
markov_synthetic,106,3,0.007537284375330653
markov_synthetic,106,4,0.0060276571303122285
markov_synthetic,106,5,0.004108475485164497
markov_synthetic,106,6,0.0014168481565584655
markov_synthetic,106,7,3.563599065228285e-06
markov_synthetic,106,8,1.4969700070631072e-17
markov_synthetic,107,1,0.011433613611050482
markov_synthetic,107,2,0.008801660421791667
markov_synthetic,107,3,0.005999809956062219
markov_synthetic,107,4,0.00515744207983118
markov_synthetic,107,5,0.004561856631513968
markov_synthetic,107,6,0.0026922578491995037
markov_synthetic,107,7,0.0017795805935782653
markov_synthetic,107,8,1.7054154712345003e-17
markov_synthetic,108,1,0.008106344613304428
markov_synthetic,108,2,0.006126934322586256
markov_synthetic,108,3,0.005735167220238173
markov_synthetic,108,4,0.0038545438194828585
markov_synthetic,108,5,0.0021955823591004726
markov_synthetic,108,6,0.0017209493780517265
markov_synthetic,108,7,0.00024166291059735494
markov_synthetic,108,8,2.2267239158769726e-17
markov_synthetic,109,1,0.009892523769055162
markov_synthetic,109,2,0.007470715170442619
markov_synthetic,109,3,0.006479584103588384
markov_synthetic,109,4,0.004595158296467683
markov_synthetic,109,5,0.004187546019966178
markov_synthetic,109,6,0.002467272565869073
markov_synthetic,109,7,0.000808667338827155
markov_synthetic,109,8,1.8872626275546355e-17
markov_synthetic,110,1,0.011400980541679321
markov_synthetic,110,2,0.008009445878842811
markov_synthetic,110,3,0.006170644808386834
markov_synthetic,110,4,0.0037450871654322324
markov_synthetic,110,5,0.002436274512359572
markov_synthetic,110,6,0.002159377404970643
markov_synthetic,110,7,0.00019444829836946307
markov_synthetic,110,8,8.121066188989192e-18
markov_synthetic,111,1,0.010462426571837631
markov_synthetic,111,2,0.005509241980948428
markov_synthetic,111,3,0.00541955299732986
markov_synthetic,111,4,0.004761223470615856
markov_synthetic,111,5,0.003424798491767755
markov_synthetic,111,6,0.0014979733736312439
markov_synthetic,111,7,0.0006023744400280264
markov_synthetic,111,8,1.3824247511527937e-17
markov_synthetic,112,1,0.011374527279687496
markov_synthetic,112,2,0.00930600733952111
markov_synthetic,112,3,0.007844184807845921
markov_synthetic,112,4,0.005625630053365216
markov_synthetic,112,5,0.004415354916103248
markov_synthetic,112,6,0.004035895600655222
markov_synthetic,112,7,0.0005522160215595786
markov_synthetic,112,8,1.2254681634415593e-17
markov_synthetic,113,1,0.009844197775749002
markov_synthetic,113,2,0.008308971286572783
markov_synthetic,113,3,0.005202774374683147
markov_synthetic,113,4,0.004723752587211851
markov_synthetic,113,5,0.0034417379818325977
markov_synthetic,113,6,0.0007043602387110482
markov_synthetic,113,7,0.00024244224186229445
markov_synthetic,113,8,3.1089803626586195e-17
markov_synthetic,114,1,0.011450932294167004
markov_synthetic,114,2,0.007408534010288227
markov_synthetic,114,3,0.006823735875941697
markov_synthetic,114,4,0.004828016432359943
markov_synthetic,114,5,0.0034553516232244575
markov_synthetic,114,6,0.0012178343197337246
markov_synthetic,114,7,0.0006908200091116137
markov_synthetic,114,8,1.0860102690794839e-17
markov_synthetic,115,1,0.01039599892743406
markov_synthetic,115,2,0.008091073493562669
markov_synthetic,115,3,0.007356164462120902
markov_synthetic,115,4,0.00294599104554198
markov_synthetic,115,5,0.0024607079256377335
markov_synthetic,115,6,0.0009949395924797374
markov_synthetic,115,7,0.0003345720372763817
markov_synthetic,115,8,5.3293323857892876e-18
markov_synthetic,116,1,0.010208055989563225
markov_synthetic,116,2,0.009650623224805638
markov_synthetic,116,3,0.00683030142898116
markov_synthetic,116,4,0.005944278586611151
markov_synthetic,116,5,0.00435311916765389
markov_synthetic,116,6,0.003141667107117272
markov_synthetic,116,7,5.439865551227124e-05
markov_synthetic,116,8,5.21867478316955e-18
markov_synthetic,117,1,0.008961313275645222
markov_synthetic,117,2,0.007502155221868694
markov_synthetic,117,3,0.005950768949473923
markov_synthetic,117,4,0.004119268481123935
markov_synthetic,117,5,0.0025779755797855066
markov_synthetic,117,6,0.0013609664103077235
markov_synthetic,117,7,0.00039139571415891576
markov_synthetic,117,8,7.522404159451548e-18
markov_synthetic,118,1,0.01000355621023412
markov_synthetic,118,2,0.008870292942390702
markov_synthetic,118,3,0.005514971013888503
markov_synthetic,118,4,0.004698596237003297
markov_synthetic,118,5,0.0042835914873022435
markov_synthetic,118,6,0.003580392099248844
markov_synthetic,118,7,0.000538337548477139
markov_synthetic,118,8,2.092189190424558e-17
markov_synthetic,119,1,0.011079103788762812
markov_synthetic,119,2,0.00799074787997774
markov_synthetic,119,3,0.006155495881146504
markov_synthetic,119,4,0.004686660389291639
markov_synthetic,119,5,0.0041349816343986155
markov_synthetic,119,6,0.0020408763626102878
markov_synthetic,119,7,0.0001185576150577394
markov_synthetic,119,8,6.083549873957113e-18
markov_synthetic,120,1,0.009152771338208123
markov_synthetic,120,2,0.00856238912473831
markov_synthetic,120,3,0.0065838107405376154
markov_synthetic,120,4,0.005688223628540541
markov_synthetic,120,5,0.0038517788280668986
markov_synthetic,120,6,0.0021868550664582054
markov_synthetic,120,7,0.0001908549552255749
markov_synthetic,120,8,1.760525788341669e-17
markov_synthetic,121,1,0.011650998137789047
markov_synthetic,121,2,0.010112122495576942
markov_synthetic,121,3,0.0079960087885956
markov_synthetic,121,4,0.0061296429615746734
markov_synthetic,121,5,0.0043137797765419586
markov_synthetic,121,6,0.0013054765936256687
markov_synthetic,121,7,0.0003215681826342412
markov_synthetic,121,8,1.0325598657044568e-17
markov_synthetic,122,1,0.009577944848147823
markov_synthetic,122,2,0.008710981589356574
markov_synthetic,122,3,0.005856687379542731
markov_synthetic,122,4,0.005128391741246908
markov_synthetic,122,5,0.0025609779082695844
markov_synthetic,122,6,0.001949317585486519
markov_synthetic,122,7,0.0004393266982802983
markov_synthetic,122,8,8.186531293181667e-18
markov_synthetic,123,1,0.010891687084401209
markov_synthetic,123,2,0.00969909528916768
markov_synthetic,123,3,0.007041306056714826
markov_synthetic,123,4,0.00332599568187796
markov_synthetic,123,5,0.002935388551682918
markov_synthetic,123,6,0.0018552559689049496
markov_synthetic,123,7,0.0011261290129752257
markov_synthetic,123,8,4.888298122514799e-18
markov_synthetic,124,1,0.01343746005523186
markov_synthetic,124,2,0.008589499308973287
markov_synthetic,124,3,0.005966497747758329
markov_synthetic,124,4,0.00503051343557616
markov_synthetic,124,5,0.0036641083332089337
markov_synthetic,124,6,0.003409973725990366
markov_synthetic,124,7,0.0013586924636548186
markov_synthetic,124,8,2.1465970303509826e-17
markov_synthetic,125,1,0.013668543853895185
markov_synthetic,125,2,0.008148437127818587
markov_synthetic,125,3,0.007235463088397982
markov_synthetic,125,4,0.004969035901448774
markov_synthetic,125,5,0.003703225112215568
markov_synthetic,125,6,0.002251907303491825
markov_synthetic,125,7,0.0012461477670252013
markov_synthetic,125,8,3.3991785038926327e-17
markov_synthetic,126,1,0.008202619219276987
markov_synthetic,126,2,0.0073323992649422225
markov_synthetic,126,3,0.006339379087724493
markov_synthetic,126,4,0.004146429858872993
markov_synthetic,126,5,0.002087975886722553
markov_synthetic,126,6,0.0011883902213484065
markov_synthetic,126,7,0.00033295334094380583
markov_synthetic,126,8,2.223627958590192e-17
markov_synthetic,127,1,0.01039005513728933
markov_synthetic,127,2,0.0082297059762061
markov_synthetic,127,3,0.007180674810553305
markov_synthetic,127,4,0.004995859060060028
markov_synthetic,127,5,0.0036912515489812923
markov_synthetic,127,6,0.002128551727116188
markov_synthetic,127,7,0.00021610029323866002
markov_synthetic,127,8,3.724833167204373e-17
markov_synthetic,128,1,0.010361720163741529
markov_synthetic,128,2,0.008499741756853722
markov_synthetic,128,3,0.006268471332423054
markov_synthetic,128,4,0.005218690401712377
markov_synthetic,128,5,0.0032240246371920554
markov_synthetic,128,6,0.0012692094396750495
markov_synthetic,128,7,0.00013635619937852865
markov_synthetic,128,8,1.5397676262964307e-17
markov_synthetic,129,1,0.00857471310040462
markov_synthetic,129,2,0.007859329600741732
markov_synthetic,129,3,0.00655833398187514
markov_synthetic,129,4,0.006215159151015931
markov_synthetic,129,5,0.0034524095647910915
markov_synthetic,129,6,0.00182862262280389
markov_synthetic,129,7,0.0015578713455724799
markov_synthetic,129,8,1.710896186637263e-18
markov_synthetic,130,1,0.010218851616153286
markov_synthetic,130,2,0.0068091188775444645
markov_synthetic,130,3,0.0046100503193755756
markov_synthetic,130,4,0.004024910304848477
markov_synthetic,130,5,0.003819849671721898
markov_synthetic,130,6,0.0020541999801405547
markov_synthetic,130,7,0.001498682559618673
markov_synthetic,130,8,3.873814323151786e-18
markov_synthetic,131,1,0.013236362199937644
markov_synthetic,131,2,0.009236320811248097
markov_synthetic,131,3,0.007976864988707583
markov_synthetic,131,4,0.006575639850929701
markov_synthetic,131,5,0.0036791210151720473
markov_synthetic,131,6,0.0022812525706937285
markov_synthetic,131,7,0.00041688748798412035
markov_synthetic,131,8,2.5871351391161127e-17
markov_synthetic,132,1,0.009813617616168132
markov_synthetic,132,2,0.008813663969390637
markov_synthetic,132,3,0.006208244694504907
markov_synthetic,132,4,0.004801848959175781
markov_synthetic,132,5,0.0035859058762048946
markov_synthetic,132,6,0.0022975070607551317
markov_synthetic,132,7,0.0015646912331611872
markov_synthetic,132,8,2.9343476674811115e-17
markov_synthetic,133,1,0.011333156445908167
markov_synthetic,133,2,0.009469503148856404
markov_synthetic,133,3,0.007001208204538202
markov_synthetic,133,4,0.004656118551085078
markov_synthetic,133,5,0.002668709771495057
markov_synthetic,133,6,0.0018078052748482182
markov_synthetic,133,7,0.00010975608682853252
markov_synthetic,133,8,3.348649985573608e-17
markov_synthetic,134,1,0.010547078380876035
markov_synthetic,134,2,0.007786110595863125
markov_synthetic,134,3,0.006093396246786398
markov_synthetic,134,4,0.0036883551445647373
markov_synthetic,134,5,0.0022450243372064186
markov_synthetic,134,6,0.0007412585754981613
markov_synthetic,134,7,2.2155981598957005e-05
markov_synthetic,134,8,1.7271110057412365e-17
markov_synthetic,135,1,0.014758675855175766
markov_synthetic,135,2,0.008345603950618261
markov_synthetic,135,3,0.004397982563245207
markov_synthetic,135,4,0.004341382960888691
markov_synthetic,135,5,0.0038461374506747535
markov_synthetic,135,6,0.0016016609981673797
markov_synthetic,135,7,0.00012485785502187508
markov_synthetic,135,8,1.0027820122768567e-17
markov_synthetic,136,1,0.009782797824280764
markov_synthetic,136,2,0.008312654301453129
markov_synthetic,136,3,0.006324248684540107
markov_synthetic,136,4,0.00469162561268098
markov_synthetic,136,5,0.0028492631349323516
markov_synthetic,136,6,0.0024413348094558312
markov_synthetic,136,7,0.0018505764365097431
markov_synthetic,136,8,1.859753283443517e-17
markov_synthetic,137,1,0.012239862179267565
markov_synthetic,137,2,0.009198105736241202
markov_synthetic,137,3,0.007043655228918128
markov_synthetic,137,4,0.005892492474830189
markov_synthetic,137,5,0.004511727556218916
markov_synthetic,137,6,0.0028199238869029523
markov_synthetic,137,7,0.0004995864105058395
markov_synthetic,137,8,1.3813419190634688e-18
markov_synthetic,138,1,0.015020980792163683
markov_synthetic,138,2,0.01168005845968767
markov_synthetic,138,3,0.006462388053558869
markov_synthetic,138,4,0.00526986195466378
markov_synthetic,138,5,0.0030216710492199533
markov_synthetic,138,6,0.0018525583584000555
markov_synthetic,138,7,0.000221088018699279
markov_synthetic,138,8,1.2609385753579283e-17
markov_synthetic,139,1,0.009721117966149419
markov_synthetic,139,2,0.00864647416082316
markov_synthetic,139,3,0.0075600156356903205
markov_synthetic,139,4,0.004362668790327308
markov_synthetic,139,5,0.003207736464827773
markov_synthetic,139,6,0.0014952894479722157
markov_synthetic,139,7,0.0004966453148727208
markov_synthetic,139,8,7.201316267079297e-18
markov_synthetic,140,1,0.009379181163483283
markov_synthetic,140,2,0.007475547737989492
markov_synthetic,140,3,0.006558596858171363
markov_synthetic,140,4,0.004091960255920779
markov_synthetic,140,5,0.003713176471206642
markov_synthetic,140,6,0.0029663965107193002
markov_synthetic,140,7,0.0013443036016410183
markov_synthetic,140,8,1.1377457630647231e-17
markov_synthetic,141,1,0.01188874456062057
markov_synthetic,141,2,0.007955445131753742
markov_synthetic,141,3,0.0054614340005006675
markov_synthetic,141,4,0.004008173134859628
markov_synthetic,141,5,0.003401318202120145
markov_synthetic,141,6,0.0026058572936348895
markov_synthetic,141,7,0.00026831060691228883
markov_synthetic,141,8,1.5152929883745084e-17
markov_synthetic,142,1,0.011556366408149533
markov_synthetic,142,2,0.0077082222426960246
markov_synthetic,142,3,0.006610593720516955
markov_synthetic,142,4,0.005879428082491489
markov_synthetic,142,5,0.00308963364247996
markov_synthetic,142,6,0.0012750348778621295
markov_synthetic,142,7,9.795759577959566e-05
markov_synthetic,142,8,3.859321622734176e-17
markov_synthetic,143,1,0.011510564661592337
markov_synthetic,143,2,0.008284267089993073
markov_synthetic,143,3,0.006307679652185656
markov_synthetic,143,4,0.00541425582411715
markov_synthetic,143,5,0.0031257578052660668
markov_synthetic,143,6,0.0022616963477903786
markov_synthetic,143,7,0.0005800656625489798
markov_synthetic,143,8,1.847042066158887e-17
markov_synthetic,144,1,0.012502362110625182
markov_synthetic,144,2,0.011723197211897652
markov_synthetic,144,3,0.007335087522913145
markov_synthetic,144,4,0.004711444352320194
markov_synthetic,144,5,0.0037699385546874865
markov_synthetic,144,6,0.0028867940197396416
markov_synthetic,144,7,0.0006262836226461918
markov_synthetic,144,8,1.0579147268525289e-17
markov_synthetic,145,1,0.010523096376021064
markov_synthetic,145,2,0.009138832485891412
markov_synthetic,145,3,0.0059755587744651775
markov_synthetic,145,4,0.003547608061386639
markov_synthetic,145,5,0.001890633238338078
markov_synthetic,145,6,0.0012693695137074902
markov_synthetic,145,7,0.0005659814890529571
markov_synthetic,145,8,2.3570244328840894e-17
markov_synthetic,146,1,0.011815487613808526
markov_synthetic,146,2,0.008748135915443704
markov_synthetic,146,3,0.007692404550054845
markov_synthetic,146,4,0.006470956228082683
markov_synthetic,146,5,0.004725102975133642
markov_synthetic,146,6,0.002690654386556537
markov_synthetic,146,7,0.00025970748279128115
markov_synthetic,146,8,3.926733322359274e-18
markov_synthetic,147,1,0.012372723566680443
markov_synthetic,147,2,0.010071577895390801
markov_synthetic,147,3,0.006872097309630524
markov_synthetic,147,4,0.004893952259770532
markov_synthetic,147,5,0.0030441021950393674
markov_synthetic,147,6,0.0017278298608704875
markov_synthetic,147,7,0.0004123626175538323
markov_synthetic,147,8,2.0790913776398777e-17
markov_synthetic,148,1,0.009996919574259326
markov_synthetic,148,2,0.008031442760382172
markov_synthetic,148,3,0.006984607152020629
markov_synthetic,148,4,0.0056180313010769905
markov_synthetic,148,5,0.004517504199090984
markov_synthetic,148,6,0.0017217172470796837
markov_synthetic,148,7,0.0005812604121023874
markov_synthetic,148,8,2.3774317547548232e-17
markov_synthetic,149,1,0.010412348625691627
markov_synthetic,149,2,0.009746776306986027
markov_synthetic,149,3,0.007366190587374572
markov_synthetic,149,4,0.005375917899703232
markov_synthetic,149,5,0.0024614482730366117
markov_synthetic,149,6,0.0019387667753270395
markov_synthetic,149,7,0.00041755939778876305
markov_synthetic,149,8,2.65781315431441e-17
block_bootstrap,0,1,0.043796168693488936
block_bootstrap,0,2,0.03546982555566828
block_bootstrap,0,3,0.02639874042781307
block_bootstrap,0,4,0.0209343368149913
block_bootstrap,0,5,0.009229226271023915
block_bootstrap,0,6,0.005066287909819704
block_bootstrap,0,7,0.0016988510041262342
block_bootstrap,0,8,6.5496008308097866e-18
block_bootstrap,1,1,0.040887846197850054
block_bootstrap,1,2,0.035023072856368326
block_bootstrap,1,3,0.025926111603664058
block_bootstrap,1,4,0.022594311519965504
block_bootstrap,1,5,0.018422499964422828
block_bootstrap,1,6,0.005817302006272632
block_bootstrap,1,7,0.0008629469875830344
block_bootstrap,1,8,2.1280985245633788e-17
block_bootstrap,2,1,0.04591587752232144
block_bootstrap,2,2,0.035089129255444135
block_bootstrap,2,3,0.02463388051366303
block_bootstrap,2,4,0.02373376025851802
block_bootstrap,2,5,0.017876035775789292
block_bootstrap,2,6,0.009901211479633921
block_bootstrap,2,7,0.002373198180440731
block_bootstrap,2,8,1.90957850137148e-17
block_bootstrap,3,1,0.037724229342139065
block_bootstrap,3,2,0.03594722260594923
block_bootstrap,3,3,0.028076345125901434
block_bootstrap,3,4,0.022324052934497365
block_bootstrap,3,5,0.01332075376802745
block_bootstrap,3,6,0.009105468193983921
block_bootstrap,3,7,0.0028810729520341565
block_bootstrap,3,8,3.7126349263442295e-17
block_bootstrap,4,1,0.03854611837604441
block_bootstrap,4,2,0.0369399029919357
block_bootstrap,4,3,0.026492346289258572
block_bootstrap,4,4,0.023143116204703454
block_bootstrap,4,5,0.019304633903520094
block_bootstrap,4,6,0.004326303184170455
block_bootstrap,4,7,0.0011981753705574464
block_bootstrap,4,8,1.0325184106645312e-17
block_bootstrap,5,1,0.04288644187824596
block_bootstrap,5,2,0.03309580165916468
block_bootstrap,5,3,0.024304409294715758
block_bootstrap,5,4,0.022572391843086327
block_bootstrap,5,5,0.016183017410042397
block_bootstrap,5,6,0.005461567135019159
block_bootstrap,5,7,0.0013557666136715806
block_bootstrap,5,8,1.724178748653577e-17
block_bootstrap,6,1,0.03768498492986962
block_bootstrap,6,2,0.03495780826283989
block_bootstrap,6,3,0.02957657740568592
block_bootstrap,6,4,0.024974001440398342
block_bootstrap,6,5,0.017047528144094094
block_bootstrap,6,6,0.009275634052244072
block_bootstrap,6,7,0.0003433482563125706
block_bootstrap,6,8,1.941169344774911e-17
block_bootstrap,7,1,0.043052072879827714
block_bootstrap,7,2,0.03207735773454781
block_bootstrap,7,3,0.02838581013401518
block_bootstrap,7,4,0.02362070184363302
block_bootstrap,7,5,0.017911715059789408
block_bootstrap,7,6,0.005552537583716563
block_bootstrap,7,7,0.0023328708780536865
block_bootstrap,7,8,1.5428476252572564e-17
block_bootstrap,8,1,0.042588490539324245
block_bootstrap,8,2,0.02992103950878263
block_bootstrap,8,3,0.0248232048341818
block_bootstrap,8,4,0.02249527397406253
block_bootstrap,8,5,0.016511137101122328
block_bootstrap,8,6,0.003861831840311849
block_bootstrap,8,7,0.0017450846454514475
block_bootstrap,8,8,1.3009659897654358e-17
block_bootstrap,9,1,0.042546506576447304
block_bootstrap,9,2,0.03210986799021431
block_bootstrap,9,3,0.027064376258367096
block_bootstrap,9,4,0.021550661742389482
block_bootstrap,9,5,0.016777221585828728
block_bootstrap,9,6,0.008871779416351457
block_bootstrap,9,7,0.0009292744924336841
block_bootstrap,9,8,3.037024647199113e-19
block_bootstrap,10,1,0.041824212744171585
block_bootstrap,10,2,0.03517152087087278
block_bootstrap,10,3,0.02754774239927235
block_bootstrap,10,4,0.02465138971457839
block_bootstrap,10,5,0.0192271506622128
block_bootstrap,10,6,0.0019167062223935983
block_bootstrap,10,7,0.0009934685545324045
block_bootstrap,10,8,2.5515608533471026e-17
block_bootstrap,11,1,0.04172883421795432
block_bootstrap,11,2,0.03670943236445175
block_bootstrap,11,3,0.027798508307083056
block_bootstrap,11,4,0.02399290895784393
block_bootstrap,11,5,0.020549866074526097
block_bootstrap,11,6,0.006166328516627
block_bootstrap,11,7,0.0019204895027705377
block_bootstrap,11,8,1.8135456129712473e-17
block_bootstrap,12,1,0.04148951106774404
block_bootstrap,12,2,0.03637928857781504
block_bootstrap,12,3,0.02867435382647959
block_bootstrap,12,4,0.025748931423263895
block_bootstrap,12,5,0.014227679569512881
block_bootstrap,12,6,0.006618053319759425
block_bootstrap,12,7,0.0032703637683647703
block_bootstrap,12,8,3.2777110487041955e-17
block_bootstrap,13,1,0.046348397029492935
block_bootstrap,13,2,0.03380132438076585
block_bootstrap,13,3,0.028153209451115314
block_bootstrap,13,4,0.023399349083694027
block_bootstrap,13,5,0.019612105491001765
block_bootstrap,13,6,0.008576949814789778
block_bootstrap,13,7,0.0038487088510666327
block_bootstrap,13,8,3.69078523288646e-17
block_bootstrap,14,1,0.042647451198119704
block_bootstrap,14,2,0.037182421677900854
block_bootstrap,14,3,0.025152049887220824
block_bootstrap,14,4,0.022658297250712552
block_bootstrap,14,5,0.013030743343138992
block_bootstrap,14,6,0.004916130549699875
block_bootstrap,14,7,0.0007339710977267487
block_bootstrap,14,8,2.4875730989957905e-17
block_bootstrap,15,1,0.04239418962072727
block_bootstrap,15,2,0.03721116023224405
block_bootstrap,15,3,0.023314726634938433
block_bootstrap,15,4,0.021132404149375672
block_bootstrap,15,5,0.0149820420144646
block_bootstrap,15,6,0.006159180704491987
block_bootstrap,15,7,0.004007969533186859
block_bootstrap,15,8,3.0401367845892376e-17
block_bootstrap,16,1,0.041654636178271476
block_bootstrap,16,2,0.03416996812663025
block_bootstrap,16,3,0.02877283534113565
block_bootstrap,16,4,0.02435714388680181
block_bootstrap,16,5,0.013340827714682313
block_bootstrap,16,6,0.00659585175512827
block_bootstrap,16,7,0.004237737368956202
block_bootstrap,16,8,1.7757837170091675e-18
block_bootstrap,17,1,0.04133234483757761
block_bootstrap,17,2,0.03601888854504942
block_bootstrap,17,3,0.026692091085155762
block_bootstrap,17,4,0.02307555803330921
block_bootstrap,17,5,0.019798011297160224
block_bootstrap,17,6,0.007882690685565982
block_bootstrap,17,7,0.004719106601279742
block_bootstrap,17,8,3.739717313085198e-18
block_bootstrap,18,1,0.036704141367001536
block_bootstrap,18,2,0.03179312098140768
block_bootstrap,18,3,0.027862010996549832
block_bootstrap,18,4,0.021775097566855625
block_bootstrap,18,5,0.015602855274203402
block_bootstrap,18,6,0.006455349108280826
block_bootstrap,18,7,0.000784282962191625
block_bootstrap,18,8,2.368089491847976e-18
block_bootstrap,19,1,0.04092338397854926
block_bootstrap,19,2,0.03519359045983832
block_bootstrap,19,3,0.02730036331515311
block_bootstrap,19,4,0.023042832075167323
block_bootstrap,19,5,0.016228981948647105
block_bootstrap,19,6,0.005571197794518058
block_bootstrap,19,7,0.001862094005219518
block_bootstrap,19,8,2.6707094004738942e-18
block_bootstrap,20,1,0.042246246727772434
block_bootstrap,20,2,0.034498087863836534
block_bootstrap,20,3,0.028463003994431847
block_bootstrap,20,4,0.02328881779388394
block_bootstrap,20,5,0.015547506355990972
block_bootstrap,20,6,0.006878676023225191
block_bootstrap,20,7,0.005679947098281911
block_bootstrap,20,8,1.5421863054697826e-17
block_bootstrap,21,1,0.039491980182621
block_bootstrap,21,2,0.028724441505310148
block_bootstrap,21,3,0.027044160246945233
block_bootstrap,21,4,0.023700265601002378
block_bootstrap,21,5,0.01959885660511036
block_bootstrap,21,6,0.005815342128245789
block_bootstrap,21,7,0.0028316792455141664
block_bootstrap,21,8,4.98123939485158e-17
block_bootstrap,22,1,0.04313048835917994
block_bootstrap,22,2,0.03432415490324878
block_bootstrap,22,3,0.02981661027028207
block_bootstrap,22,4,0.02078983758680914
block_bootstrap,22,5,0.01595989503543168
block_bootstrap,22,6,0.01096021668512247
block_bootstrap,22,7,0.003103447484678993
block_bootstrap,22,8,1.335167111061627e-17
block_bootstrap,23,1,0.04095456366439693
block_bootstrap,23,2,0.039592230109417224
block_bootstrap,23,3,0.027418578468976763
block_bootstrap,23,4,0.024846722472088578
block_bootstrap,23,5,0.016886692345404963
block_bootstrap,23,6,0.007811186989541101
block_bootstrap,23,7,0.0033251423183731435
block_bootstrap,23,8,1.0754566919779353e-17
block_bootstrap,24,1,0.04829758010926269
block_bootstrap,24,2,0.03770853555493774
block_bootstrap,24,3,0.02817229707855132
block_bootstrap,24,4,0.021443212418967107
block_bootstrap,24,5,0.014613222096001077
block_bootstrap,24,6,0.007886561230894706
block_bootstrap,24,7,0.0033700497508552555
block_bootstrap,24,8,4.7226844136107824e-18
block_bootstrap,25,1,0.03907134049514973
block_bootstrap,25,2,0.03345766433631945
block_bootstrap,25,3,0.02789046947550294
block_bootstrap,25,4,0.021586791856371513
block_bootstrap,25,5,0.018711702483727742
block_bootstrap,25,6,0.008110973882310756
block_bootstrap,25,7,0.0006305617162251785
block_bootstrap,25,8,6.48794484092609e-17
block_bootstrap,26,1,0.044267075479952185
block_bootstrap,26,2,0.04104902643689274
block_bootstrap,26,3,0.02595056105075655
block_bootstrap,26,4,0.025373749501163313
block_bootstrap,26,5,0.014849145729139333
block_bootstrap,26,6,0.004692318441635076
block_bootstrap,26,7,9.719241709493537e-05
block_bootstrap,26,8,1.891355138083417e-18
block_bootstrap,27,1,0.046037920787463514
block_bootstrap,27,2,0.030211673750584672
block_bootstrap,27,3,0.02821378821720852
block_bootstrap,27,4,0.025180616121988672
block_bootstrap,27,5,0.013379158917076339
block_bootstrap,27,6,0.007621761450218942
block_bootstrap,27,7,0.003679034657684946
block_bootstrap,27,8,1.3958778867662487e-17
block_bootstrap,28,1,0.04215237058521023
block_bootstrap,28,2,0.03357479435365997
block_bootstrap,28,3,0.027272695493072357
block_bootstrap,28,4,0.022043482688603993
block_bootstrap,28,5,0.01635636907944176
block_bootstrap,28,6,0.007317647483493425
block_bootstrap,28,7,0.003604390781407961
block_bootstrap,28,8,1.44467461560135e-17
block_bootstrap,29,1,0.04081539280851448
block_bootstrap,29,2,0.03880389253794497
block_bootstrap,29,3,0.02754284667256584
block_bootstrap,29,4,0.025817460202875054
block_bootstrap,29,5,0.01276234456624267
block_bootstrap,29,6,0.0062908527119359
block_bootstrap,29,7,0.0032047582818798435
block_bootstrap,29,8,1.0605518790737565e-17
block_bootstrap,30,1,0.04549095391798852
block_bootstrap,30,2,0.0361047668114024
block_bootstrap,30,3,0.027493388380742747
block_bootstrap,30,4,0.02519657639002977
block_bootstrap,30,5,0.014678917750130865
block_bootstrap,30,6,0.005804577361041121
block_bootstrap,30,7,0.0004148641817115683
block_bootstrap,30,8,6.868284148679879e-18
block_bootstrap,31,1,0.03978495575519377
block_bootstrap,31,2,0.035746995760730024
block_bootstrap,31,3,0.025614888356801722
block_bootstrap,31,4,0.022529693681482832
block_bootstrap,31,5,0.015333104201815172
block_bootstrap,31,6,0.01100082908104187
block_bootstrap,31,7,0.00039506026538296764
block_bootstrap,31,8,1.436355641173847e-17
block_bootstrap,32,1,0.0427169347107116
block_bootstrap,32,2,0.03465619507677077
block_bootstrap,32,3,0.027434631329986418
block_bootstrap,32,4,0.024208584547269152
block_bootstrap,32,5,0.019076114277871606
block_bootstrap,32,6,0.005843760386485271
block_bootstrap,32,7,0.001754535309033574
block_bootstrap,32,8,3.7501702277527094e-18
block_bootstrap,33,1,0.040223769377035666
block_bootstrap,33,2,0.033019493959665275
block_bootstrap,33,3,0.026917568911300496
block_bootstrap,33,4,0.023200634939449523
block_bootstrap,33,5,0.016749898857777824
block_bootstrap,33,6,0.005397515078858718
block_bootstrap,33,7,0.0011784890014582745
block_bootstrap,33,8,2.6050838232167826e-17
block_bootstrap,34,1,0.0402439183237493
block_bootstrap,34,2,0.03810065409385542
block_bootstrap,34,3,0.0264059847127171
block_bootstrap,34,4,0.021706547209497395
block_bootstrap,34,5,0.011368249170749401
block_bootstrap,34,6,0.004019148509750177
block_bootstrap,34,7,0.0019233318874032387
block_bootstrap,34,8,3.1734145612714643e-17
block_bootstrap,35,1,0.04282953674711288
block_bootstrap,35,2,0.03434085973027616
block_bootstrap,35,3,0.028419198173364416
block_bootstrap,35,4,0.023064817372499862
block_bootstrap,35,5,0.015849441087498608
block_bootstrap,35,6,0.007635275393747936
block_bootstrap,35,7,0.0007083656441484467
block_bootstrap,35,8,4.837761484957309e-17
block_bootstrap,36,1,0.043275855681207544
block_bootstrap,36,2,0.0341500372691899
block_bootstrap,36,3,0.027106590198638356
block_bootstrap,36,4,0.021667594233420812
block_bootstrap,36,5,0.014916871332184433
block_bootstrap,36,6,0.007683386495592778
block_bootstrap,36,7,0.005253305022548485
block_bootstrap,36,8,9.649471606041855e-18
block_bootstrap,37,1,0.04436758393031449
block_bootstrap,37,2,0.035115742416944075
block_bootstrap,37,3,0.028144522452666968
block_bootstrap,37,4,0.019527501809578695
block_bootstrap,37,5,0.015330109616232313
block_bootstrap,37,6,0.006894598573953429
block_bootstrap,37,7,0.003479125431860298
block_bootstrap,37,8,1.0939977442624793e-17
block_bootstrap,38,1,0.044817164260198
block_bootstrap,38,2,0.03425982054082526
block_bootstrap,38,3,0.02516500530339679
block_bootstrap,38,4,0.021233368320867398
block_bootstrap,38,5,0.015274612185621083
block_bootstrap,38,6,0.005081695609725958
block_bootstrap,38,7,0.0031170202855289337
block_bootstrap,38,8,2.1344064221842345e-17
block_bootstrap,39,1,0.04367301081411417
block_bootstrap,39,2,0.03623747556085576
block_bootstrap,39,3,0.0306349288557557
block_bootstrap,39,4,0.023377554704880715
block_bootstrap,39,5,0.01668712205193776
block_bootstrap,39,6,0.006673348820379936
block_bootstrap,39,7,0.004577582789205548
block_bootstrap,39,8,1.2645009161226254e-17
block_bootstrap,40,1,0.04182239960877658
block_bootstrap,40,2,0.034032576097546334
block_bootstrap,40,3,0.028197367041074478
block_bootstrap,40,4,0.022749006092108753
block_bootstrap,40,5,0.017965735300202207
block_bootstrap,40,6,0.0025430826866554017
block_bootstrap,40,7,0.0005413168323227459
block_bootstrap,40,8,1.5816546670668837e-18
block_bootstrap,41,1,0.040142125873740844
block_bootstrap,41,2,0.03679548517680638
block_bootstrap,41,3,0.026952318761560623
block_bootstrap,41,4,0.025778034363567272
block_bootstrap,41,5,0.016018132780533642
block_bootstrap,41,6,0.0028235959213201893
block_bootstrap,41,7,0.0024795464791434324
block_bootstrap,41,8,4.4371780803320264e-17
block_bootstrap,42,1,0.04551568888864682
block_bootstrap,42,2,0.033570938045596535
block_bootstrap,42,3,0.025651297969858954
block_bootstrap,42,4,0.022461118124664184
block_bootstrap,42,5,0.016619481068921516
block_bootstrap,42,6,0.011421273649906147
block_bootstrap,42,7,0.0016087200713771888
block_bootstrap,42,8,1.0332706252240894e-17
block_bootstrap,43,1,0.04216154828738933
block_bootstrap,43,2,0.03242419863229148
block_bootstrap,43,3,0.026814625114578428
block_bootstrap,43,4,0.023102682493096955
block_bootstrap,43,5,0.014428154828950242
block_bootstrap,43,6,0.009328215375603221
block_bootstrap,43,7,0.001008718385468825
block_bootstrap,43,8,4.4905992173203914e-18
block_bootstrap,44,1,0.03905481602570989
block_bootstrap,44,2,0.03375886536556115
block_bootstrap,44,3,0.026961007700347858
block_bootstrap,44,4,0.02462707880293974
block_bootstrap,44,5,0.015673398653298545
block_bootstrap,44,6,0.0047264359578865316
block_bootstrap,44,7,0.0036879000160643704
block_bootstrap,44,8,1.8362423801406376e-17
block_bootstrap,45,1,0.047385150747828286
block_bootstrap,45,2,0.03908476941676497
block_bootstrap,45,3,0.02635648646150034
block_bootstrap,45,4,0.02312869922358467
block_bootstrap,45,5,0.014942740029033412
block_bootstrap,45,6,0.005642804684782789
block_bootstrap,45,7,0.0011155963835362299
block_bootstrap,45,8,5.080208649630328e-18
block_bootstrap,46,1,0.04093674032871049
block_bootstrap,46,2,0.03647570852625471
block_bootstrap,46,3,0.02968605167248177
block_bootstrap,46,4,0.02188353488812796
block_bootstrap,46,5,0.015190178428265455
block_bootstrap,46,6,0.007707494912996288
block_bootstrap,46,7,0.005042916753599176
block_bootstrap,46,8,2.4269152741835155e-17
block_bootstrap,47,1,0.04418113362441495
block_bootstrap,47,2,0.03600282090500974
block_bootstrap,47,3,0.02490663377667284
block_bootstrap,47,4,0.023268898664676765
block_bootstrap,47,5,0.01664484761653012
block_bootstrap,47,6,0.005488877643344195
block_bootstrap,47,7,0.002706442260622232
block_bootstrap,47,8,1.3961075812357944e-17
block_bootstrap,48,1,0.04231175706670549
block_bootstrap,48,2,0.0344684047655857
block_bootstrap,48,3,0.02776967110136233
block_bootstrap,48,4,0.024539473654767833
block_bootstrap,48,5,0.014248054451354745
block_bootstrap,48,6,0.006086734427893596
block_bootstrap,48,7,3.335811444156031e-05
block_bootstrap,48,8,2.789150183111733e-17
block_bootstrap,49,1,0.03896948739276258
block_bootstrap,49,2,0.03199439304696701
block_bootstrap,49,3,0.026550883767056777
block_bootstrap,49,4,0.0235516750960424
block_bootstrap,49,5,0.016793106588379035
block_bootstrap,49,6,0.0026297472119306722
block_bootstrap,49,7,0.0012631963390109927
block_bootstrap,49,8,3.2970558062828255e-18
block_bootstrap,50,1,0.04171290250490217
block_bootstrap,50,2,0.03787876129760705
block_bootstrap,50,3,0.031476815702362874
block_bootstrap,50,4,0.02581521127005807
block_bootstrap,50,5,0.015390104768471743
block_bootstrap,50,6,0.007278933295576509
block_bootstrap,50,7,0.0010383567570341754
block_bootstrap,50,8,1.5778184403995203e-17
block_bootstrap,51,1,0.044549491057144876
block_bootstrap,51,2,0.035920797092230776
block_bootstrap,51,3,0.028668585078632344
block_bootstrap,51,4,0.024848643123646603
block_bootstrap,51,5,0.01751414151483453
block_bootstrap,51,6,0.0064773558236802245
block_bootstrap,51,7,0.0047278913997726435
block_bootstrap,51,8,2.251620040866108e-17
block_bootstrap,52,1,0.043483815187870034
block_bootstrap,52,2,0.035039336277885864
block_bootstrap,52,3,0.02845435357343461
block_bootstrap,52,4,0.022460286065484517
block_bootstrap,52,5,0.015973498067817792
block_bootstrap,52,6,0.004772815453437527
block_bootstrap,52,7,0.004044187587654196
block_bootstrap,52,8,1.4386660862594953e-17
block_bootstrap,53,1,0.04460804973611005
block_bootstrap,53,2,0.037847300067120566
block_bootstrap,53,3,0.02490258195823236
block_bootstrap,53,4,0.021845653800550438
block_bootstrap,53,5,0.01654019728110185
block_bootstrap,53,6,0.0073439589817426
block_bootstrap,53,7,0.0018506408545320011
block_bootstrap,53,8,4.705003752156799e-18
block_bootstrap,54,1,0.04015770169486497
block_bootstrap,54,2,0.038323324224613375
block_bootstrap,54,3,0.027383239715849265
block_bootstrap,54,4,0.024684577543018935
block_bootstrap,54,5,0.01528141907347013
block_bootstrap,54,6,0.006410892550976514
block_bootstrap,54,7,0.004132658300273415
block_bootstrap,54,8,5.626969652541085e-18
block_bootstrap,55,1,0.0424321763114547
block_bootstrap,55,2,0.03509926579199265
block_bootstrap,55,3,0.024646753298251133
block_bootstrap,55,4,0.02146750837475464
block_bootstrap,55,5,0.01966458327619839
block_bootstrap,55,6,0.0076345696111963035
block_bootstrap,55,7,0.0008430620464410205
block_bootstrap,55,8,6.247828879890277e-18
block_bootstrap,56,1,0.04325964357658127
block_bootstrap,56,2,0.036135931230445284
block_bootstrap,56,3,0.02532005055574393
block_bootstrap,56,4,0.018056691365646044
block_bootstrap,56,5,0.016036095768997703
block_bootstrap,56,6,0.007525655842007849
block_bootstrap,56,7,0.0047026572089031065
block_bootstrap,56,8,1.906483621505295e-17
block_bootstrap,57,1,0.039063729763474914
block_bootstrap,57,2,0.0349782984057246
block_bootstrap,57,3,0.02376918863516585
block_bootstrap,57,4,0.019469981563377384
block_bootstrap,57,5,0.016715310454100425
block_bootstrap,57,6,0.009667625108976168
block_bootstrap,57,7,0.004113540098091243
block_bootstrap,57,8,1.9014523428497706e-17
block_bootstrap,58,1,0.04337658953026857
block_bootstrap,58,2,0.03202193561705112
block_bootstrap,58,3,0.028180115421068717
block_bootstrap,58,4,0.021276494073367267
block_bootstrap,58,5,0.012502191970930589
block_bootstrap,58,6,0.005616408154960101
block_bootstrap,58,7,0.001008388499489327
block_bootstrap,58,8,1.1746940611934128e-17
block_bootstrap,59,1,0.04068733354843214
block_bootstrap,59,2,0.03816043143443338
block_bootstrap,59,3,0.027327268436993405
block_bootstrap,59,4,0.022284195984128386
block_bootstrap,59,5,0.018517273969745056
block_bootstrap,59,6,0.006030452894937552
block_bootstrap,59,7,0.0002799769015655089
block_bootstrap,59,8,5.1080074321115575e-18
block_bootstrap,60,1,0.04521143392551902
block_bootstrap,60,2,0.03577192779924509
block_bootstrap,60,3,0.028476882181058275
block_bootstrap,60,4,0.02345372120811629
block_bootstrap,60,5,0.015053743344456695
block_bootstrap,60,6,0.008876670539830878
block_bootstrap,60,7,0.0009488606362817141
block_bootstrap,60,8,2.6363645441279507e-17
block_bootstrap,61,1,0.04155794810736402
block_bootstrap,61,2,0.03748706292870175
block_bootstrap,61,3,0.028157192786369516
block_bootstrap,61,4,0.02323753763263689
block_bootstrap,61,5,0.015162721343711315
block_bootstrap,61,6,0.009464225361189692
block_bootstrap,61,7,0.007119221293525726
block_bootstrap,61,8,5.935800438934138e-18
block_bootstrap,62,1,0.044834526233289235
block_bootstrap,62,2,0.03394725747036004
block_bootstrap,62,3,0.025364365422282046
block_bootstrap,62,4,0.02202139218093027
block_bootstrap,62,5,0.014976865839596985
block_bootstrap,62,6,0.009024734261295669
block_bootstrap,62,7,0.003111061115802058
block_bootstrap,62,8,3.2983961605688443e-17
block_bootstrap,63,1,0.040788921556016274
block_bootstrap,63,2,0.03211855966615755
block_bootstrap,63,3,0.026404962150893743
block_bootstrap,63,4,0.02430109116904158
block_bootstrap,63,5,0.015300120131193742
block_bootstrap,63,6,0.009567915210667771
block_bootstrap,63,7,0.004465177086688137
block_bootstrap,63,8,2.5635220592346724e-17
block_bootstrap,64,1,0.043682312405848224
block_bootstrap,64,2,0.035311541262362425
block_bootstrap,64,3,0.026693030688204937
block_bootstrap,64,4,0.02220002512516058
block_bootstrap,64,5,0.015401147722562058
block_bootstrap,64,6,0.012733299045195951
block_bootstrap,64,7,0.004508835979635092
block_bootstrap,64,8,1.4918650574907974e-17
block_bootstrap,65,1,0.041860669779626714
block_bootstrap,65,2,0.03397898265537961
block_bootstrap,65,3,0.02848619538126983
block_bootstrap,65,4,0.0255209891457102
block_bootstrap,65,5,0.014095607108811603
block_bootstrap,65,6,0.005170776133140259
block_bootstrap,65,7,0.0021897864560893147
block_bootstrap,65,8,2.1664085795291466e-17
block_bootstrap,66,1,0.04567020871034426
block_bootstrap,66,2,0.03896973744846199
block_bootstrap,66,3,0.027371097558251983
block_bootstrap,66,4,0.025739787697240613
block_bootstrap,66,5,0.01864935576136717
block_bootstrap,66,6,0.008700450222011118
block_bootstrap,66,7,0.0031709490246820873
block_bootstrap,66,8,4.078400696919286e-17
block_bootstrap,67,1,0.04386721768161615
block_bootstrap,67,2,0.03729799440610656
block_bootstrap,67,3,0.027677758376729616
block_bootstrap,67,4,0.024660753112690836
block_bootstrap,67,5,0.01871752904085038
block_bootstrap,67,6,0.006995179595679719
block_bootstrap,67,7,0.0035869094345029567
block_bootstrap,67,8,2.486320878895964e-17
block_bootstrap,68,1,0.04303662664227966
block_bootstrap,68,2,0.037413406326207335
block_bootstrap,68,3,0.02832896873614024
block_bootstrap,68,4,0.021548993085346472
block_bootstrap,68,5,0.011335116535128609
block_bootstrap,68,6,0.00656878307343911
block_bootstrap,68,7,0.002641236374006807
block_bootstrap,68,8,1.755613644543816e-18
block_bootstrap,69,1,0.03960945712198352
block_bootstrap,69,2,0.03584969400869198
block_bootstrap,69,3,0.033149956529098065
block_bootstrap,69,4,0.02633859070998872
block_bootstrap,69,5,0.015082241672900017
block_bootstrap,69,6,0.00539798796005906
block_bootstrap,69,7,0.001824856910148228
block_bootstrap,69,8,3.9099059584019e-17
block_bootstrap,70,1,0.041496968761636194
block_bootstrap,70,2,0.03180104493857699
block_bootstrap,70,3,0.02697491397839193
block_bootstrap,70,4,0.02550869727899482
block_bootstrap,70,5,0.016235701448707285
block_bootstrap,70,6,0.008684024978400564
block_bootstrap,70,7,0.0053185550243645685
block_bootstrap,70,8,1.521376833203873e-18
block_bootstrap,71,1,0.042108141372712696
block_bootstrap,71,2,0.037906782462453215
block_bootstrap,71,3,0.029747421848118842
block_bootstrap,71,4,0.02379522106398948
block_bootstrap,71,5,0.016564161989041575
block_bootstrap,71,6,0.004338001722339022
block_bootstrap,71,7,0.0028101929811314903
block_bootstrap,71,8,2.7398521170914984e-18
block_bootstrap,72,1,0.04197212262668249
block_bootstrap,72,2,0.034883580754507246
block_bootstrap,72,3,0.027591556994723862
block_bootstrap,72,4,0.02162977208734884
block_bootstrap,72,5,0.016153056294358283
block_bootstrap,72,6,0.007445329974439211
block_bootstrap,72,7,0.0021583229306841043
block_bootstrap,72,8,1.3763504922614387e-18
block_bootstrap,73,1,0.045037522614265
block_bootstrap,73,2,0.03686456531898866
block_bootstrap,73,3,0.02887508060558794
block_bootstrap,73,4,0.023702077280374483
block_bootstrap,73,5,0.013638278208498035
block_bootstrap,73,6,0.004728794901037359
block_bootstrap,73,7,0.00010143996662541905
block_bootstrap,73,8,1.4148364139580916e-17
block_bootstrap,74,1,0.04047882225675068
block_bootstrap,74,2,0.03485902069198725
block_bootstrap,74,3,0.02939494375477516
block_bootstrap,74,4,0.02267783340438396
block_bootstrap,74,5,0.01294305885670327
block_bootstrap,74,6,0.008684343505929736
block_bootstrap,74,7,0.0026685688690435733
block_bootstrap,74,8,1.1256250116006016e-17
block_bootstrap,75,1,0.04338427072428771
block_bootstrap,75,2,0.03312865438206801
block_bootstrap,75,3,0.02411114515855714
block_bootstrap,75,4,0.020961401725353702
block_bootstrap,75,5,0.014193702631157146
block_bootstrap,75,6,0.0076205615890272025
block_bootstrap,75,7,0.0004519851955954315
block_bootstrap,75,8,4.2161907989717774e-17
block_bootstrap,76,1,0.04284397791726759
block_bootstrap,76,2,0.037588534700752886
block_bootstrap,76,3,0.027462666197581455
block_bootstrap,76,4,0.020149210462933543
block_bootstrap,76,5,0.015334555217944966
block_bootstrap,76,6,0.006215321083608176
block_bootstrap,76,7,0.002856176965435963
block_bootstrap,76,8,2.333843611873499e-17
block_bootstrap,77,1,0.04327267245156653
block_bootstrap,77,2,0.03343463190727575
block_bootstrap,77,3,0.02546977968474943
block_bootstrap,77,4,0.02265522098157749
block_bootstrap,77,5,0.014991492578044354
block_bootstrap,77,6,0.00799015636892181
block_bootstrap,77,7,0.0038248318719782174
block_bootstrap,77,8,4.886469478616012e-18
block_bootstrap,78,1,0.04387123089391936
block_bootstrap,78,2,0.03955652344841558
block_bootstrap,78,3,0.031033998569137522
block_bootstrap,78,4,0.022477165162357714
block_bootstrap,78,5,0.013392780854529593
block_bootstrap,78,6,0.007752796498964586
block_bootstrap,78,7,0.0016095355095837303
block_bootstrap,78,8,1.7298112631056352e-17
block_bootstrap,79,1,0.042704089687851346
block_bootstrap,79,2,0.03228203801204587
block_bootstrap,79,3,0.029035040232034775
block_bootstrap,79,4,0.02158601334422886
block_bootstrap,79,5,0.01355307657813155
block_bootstrap,79,6,0.004142813118268311
block_bootstrap,79,7,0.0029880064544187935
block_bootstrap,79,8,4.5563439392302565e-17
block_bootstrap,80,1,0.04164725785336214
block_bootstrap,80,2,0.03240458055088674
block_bootstrap,80,3,0.02249250421678112
block_bootstrap,80,4,0.020734863821585025
block_bootstrap,80,5,0.017231017980754125
block_bootstrap,80,6,0.005731393163537872
block_bootstrap,80,7,0.0018167120587091591
block_bootstrap,80,8,6.428556276333799e-18
block_bootstrap,81,1,0.04307917992282586
block_bootstrap,81,2,0.03414875699169545
block_bootstrap,81,3,0.03067779575221139
block_bootstrap,81,4,0.021450119378550066
block_bootstrap,81,5,0.017753971725506783
block_bootstrap,81,6,0.0069249175424747015
block_bootstrap,81,7,0.0020225229601719807
block_bootstrap,81,8,1.5158327291704978e-18
block_bootstrap,82,1,0.04315420623793081
block_bootstrap,82,2,0.036133664637172255
block_bootstrap,82,3,0.025612726955849166
block_bootstrap,82,4,0.022975424639771237
block_bootstrap,82,5,0.015749146349693512
block_bootstrap,82,6,0.008144845148482582
block_bootstrap,82,7,0.004452511238687288
block_bootstrap,82,8,3.8450723125157865e-17
block_bootstrap,83,1,0.04090807835687984
block_bootstrap,83,2,0.03250728006835134
block_bootstrap,83,3,0.029383865712216017
block_bootstrap,83,4,0.02176545911736438
block_bootstrap,83,5,0.019983493023481156
block_bootstrap,83,6,0.006509140389086536
block_bootstrap,83,7,0.0015167807653616156
block_bootstrap,83,8,1.5497313202196254e-17
block_bootstrap,84,1,0.037874462838149166
block_bootstrap,84,2,0.03295869755737018
block_bootstrap,84,3,0.027094828737021952
block_bootstrap,84,4,0.02186307893844411
block_bootstrap,84,5,0.018235835631100022
block_bootstrap,84,6,0.0027223817520912845
block_bootstrap,84,7,0.00039165230041205795
block_bootstrap,84,8,1.8539401842798154e-17
block_bootstrap,85,1,0.04358350115038649
block_bootstrap,85,2,0.03507669272221762
block_bootstrap,85,3,0.027278997909167966
block_bootstrap,85,4,0.023192689038666992
block_bootstrap,85,5,0.017356626241941796
block_bootstrap,85,6,0.004547576503743079
block_bootstrap,85,7,0.0009861508492459276
block_bootstrap,85,8,2.2184108463581702e-17
block_bootstrap,86,1,0.043332436393622026
block_bootstrap,86,2,0.035602577877372074
block_bootstrap,86,3,0.02885746040575637
block_bootstrap,86,4,0.021935595038312463
block_bootstrap,86,5,0.01708641657743622
block_bootstrap,86,6,0.007419470876229771
block_bootstrap,86,7,0.003749645172767752
block_bootstrap,86,8,5.32709524980016e-17
block_bootstrap,87,1,0.03823055240867207
block_bootstrap,87,2,0.031090809436866533
block_bootstrap,87,3,0.0279983648014939
block_bootstrap,87,4,0.022591832174480447
block_bootstrap,87,5,0.012173870499263998
block_bootstrap,87,6,0.006532667539923952
block_bootstrap,87,7,0.0009268015557172244
block_bootstrap,87,8,1.159129465135511e-17
block_bootstrap,88,1,0.04039758176895775
block_bootstrap,88,2,0.03553654020589767
block_bootstrap,88,3,0.028168729278893155
block_bootstrap,88,4,0.02275449146541705
block_bootstrap,88,5,0.018058141569745053
block_bootstrap,88,6,0.010207135468393148
block_bootstrap,88,7,0.006025036383297245
block_bootstrap,88,8,5.2219465929174915e-17
block_bootstrap,89,1,0.0441665209355969
block_bootstrap,89,2,0.035835722139918605
block_bootstrap,89,3,0.023910611403272726
block_bootstrap,89,4,0.022396005013861523
block_bootstrap,89,5,0.016708372619206883
block_bootstrap,89,6,0.004108402313659275
block_bootstrap,89,7,0.00024102552906169
block_bootstrap,89,8,3.292910028642618e-17
block_bootstrap,90,1,0.045467712152748065
block_bootstrap,90,2,0.03347649931215159
block_bootstrap,90,3,0.029697389929087846
block_bootstrap,90,4,0.02092970265654786
block_bootstrap,90,5,0.014064047054717478
block_bootstrap,90,6,0.007176895309885515
block_bootstrap,90,7,0.004896538135061175
block_bootstrap,90,8,8.872329964446893e-19
block_bootstrap,91,1,0.04014169795019846
block_bootstrap,91,2,0.03367172265842995
block_bootstrap,91,3,0.029176503803108118
block_bootstrap,91,4,0.024431314482505375
block_bootstrap,91,5,0.019083283064255604
block_bootstrap,91,6,0.008133685640380217
block_bootstrap,91,7,0.0044758445301214846
block_bootstrap,91,8,2.7893523586401903e-18
block_bootstrap,92,1,0.040273650503995985
block_bootstrap,92,2,0.034625582628043085
block_bootstrap,92,3,0.026358594545453962
block_bootstrap,92,4,0.022250460406460813
block_bootstrap,92,5,0.015930816779649363
block_bootstrap,92,6,0.005752486131789562
block_bootstrap,92,7,0.002878882718865455
block_bootstrap,92,8,1.2018715609112584e-17
block_bootstrap,93,1,0.0407265373616625
block_bootstrap,93,2,0.03619493193292109
block_bootstrap,93,3,0.028809547417369557
block_bootstrap,93,4,0.024840363060973543
block_bootstrap,93,5,0.018656273915409135
block_bootstrap,93,6,0.007407520752175923
block_bootstrap,93,7,0.004657266096799406
block_bootstrap,93,8,2.1722518471449102e-18
block_bootstrap,94,1,0.04342368560118819
block_bootstrap,94,2,0.03213755830294858
block_bootstrap,94,3,0.025224452631979297
block_bootstrap,94,4,0.018984771294297695
block_bootstrap,94,5,0.01813253076041784
block_bootstrap,94,6,0.005238564775405078
block_bootstrap,94,7,0.004569773264212696
block_bootstrap,94,8,4.2015379391273254e-17
block_bootstrap,95,1,0.04603149667603009
block_bootstrap,95,2,0.03501214525754338
block_bootstrap,95,3,0.0267303013853234
block_bootstrap,95,4,0.0236309298444728
block_bootstrap,95,5,0.013466620577726516
block_bootstrap,95,6,0.005667201104756317
block_bootstrap,95,7,0.0028672182921708283
block_bootstrap,95,8,2.361202581293567e-18
block_bootstrap,96,1,0.04362504779325267
block_bootstrap,96,2,0.04047237797076988
block_bootstrap,96,3,0.028302412363586178
block_bootstrap,96,4,0.017826222811644685
block_bootstrap,96,5,0.015526830519719098
block_bootstrap,96,6,0.006304951346590267
block_bootstrap,96,7,1.6457939965831938e-05
block_bootstrap,96,8,1.4653550977865347e-17
block_bootstrap,97,1,0.04261979226033291
block_bootstrap,97,2,0.037464779256214296
block_bootstrap,97,3,0.02817530896537365
block_bootstrap,97,4,0.020037786125151117
block_bootstrap,97,5,0.014923811374008503
block_bootstrap,97,6,0.0051585760888907565
block_bootstrap,97,7,0.0017557838906764737
block_bootstrap,97,8,3.341866647098687e-17
block_bootstrap,98,1,0.041123598350335494
block_bootstrap,98,2,0.035471295128527106
block_bootstrap,98,3,0.026850627909804477
block_bootstrap,98,4,0.021703993675563336
block_bootstrap,98,5,0.013370707047824082
block_bootstrap,98,6,0.004820385633647901
block_bootstrap,98,7,0.0003894613245921977
block_bootstrap,98,8,6.761500188616726e-18
block_bootstrap,99,1,0.03868556135156788
block_bootstrap,99,2,0.03512001135517888
block_bootstrap,99,3,0.02524235094606764
block_bootstrap,99,4,0.022411486312812506
block_bootstrap,99,5,0.01701930441418793
block_bootstrap,99,6,0.008430313171096
block_bootstrap,99,7,0.005393245425805044
block_bootstrap,99,8,1.522797060140418e-17
block_bootstrap,100,1,0.04014031726117984
block_bootstrap,100,2,0.03696846421276987
block_bootstrap,100,3,0.03151613962098368
block_bootstrap,100,4,0.02056345878842862
block_bootstrap,100,5,0.012579508193872548
block_bootstrap,100,6,0.008182258127468124
block_bootstrap,100,7,0.0017660513828082296
block_bootstrap,100,8,9.820011136210402e-18
block_bootstrap,101,1,0.04314877204596686
block_bootstrap,101,2,0.037847146227760545
block_bootstrap,101,3,0.027445605136615994
block_bootstrap,101,4,0.02274249599621386
block_bootstrap,101,5,0.016027505578587543
block_bootstrap,101,6,0.007502926738577599
block_bootstrap,101,7,0.002249140961423776
block_bootstrap,101,8,4.541303135744054e-18
block_bootstrap,102,1,0.04571097079573862
block_bootstrap,102,2,0.03663884001537667
block_bootstrap,102,3,0.028711354911892754
block_bootstrap,102,4,0.02408107296937569
block_bootstrap,102,5,0.015026980883957122
block_bootstrap,102,6,0.006427109643115828
block_bootstrap,102,7,0.0014483292243281246
block_bootstrap,102,8,4.683376820521177e-19
block_bootstrap,103,1,0.039776918853207596
block_bootstrap,103,2,0.03449546621784853
block_bootstrap,103,3,0.02848906381028435
block_bootstrap,103,4,0.01828702947446884
block_bootstrap,103,5,0.016947521655718025
block_bootstrap,103,6,0.004855338683898931
block_bootstrap,103,7,0.0011993106770937705
block_bootstrap,103,8,1.4683258742012886e-17
block_bootstrap,104,1,0.04089408539370919
block_bootstrap,104,2,0.03951885207275091
block_bootstrap,104,3,0.028060352021399056
block_bootstrap,104,4,0.020278486549026063
block_bootstrap,104,5,0.01570618061053207
block_bootstrap,104,6,0.010003337787537047
block_bootstrap,104,7,0.00019457893930999065
block_bootstrap,104,8,4.791036276503936e-17
block_bootstrap,105,1,0.044084853574117316
block_bootstrap,105,2,0.040067977941576155
block_bootstrap,105,3,0.02596203274858048
block_bootstrap,105,4,0.022275507223018097
block_bootstrap,105,5,0.01427445484715512
block_bootstrap,105,6,0.0040610450818299
block_bootstrap,105,7,0.0017941768060810038
block_bootstrap,105,8,1.514601139893665e-18
block_bootstrap,106,1,0.04012546656689552
block_bootstrap,106,2,0.038780859342364846
block_bootstrap,106,3,0.027522969537958446
block_bootstrap,106,4,0.024509060113381054
block_bootstrap,106,5,0.017529714386742022
block_bootstrap,106,6,0.009078051253840416
block_bootstrap,106,7,0.0009772911567494055
block_bootstrap,106,8,1.627610345561745e-17
block_bootstrap,107,1,0.04196207132944604
block_bootstrap,107,2,0.031003285520343954
block_bootstrap,107,3,0.023648694299380185
block_bootstrap,107,4,0.021491668954215806
block_bootstrap,107,5,0.014126204205849086
block_bootstrap,107,6,0.007049809535071898
block_bootstrap,107,7,0.0063382512455942746
block_bootstrap,107,8,1.6944873759818016e-17
block_bootstrap,108,1,0.043178928910273945
block_bootstrap,108,2,0.03410815467092268
block_bootstrap,108,3,0.02969230179399879
block_bootstrap,108,4,0.02398926401726957
block_bootstrap,108,5,0.018493581305704027
block_bootstrap,108,6,0.007899099385149048
block_bootstrap,108,7,4.962411878462469e-05
block_bootstrap,108,8,7.786413471341752e-18
block_bootstrap,109,1,0.04109907821126361
block_bootstrap,109,2,0.03177188448899373
block_bootstrap,109,3,0.02675995280300199
block_bootstrap,109,4,0.02573233564643514
block_bootstrap,109,5,0.017587910650958553
block_bootstrap,109,6,0.007839540784119033
block_bootstrap,109,7,0.0015956392543080926
block_bootstrap,109,8,1.1993958562437417e-17
block_bootstrap,110,1,0.04010144951566131
block_bootstrap,110,2,0.033238742931184756
block_bootstrap,110,3,0.030445584624939098
block_bootstrap,110,4,0.01961645570749116
block_bootstrap,110,5,0.010742107497220743
block_bootstrap,110,6,0.008321466415252138
block_bootstrap,110,7,0.005026982324883066
block_bootstrap,110,8,2.632333673291994e-17
block_bootstrap,111,1,0.039251167174332656
block_bootstrap,111,2,0.035017554908656934
block_bootstrap,111,3,0.030697326010175333
block_bootstrap,111,4,0.018772584005014335
block_bootstrap,111,5,0.017742129197722344
block_bootstrap,111,6,0.007032839411049417
block_bootstrap,111,7,0.002183243797437102
block_bootstrap,111,8,2.4253864643594816e-17
block_bootstrap,112,1,0.042576700835867856
block_bootstrap,112,2,0.03152043481012332
block_bootstrap,112,3,0.026999994012640274
block_bootstrap,112,4,0.021288294945684252
block_bootstrap,112,5,0.019781472370044823
block_bootstrap,112,6,0.007767808441935736
block_bootstrap,112,7,0.0010859450586917163
block_bootstrap,112,8,2.361111448480101e-17
block_bootstrap,113,1,0.044051686105440864
block_bootstrap,113,2,0.036579313842561884
block_bootstrap,113,3,0.02581619115293725
block_bootstrap,113,4,0.018747118776239684
block_bootstrap,113,5,0.017019073705240424
block_bootstrap,113,6,0.006355417438761633
block_bootstrap,113,7,0.00111475863933292
block_bootstrap,113,8,4.3208594336413557e-17
block_bootstrap,114,1,0.04147568063368343
block_bootstrap,114,2,0.03660762318471411
block_bootstrap,114,3,0.0274116184378378
block_bootstrap,114,4,0.023919725494253852
block_bootstrap,114,5,0.014275176620170933
block_bootstrap,114,6,0.008797687535281203
block_bootstrap,114,7,0.0017424983326856781
block_bootstrap,114,8,5.661094372684219e-18
block_bootstrap,115,1,0.0424492685806501
block_bootstrap,115,2,0.033942177863262486
block_bootstrap,115,3,0.023270770926260644
block_bootstrap,115,4,0.02257738947985425
block_bootstrap,115,5,0.019049807647951954
block_bootstrap,115,6,0.006030381585448217
block_bootstrap,115,7,0.002367402854736305
block_bootstrap,115,8,1.0149792569087874e-17
block_bootstrap,116,1,0.03907096362696741
block_bootstrap,116,2,0.03067251409892703
block_bootstrap,116,3,0.02853351648730775
block_bootstrap,116,4,0.01991833238231081
block_bootstrap,116,5,0.014317674846870493
block_bootstrap,116,6,0.00721606909446374
block_bootstrap,116,7,0.00445382472183812
block_bootstrap,116,8,1.924612776682283e-17
block_bootstrap,117,1,0.04690276720503078
block_bootstrap,117,2,0.03397744701533486
block_bootstrap,117,3,0.028253111686269
block_bootstrap,117,4,0.02311857827764237
block_bootstrap,117,5,0.015402932631717438
block_bootstrap,117,6,0.009121554324323192
block_bootstrap,117,7,0.004926293549463881
block_bootstrap,117,8,2.2574460398737933e-17
block_bootstrap,118,1,0.04109177979133823
block_bootstrap,118,2,0.03202566044535858
block_bootstrap,118,3,0.02961821717075135
block_bootstrap,118,4,0.022225479166489953
block_bootstrap,118,5,0.017466175734453394
block_bootstrap,118,6,0.008202457633501222
block_bootstrap,118,7,0.0008992070075365232
block_bootstrap,118,8,1.8024638421064956e-17
block_bootstrap,119,1,0.045749101233019
block_bootstrap,119,2,0.033513070906644314
block_bootstrap,119,3,0.02768482248153483
block_bootstrap,119,4,0.02190744606118175
block_bootstrap,119,5,0.013459127301136992
block_bootstrap,119,6,0.0061906472708646455
block_bootstrap,119,7,0.002384267418156704
block_bootstrap,119,8,4.970384409803013e-18
block_bootstrap,120,1,0.04490700994200748
block_bootstrap,120,2,0.03612983237724596
block_bootstrap,120,3,0.02802290977431318
block_bootstrap,120,4,0.024208576538484797
block_bootstrap,120,5,0.014465731442989283
block_bootstrap,120,6,0.005602364201019513
block_bootstrap,120,7,0.002951470735484606
block_bootstrap,120,8,3.799321066444416e-17
block_bootstrap,121,1,0.04159263464313232
block_bootstrap,121,2,0.03627363082936307
block_bootstrap,121,3,0.0279512897341307
block_bootstrap,121,4,0.02165978258993925
block_bootstrap,121,5,0.012646507774860547
block_bootstrap,121,6,0.004523842060227395
block_bootstrap,121,7,0.002585110137574041
block_bootstrap,121,8,1.152901287298206e-17
block_bootstrap,122,1,0.0414105914761305
block_bootstrap,122,2,0.03226351093269074
block_bootstrap,122,3,0.02720339066429917
block_bootstrap,122,4,0.02254858854090825
block_bootstrap,122,5,0.01425709256074692
block_bootstrap,122,6,0.007254720247727952
block_bootstrap,122,7,0.0053587316870775965
block_bootstrap,122,8,2.238998307305295e-17
block_bootstrap,123,1,0.04121926814255923
block_bootstrap,123,2,0.03322368060062767
block_bootstrap,123,3,0.026186394545008984
block_bootstrap,123,4,0.022019484064314733
block_bootstrap,123,5,0.012106775137673019
block_bootstrap,123,6,0.007013311964142482
block_bootstrap,123,7,0.002067873952661301
block_bootstrap,123,8,9.250884990645501e-18
block_bootstrap,124,1,0.04236464754237998
block_bootstrap,124,2,0.040560992556555646
block_bootstrap,124,3,0.02555425260006872
block_bootstrap,124,4,0.022534882764997693
block_bootstrap,124,5,0.015568835001632923
block_bootstrap,124,6,0.006095428697088523
block_bootstrap,124,7,0.0009726010563747682
block_bootstrap,124,8,6.09526442095901e-18
block_bootstrap,125,1,0.04193310704274265
block_bootstrap,125,2,0.03640112015548356
block_bootstrap,125,3,0.029598154841082733
block_bootstrap,125,4,0.022048648509260575
block_bootstrap,125,5,0.017055245047487226
block_bootstrap,125,6,0.006385094211948408
block_bootstrap,125,7,0.00258157604002087
block_bootstrap,125,8,2.655619528946347e-17
block_bootstrap,126,1,0.043822281581332674
block_bootstrap,126,2,0.033054096417499484
block_bootstrap,126,3,0.025668949925748558
block_bootstrap,126,4,0.023315469523760984
block_bootstrap,126,5,0.016030597396327017
block_bootstrap,126,6,0.0057438781541801955
block_bootstrap,126,7,0.0034922768623833313
block_bootstrap,126,8,9.991363621367638e-18
block_bootstrap,127,1,0.03927431325439163
block_bootstrap,127,2,0.03552721835473415
block_bootstrap,127,3,0.025108848152608977
block_bootstrap,127,4,0.02264214541477376
block_bootstrap,127,5,0.015782285958953427
block_bootstrap,127,6,0.008064326205725598
block_bootstrap,127,7,0.002482926761068805
block_bootstrap,127,8,1.2112965117847236e-17
block_bootstrap,128,1,0.04285362302056643
block_bootstrap,128,2,0.0359576994232461
block_bootstrap,128,3,0.02380037632893158
block_bootstrap,128,4,0.023642463734813452
block_bootstrap,128,5,0.01507853950989356
block_bootstrap,128,6,0.006011043344185188
block_bootstrap,128,7,0.001282640370657059
block_bootstrap,128,8,7.961039408221751e-18
block_bootstrap,129,1,0.043934632804670706
block_bootstrap,129,2,0.03570193227947858
block_bootstrap,129,3,0.023540184830442092
block_bootstrap,129,4,0.021906351497325352
block_bootstrap,129,5,0.014839655098341165
block_bootstrap,129,6,0.006829601711766773
block_bootstrap,129,7,0.0016326774166774017
block_bootstrap,129,8,2.393557464059862e-18
block_bootstrap,130,1,0.04079748158779961
block_bootstrap,130,2,0.0354111657788158
block_bootstrap,130,3,0.030874677096429697
block_bootstrap,130,4,0.02384359412622416
block_bootstrap,130,5,0.017757863150395677
block_bootstrap,130,6,0.006736579450668313
block_bootstrap,130,7,9.139384253772306e-05
block_bootstrap,130,8,2.3090035846025858e-17
block_bootstrap,131,1,0.043991534728289594
block_bootstrap,131,2,0.03543639689098301
block_bootstrap,131,3,0.029311855859363807
block_bootstrap,131,4,0.025752522800620428
block_bootstrap,131,5,0.018463308037044605
block_bootstrap,131,6,0.00588052945486987
block_bootstrap,131,7,0.0020211629131140826
block_bootstrap,131,8,1.277272253242711e-17
block_bootstrap,132,1,0.04748741325474764
block_bootstrap,132,2,0.03571082660443274
block_bootstrap,132,3,0.024316412074380987
block_bootstrap,132,4,0.01830278517240442
block_bootstrap,132,5,0.01753792515032499
block_bootstrap,132,6,0.0029990331164269648
block_bootstrap,132,7,0.0011818868469419192
block_bootstrap,132,8,3.7266784330961174e-17
block_bootstrap,133,1,0.03959322824754342
block_bootstrap,133,2,0.036774370797827124
block_bootstrap,133,3,0.02905389716378135
block_bootstrap,133,4,0.024487176711260935
block_bootstrap,133,5,0.018138191999731476
block_bootstrap,133,6,0.009400140178191192
block_bootstrap,133,7,0.0052115023070980655
block_bootstrap,133,8,1.5323065449829823e-17
block_bootstrap,134,1,0.04320257299913505
block_bootstrap,134,2,0.032915243874484516
block_bootstrap,134,3,0.028365863291206054
block_bootstrap,134,4,0.024143525695844475
block_bootstrap,134,5,0.012737603572975494
block_bootstrap,134,6,0.00572480910408029
block_bootstrap,134,7,0.001230448630557937
block_bootstrap,134,8,2.9498427394341255e-18
block_bootstrap,135,1,0.042090303297265735
block_bootstrap,135,2,0.03124332987428618
block_bootstrap,135,3,0.028153218600925775
block_bootstrap,135,4,0.02562520750046642
block_bootstrap,135,5,0.011760610265593694
block_bootstrap,135,6,0.008387452348229267
block_bootstrap,135,7,0.005974285812309493
block_bootstrap,135,8,4.654092259982419e-18
block_bootstrap,136,1,0.04184404040759264
block_bootstrap,136,2,0.03749246592892017
block_bootstrap,136,3,0.02752042450822655
block_bootstrap,136,4,0.025138281135305737
block_bootstrap,136,5,0.015193562338597534
block_bootstrap,136,6,0.007431718024120957
block_bootstrap,136,7,0.0017242394520527646
block_bootstrap,136,8,2.793553545543011e-17
block_bootstrap,137,1,0.03963915907725286
block_bootstrap,137,2,0.034601077962385623
block_bootstrap,137,3,0.030029132228460403
block_bootstrap,137,4,0.024161667991556477
block_bootstrap,137,5,0.016573691682104753
block_bootstrap,137,6,0.009558172485240858
block_bootstrap,137,7,0.004257920149338896
block_bootstrap,137,8,2.4860639611547e-17
block_bootstrap,138,1,0.04091154780856929
block_bootstrap,138,2,0.03170630033322398
block_bootstrap,138,3,0.028471725941848946
block_bootstrap,138,4,0.023233093938555858
block_bootstrap,138,5,0.014619802165351513
block_bootstrap,138,6,0.009110140666949264
block_bootstrap,138,7,0.0002936489326573586
block_bootstrap,138,8,3.0669032259112617e-17
block_bootstrap,139,1,0.0441971592464389
block_bootstrap,139,2,0.03710546879461726
block_bootstrap,139,3,0.0246424442500238
block_bootstrap,139,4,0.023387848270809867
block_bootstrap,139,5,0.01684170372398788
block_bootstrap,139,6,0.004108204587900973
block_bootstrap,139,7,0.0010339405072066158
block_bootstrap,139,8,6.4986462298447814e-18
block_bootstrap,140,1,0.04071811102162836
block_bootstrap,140,2,0.03495838997790281
block_bootstrap,140,3,0.030172401209847072
block_bootstrap,140,4,0.025847674066656768
block_bootstrap,140,5,0.01611875414839091
block_bootstrap,140,6,0.007627285271531389
block_bootstrap,140,7,0.003409322932831126
block_bootstrap,140,8,1.3069863499461065e-17
block_bootstrap,141,1,0.04325444183097518
block_bootstrap,141,2,0.03710481526164215
block_bootstrap,141,3,0.03078777947317942
block_bootstrap,141,4,0.026848435583806188
block_bootstrap,141,5,0.018640835046135246
block_bootstrap,141,6,0.00709679992125453
block_bootstrap,141,7,0.0014985899540321175
block_bootstrap,141,8,5.468089416417506e-18
block_bootstrap,142,1,0.04106418761396177
block_bootstrap,142,2,0.036978903049209484
block_bootstrap,142,3,0.03138505484515616
block_bootstrap,142,4,0.02104324866961796
block_bootstrap,142,5,0.018135185886400083
block_bootstrap,142,6,0.006718480490090486
block_bootstrap,142,7,0.0016966533390404173
block_bootstrap,142,8,1.554043601478456e-17
block_bootstrap,143,1,0.04328206565634977
block_bootstrap,143,2,0.03725524886342103
block_bootstrap,143,3,0.02819650742757866
block_bootstrap,143,4,0.0240628004014808
block_bootstrap,143,5,0.015581564803267799
block_bootstrap,143,6,0.006190252734028584
block_bootstrap,143,7,0.0034107415082553195
block_bootstrap,143,8,2.790836210985234e-17
block_bootstrap,144,1,0.03976982573939041
block_bootstrap,144,2,0.03438961430148823
block_bootstrap,144,3,0.026779193301680406
block_bootstrap,144,4,0.020751780902266283
block_bootstrap,144,5,0.016621470505245633
block_bootstrap,144,6,0.0070898744627749125
block_bootstrap,144,7,6.937366794296206e-05
block_bootstrap,144,8,9.283169027016745e-18
block_bootstrap,145,1,0.03960564542817337
block_bootstrap,145,2,0.03315600051402293
block_bootstrap,145,3,0.027521649084865117
block_bootstrap,145,4,0.021943657578602612
block_bootstrap,145,5,0.015089841852113943
block_bootstrap,145,6,0.005772358316147441
block_bootstrap,145,7,0.0013035694932138399
block_bootstrap,145,8,1.3851892562004158e-17
block_bootstrap,146,1,0.04519679184764969
block_bootstrap,146,2,0.04049022238895375
block_bootstrap,146,3,0.027310211006184523
block_bootstrap,146,4,0.02290471398142833
block_bootstrap,146,5,0.015536538428454098
block_bootstrap,146,6,0.0063018312920170095
block_bootstrap,146,7,0.004148243195510724
block_bootstrap,146,8,1.4558666813778184e-17
block_bootstrap,147,1,0.04299674116540985
block_bootstrap,147,2,0.03610271699235354
block_bootstrap,147,3,0.028794240301926517
block_bootstrap,147,4,0.02664620100652888
block_bootstrap,147,5,0.01646852508203849
block_bootstrap,147,6,0.010976350712675179
block_bootstrap,147,7,0.0015191493463807709
block_bootstrap,147,8,8.796924274109679e-18
block_bootstrap,148,1,0.04268557483484906
block_bootstrap,148,2,0.03793664470235078
block_bootstrap,148,3,0.030020980996158287
block_bootstrap,148,4,0.02596404873578047
block_bootstrap,148,5,0.02010715671001042
block_bootstrap,148,6,0.005738328284433686
block_bootstrap,148,7,0.002577461917825818
block_bootstrap,148,8,1.3557243954241642e-17
block_bootstrap,149,1,0.04543504870829461
block_bootstrap,149,2,0.03362015395946444
block_bootstrap,149,3,0.029308012091025216
block_bootstrap,149,4,0.02431931135179326
block_bootstrap,149,5,0.019165406767369227
block_bootstrap,149,6,0.007366845386315539
block_bootstrap,149,7,0.00034071530302287026
block_bootstrap,149,8,4.7077732716649524e-17
